ISO-10303-21;
HEADER;
FILE_NAME('Open CASCADE Shape Model','2026-09-11T09:06:28',('Author'),(
    'Open CASCADE'),'Open CASCADE STEP processor 7.8','Open CASCADE 7.8'
  ,'Unknown');
FILE_DESCRIPTION(('Open CASCADE Model'),'2;1');
FILE_SCHEMA(('AUTOMOTIVE_DESIGN { 1 0 10303 214 1 1 1 1 }'));
ENDSEC;
DATA;
#1 = APPLICATION_PROTOCOL_DEFINITION('international standard',
  'automotive_design',2000,#2);
#2 = APPLICATION_CONTEXT(
  'core data for automotive mechanical design processes');
#3 = SHAPE_DEFINITION_REPRESENTATION(#4,#10);
#4 = PRODUCT_DEFINITION_SHAPE('','',#5);
#5 = PRODUCT_DEFINITION('design','',#6,#9);
#6 = PRODUCT_DEFINITION_FORMATION('','',#7);
#7 = PRODUCT('Open CASCADE STEP translator 7.8 1',
  'Open CASCADE STEP translator 7.8 1','',(#8));
#8 = PRODUCT_CONTEXT('',#2,'mechanical');
#9 = PRODUCT_DEFINITION_CONTEXT('part definition',#2,'design');
#10 = SHAPE_REPRESENTATION('',(#11,#15,#19,#23,#27,#31,#35,#39,#43,#47,
    #51,#55,#59,#63,#67,#71,#75,#79,#83,#87,#91,#95,#99,#103,#107,#111,
    #115,#119,#123,#127,#131,#135,#139,#143,#147,#151,#155,#159,#163,
    #167,#171,#175,#179,#183,#187,#191,#195,#199,#203,#207,#211,#215,
    #219,#223,#227,#231,#235,#239,#243,#247,#251,#255,#259,#263,#267,
    #271,#275,#279,#283,#287,#291,#295,#299,#303,#307,#311,#315,#319,
    #323,#327,#331,#335,#339),#343);
#11 = AXIS2_PLACEMENT_3D('',#12,#13,#14);
#12 = CARTESIAN_POINT('',(0.,0.,0.));
#13 = DIRECTION('',(0.,0.,1.));
#14 = DIRECTION('',(1.,0.,-0.));
#15 = AXIS2_PLACEMENT_3D('',#16,#17,#18);
#16 = CARTESIAN_POINT('',(0.,0.,0.));
#17 = DIRECTION('',(0.,0.,1.));
#18 = DIRECTION('',(1.,0.,-0.));
#19 = AXIS2_PLACEMENT_3D('',#20,#21,#22);
#20 = CARTESIAN_POINT('',(0.,0.,0.));
#21 = DIRECTION('',(0.,0.,1.));
#22 = DIRECTION('',(1.,0.,-0.));
#23 = AXIS2_PLACEMENT_3D('',#24,#25,#26);
#24 = CARTESIAN_POINT('',(0.,0.,0.));
#25 = DIRECTION('',(0.,0.,1.));
#26 = DIRECTION('',(1.,0.,-0.));
#27 = AXIS2_PLACEMENT_3D('',#28,#29,#30);
#28 = CARTESIAN_POINT('',(0.,0.,0.));
#29 = DIRECTION('',(0.,0.,1.));
#30 = DIRECTION('',(1.,0.,-0.));
#31 = AXIS2_PLACEMENT_3D('',#32,#33,#34);
#32 = CARTESIAN_POINT('',(0.,0.,0.));
#33 = DIRECTION('',(0.,0.,1.));
#34 = DIRECTION('',(1.,0.,-0.));
#35 = AXIS2_PLACEMENT_3D('',#36,#37,#38);
#36 = CARTESIAN_POINT('',(0.,0.,0.));
#37 = DIRECTION('',(0.,0.,1.));
#38 = DIRECTION('',(1.,0.,-0.));
#39 = AXIS2_PLACEMENT_3D('',#40,#41,#42);
#40 = CARTESIAN_POINT('',(0.,0.,0.));
#41 = DIRECTION('',(0.,0.,1.));
#42 = DIRECTION('',(1.,0.,-0.));
#43 = AXIS2_PLACEMENT_3D('',#44,#45,#46);
#44 = CARTESIAN_POINT('',(0.,0.,0.));
#45 = DIRECTION('',(0.,0.,1.));
#46 = DIRECTION('',(1.,0.,-0.));
#47 = AXIS2_PLACEMENT_3D('',#48,#49,#50);
#48 = CARTESIAN_POINT('',(0.,0.,0.));
#49 = DIRECTION('',(0.,0.,1.));
#50 = DIRECTION('',(1.,0.,-0.));
#51 = AXIS2_PLACEMENT_3D('',#52,#53,#54);
#52 = CARTESIAN_POINT('',(0.,0.,0.));
#53 = DIRECTION('',(0.,0.,1.));
#54 = DIRECTION('',(1.,0.,-0.));
#55 = AXIS2_PLACEMENT_3D('',#56,#57,#58);
#56 = CARTESIAN_POINT('',(0.,0.,0.));
#57 = DIRECTION('',(0.,0.,1.));
#58 = DIRECTION('',(1.,0.,-0.));
#59 = AXIS2_PLACEMENT_3D('',#60,#61,#62);
#60 = CARTESIAN_POINT('',(0.,0.,0.));
#61 = DIRECTION('',(0.,0.,1.));
#62 = DIRECTION('',(1.,0.,-0.));
#63 = AXIS2_PLACEMENT_3D('',#64,#65,#66);
#64 = CARTESIAN_POINT('',(0.,0.,0.));
#65 = DIRECTION('',(0.,0.,1.));
#66 = DIRECTION('',(1.,0.,-0.));
#67 = AXIS2_PLACEMENT_3D('',#68,#69,#70);
#68 = CARTESIAN_POINT('',(0.,0.,0.));
#69 = DIRECTION('',(0.,0.,1.));
#70 = DIRECTION('',(1.,0.,-0.));
#71 = AXIS2_PLACEMENT_3D('',#72,#73,#74);
#72 = CARTESIAN_POINT('',(0.,0.,0.));
#73 = DIRECTION('',(0.,0.,1.));
#74 = DIRECTION('',(1.,0.,-0.));
#75 = AXIS2_PLACEMENT_3D('',#76,#77,#78);
#76 = CARTESIAN_POINT('',(0.,0.,0.));
#77 = DIRECTION('',(0.,0.,1.));
#78 = DIRECTION('',(1.,0.,-0.));
#79 = AXIS2_PLACEMENT_3D('',#80,#81,#82);
#80 = CARTESIAN_POINT('',(0.,0.,0.));
#81 = DIRECTION('',(0.,0.,1.));
#82 = DIRECTION('',(1.,0.,-0.));
#83 = AXIS2_PLACEMENT_3D('',#84,#85,#86);
#84 = CARTESIAN_POINT('',(0.,0.,0.));
#85 = DIRECTION('',(0.,0.,1.));
#86 = DIRECTION('',(1.,0.,-0.));
#87 = AXIS2_PLACEMENT_3D('',#88,#89,#90);
#88 = CARTESIAN_POINT('',(0.,0.,0.));
#89 = DIRECTION('',(0.,0.,1.));
#90 = DIRECTION('',(1.,0.,-0.));
#91 = AXIS2_PLACEMENT_3D('',#92,#93,#94);
#92 = CARTESIAN_POINT('',(0.,0.,0.));
#93 = DIRECTION('',(0.,0.,1.));
#94 = DIRECTION('',(1.,0.,-0.));
#95 = AXIS2_PLACEMENT_3D('',#96,#97,#98);
#96 = CARTESIAN_POINT('',(0.,0.,0.));
#97 = DIRECTION('',(0.,0.,1.));
#98 = DIRECTION('',(1.,0.,-0.));
#99 = AXIS2_PLACEMENT_3D('',#100,#101,#102);
#100 = CARTESIAN_POINT('',(0.,0.,0.));
#101 = DIRECTION('',(0.,0.,1.));
#102 = DIRECTION('',(1.,0.,-0.));
#103 = AXIS2_PLACEMENT_3D('',#104,#105,#106);
#104 = CARTESIAN_POINT('',(0.,0.,0.));
#105 = DIRECTION('',(0.,0.,1.));
#106 = DIRECTION('',(1.,0.,-0.));
#107 = AXIS2_PLACEMENT_3D('',#108,#109,#110);
#108 = CARTESIAN_POINT('',(0.,0.,0.));
#109 = DIRECTION('',(0.,0.,1.));
#110 = DIRECTION('',(1.,0.,-0.));
#111 = AXIS2_PLACEMENT_3D('',#112,#113,#114);
#112 = CARTESIAN_POINT('',(0.,0.,0.));
#113 = DIRECTION('',(0.,0.,1.));
#114 = DIRECTION('',(1.,0.,-0.));
#115 = AXIS2_PLACEMENT_3D('',#116,#117,#118);
#116 = CARTESIAN_POINT('',(0.,0.,0.));
#117 = DIRECTION('',(0.,0.,1.));
#118 = DIRECTION('',(1.,0.,-0.));
#119 = AXIS2_PLACEMENT_3D('',#120,#121,#122);
#120 = CARTESIAN_POINT('',(0.,0.,0.));
#121 = DIRECTION('',(0.,0.,1.));
#122 = DIRECTION('',(1.,0.,-0.));
#123 = AXIS2_PLACEMENT_3D('',#124,#125,#126);
#124 = CARTESIAN_POINT('',(0.,0.,0.));
#125 = DIRECTION('',(0.,0.,1.));
#126 = DIRECTION('',(1.,0.,-0.));
#127 = AXIS2_PLACEMENT_3D('',#128,#129,#130);
#128 = CARTESIAN_POINT('',(0.,0.,0.));
#129 = DIRECTION('',(0.,0.,1.));
#130 = DIRECTION('',(1.,0.,-0.));
#131 = AXIS2_PLACEMENT_3D('',#132,#133,#134);
#132 = CARTESIAN_POINT('',(0.,0.,0.));
#133 = DIRECTION('',(0.,0.,1.));
#134 = DIRECTION('',(1.,0.,-0.));
#135 = AXIS2_PLACEMENT_3D('',#136,#137,#138);
#136 = CARTESIAN_POINT('',(0.,0.,0.));
#137 = DIRECTION('',(0.,0.,1.));
#138 = DIRECTION('',(1.,0.,-0.));
#139 = AXIS2_PLACEMENT_3D('',#140,#141,#142);
#140 = CARTESIAN_POINT('',(0.,0.,0.));
#141 = DIRECTION('',(0.,0.,1.));
#142 = DIRECTION('',(1.,0.,-0.));
#143 = AXIS2_PLACEMENT_3D('',#144,#145,#146);
#144 = CARTESIAN_POINT('',(0.,0.,0.));
#145 = DIRECTION('',(0.,0.,1.));
#146 = DIRECTION('',(1.,0.,-0.));
#147 = AXIS2_PLACEMENT_3D('',#148,#149,#150);
#148 = CARTESIAN_POINT('',(0.,0.,0.));
#149 = DIRECTION('',(0.,0.,1.));
#150 = DIRECTION('',(1.,0.,-0.));
#151 = AXIS2_PLACEMENT_3D('',#152,#153,#154);
#152 = CARTESIAN_POINT('',(0.,0.,0.));
#153 = DIRECTION('',(0.,0.,1.));
#154 = DIRECTION('',(1.,0.,-0.));
#155 = AXIS2_PLACEMENT_3D('',#156,#157,#158);
#156 = CARTESIAN_POINT('',(0.,0.,0.));
#157 = DIRECTION('',(0.,0.,1.));
#158 = DIRECTION('',(1.,0.,-0.));
#159 = AXIS2_PLACEMENT_3D('',#160,#161,#162);
#160 = CARTESIAN_POINT('',(0.,0.,0.));
#161 = DIRECTION('',(0.,0.,1.));
#162 = DIRECTION('',(1.,0.,-0.));
#163 = AXIS2_PLACEMENT_3D('',#164,#165,#166);
#164 = CARTESIAN_POINT('',(0.,0.,0.));
#165 = DIRECTION('',(0.,0.,1.));
#166 = DIRECTION('',(1.,0.,-0.));
#167 = AXIS2_PLACEMENT_3D('',#168,#169,#170);
#168 = CARTESIAN_POINT('',(0.,0.,0.));
#169 = DIRECTION('',(0.,0.,1.));
#170 = DIRECTION('',(1.,0.,-0.));
#171 = AXIS2_PLACEMENT_3D('',#172,#173,#174);
#172 = CARTESIAN_POINT('',(0.,0.,0.));
#173 = DIRECTION('',(0.,0.,1.));
#174 = DIRECTION('',(1.,0.,-0.));
#175 = AXIS2_PLACEMENT_3D('',#176,#177,#178);
#176 = CARTESIAN_POINT('',(0.,0.,0.));
#177 = DIRECTION('',(0.,0.,1.));
#178 = DIRECTION('',(1.,0.,-0.));
#179 = AXIS2_PLACEMENT_3D('',#180,#181,#182);
#180 = CARTESIAN_POINT('',(0.,0.,0.));
#181 = DIRECTION('',(0.,0.,1.));
#182 = DIRECTION('',(1.,0.,-0.));
#183 = AXIS2_PLACEMENT_3D('',#184,#185,#186);
#184 = CARTESIAN_POINT('',(0.,0.,0.));
#185 = DIRECTION('',(0.,0.,1.));
#186 = DIRECTION('',(1.,0.,-0.));
#187 = AXIS2_PLACEMENT_3D('',#188,#189,#190);
#188 = CARTESIAN_POINT('',(0.,0.,0.));
#189 = DIRECTION('',(0.,0.,1.));
#190 = DIRECTION('',(1.,0.,-0.));
#191 = AXIS2_PLACEMENT_3D('',#192,#193,#194);
#192 = CARTESIAN_POINT('',(0.,0.,0.));
#193 = DIRECTION('',(0.,0.,1.));
#194 = DIRECTION('',(1.,0.,-0.));
#195 = AXIS2_PLACEMENT_3D('',#196,#197,#198);
#196 = CARTESIAN_POINT('',(0.,0.,0.));
#197 = DIRECTION('',(0.,0.,1.));
#198 = DIRECTION('',(1.,0.,-0.));
#199 = AXIS2_PLACEMENT_3D('',#200,#201,#202);
#200 = CARTESIAN_POINT('',(0.,0.,0.));
#201 = DIRECTION('',(0.,0.,1.));
#202 = DIRECTION('',(1.,0.,-0.));
#203 = AXIS2_PLACEMENT_3D('',#204,#205,#206);
#204 = CARTESIAN_POINT('',(0.,0.,0.));
#205 = DIRECTION('',(0.,0.,1.));
#206 = DIRECTION('',(1.,0.,-0.));
#207 = AXIS2_PLACEMENT_3D('',#208,#209,#210);
#208 = CARTESIAN_POINT('',(0.,0.,0.));
#209 = DIRECTION('',(0.,0.,1.));
#210 = DIRECTION('',(1.,0.,-0.));
#211 = AXIS2_PLACEMENT_3D('',#212,#213,#214);
#212 = CARTESIAN_POINT('',(0.,0.,0.));
#213 = DIRECTION('',(0.,0.,1.));
#214 = DIRECTION('',(1.,0.,-0.));
#215 = AXIS2_PLACEMENT_3D('',#216,#217,#218);
#216 = CARTESIAN_POINT('',(0.,0.,0.));
#217 = DIRECTION('',(0.,0.,1.));
#218 = DIRECTION('',(1.,0.,-0.));
#219 = AXIS2_PLACEMENT_3D('',#220,#221,#222);
#220 = CARTESIAN_POINT('',(0.,0.,0.));
#221 = DIRECTION('',(0.,0.,1.));
#222 = DIRECTION('',(1.,0.,-0.));
#223 = AXIS2_PLACEMENT_3D('',#224,#225,#226);
#224 = CARTESIAN_POINT('',(0.,0.,0.));
#225 = DIRECTION('',(0.,0.,1.));
#226 = DIRECTION('',(1.,0.,-0.));
#227 = AXIS2_PLACEMENT_3D('',#228,#229,#230);
#228 = CARTESIAN_POINT('',(0.,0.,0.));
#229 = DIRECTION('',(0.,0.,1.));
#230 = DIRECTION('',(1.,0.,-0.));
#231 = AXIS2_PLACEMENT_3D('',#232,#233,#234);
#232 = CARTESIAN_POINT('',(0.,0.,0.));
#233 = DIRECTION('',(0.,0.,1.));
#234 = DIRECTION('',(1.,0.,-0.));
#235 = AXIS2_PLACEMENT_3D('',#236,#237,#238);
#236 = CARTESIAN_POINT('',(0.,0.,0.));
#237 = DIRECTION('',(0.,0.,1.));
#238 = DIRECTION('',(1.,0.,-0.));
#239 = AXIS2_PLACEMENT_3D('',#240,#241,#242);
#240 = CARTESIAN_POINT('',(0.,0.,0.));
#241 = DIRECTION('',(0.,0.,1.));
#242 = DIRECTION('',(1.,0.,-0.));
#243 = AXIS2_PLACEMENT_3D('',#244,#245,#246);
#244 = CARTESIAN_POINT('',(0.,0.,0.));
#245 = DIRECTION('',(0.,0.,1.));
#246 = DIRECTION('',(1.,0.,-0.));
#247 = AXIS2_PLACEMENT_3D('',#248,#249,#250);
#248 = CARTESIAN_POINT('',(0.,0.,0.));
#249 = DIRECTION('',(0.,0.,1.));
#250 = DIRECTION('',(1.,0.,-0.));
#251 = AXIS2_PLACEMENT_3D('',#252,#253,#254);
#252 = CARTESIAN_POINT('',(0.,0.,0.));
#253 = DIRECTION('',(0.,0.,1.));
#254 = DIRECTION('',(1.,0.,-0.));
#255 = AXIS2_PLACEMENT_3D('',#256,#257,#258);
#256 = CARTESIAN_POINT('',(0.,0.,0.));
#257 = DIRECTION('',(0.,0.,1.));
#258 = DIRECTION('',(1.,0.,-0.));
#259 = AXIS2_PLACEMENT_3D('',#260,#261,#262);
#260 = CARTESIAN_POINT('',(0.,0.,0.));
#261 = DIRECTION('',(0.,0.,1.));
#262 = DIRECTION('',(1.,0.,-0.));
#263 = AXIS2_PLACEMENT_3D('',#264,#265,#266);
#264 = CARTESIAN_POINT('',(0.,0.,0.));
#265 = DIRECTION('',(0.,0.,1.));
#266 = DIRECTION('',(1.,0.,-0.));
#267 = AXIS2_PLACEMENT_3D('',#268,#269,#270);
#268 = CARTESIAN_POINT('',(0.,0.,0.));
#269 = DIRECTION('',(0.,0.,1.));
#270 = DIRECTION('',(1.,0.,-0.));
#271 = AXIS2_PLACEMENT_3D('',#272,#273,#274);
#272 = CARTESIAN_POINT('',(0.,0.,0.));
#273 = DIRECTION('',(0.,0.,1.));
#274 = DIRECTION('',(1.,0.,-0.));
#275 = AXIS2_PLACEMENT_3D('',#276,#277,#278);
#276 = CARTESIAN_POINT('',(0.,0.,0.));
#277 = DIRECTION('',(0.,0.,1.));
#278 = DIRECTION('',(1.,0.,-0.));
#279 = AXIS2_PLACEMENT_3D('',#280,#281,#282);
#280 = CARTESIAN_POINT('',(0.,0.,0.));
#281 = DIRECTION('',(0.,0.,1.));
#282 = DIRECTION('',(1.,0.,-0.));
#283 = AXIS2_PLACEMENT_3D('',#284,#285,#286);
#284 = CARTESIAN_POINT('',(0.,0.,0.));
#285 = DIRECTION('',(0.,0.,1.));
#286 = DIRECTION('',(1.,0.,-0.));
#287 = AXIS2_PLACEMENT_3D('',#288,#289,#290);
#288 = CARTESIAN_POINT('',(0.,0.,0.));
#289 = DIRECTION('',(0.,0.,1.));
#290 = DIRECTION('',(1.,0.,-0.));
#291 = AXIS2_PLACEMENT_3D('',#292,#293,#294);
#292 = CARTESIAN_POINT('',(0.,0.,0.));
#293 = DIRECTION('',(0.,0.,1.));
#294 = DIRECTION('',(1.,0.,-0.));
#295 = AXIS2_PLACEMENT_3D('',#296,#297,#298);
#296 = CARTESIAN_POINT('',(0.,0.,0.));
#297 = DIRECTION('',(0.,0.,1.));
#298 = DIRECTION('',(1.,0.,-0.));
#299 = AXIS2_PLACEMENT_3D('',#300,#301,#302);
#300 = CARTESIAN_POINT('',(0.,0.,0.));
#301 = DIRECTION('',(0.,0.,1.));
#302 = DIRECTION('',(1.,0.,-0.));
#303 = AXIS2_PLACEMENT_3D('',#304,#305,#306);
#304 = CARTESIAN_POINT('',(0.,0.,0.));
#305 = DIRECTION('',(0.,0.,1.));
#306 = DIRECTION('',(1.,0.,-0.));
#307 = AXIS2_PLACEMENT_3D('',#308,#309,#310);
#308 = CARTESIAN_POINT('',(0.,0.,0.));
#309 = DIRECTION('',(0.,0.,1.));
#310 = DIRECTION('',(1.,0.,-0.));
#311 = AXIS2_PLACEMENT_3D('',#312,#313,#314);
#312 = CARTESIAN_POINT('',(0.,0.,0.));
#313 = DIRECTION('',(0.,0.,1.));
#314 = DIRECTION('',(1.,0.,-0.));
#315 = AXIS2_PLACEMENT_3D('',#316,#317,#318);
#316 = CARTESIAN_POINT('',(0.,0.,0.));
#317 = DIRECTION('',(0.,0.,1.));
#318 = DIRECTION('',(1.,0.,-0.));
#319 = AXIS2_PLACEMENT_3D('',#320,#321,#322);
#320 = CARTESIAN_POINT('',(0.,0.,0.));
#321 = DIRECTION('',(0.,0.,1.));
#322 = DIRECTION('',(1.,0.,-0.));
#323 = AXIS2_PLACEMENT_3D('',#324,#325,#326);
#324 = CARTESIAN_POINT('',(0.,0.,0.));
#325 = DIRECTION('',(0.,0.,1.));
#326 = DIRECTION('',(1.,0.,-0.));
#327 = AXIS2_PLACEMENT_3D('',#328,#329,#330);
#328 = CARTESIAN_POINT('',(0.,0.,0.));
#329 = DIRECTION('',(0.,0.,1.));
#330 = DIRECTION('',(1.,0.,-0.));
#331 = AXIS2_PLACEMENT_3D('',#332,#333,#334);
#332 = CARTESIAN_POINT('',(0.,0.,0.));
#333 = DIRECTION('',(0.,0.,1.));
#334 = DIRECTION('',(1.,0.,-0.));
#335 = AXIS2_PLACEMENT_3D('',#336,#337,#338);
#336 = CARTESIAN_POINT('',(0.,0.,0.));
#337 = DIRECTION('',(0.,0.,1.));
#338 = DIRECTION('',(1.,0.,-0.));
#339 = AXIS2_PLACEMENT_3D('',#340,#341,#342);
#340 = CARTESIAN_POINT('',(0.,0.,0.));
#341 = DIRECTION('',(0.,0.,1.));
#342 = DIRECTION('',(1.,0.,-0.));
#343 = ( GEOMETRIC_REPRESENTATION_CONTEXT(3) 
GLOBAL_UNCERTAINTY_ASSIGNED_CONTEXT((#347)) GLOBAL_UNIT_ASSIGNED_CONTEXT
((#344,#345,#346)) REPRESENTATION_CONTEXT('Context #1',
  '3D Context with UNIT and UNCERTAINTY') );
#344 = ( LENGTH_UNIT() NAMED_UNIT(*) SI_UNIT(.MILLI.,.METRE.) );
#345 = ( NAMED_UNIT(*) PLANE_ANGLE_UNIT() SI_UNIT($,.RADIAN.) );
#346 = ( NAMED_UNIT(*) SI_UNIT($,.STERADIAN.) SOLID_ANGLE_UNIT() );
#347 = UNCERTAINTY_MEASURE_WITH_UNIT(LENGTH_MEASURE(1.E-07),#344,
  'distance_accuracy_value','confusion accuracy');
#348 = PRODUCT_RELATED_PRODUCT_CATEGORY('part',$,(#7));
#349 = SHAPE_DEFINITION_REPRESENTATION(#350,#356);
#350 = PRODUCT_DEFINITION_SHAPE('','',#351);
#351 = PRODUCT_DEFINITION('design','',#352,#355);
#352 = PRODUCT_DEFINITION_FORMATION('','',#353);
#353 = PRODUCT('Open CASCADE STEP translator 7.8 1.1',
  'Open CASCADE STEP translator 7.8 1.1','',(#354));
#354 = PRODUCT_CONTEXT('',#2,'mechanical');
#355 = PRODUCT_DEFINITION_CONTEXT('part definition',#2,'design');
#356 = ADVANCED_BREP_SHAPE_REPRESENTATION('',(#11,#357),#685);
#357 = MANIFOLD_SOLID_BREP('',#358);
#358 = CLOSED_SHELL('',(#359,#583,#622,#626,#681));
#359 = ADVANCED_FACE('',(#360),#391,.T.);
#360 = FACE_BOUND('',#361,.T.);
#361 = EDGE_LOOP('',(#362,#495,#518,#582));
#362 = ORIENTED_EDGE('',*,*,#363,.T.);
#363 = EDGE_CURVE('',#364,#364,#366,.T.);
#364 = VERTEX_POINT('',#365);
#365 = CARTESIAN_POINT('',(49.678969393497,0.,0.));
#366 = SURFACE_CURVE('',#367,(#390,#464),.PCURVE_S1.);
#367 = B_SPLINE_CURVE_WITH_KNOTS('',11,(#368,#369,#370,#371,#372,#373,
    #374,#375,#376,#377,#378,#379,#380,#381,#382,#383,#384,#385,#386,
    #387,#388,#389),.UNSPECIFIED.,.T.,.F.,(12,10,12),(0.,0.5,1.),
  .UNSPECIFIED.);
#368 = CARTESIAN_POINT('',(49.678969393497,0.,0.));
#369 = CARTESIAN_POINT('',(49.678969393495,14.188280480408,0.));
#370 = CARTESIAN_POINT('',(45.221589529481,28.376559851663,0.));
#371 = CARTESIAN_POINT('',(36.306830849813,41.008929824169,0.));
#372 = CARTESIAN_POINT('',(23.545695150292,50.529419419158,0.));
#373 = CARTESIAN_POINT('',(8.160223814344,55.656495534842,0.));
#374 = CARTESIAN_POINT('',(-8.160223814347,55.656495534947,0.));
#375 = CARTESIAN_POINT('',(-23.54569515028,50.529419419076,0.));
#376 = CARTESIAN_POINT('',(-36.30683084981,41.008929824218,0.));
#377 = CARTESIAN_POINT('',(-45.22158952947,28.376559851643,0.));
#378 = CARTESIAN_POINT('',(-49.67896939349,14.188280480413,0.));
#379 = CARTESIAN_POINT('',(-49.67896939349,-14.18828048041,0.));
#380 = CARTESIAN_POINT('',(-45.22158952947,-28.37655985164,0.));
#381 = CARTESIAN_POINT('',(-36.30683084982,-41.0089298242,0.));
#382 = CARTESIAN_POINT('',(-23.54569515027,-50.5294194191,0.));
#383 = CARTESIAN_POINT('',(-8.160223814369,-55.65649553491,0.));
#384 = CARTESIAN_POINT('',(8.160223814369,-55.65649553488,0.));
#385 = CARTESIAN_POINT('',(23.54569515027,-50.52941941912,0.));
#386 = CARTESIAN_POINT('',(36.306830849829,-41.00892982418,0.));
#387 = CARTESIAN_POINT('',(45.221589529474,-28.37655985165,0.));
#388 = CARTESIAN_POINT('',(49.678969393497,-14.18828048041,0.));
#389 = CARTESIAN_POINT('',(49.678969393497,-1.907215986768E-14,0.));
#390 = PCURVE('',#391,#458);
#391 = B_SPLINE_SURFACE_WITH_KNOTS('',11,2,(
    (#392,#393,#394)
    ,(#395,#396,#397)
    ,(#398,#399,#400)
    ,(#401,#402,#403)
    ,(#404,#405,#406)
    ,(#407,#408,#409)
    ,(#410,#411,#412)
    ,(#413,#414,#415)
    ,(#416,#417,#418)
    ,(#419,#420,#421)
    ,(#422,#423,#424)
    ,(#425,#426,#427)
    ,(#428,#429,#430)
    ,(#431,#432,#433)
    ,(#434,#435,#436)
    ,(#437,#438,#439)
    ,(#440,#441,#442)
    ,(#443,#444,#445)
    ,(#446,#447,#448)
    ,(#449,#450,#451)
    ,(#452,#453,#454)
    ,(#455,#456,#457
    )),.UNSPECIFIED.,.T.,.F.,.F.,(12,10,12),(3,3),(0.,0.5,1.),(0.,1.),
  .UNSPECIFIED.);
#392 = CARTESIAN_POINT('',(49.678969393497,0.,0.));
#393 = CARTESIAN_POINT('',(72.339484696748,8.48959829429E-15,62.5));
#394 = CARTESIAN_POINT('',(95.,-1.42108547152E-14,125.));
#395 = CARTESIAN_POINT('',(49.678969393495,14.188280480408,0.));
#396 = CARTESIAN_POINT('',(72.339484696745,20.660108517068,
    62.499999999998));
#397 = CARTESIAN_POINT('',(94.999999999998,27.131936553726,
    124.99999999999));
#398 = CARTESIAN_POINT('',(45.221589529481,28.376559851663,0.));
#399 = CARTESIAN_POINT('',(65.848920049437,41.320215419045,
    62.500000000007));
#400 = CARTESIAN_POINT('',(86.476250569379,54.263870986432,
    125.00000000003));
#401 = CARTESIAN_POINT('',(36.306830849813,41.008929824169,0.));
#402 = CARTESIAN_POINT('',(52.867792281348,59.714701968729,
    62.499999999985));
#403 = CARTESIAN_POINT('',(69.428753712915,78.420474113277,
    124.99999999993));
#404 = CARTESIAN_POINT('',(23.545695150292,50.529419419158,0.));
#405 = CARTESIAN_POINT('',(34.285804935054,73.577858144635,
    62.50000000002));
#406 = CARTESIAN_POINT('',(45.025914719762,96.626296870137,
    125.0000000001));
#407 = CARTESIAN_POINT('',(8.160223814344,55.656495534842,0.));
#408 = CARTESIAN_POINT('',(11.882420125562,81.04359362065,62.49999999998
    ));
#409 = CARTESIAN_POINT('',(15.604616436846,106.43069170642,
    124.99999999987));
#410 = CARTESIAN_POINT('',(-8.160223814347,55.656495534947,0.));
#411 = CARTESIAN_POINT('',(-11.88242012556,81.043593620724,
    62.500000000014));
#412 = CARTESIAN_POINT('',(-15.60461643685,106.43069170654,
    125.0000000001));
#413 = CARTESIAN_POINT('',(-23.54569515028,50.529419419076,0.));
#414 = CARTESIAN_POINT('',(-34.28580493504,73.577858144577,
    62.499999999992));
#415 = CARTESIAN_POINT('',(-45.02591471975,96.626296870039,
    124.99999999992));
#416 = CARTESIAN_POINT('',(-36.30683084981,41.008929824218,0.));
#417 = CARTESIAN_POINT('',(-52.86779228135,59.714701968766,
    62.500000000004));
#418 = CARTESIAN_POINT('',(-69.42875371292,78.420474113336,
    125.00000000003));
#419 = CARTESIAN_POINT('',(-45.22158952947,28.376559851643,0.));
#420 = CARTESIAN_POINT('',(-65.84892004943,41.320215419029,
    62.499999999999));
#421 = CARTESIAN_POINT('',(-86.47625056937,54.263870986406,
    124.99999999998));
#422 = CARTESIAN_POINT('',(-49.67896939349,14.188280480413,0.));
#423 = CARTESIAN_POINT('',(-72.33948469674,20.660108517072,62.5));
#424 = CARTESIAN_POINT('',(-94.99999999999,27.131936553732,125.));
#425 = CARTESIAN_POINT('',(-49.67896939349,-14.18828048041,0.));
#426 = CARTESIAN_POINT('',(-72.33948469675,-20.66010851707,62.5));
#427 = CARTESIAN_POINT('',(-95.,-27.13193655373,125.));
#428 = CARTESIAN_POINT('',(-45.22158952947,-28.37655985164,0.));
#429 = CARTESIAN_POINT('',(-65.84892004941,-41.32021541902,
    62.500000000001));
#430 = CARTESIAN_POINT('',(-86.47625056936,-54.26387098641,
    124.99999999998));
#431 = CARTESIAN_POINT('',(-36.30683084982,-41.0089298242,0.));
#432 = CARTESIAN_POINT('',(-52.86779228138,-59.71470196877,
    62.499999999994));
#433 = CARTESIAN_POINT('',(-69.42875371295,-78.42047411332,
    125.00000000004));
#434 = CARTESIAN_POINT('',(-23.54569515027,-50.5294194191,0.));
#435 = CARTESIAN_POINT('',(-34.28580493499,-73.57785814456,
    62.500000000015));
#436 = CARTESIAN_POINT('',(-45.0259147197,-96.62629687007,
    124.99999999992));
#437 = CARTESIAN_POINT('',(-8.160223814369,-55.65649553491,0.));
#438 = CARTESIAN_POINT('',(-11.88242012562,-81.04359362072,
    62.499999999975));
#439 = CARTESIAN_POINT('',(-15.60461643691,-106.4306917064,
    125.00000000009));
#440 = CARTESIAN_POINT('',(8.160223814369,-55.65649553488,0.));
#441 = CARTESIAN_POINT('',(11.882420125625,-81.04359362066,
    62.500000000027));
#442 = CARTESIAN_POINT('',(15.604616436916,-106.4306917064,
    124.9999999999));
#443 = CARTESIAN_POINT('',(23.54569515027,-50.52941941912,0.));
#444 = CARTESIAN_POINT('',(34.285804935002,-73.57785814461,
    62.499999999978));
#445 = CARTESIAN_POINT('',(45.025914719701,-96.62629687008,
    125.00000000006));
#446 = CARTESIAN_POINT('',(36.306830849829,-41.00892982418,0.));
#447 = CARTESIAN_POINT('',(52.867792281381,-59.71470196874,
    62.500000000013));
#448 = CARTESIAN_POINT('',(69.428753712956,-78.42047411331,
    124.99999999996));
#449 = CARTESIAN_POINT('',(45.221589529474,-28.37655985165,0.));
#450 = CARTESIAN_POINT('',(65.848920049423,-41.32021541903,
    62.499999999994));
#451 = CARTESIAN_POINT('',(86.47625056936,-54.26387098641,
    125.00000000001));
#452 = CARTESIAN_POINT('',(49.678969393497,-14.18828048041,0.));
#453 = CARTESIAN_POINT('',(72.339484696749,-20.66010851707,
    62.500000000001));
#454 = CARTESIAN_POINT('',(95.000000000003,-27.13193655373,
    124.99999999999));
#455 = CARTESIAN_POINT('',(49.678969393497,-1.907215986768E-14,0.));
#456 = CARTESIAN_POINT('',(72.339484696748,-3.658818264364E-14,62.5));
#457 = CARTESIAN_POINT('',(95.,1.413912390204E-14,125.));
#458 = DEFINITIONAL_REPRESENTATION('',(#459),#463);
#459 = LINE('',#460,#461);
#460 = CARTESIAN_POINT('',(0.,0.));
#461 = VECTOR('',#462,1.);
#462 = DIRECTION('',(1.,0.));
#463 = ( GEOMETRIC_REPRESENTATION_CONTEXT(2) 
PARAMETRIC_REPRESENTATION_CONTEXT() REPRESENTATION_CONTEXT('2D SPACE',''
  ) );
#464 = PCURVE('',#465,#470);
#465 = PLANE('',#466);
#466 = AXIS2_PLACEMENT_3D('',#467,#468,#469);
#467 = CARTESIAN_POINT('',(49.678969393497,0.,0.));
#468 = DIRECTION('',(-0.,0.,-1.));
#469 = DIRECTION('',(-0.997203797201,-7.473009332495E-02,0.));
#470 = DEFINITIONAL_REPRESENTATION('',(#471),#494);
#471 = B_SPLINE_CURVE_WITH_KNOTS('',11,(#472,#473,#474,#475,#476,#477,
    #478,#479,#480,#481,#482,#483,#484,#485,#486,#487,#488,#489,#490,
    #491,#492,#493),.UNSPECIFIED.,.F.,.F.,(12,10,12),(0.,0.5,1.),
  .UNSPECIFIED.);
#472 = CARTESIAN_POINT('',(0.,0.));
#473 = CARTESIAN_POINT('',(-1.06029152442,14.148607170813));
#474 = CARTESIAN_POINT('',(2.324333160007,28.630313648796));
#475 = CARTESIAN_POINT('',(10.27014617954,41.893561701125));
#476 = CARTESIAN_POINT('',(22.284132079764,52.341070938216));
#477 = CARTESIAN_POINT('',(37.243435641085,58.603568418098));
#478 = CARTESIAN_POINT('',(53.518247988425,59.823196992599));
#479 = CARTESIAN_POINT('',(69.243845302971,55.860214930098));
#480 = CARTESIAN_POINT('',(82.680765355062,47.319987416654));
#481 = CARTESIAN_POINT('',(92.514614748512,35.389140860457));
#482 = CARTESIAN_POINT('',(98.01982231601,21.573635208944));
#483 = CARTESIAN_POINT('',(100.14040536485,-6.72357913269));
#484 = CARTESIAN_POINT('',(96.755780680416,-21.20528561065));
#485 = CARTESIAN_POINT('',(88.809967660911,-34.46853366303));
#486 = CARTESIAN_POINT('',(76.795981760642,-44.91604290003));
#487 = CARTESIAN_POINT('',(61.836678199377,-51.17854038003));
#488 = CARTESIAN_POINT('',(45.56186585198,-52.3981689544));
#489 = CARTESIAN_POINT('',(29.836268537482,-48.43518689202));
#490 = CARTESIAN_POINT('',(16.399348485359,-39.89495937849));
#491 = CARTESIAN_POINT('',(6.565499091925,-27.96411282234));
#492 = CARTESIAN_POINT('',(1.060291524421,-14.14860717081));
#493 = CARTESIAN_POINT('',(-7.105427357601E-15,-1.95399252334E-14));
#494 = ( GEOMETRIC_REPRESENTATION_CONTEXT(2) 
PARAMETRIC_REPRESENTATION_CONTEXT() REPRESENTATION_CONTEXT('2D SPACE',''
  ) );
#495 = ORIENTED_EDGE('',*,*,#496,.T.);
#496 = EDGE_CURVE('',#364,#497,#499,.T.);
#497 = VERTEX_POINT('',#498);
#498 = CARTESIAN_POINT('',(95.,0.,125.));
#499 = SEAM_CURVE('',#500,(#504,#511),.PCURVE_S1.);
#500 = B_SPLINE_CURVE_WITH_KNOTS('',2,(#501,#502,#503),.UNSPECIFIED.,.F.
  ,.F.,(3,3),(0.,1.),.PIECEWISE_BEZIER_KNOTS.);
#501 = CARTESIAN_POINT('',(49.678969393497,0.,0.));
#502 = CARTESIAN_POINT('',(72.339484696748,8.48959829429E-15,62.5));
#503 = CARTESIAN_POINT('',(95.,-1.42108547152E-14,125.));
#504 = PCURVE('',#391,#505);
#505 = DEFINITIONAL_REPRESENTATION('',(#506),#510);
#506 = LINE('',#507,#508);
#507 = CARTESIAN_POINT('',(1.,0.));
#508 = VECTOR('',#509,1.);
#509 = DIRECTION('',(0.,1.));
#510 = ( GEOMETRIC_REPRESENTATION_CONTEXT(2) 
PARAMETRIC_REPRESENTATION_CONTEXT() REPRESENTATION_CONTEXT('2D SPACE',''
  ) );
#511 = PCURVE('',#391,#512);
#512 = DEFINITIONAL_REPRESENTATION('',(#513),#517);
#513 = LINE('',#514,#515);
#514 = CARTESIAN_POINT('',(0.,0.));
#515 = VECTOR('',#516,1.);
#516 = DIRECTION('',(0.,1.));
#517 = ( GEOMETRIC_REPRESENTATION_CONTEXT(2) 
PARAMETRIC_REPRESENTATION_CONTEXT() REPRESENTATION_CONTEXT('2D SPACE',''
  ) );
#518 = ORIENTED_EDGE('',*,*,#519,.F.);
#519 = EDGE_CURVE('',#497,#497,#520,.T.);
#520 = SURFACE_CURVE('',#521,(#544,#551),.PCURVE_S1.);
#521 = B_SPLINE_CURVE_WITH_KNOTS('',11,(#522,#523,#524,#525,#526,#527,
    #528,#529,#530,#531,#532,#533,#534,#535,#536,#537,#538,#539,#540,
    #541,#542,#543),.UNSPECIFIED.,.T.,.F.,(12,10,12),(0.,0.5,1.),
  .UNSPECIFIED.);
#522 = CARTESIAN_POINT('',(95.,-1.42108547152E-14,125.));
#523 = CARTESIAN_POINT('',(94.999999999998,27.131936553726,
    124.99999999999));
#524 = CARTESIAN_POINT('',(86.476250569379,54.263870986432,
    125.00000000003));
#525 = CARTESIAN_POINT('',(69.428753712915,78.420474113277,
    124.99999999993));
#526 = CARTESIAN_POINT('',(45.025914719762,96.626296870137,
    125.0000000001));
#527 = CARTESIAN_POINT('',(15.604616436846,106.43069170642,
    124.99999999987));
#528 = CARTESIAN_POINT('',(-15.60461643685,106.43069170654,
    125.0000000001));
#529 = CARTESIAN_POINT('',(-45.02591471975,96.626296870039,
    124.99999999992));
#530 = CARTESIAN_POINT('',(-69.42875371292,78.420474113336,
    125.00000000003));
#531 = CARTESIAN_POINT('',(-86.47625056937,54.263870986406,
    124.99999999998));
#532 = CARTESIAN_POINT('',(-94.99999999999,27.131936553732,125.));
#533 = CARTESIAN_POINT('',(-95.,-27.13193655373,125.));
#534 = CARTESIAN_POINT('',(-86.47625056936,-54.26387098641,
    124.99999999998));
#535 = CARTESIAN_POINT('',(-69.42875371295,-78.42047411332,
    125.00000000004));
#536 = CARTESIAN_POINT('',(-45.0259147197,-96.62629687007,
    124.99999999992));
#537 = CARTESIAN_POINT('',(-15.60461643691,-106.4306917064,
    125.00000000009));
#538 = CARTESIAN_POINT('',(15.604616436916,-106.4306917064,
    124.9999999999));
#539 = CARTESIAN_POINT('',(45.025914719701,-96.62629687008,
    125.00000000006));
#540 = CARTESIAN_POINT('',(69.428753712956,-78.42047411331,
    124.99999999996));
#541 = CARTESIAN_POINT('',(86.47625056936,-54.26387098641,
    125.00000000001));
#542 = CARTESIAN_POINT('',(95.000000000003,-27.13193655373,
    124.99999999999));
#543 = CARTESIAN_POINT('',(95.,1.413912390204E-14,125.));
#544 = PCURVE('',#391,#545);
#545 = DEFINITIONAL_REPRESENTATION('',(#546),#550);
#546 = LINE('',#547,#548);
#547 = CARTESIAN_POINT('',(0.,1.));
#548 = VECTOR('',#549,1.);
#549 = DIRECTION('',(1.,0.));
#550 = ( GEOMETRIC_REPRESENTATION_CONTEXT(2) 
PARAMETRIC_REPRESENTATION_CONTEXT() REPRESENTATION_CONTEXT('2D SPACE',''
  ) );
#551 = PCURVE('',#552,#557);
#552 = PLANE('',#553);
#553 = AXIS2_PLACEMENT_3D('',#554,#555,#556);
#554 = CARTESIAN_POINT('',(95.,-1.42108547152E-14,125.));
#555 = DIRECTION('',(-5.177510027193E-15,-6.185522467447E-15,-1.));
#556 = DIRECTION('',(-0.997203797201,-7.473009332495E-02,
    5.625277330417E-15));
#557 = DEFINITIONAL_REPRESENTATION('',(#558),#581);
#558 = B_SPLINE_CURVE_WITH_KNOTS('',11,(#559,#560,#561,#562,#563,#564,
    #565,#566,#567,#568,#569,#570,#571,#572,#573,#574,#575,#576,#577,
    #578,#579,#580),.UNSPECIFIED.,.F.,.F.,(12,10,12),(0.,0.5,1.),
  .UNSPECIFIED.);
#559 = CARTESIAN_POINT('',(0.,0.));
#560 = CARTESIAN_POINT('',(-2.027572150744,27.056070156786));
#561 = CARTESIAN_POINT('',(4.444771155614,54.749118788911));
#562 = CARTESIAN_POINT('',(19.639374547565,80.112136185514));
#563 = CARTESIAN_POINT('',(42.613455420339,100.09067820517));
#564 = CARTESIAN_POINT('',(71.21980244553,112.06631433159));
#565 = CARTESIAN_POINT('',(102.34176797489,114.39858321696));
#566 = CARTESIAN_POINT('',(132.4134816823,106.82025982317));
#567 = CARTESIAN_POINT('',(158.10860822244,90.488970674376));
#568 = CARTESIAN_POINT('',(176.91366202655,67.673875339768));
#569 = CARTESIAN_POINT('',(187.44114931739,41.254787888532));
#570 = CARTESIAN_POINT('',(191.49629361889,-12.85735242505));
#571 = CARTESIAN_POINT('',(185.02395031251,-40.55040105715));
#572 = CARTESIAN_POINT('',(169.82934692062,-65.91341845381));
#573 = CARTESIAN_POINT('',(146.85526604774,-85.89196047337));
#574 = CARTESIAN_POINT('',(118.24891902269,-97.86759659991));
#575 = CARTESIAN_POINT('',(87.126953493183,-100.1998654851));
#576 = CARTESIAN_POINT('',(57.055239785895,-92.62154209146));
#577 = CARTESIAN_POINT('',(31.360113245671,-76.29025294261));
#578 = CARTESIAN_POINT('',(12.555059441609,-53.47515760803));
#579 = CARTESIAN_POINT('',(2.027572150744,-27.05607015679));
#580 = CARTESIAN_POINT('',(-2.84217094304E-14,2.6645352591E-14));
#581 = ( GEOMETRIC_REPRESENTATION_CONTEXT(2) 
PARAMETRIC_REPRESENTATION_CONTEXT() REPRESENTATION_CONTEXT('2D SPACE',''
  ) );
#582 = ORIENTED_EDGE('',*,*,#496,.F.);
#583 = ADVANCED_FACE('',(#584,#587),#465,.T.);
#584 = FACE_BOUND('',#585,.T.);
#585 = EDGE_LOOP('',(#586));
#586 = ORIENTED_EDGE('',*,*,#363,.F.);
#587 = FACE_BOUND('',#588,.T.);
#588 = EDGE_LOOP('',(#589));
#589 = ORIENTED_EDGE('',*,*,#590,.T.);
#590 = EDGE_CURVE('',#591,#591,#593,.T.);
#591 = VERTEX_POINT('',#592);
#592 = CARTESIAN_POINT('',(32.,-7.837739514543E-15,0.));
#593 = SURFACE_CURVE('',#594,(#599,#610),.PCURVE_S1.);
#594 = CIRCLE('',#595,32.);
#595 = AXIS2_PLACEMENT_3D('',#596,#597,#598);
#596 = CARTESIAN_POINT('',(0.,0.,0.));
#597 = DIRECTION('',(0.,0.,1.));
#598 = DIRECTION('',(1.,0.,-0.));
#599 = PCURVE('',#465,#600);
#600 = DEFINITIONAL_REPRESENTATION('',(#601),#609);
#601 = ( BOUNDED_CURVE() B_SPLINE_CURVE(2,(#602,#603,#604,#605,#606,#607
,#608),.UNSPECIFIED.,.T.,.F.) B_SPLINE_CURVE_WITH_KNOTS((1,2,2,2,2,1),(
    -2.094395102393,0.,2.094395102393,4.188790204786,6.28318530718,
8.377580409573),.UNSPECIFIED.) CURVE() GEOMETRIC_REPRESENTATION_ITEM() 
RATIONAL_B_SPLINE_CURVE((1.,0.5,1.,0.5,1.,0.5,1.)) REPRESENTATION_ITEM(
  '') );
#602 = CARTESIAN_POINT('',(17.629535409791,1.321151032665));
#603 = CARTESIAN_POINT('',(13.48757321801,56.59179558474));
#604 = CARTESIAN_POINT('',(63.424336579538,32.5435177883));
#605 = CARTESIAN_POINT('',(113.36109994106,8.49523999186));
#606 = CARTESIAN_POINT('',(67.566298771319,-22.72712676377));
#607 = CARTESIAN_POINT('',(21.771497601573,-53.94949351941));
#608 = CARTESIAN_POINT('',(17.629535409791,1.321151032665));
#609 = ( GEOMETRIC_REPRESENTATION_CONTEXT(2) 
PARAMETRIC_REPRESENTATION_CONTEXT() REPRESENTATION_CONTEXT('2D SPACE',''
  ) );
#610 = PCURVE('',#611,#616);
#611 = CYLINDRICAL_SURFACE('',#612,32.);
#612 = AXIS2_PLACEMENT_3D('',#613,#614,#615);
#613 = CARTESIAN_POINT('',(0.,0.,0.));
#614 = DIRECTION('',(0.,0.,1.));
#615 = DIRECTION('',(1.,0.,-0.));
#616 = DEFINITIONAL_REPRESENTATION('',(#617),#621);
#617 = LINE('',#618,#619);
#618 = CARTESIAN_POINT('',(0.,0.));
#619 = VECTOR('',#620,1.);
#620 = DIRECTION('',(1.,0.));
#621 = ( GEOMETRIC_REPRESENTATION_CONTEXT(2) 
PARAMETRIC_REPRESENTATION_CONTEXT() REPRESENTATION_CONTEXT('2D SPACE',''
  ) );
#622 = ADVANCED_FACE('',(#623),#552,.F.);
#623 = FACE_BOUND('',#624,.T.);
#624 = EDGE_LOOP('',(#625));
#625 = ORIENTED_EDGE('',*,*,#519,.T.);
#626 = ADVANCED_FACE('',(#627),#611,.F.);
#627 = FACE_BOUND('',#628,.F.);
#628 = EDGE_LOOP('',(#629,#658,#679,#680));
#629 = ORIENTED_EDGE('',*,*,#630,.F.);
#630 = EDGE_CURVE('',#631,#631,#633,.T.);
#631 = VERTEX_POINT('',#632);
#632 = CARTESIAN_POINT('',(32.,-7.837739514543E-15,100.));
#633 = SURFACE_CURVE('',#634,(#639,#646),.PCURVE_S1.);
#634 = CIRCLE('',#635,32.);
#635 = AXIS2_PLACEMENT_3D('',#636,#637,#638);
#636 = CARTESIAN_POINT('',(0.,0.,100.));
#637 = DIRECTION('',(0.,0.,1.));
#638 = DIRECTION('',(1.,0.,-0.));
#639 = PCURVE('',#611,#640);
#640 = DEFINITIONAL_REPRESENTATION('',(#641),#645);
#641 = LINE('',#642,#643);
#642 = CARTESIAN_POINT('',(0.,100.));
#643 = VECTOR('',#644,1.);
#644 = DIRECTION('',(1.,0.));
#645 = ( GEOMETRIC_REPRESENTATION_CONTEXT(2) 
PARAMETRIC_REPRESENTATION_CONTEXT() REPRESENTATION_CONTEXT('2D SPACE',''
  ) );
#646 = PCURVE('',#647,#652);
#647 = PLANE('',#648);
#648 = AXIS2_PLACEMENT_3D('',#649,#650,#651);
#649 = CARTESIAN_POINT('',(0.,0.,100.));
#650 = DIRECTION('',(0.,0.,1.));
#651 = DIRECTION('',(1.,0.,-0.));
#652 = DEFINITIONAL_REPRESENTATION('',(#653),#657);
#653 = CIRCLE('',#654,32.);
#654 = AXIS2_PLACEMENT_2D('',#655,#656);
#655 = CARTESIAN_POINT('',(0.,0.));
#656 = DIRECTION('',(1.,0.));
#657 = ( GEOMETRIC_REPRESENTATION_CONTEXT(2) 
PARAMETRIC_REPRESENTATION_CONTEXT() REPRESENTATION_CONTEXT('2D SPACE',''
  ) );
#658 = ORIENTED_EDGE('',*,*,#659,.F.);
#659 = EDGE_CURVE('',#591,#631,#660,.T.);
#660 = SEAM_CURVE('',#661,(#665,#672),.PCURVE_S1.);
#661 = LINE('',#662,#663);
#662 = CARTESIAN_POINT('',(32.,-7.837739514543E-15,0.));
#663 = VECTOR('',#664,1.);
#664 = DIRECTION('',(0.,0.,1.));
#665 = PCURVE('',#611,#666);
#666 = DEFINITIONAL_REPRESENTATION('',(#667),#671);
#667 = LINE('',#668,#669);
#668 = CARTESIAN_POINT('',(6.28318530718,-0.));
#669 = VECTOR('',#670,1.);
#670 = DIRECTION('',(0.,1.));
#671 = ( GEOMETRIC_REPRESENTATION_CONTEXT(2) 
PARAMETRIC_REPRESENTATION_CONTEXT() REPRESENTATION_CONTEXT('2D SPACE',''
  ) );
#672 = PCURVE('',#611,#673);
#673 = DEFINITIONAL_REPRESENTATION('',(#674),#678);
#674 = LINE('',#675,#676);
#675 = CARTESIAN_POINT('',(0.,-0.));
#676 = VECTOR('',#677,1.);
#677 = DIRECTION('',(0.,1.));
#678 = ( GEOMETRIC_REPRESENTATION_CONTEXT(2) 
PARAMETRIC_REPRESENTATION_CONTEXT() REPRESENTATION_CONTEXT('2D SPACE',''
  ) );
#679 = ORIENTED_EDGE('',*,*,#590,.T.);
#680 = ORIENTED_EDGE('',*,*,#659,.T.);
#681 = ADVANCED_FACE('',(#682),#647,.F.);
#682 = FACE_BOUND('',#683,.F.);
#683 = EDGE_LOOP('',(#684));
#684 = ORIENTED_EDGE('',*,*,#630,.T.);
#685 = ( GEOMETRIC_REPRESENTATION_CONTEXT(3) 
GLOBAL_UNCERTAINTY_ASSIGNED_CONTEXT((#689)) GLOBAL_UNIT_ASSIGNED_CONTEXT
((#686,#687,#688)) REPRESENTATION_CONTEXT('Context #1',
  '3D Context with UNIT and UNCERTAINTY') );
#686 = ( LENGTH_UNIT() NAMED_UNIT(*) SI_UNIT(.MILLI.,.METRE.) );
#687 = ( NAMED_UNIT(*) PLANE_ANGLE_UNIT() SI_UNIT($,.RADIAN.) );
#688 = ( NAMED_UNIT(*) SI_UNIT($,.STERADIAN.) SOLID_ANGLE_UNIT() );
#689 = UNCERTAINTY_MEASURE_WITH_UNIT(LENGTH_MEASURE(1.E-07),#686,
  'distance_accuracy_value','confusion accuracy');
#690 = CONTEXT_DEPENDENT_SHAPE_REPRESENTATION(#691,#693);
#691 = ( REPRESENTATION_RELATIONSHIP('','',#356,#10) 
REPRESENTATION_RELATIONSHIP_WITH_TRANSFORMATION(#692) 
SHAPE_REPRESENTATION_RELATIONSHIP() );
#692 = ITEM_DEFINED_TRANSFORMATION('','',#11,#15);
#693 = PRODUCT_DEFINITION_SHAPE('Placement','Placement of an item',#694
  );
#694 = NEXT_ASSEMBLY_USAGE_OCCURRENCE('1','','',#5,#351,$);
#695 = PRODUCT_RELATED_PRODUCT_CATEGORY('part',$,(#353));
#696 = SHAPE_DEFINITION_REPRESENTATION(#697,#703);
#697 = PRODUCT_DEFINITION_SHAPE('','',#698);
#698 = PRODUCT_DEFINITION('design','',#699,#702);
#699 = PRODUCT_DEFINITION_FORMATION('','',#700);
#700 = PRODUCT('Open CASCADE STEP translator 7.8 1.2',
  'Open CASCADE STEP translator 7.8 1.2','',(#701));
#701 = PRODUCT_CONTEXT('',#2,'mechanical');
#702 = PRODUCT_DEFINITION_CONTEXT('part definition',#2,'design');
#703 = GEOMETRICALLY_BOUNDED_WIREFRAME_SHAPE_REPRESENTATION('',(#11,#704
    ),#713);
#704 = GEOMETRIC_CURVE_SET('',(#705));
#705 = TRIMMED_CURVE('',#706,(#711,PARAMETER_VALUE(0.)),(#712,
    PARAMETER_VALUE(6.28318530718)),.T.,.PARAMETER.);
#706 = CIRCLE('',#707,49.678969393497);
#707 = AXIS2_PLACEMENT_3D('',#708,#709,#710);
#708 = CARTESIAN_POINT('',(0.,0.,0.));
#709 = DIRECTION('',(0.,0.,1.));
#710 = DIRECTION('',(1.,0.,-0.));
#711 = CARTESIAN_POINT('',(49.678969393497,0.,0.));
#712 = CARTESIAN_POINT('',(49.678969393497,0.,0.));
#713 = ( GEOMETRIC_REPRESENTATION_CONTEXT(3) 
GLOBAL_UNCERTAINTY_ASSIGNED_CONTEXT((#717)) GLOBAL_UNIT_ASSIGNED_CONTEXT
((#714,#715,#716)) REPRESENTATION_CONTEXT('Context #1',
  '3D Context with UNIT and UNCERTAINTY') );
#714 = ( LENGTH_UNIT() NAMED_UNIT(*) SI_UNIT(.MILLI.,.METRE.) );
#715 = ( NAMED_UNIT(*) PLANE_ANGLE_UNIT() SI_UNIT($,.RADIAN.) );
#716 = ( NAMED_UNIT(*) SI_UNIT($,.STERADIAN.) SOLID_ANGLE_UNIT() );
#717 = UNCERTAINTY_MEASURE_WITH_UNIT(LENGTH_MEASURE(1.E-07),#714,
  'distance_accuracy_value','confusion accuracy');
#718 = CONTEXT_DEPENDENT_SHAPE_REPRESENTATION(#719,#721);
#719 = ( REPRESENTATION_RELATIONSHIP('','',#703,#10) 
REPRESENTATION_RELATIONSHIP_WITH_TRANSFORMATION(#720) 
SHAPE_REPRESENTATION_RELATIONSHIP() );
#720 = ITEM_DEFINED_TRANSFORMATION('','',#11,#19);
#721 = PRODUCT_DEFINITION_SHAPE('Placement','Placement of an item',#722
  );
#722 = NEXT_ASSEMBLY_USAGE_OCCURRENCE('2','','',#5,#698,$);
#723 = PRODUCT_RELATED_PRODUCT_CATEGORY('part',$,(#700));
#724 = SHAPE_DEFINITION_REPRESENTATION(#725,#731);
#725 = PRODUCT_DEFINITION_SHAPE('','',#726);
#726 = PRODUCT_DEFINITION('design','',#727,#730);
#727 = PRODUCT_DEFINITION_FORMATION('','',#728);
#728 = PRODUCT('Open CASCADE STEP translator 7.8 1.3',
  'Open CASCADE STEP translator 7.8 1.3','',(#729));
#729 = PRODUCT_CONTEXT('',#2,'mechanical');
#730 = PRODUCT_DEFINITION_CONTEXT('part definition',#2,'design');
#731 = GEOMETRICALLY_BOUNDED_WIREFRAME_SHAPE_REPRESENTATION('',(#11,#732
    ),#741);
#732 = GEOMETRIC_CURVE_SET('',(#733));
#733 = TRIMMED_CURVE('',#734,(#739,PARAMETER_VALUE(0.)),(#740,
    PARAMETER_VALUE(6.28318530718)),.T.,.PARAMETER.);
#734 = CIRCLE('',#735,50.245482276078);
#735 = AXIS2_PLACEMENT_3D('',#736,#737,#738);
#736 = CARTESIAN_POINT('',(0.,0.,1.5625));
#737 = DIRECTION('',(0.,0.,1.));
#738 = DIRECTION('',(1.,0.,-0.));
#739 = CARTESIAN_POINT('',(50.245482276078,0.,1.5625));
#740 = CARTESIAN_POINT('',(50.245482276078,0.,1.5625));
#741 = ( GEOMETRIC_REPRESENTATION_CONTEXT(3) 
GLOBAL_UNCERTAINTY_ASSIGNED_CONTEXT((#745)) GLOBAL_UNIT_ASSIGNED_CONTEXT
((#742,#743,#744)) REPRESENTATION_CONTEXT('Context #1',
  '3D Context with UNIT and UNCERTAINTY') );
#742 = ( LENGTH_UNIT() NAMED_UNIT(*) SI_UNIT(.MILLI.,.METRE.) );
#743 = ( NAMED_UNIT(*) PLANE_ANGLE_UNIT() SI_UNIT($,.RADIAN.) );
#744 = ( NAMED_UNIT(*) SI_UNIT($,.STERADIAN.) SOLID_ANGLE_UNIT() );
#745 = UNCERTAINTY_MEASURE_WITH_UNIT(LENGTH_MEASURE(1.E-07),#742,
  'distance_accuracy_value','confusion accuracy');
#746 = CONTEXT_DEPENDENT_SHAPE_REPRESENTATION(#747,#749);
#747 = ( REPRESENTATION_RELATIONSHIP('','',#731,#10) 
REPRESENTATION_RELATIONSHIP_WITH_TRANSFORMATION(#748) 
SHAPE_REPRESENTATION_RELATIONSHIP() );
#748 = ITEM_DEFINED_TRANSFORMATION('','',#11,#23);
#749 = PRODUCT_DEFINITION_SHAPE('Placement','Placement of an item',#750
  );
#750 = NEXT_ASSEMBLY_USAGE_OCCURRENCE('3','','',#5,#726,$);
#751 = PRODUCT_RELATED_PRODUCT_CATEGORY('part',$,(#728));
#752 = SHAPE_DEFINITION_REPRESENTATION(#753,#759);
#753 = PRODUCT_DEFINITION_SHAPE('','',#754);
#754 = PRODUCT_DEFINITION('design','',#755,#758);
#755 = PRODUCT_DEFINITION_FORMATION('','',#756);
#756 = PRODUCT('Open CASCADE STEP translator 7.8 1.4',
  'Open CASCADE STEP translator 7.8 1.4','',(#757));
#757 = PRODUCT_CONTEXT('',#2,'mechanical');
#758 = PRODUCT_DEFINITION_CONTEXT('part definition',#2,'design');
#759 = GEOMETRICALLY_BOUNDED_WIREFRAME_SHAPE_REPRESENTATION('',(#11,#760
    ),#769);
#760 = GEOMETRIC_CURVE_SET('',(#761));
#761 = TRIMMED_CURVE('',#762,(#767,PARAMETER_VALUE(0.)),(#768,
    PARAMETER_VALUE(6.28318530718)),.T.,.PARAMETER.);
#762 = CIRCLE('',#763,50.811995158659);
#763 = AXIS2_PLACEMENT_3D('',#764,#765,#766);
#764 = CARTESIAN_POINT('',(0.,0.,3.125));
#765 = DIRECTION('',(0.,0.,1.));
#766 = DIRECTION('',(1.,0.,-0.));
#767 = CARTESIAN_POINT('',(50.811995158659,0.,3.125));
#768 = CARTESIAN_POINT('',(50.811995158659,0.,3.125));
#769 = ( GEOMETRIC_REPRESENTATION_CONTEXT(3) 
GLOBAL_UNCERTAINTY_ASSIGNED_CONTEXT((#773)) GLOBAL_UNIT_ASSIGNED_CONTEXT
((#770,#771,#772)) REPRESENTATION_CONTEXT('Context #1',
  '3D Context with UNIT and UNCERTAINTY') );
#770 = ( LENGTH_UNIT() NAMED_UNIT(*) SI_UNIT(.MILLI.,.METRE.) );
#771 = ( NAMED_UNIT(*) PLANE_ANGLE_UNIT() SI_UNIT($,.RADIAN.) );
#772 = ( NAMED_UNIT(*) SI_UNIT($,.STERADIAN.) SOLID_ANGLE_UNIT() );
#773 = UNCERTAINTY_MEASURE_WITH_UNIT(LENGTH_MEASURE(1.E-07),#770,
  'distance_accuracy_value','confusion accuracy');
#774 = CONTEXT_DEPENDENT_SHAPE_REPRESENTATION(#775,#777);
#775 = ( REPRESENTATION_RELATIONSHIP('','',#759,#10) 
REPRESENTATION_RELATIONSHIP_WITH_TRANSFORMATION(#776) 
SHAPE_REPRESENTATION_RELATIONSHIP() );
#776 = ITEM_DEFINED_TRANSFORMATION('','',#11,#27);
#777 = PRODUCT_DEFINITION_SHAPE('Placement','Placement of an item',#778
  );
#778 = NEXT_ASSEMBLY_USAGE_OCCURRENCE('4','','',#5,#754,$);
#779 = PRODUCT_RELATED_PRODUCT_CATEGORY('part',$,(#756));
#780 = SHAPE_DEFINITION_REPRESENTATION(#781,#787);
#781 = PRODUCT_DEFINITION_SHAPE('','',#782);
#782 = PRODUCT_DEFINITION('design','',#783,#786);
#783 = PRODUCT_DEFINITION_FORMATION('','',#784);
#784 = PRODUCT('Open CASCADE STEP translator 7.8 1.5',
  'Open CASCADE STEP translator 7.8 1.5','',(#785));
#785 = PRODUCT_CONTEXT('',#2,'mechanical');
#786 = PRODUCT_DEFINITION_CONTEXT('part definition',#2,'design');
#787 = GEOMETRICALLY_BOUNDED_WIREFRAME_SHAPE_REPRESENTATION('',(#11,#788
    ),#797);
#788 = GEOMETRIC_CURVE_SET('',(#789));
#789 = TRIMMED_CURVE('',#790,(#795,PARAMETER_VALUE(0.)),(#796,
    PARAMETER_VALUE(6.28318530718)),.T.,.PARAMETER.);
#790 = CIRCLE('',#791,51.378508041241);
#791 = AXIS2_PLACEMENT_3D('',#792,#793,#794);
#792 = CARTESIAN_POINT('',(0.,0.,4.6875));
#793 = DIRECTION('',(0.,0.,1.));
#794 = DIRECTION('',(1.,0.,-0.));
#795 = CARTESIAN_POINT('',(51.378508041241,0.,4.6875));
#796 = CARTESIAN_POINT('',(51.378508041241,0.,4.6875));
#797 = ( GEOMETRIC_REPRESENTATION_CONTEXT(3) 
GLOBAL_UNCERTAINTY_ASSIGNED_CONTEXT((#801)) GLOBAL_UNIT_ASSIGNED_CONTEXT
((#798,#799,#800)) REPRESENTATION_CONTEXT('Context #1',
  '3D Context with UNIT and UNCERTAINTY') );
#798 = ( LENGTH_UNIT() NAMED_UNIT(*) SI_UNIT(.MILLI.,.METRE.) );
#799 = ( NAMED_UNIT(*) PLANE_ANGLE_UNIT() SI_UNIT($,.RADIAN.) );
#800 = ( NAMED_UNIT(*) SI_UNIT($,.STERADIAN.) SOLID_ANGLE_UNIT() );
#801 = UNCERTAINTY_MEASURE_WITH_UNIT(LENGTH_MEASURE(1.E-07),#798,
  'distance_accuracy_value','confusion accuracy');
#802 = CONTEXT_DEPENDENT_SHAPE_REPRESENTATION(#803,#805);
#803 = ( REPRESENTATION_RELATIONSHIP('','',#787,#10) 
REPRESENTATION_RELATIONSHIP_WITH_TRANSFORMATION(#804) 
SHAPE_REPRESENTATION_RELATIONSHIP() );
#804 = ITEM_DEFINED_TRANSFORMATION('','',#11,#31);
#805 = PRODUCT_DEFINITION_SHAPE('Placement','Placement of an item',#806
  );
#806 = NEXT_ASSEMBLY_USAGE_OCCURRENCE('5','','',#5,#782,$);
#807 = PRODUCT_RELATED_PRODUCT_CATEGORY('part',$,(#784));
#808 = SHAPE_DEFINITION_REPRESENTATION(#809,#815);
#809 = PRODUCT_DEFINITION_SHAPE('','',#810);
#810 = PRODUCT_DEFINITION('design','',#811,#814);
#811 = PRODUCT_DEFINITION_FORMATION('','',#812);
#812 = PRODUCT('Open CASCADE STEP translator 7.8 1.6',
  'Open CASCADE STEP translator 7.8 1.6','',(#813));
#813 = PRODUCT_CONTEXT('',#2,'mechanical');
#814 = PRODUCT_DEFINITION_CONTEXT('part definition',#2,'design');
#815 = GEOMETRICALLY_BOUNDED_WIREFRAME_SHAPE_REPRESENTATION('',(#11,#816
    ),#825);
#816 = GEOMETRIC_CURVE_SET('',(#817));
#817 = TRIMMED_CURVE('',#818,(#823,PARAMETER_VALUE(0.)),(#824,
    PARAMETER_VALUE(6.28318530718)),.T.,.PARAMETER.);
#818 = CIRCLE('',#819,51.945020923822);
#819 = AXIS2_PLACEMENT_3D('',#820,#821,#822);
#820 = CARTESIAN_POINT('',(0.,0.,6.25));
#821 = DIRECTION('',(0.,0.,1.));
#822 = DIRECTION('',(1.,0.,-0.));
#823 = CARTESIAN_POINT('',(51.945020923822,0.,6.25));
#824 = CARTESIAN_POINT('',(51.945020923822,0.,6.25));
#825 = ( GEOMETRIC_REPRESENTATION_CONTEXT(3) 
GLOBAL_UNCERTAINTY_ASSIGNED_CONTEXT((#829)) GLOBAL_UNIT_ASSIGNED_CONTEXT
((#826,#827,#828)) REPRESENTATION_CONTEXT('Context #1',
  '3D Context with UNIT and UNCERTAINTY') );
#826 = ( LENGTH_UNIT() NAMED_UNIT(*) SI_UNIT(.MILLI.,.METRE.) );
#827 = ( NAMED_UNIT(*) PLANE_ANGLE_UNIT() SI_UNIT($,.RADIAN.) );
#828 = ( NAMED_UNIT(*) SI_UNIT($,.STERADIAN.) SOLID_ANGLE_UNIT() );
#829 = UNCERTAINTY_MEASURE_WITH_UNIT(LENGTH_MEASURE(1.E-07),#826,
  'distance_accuracy_value','confusion accuracy');
#830 = CONTEXT_DEPENDENT_SHAPE_REPRESENTATION(#831,#833);
#831 = ( REPRESENTATION_RELATIONSHIP('','',#815,#10) 
REPRESENTATION_RELATIONSHIP_WITH_TRANSFORMATION(#832) 
SHAPE_REPRESENTATION_RELATIONSHIP() );
#832 = ITEM_DEFINED_TRANSFORMATION('','',#11,#35);
#833 = PRODUCT_DEFINITION_SHAPE('Placement','Placement of an item',#834
  );
#834 = NEXT_ASSEMBLY_USAGE_OCCURRENCE('6','','',#5,#810,$);
#835 = PRODUCT_RELATED_PRODUCT_CATEGORY('part',$,(#812));
#836 = SHAPE_DEFINITION_REPRESENTATION(#837,#843);
#837 = PRODUCT_DEFINITION_SHAPE('','',#838);
#838 = PRODUCT_DEFINITION('design','',#839,#842);
#839 = PRODUCT_DEFINITION_FORMATION('','',#840);
#840 = PRODUCT('Open CASCADE STEP translator 7.8 1.7',
  'Open CASCADE STEP translator 7.8 1.7','',(#841));
#841 = PRODUCT_CONTEXT('',#2,'mechanical');
#842 = PRODUCT_DEFINITION_CONTEXT('part definition',#2,'design');
#843 = GEOMETRICALLY_BOUNDED_WIREFRAME_SHAPE_REPRESENTATION('',(#11,#844
    ),#853);
#844 = GEOMETRIC_CURVE_SET('',(#845));
#845 = TRIMMED_CURVE('',#846,(#851,PARAMETER_VALUE(0.)),(#852,
    PARAMETER_VALUE(6.28318530718)),.T.,.PARAMETER.);
#846 = CIRCLE('',#847,52.511533806403);
#847 = AXIS2_PLACEMENT_3D('',#848,#849,#850);
#848 = CARTESIAN_POINT('',(0.,0.,7.8125));
#849 = DIRECTION('',(0.,0.,1.));
#850 = DIRECTION('',(1.,0.,-0.));
#851 = CARTESIAN_POINT('',(52.511533806403,0.,7.8125));
#852 = CARTESIAN_POINT('',(52.511533806403,0.,7.8125));
#853 = ( GEOMETRIC_REPRESENTATION_CONTEXT(3) 
GLOBAL_UNCERTAINTY_ASSIGNED_CONTEXT((#857)) GLOBAL_UNIT_ASSIGNED_CONTEXT
((#854,#855,#856)) REPRESENTATION_CONTEXT('Context #1',
  '3D Context with UNIT and UNCERTAINTY') );
#854 = ( LENGTH_UNIT() NAMED_UNIT(*) SI_UNIT(.MILLI.,.METRE.) );
#855 = ( NAMED_UNIT(*) PLANE_ANGLE_UNIT() SI_UNIT($,.RADIAN.) );
#856 = ( NAMED_UNIT(*) SI_UNIT($,.STERADIAN.) SOLID_ANGLE_UNIT() );
#857 = UNCERTAINTY_MEASURE_WITH_UNIT(LENGTH_MEASURE(1.E-07),#854,
  'distance_accuracy_value','confusion accuracy');
#858 = CONTEXT_DEPENDENT_SHAPE_REPRESENTATION(#859,#861);
#859 = ( REPRESENTATION_RELATIONSHIP('','',#843,#10) 
REPRESENTATION_RELATIONSHIP_WITH_TRANSFORMATION(#860) 
SHAPE_REPRESENTATION_RELATIONSHIP() );
#860 = ITEM_DEFINED_TRANSFORMATION('','',#11,#39);
#861 = PRODUCT_DEFINITION_SHAPE('Placement','Placement of an item',#862
  );
#862 = NEXT_ASSEMBLY_USAGE_OCCURRENCE('7','','',#5,#838,$);
#863 = PRODUCT_RELATED_PRODUCT_CATEGORY('part',$,(#840));
#864 = SHAPE_DEFINITION_REPRESENTATION(#865,#871);
#865 = PRODUCT_DEFINITION_SHAPE('','',#866);
#866 = PRODUCT_DEFINITION('design','',#867,#870);
#867 = PRODUCT_DEFINITION_FORMATION('','',#868);
#868 = PRODUCT('Open CASCADE STEP translator 7.8 1.8',
  'Open CASCADE STEP translator 7.8 1.8','',(#869));
#869 = PRODUCT_CONTEXT('',#2,'mechanical');
#870 = PRODUCT_DEFINITION_CONTEXT('part definition',#2,'design');
#871 = GEOMETRICALLY_BOUNDED_WIREFRAME_SHAPE_REPRESENTATION('',(#11,#872
    ),#881);
#872 = GEOMETRIC_CURVE_SET('',(#873));
#873 = TRIMMED_CURVE('',#874,(#879,PARAMETER_VALUE(0.)),(#880,
    PARAMETER_VALUE(6.28318530718)),.T.,.PARAMETER.);
#874 = CIRCLE('',#875,53.078046688985);
#875 = AXIS2_PLACEMENT_3D('',#876,#877,#878);
#876 = CARTESIAN_POINT('',(0.,0.,9.375));
#877 = DIRECTION('',(0.,0.,1.));
#878 = DIRECTION('',(1.,0.,-0.));
#879 = CARTESIAN_POINT('',(53.078046688985,0.,9.375));
#880 = CARTESIAN_POINT('',(53.078046688985,0.,9.375));
#881 = ( GEOMETRIC_REPRESENTATION_CONTEXT(3) 
GLOBAL_UNCERTAINTY_ASSIGNED_CONTEXT((#885)) GLOBAL_UNIT_ASSIGNED_CONTEXT
((#882,#883,#884)) REPRESENTATION_CONTEXT('Context #1',
  '3D Context with UNIT and UNCERTAINTY') );
#882 = ( LENGTH_UNIT() NAMED_UNIT(*) SI_UNIT(.MILLI.,.METRE.) );
#883 = ( NAMED_UNIT(*) PLANE_ANGLE_UNIT() SI_UNIT($,.RADIAN.) );
#884 = ( NAMED_UNIT(*) SI_UNIT($,.STERADIAN.) SOLID_ANGLE_UNIT() );
#885 = UNCERTAINTY_MEASURE_WITH_UNIT(LENGTH_MEASURE(1.E-07),#882,
  'distance_accuracy_value','confusion accuracy');
#886 = CONTEXT_DEPENDENT_SHAPE_REPRESENTATION(#887,#889);
#887 = ( REPRESENTATION_RELATIONSHIP('','',#871,#10) 
REPRESENTATION_RELATIONSHIP_WITH_TRANSFORMATION(#888) 
SHAPE_REPRESENTATION_RELATIONSHIP() );
#888 = ITEM_DEFINED_TRANSFORMATION('','',#11,#43);
#889 = PRODUCT_DEFINITION_SHAPE('Placement','Placement of an item',#890
  );
#890 = NEXT_ASSEMBLY_USAGE_OCCURRENCE('8','','',#5,#866,$);
#891 = PRODUCT_RELATED_PRODUCT_CATEGORY('part',$,(#868));
#892 = SHAPE_DEFINITION_REPRESENTATION(#893,#899);
#893 = PRODUCT_DEFINITION_SHAPE('','',#894);
#894 = PRODUCT_DEFINITION('design','',#895,#898);
#895 = PRODUCT_DEFINITION_FORMATION('','',#896);
#896 = PRODUCT('Open CASCADE STEP translator 7.8 1.9',
  'Open CASCADE STEP translator 7.8 1.9','',(#897));
#897 = PRODUCT_CONTEXT('',#2,'mechanical');
#898 = PRODUCT_DEFINITION_CONTEXT('part definition',#2,'design');
#899 = GEOMETRICALLY_BOUNDED_WIREFRAME_SHAPE_REPRESENTATION('',(#11,#900
    ),#909);
#900 = GEOMETRIC_CURVE_SET('',(#901));
#901 = TRIMMED_CURVE('',#902,(#907,PARAMETER_VALUE(0.)),(#908,
    PARAMETER_VALUE(6.28318530718)),.T.,.PARAMETER.);
#902 = CIRCLE('',#903,53.644559571566);
#903 = AXIS2_PLACEMENT_3D('',#904,#905,#906);
#904 = CARTESIAN_POINT('',(0.,0.,10.9375));
#905 = DIRECTION('',(0.,0.,1.));
#906 = DIRECTION('',(1.,0.,-0.));
#907 = CARTESIAN_POINT('',(53.644559571566,0.,10.9375));
#908 = CARTESIAN_POINT('',(53.644559571566,0.,10.9375));
#909 = ( GEOMETRIC_REPRESENTATION_CONTEXT(3) 
GLOBAL_UNCERTAINTY_ASSIGNED_CONTEXT((#913)) GLOBAL_UNIT_ASSIGNED_CONTEXT
((#910,#911,#912)) REPRESENTATION_CONTEXT('Context #1',
  '3D Context with UNIT and UNCERTAINTY') );
#910 = ( LENGTH_UNIT() NAMED_UNIT(*) SI_UNIT(.MILLI.,.METRE.) );
#911 = ( NAMED_UNIT(*) PLANE_ANGLE_UNIT() SI_UNIT($,.RADIAN.) );
#912 = ( NAMED_UNIT(*) SI_UNIT($,.STERADIAN.) SOLID_ANGLE_UNIT() );
#913 = UNCERTAINTY_MEASURE_WITH_UNIT(LENGTH_MEASURE(1.E-07),#910,
  'distance_accuracy_value','confusion accuracy');
#914 = CONTEXT_DEPENDENT_SHAPE_REPRESENTATION(#915,#917);
#915 = ( REPRESENTATION_RELATIONSHIP('','',#899,#10) 
REPRESENTATION_RELATIONSHIP_WITH_TRANSFORMATION(#916) 
SHAPE_REPRESENTATION_RELATIONSHIP() );
#916 = ITEM_DEFINED_TRANSFORMATION('','',#11,#47);
#917 = PRODUCT_DEFINITION_SHAPE('Placement','Placement of an item',#918
  );
#918 = NEXT_ASSEMBLY_USAGE_OCCURRENCE('9','','',#5,#894,$);
#919 = PRODUCT_RELATED_PRODUCT_CATEGORY('part',$,(#896));
#920 = SHAPE_DEFINITION_REPRESENTATION(#921,#927);
#921 = PRODUCT_DEFINITION_SHAPE('','',#922);
#922 = PRODUCT_DEFINITION('design','',#923,#926);
#923 = PRODUCT_DEFINITION_FORMATION('','',#924);
#924 = PRODUCT('Open CASCADE STEP translator 7.8 1.10',
  'Open CASCADE STEP translator 7.8 1.10','',(#925));
#925 = PRODUCT_CONTEXT('',#2,'mechanical');
#926 = PRODUCT_DEFINITION_CONTEXT('part definition',#2,'design');
#927 = GEOMETRICALLY_BOUNDED_WIREFRAME_SHAPE_REPRESENTATION('',(#11,#928
    ),#937);
#928 = GEOMETRIC_CURVE_SET('',(#929));
#929 = TRIMMED_CURVE('',#930,(#935,PARAMETER_VALUE(0.)),(#936,
    PARAMETER_VALUE(6.28318530718)),.T.,.PARAMETER.);
#930 = CIRCLE('',#931,54.211072454147);
#931 = AXIS2_PLACEMENT_3D('',#932,#933,#934);
#932 = CARTESIAN_POINT('',(0.,0.,12.5));
#933 = DIRECTION('',(0.,0.,1.));
#934 = DIRECTION('',(1.,0.,-0.));
#935 = CARTESIAN_POINT('',(54.211072454147,0.,12.5));
#936 = CARTESIAN_POINT('',(54.211072454147,0.,12.5));
#937 = ( GEOMETRIC_REPRESENTATION_CONTEXT(3) 
GLOBAL_UNCERTAINTY_ASSIGNED_CONTEXT((#941)) GLOBAL_UNIT_ASSIGNED_CONTEXT
((#938,#939,#940)) REPRESENTATION_CONTEXT('Context #1',
  '3D Context with UNIT and UNCERTAINTY') );
#938 = ( LENGTH_UNIT() NAMED_UNIT(*) SI_UNIT(.MILLI.,.METRE.) );
#939 = ( NAMED_UNIT(*) PLANE_ANGLE_UNIT() SI_UNIT($,.RADIAN.) );
#940 = ( NAMED_UNIT(*) SI_UNIT($,.STERADIAN.) SOLID_ANGLE_UNIT() );
#941 = UNCERTAINTY_MEASURE_WITH_UNIT(LENGTH_MEASURE(1.E-07),#938,
  'distance_accuracy_value','confusion accuracy');
#942 = CONTEXT_DEPENDENT_SHAPE_REPRESENTATION(#943,#945);
#943 = ( REPRESENTATION_RELATIONSHIP('','',#927,#10) 
REPRESENTATION_RELATIONSHIP_WITH_TRANSFORMATION(#944) 
SHAPE_REPRESENTATION_RELATIONSHIP() );
#944 = ITEM_DEFINED_TRANSFORMATION('','',#11,#51);
#945 = PRODUCT_DEFINITION_SHAPE('Placement','Placement of an item',#946
  );
#946 = NEXT_ASSEMBLY_USAGE_OCCURRENCE('10','','',#5,#922,$);
#947 = PRODUCT_RELATED_PRODUCT_CATEGORY('part',$,(#924));
#948 = SHAPE_DEFINITION_REPRESENTATION(#949,#955);
#949 = PRODUCT_DEFINITION_SHAPE('','',#950);
#950 = PRODUCT_DEFINITION('design','',#951,#954);
#951 = PRODUCT_DEFINITION_FORMATION('','',#952);
#952 = PRODUCT('Open CASCADE STEP translator 7.8 1.11',
  'Open CASCADE STEP translator 7.8 1.11','',(#953));
#953 = PRODUCT_CONTEXT('',#2,'mechanical');
#954 = PRODUCT_DEFINITION_CONTEXT('part definition',#2,'design');
#955 = GEOMETRICALLY_BOUNDED_WIREFRAME_SHAPE_REPRESENTATION('',(#11,#956
    ),#965);
#956 = GEOMETRIC_CURVE_SET('',(#957));
#957 = TRIMMED_CURVE('',#958,(#963,PARAMETER_VALUE(0.)),(#964,
    PARAMETER_VALUE(6.28318530718)),.T.,.PARAMETER.);
#958 = CIRCLE('',#959,54.777585336728);
#959 = AXIS2_PLACEMENT_3D('',#960,#961,#962);
#960 = CARTESIAN_POINT('',(0.,0.,14.0625));
#961 = DIRECTION('',(0.,0.,1.));
#962 = DIRECTION('',(1.,0.,-0.));
#963 = CARTESIAN_POINT('',(54.777585336728,0.,14.0625));
#964 = CARTESIAN_POINT('',(54.777585336728,0.,14.0625));
#965 = ( GEOMETRIC_REPRESENTATION_CONTEXT(3) 
GLOBAL_UNCERTAINTY_ASSIGNED_CONTEXT((#969)) GLOBAL_UNIT_ASSIGNED_CONTEXT
((#966,#967,#968)) REPRESENTATION_CONTEXT('Context #1',
  '3D Context with UNIT and UNCERTAINTY') );
#966 = ( LENGTH_UNIT() NAMED_UNIT(*) SI_UNIT(.MILLI.,.METRE.) );
#967 = ( NAMED_UNIT(*) PLANE_ANGLE_UNIT() SI_UNIT($,.RADIAN.) );
#968 = ( NAMED_UNIT(*) SI_UNIT($,.STERADIAN.) SOLID_ANGLE_UNIT() );
#969 = UNCERTAINTY_MEASURE_WITH_UNIT(LENGTH_MEASURE(1.E-07),#966,
  'distance_accuracy_value','confusion accuracy');
#970 = CONTEXT_DEPENDENT_SHAPE_REPRESENTATION(#971,#973);
#971 = ( REPRESENTATION_RELATIONSHIP('','',#955,#10) 
REPRESENTATION_RELATIONSHIP_WITH_TRANSFORMATION(#972) 
SHAPE_REPRESENTATION_RELATIONSHIP() );
#972 = ITEM_DEFINED_TRANSFORMATION('','',#11,#55);
#973 = PRODUCT_DEFINITION_SHAPE('Placement','Placement of an item',#974
  );
#974 = NEXT_ASSEMBLY_USAGE_OCCURRENCE('11','','',#5,#950,$);
#975 = PRODUCT_RELATED_PRODUCT_CATEGORY('part',$,(#952));
#976 = SHAPE_DEFINITION_REPRESENTATION(#977,#983);
#977 = PRODUCT_DEFINITION_SHAPE('','',#978);
#978 = PRODUCT_DEFINITION('design','',#979,#982);
#979 = PRODUCT_DEFINITION_FORMATION('','',#980);
#980 = PRODUCT('Open CASCADE STEP translator 7.8 1.12',
  'Open CASCADE STEP translator 7.8 1.12','',(#981));
#981 = PRODUCT_CONTEXT('',#2,'mechanical');
#982 = PRODUCT_DEFINITION_CONTEXT('part definition',#2,'design');
#983 = GEOMETRICALLY_BOUNDED_WIREFRAME_SHAPE_REPRESENTATION('',(#11,#984
    ),#993);
#984 = GEOMETRIC_CURVE_SET('',(#985));
#985 = TRIMMED_CURVE('',#986,(#991,PARAMETER_VALUE(0.)),(#992,
    PARAMETER_VALUE(6.28318530718)),.T.,.PARAMETER.);
#986 = CIRCLE('',#987,55.34409821931);
#987 = AXIS2_PLACEMENT_3D('',#988,#989,#990);
#988 = CARTESIAN_POINT('',(0.,0.,15.625));
#989 = DIRECTION('',(0.,0.,1.));
#990 = DIRECTION('',(1.,0.,-0.));
#991 = CARTESIAN_POINT('',(55.34409821931,0.,15.625));
#992 = CARTESIAN_POINT('',(55.34409821931,0.,15.625));
#993 = ( GEOMETRIC_REPRESENTATION_CONTEXT(3) 
GLOBAL_UNCERTAINTY_ASSIGNED_CONTEXT((#997)) GLOBAL_UNIT_ASSIGNED_CONTEXT
((#994,#995,#996)) REPRESENTATION_CONTEXT('Context #1',
  '3D Context with UNIT and UNCERTAINTY') );
#994 = ( LENGTH_UNIT() NAMED_UNIT(*) SI_UNIT(.MILLI.,.METRE.) );
#995 = ( NAMED_UNIT(*) PLANE_ANGLE_UNIT() SI_UNIT($,.RADIAN.) );
#996 = ( NAMED_UNIT(*) SI_UNIT($,.STERADIAN.) SOLID_ANGLE_UNIT() );
#997 = UNCERTAINTY_MEASURE_WITH_UNIT(LENGTH_MEASURE(1.E-07),#994,
  'distance_accuracy_value','confusion accuracy');
#998 = CONTEXT_DEPENDENT_SHAPE_REPRESENTATION(#999,#1001);
#999 = ( REPRESENTATION_RELATIONSHIP('','',#983,#10) 
REPRESENTATION_RELATIONSHIP_WITH_TRANSFORMATION(#1000) 
SHAPE_REPRESENTATION_RELATIONSHIP() );
#1000 = ITEM_DEFINED_TRANSFORMATION('','',#11,#59);
#1001 = PRODUCT_DEFINITION_SHAPE('Placement','Placement of an item',
  #1002);
#1002 = NEXT_ASSEMBLY_USAGE_OCCURRENCE('12','','',#5,#978,$);
#1003 = PRODUCT_RELATED_PRODUCT_CATEGORY('part',$,(#980));
#1004 = SHAPE_DEFINITION_REPRESENTATION(#1005,#1011);
#1005 = PRODUCT_DEFINITION_SHAPE('','',#1006);
#1006 = PRODUCT_DEFINITION('design','',#1007,#1010);
#1007 = PRODUCT_DEFINITION_FORMATION('','',#1008);
#1008 = PRODUCT('Open CASCADE STEP translator 7.8 1.13',
  'Open CASCADE STEP translator 7.8 1.13','',(#1009));
#1009 = PRODUCT_CONTEXT('',#2,'mechanical');
#1010 = PRODUCT_DEFINITION_CONTEXT('part definition',#2,'design');
#1011 = GEOMETRICALLY_BOUNDED_WIREFRAME_SHAPE_REPRESENTATION('',(#11,
    #1012),#1021);
#1012 = GEOMETRIC_CURVE_SET('',(#1013));
#1013 = TRIMMED_CURVE('',#1014,(#1019,PARAMETER_VALUE(0.)),(#1020,
    PARAMETER_VALUE(6.28318530718)),.T.,.PARAMETER.);
#1014 = CIRCLE('',#1015,55.910611101891);
#1015 = AXIS2_PLACEMENT_3D('',#1016,#1017,#1018);
#1016 = CARTESIAN_POINT('',(0.,0.,17.1875));
#1017 = DIRECTION('',(0.,0.,1.));
#1018 = DIRECTION('',(1.,0.,-0.));
#1019 = CARTESIAN_POINT('',(55.910611101891,0.,17.1875));
#1020 = CARTESIAN_POINT('',(55.910611101891,0.,17.1875));
#1021 = ( GEOMETRIC_REPRESENTATION_CONTEXT(3) 
GLOBAL_UNCERTAINTY_ASSIGNED_CONTEXT((#1025)) 
GLOBAL_UNIT_ASSIGNED_CONTEXT((#1022,#1023,#1024)) REPRESENTATION_CONTEXT
('Context #1','3D Context with UNIT and UNCERTAINTY') );
#1022 = ( LENGTH_UNIT() NAMED_UNIT(*) SI_UNIT(.MILLI.,.METRE.) );
#1023 = ( NAMED_UNIT(*) PLANE_ANGLE_UNIT() SI_UNIT($,.RADIAN.) );
#1024 = ( NAMED_UNIT(*) SI_UNIT($,.STERADIAN.) SOLID_ANGLE_UNIT() );
#1025 = UNCERTAINTY_MEASURE_WITH_UNIT(LENGTH_MEASURE(1.E-07),#1022,
  'distance_accuracy_value','confusion accuracy');
#1026 = CONTEXT_DEPENDENT_SHAPE_REPRESENTATION(#1027,#1029);
#1027 = ( REPRESENTATION_RELATIONSHIP('','',#1011,#10) 
REPRESENTATION_RELATIONSHIP_WITH_TRANSFORMATION(#1028) 
SHAPE_REPRESENTATION_RELATIONSHIP() );
#1028 = ITEM_DEFINED_TRANSFORMATION('','',#11,#63);
#1029 = PRODUCT_DEFINITION_SHAPE('Placement','Placement of an item',
  #1030);
#1030 = NEXT_ASSEMBLY_USAGE_OCCURRENCE('13','','',#5,#1006,$);
#1031 = PRODUCT_RELATED_PRODUCT_CATEGORY('part',$,(#1008));
#1032 = SHAPE_DEFINITION_REPRESENTATION(#1033,#1039);
#1033 = PRODUCT_DEFINITION_SHAPE('','',#1034);
#1034 = PRODUCT_DEFINITION('design','',#1035,#1038);
#1035 = PRODUCT_DEFINITION_FORMATION('','',#1036);
#1036 = PRODUCT('Open CASCADE STEP translator 7.8 1.14',
  'Open CASCADE STEP translator 7.8 1.14','',(#1037));
#1037 = PRODUCT_CONTEXT('',#2,'mechanical');
#1038 = PRODUCT_DEFINITION_CONTEXT('part definition',#2,'design');
#1039 = GEOMETRICALLY_BOUNDED_WIREFRAME_SHAPE_REPRESENTATION('',(#11,
    #1040),#1049);
#1040 = GEOMETRIC_CURVE_SET('',(#1041));
#1041 = TRIMMED_CURVE('',#1042,(#1047,PARAMETER_VALUE(0.)),(#1048,
    PARAMETER_VALUE(6.28318530718)),.T.,.PARAMETER.);
#1042 = CIRCLE('',#1043,56.477123984472);
#1043 = AXIS2_PLACEMENT_3D('',#1044,#1045,#1046);
#1044 = CARTESIAN_POINT('',(0.,0.,18.75));
#1045 = DIRECTION('',(0.,0.,1.));
#1046 = DIRECTION('',(1.,0.,-0.));
#1047 = CARTESIAN_POINT('',(56.477123984472,0.,18.75));
#1048 = CARTESIAN_POINT('',(56.477123984472,0.,18.75));
#1049 = ( GEOMETRIC_REPRESENTATION_CONTEXT(3) 
GLOBAL_UNCERTAINTY_ASSIGNED_CONTEXT((#1053)) 
GLOBAL_UNIT_ASSIGNED_CONTEXT((#1050,#1051,#1052)) REPRESENTATION_CONTEXT
('Context #1','3D Context with UNIT and UNCERTAINTY') );
#1050 = ( LENGTH_UNIT() NAMED_UNIT(*) SI_UNIT(.MILLI.,.METRE.) );
#1051 = ( NAMED_UNIT(*) PLANE_ANGLE_UNIT() SI_UNIT($,.RADIAN.) );
#1052 = ( NAMED_UNIT(*) SI_UNIT($,.STERADIAN.) SOLID_ANGLE_UNIT() );
#1053 = UNCERTAINTY_MEASURE_WITH_UNIT(LENGTH_MEASURE(1.E-07),#1050,
  'distance_accuracy_value','confusion accuracy');
#1054 = CONTEXT_DEPENDENT_SHAPE_REPRESENTATION(#1055,#1057);
#1055 = ( REPRESENTATION_RELATIONSHIP('','',#1039,#10) 
REPRESENTATION_RELATIONSHIP_WITH_TRANSFORMATION(#1056) 
SHAPE_REPRESENTATION_RELATIONSHIP() );
#1056 = ITEM_DEFINED_TRANSFORMATION('','',#11,#67);
#1057 = PRODUCT_DEFINITION_SHAPE('Placement','Placement of an item',
  #1058);
#1058 = NEXT_ASSEMBLY_USAGE_OCCURRENCE('14','','',#5,#1034,$);
#1059 = PRODUCT_RELATED_PRODUCT_CATEGORY('part',$,(#1036));
#1060 = SHAPE_DEFINITION_REPRESENTATION(#1061,#1067);
#1061 = PRODUCT_DEFINITION_SHAPE('','',#1062);
#1062 = PRODUCT_DEFINITION('design','',#1063,#1066);
#1063 = PRODUCT_DEFINITION_FORMATION('','',#1064);
#1064 = PRODUCT('Open CASCADE STEP translator 7.8 1.15',
  'Open CASCADE STEP translator 7.8 1.15','',(#1065));
#1065 = PRODUCT_CONTEXT('',#2,'mechanical');
#1066 = PRODUCT_DEFINITION_CONTEXT('part definition',#2,'design');
#1067 = GEOMETRICALLY_BOUNDED_WIREFRAME_SHAPE_REPRESENTATION('',(#11,
    #1068),#1077);
#1068 = GEOMETRIC_CURVE_SET('',(#1069));
#1069 = TRIMMED_CURVE('',#1070,(#1075,PARAMETER_VALUE(0.)),(#1076,
    PARAMETER_VALUE(6.28318530718)),.T.,.PARAMETER.);
#1070 = CIRCLE('',#1071,57.043636867054);
#1071 = AXIS2_PLACEMENT_3D('',#1072,#1073,#1074);
#1072 = CARTESIAN_POINT('',(0.,0.,20.3125));
#1073 = DIRECTION('',(0.,0.,1.));
#1074 = DIRECTION('',(1.,0.,-0.));
#1075 = CARTESIAN_POINT('',(57.043636867054,0.,20.3125));
#1076 = CARTESIAN_POINT('',(57.043636867054,0.,20.3125));
#1077 = ( GEOMETRIC_REPRESENTATION_CONTEXT(3) 
GLOBAL_UNCERTAINTY_ASSIGNED_CONTEXT((#1081)) 
GLOBAL_UNIT_ASSIGNED_CONTEXT((#1078,#1079,#1080)) REPRESENTATION_CONTEXT
('Context #1','3D Context with UNIT and UNCERTAINTY') );
#1078 = ( LENGTH_UNIT() NAMED_UNIT(*) SI_UNIT(.MILLI.,.METRE.) );
#1079 = ( NAMED_UNIT(*) PLANE_ANGLE_UNIT() SI_UNIT($,.RADIAN.) );
#1080 = ( NAMED_UNIT(*) SI_UNIT($,.STERADIAN.) SOLID_ANGLE_UNIT() );
#1081 = UNCERTAINTY_MEASURE_WITH_UNIT(LENGTH_MEASURE(1.E-07),#1078,
  'distance_accuracy_value','confusion accuracy');
#1082 = CONTEXT_DEPENDENT_SHAPE_REPRESENTATION(#1083,#1085);
#1083 = ( REPRESENTATION_RELATIONSHIP('','',#1067,#10) 
REPRESENTATION_RELATIONSHIP_WITH_TRANSFORMATION(#1084) 
SHAPE_REPRESENTATION_RELATIONSHIP() );
#1084 = ITEM_DEFINED_TRANSFORMATION('','',#11,#71);
#1085 = PRODUCT_DEFINITION_SHAPE('Placement','Placement of an item',
  #1086);
#1086 = NEXT_ASSEMBLY_USAGE_OCCURRENCE('15','','',#5,#1062,$);
#1087 = PRODUCT_RELATED_PRODUCT_CATEGORY('part',$,(#1064));
#1088 = SHAPE_DEFINITION_REPRESENTATION(#1089,#1095);
#1089 = PRODUCT_DEFINITION_SHAPE('','',#1090);
#1090 = PRODUCT_DEFINITION('design','',#1091,#1094);
#1091 = PRODUCT_DEFINITION_FORMATION('','',#1092);
#1092 = PRODUCT('Open CASCADE STEP translator 7.8 1.16',
  'Open CASCADE STEP translator 7.8 1.16','',(#1093));
#1093 = PRODUCT_CONTEXT('',#2,'mechanical');
#1094 = PRODUCT_DEFINITION_CONTEXT('part definition',#2,'design');
#1095 = GEOMETRICALLY_BOUNDED_WIREFRAME_SHAPE_REPRESENTATION('',(#11,
    #1096),#1105);
#1096 = GEOMETRIC_CURVE_SET('',(#1097));
#1097 = TRIMMED_CURVE('',#1098,(#1103,PARAMETER_VALUE(0.)),(#1104,
    PARAMETER_VALUE(6.28318530718)),.T.,.PARAMETER.);
#1098 = CIRCLE('',#1099,57.610149749635);
#1099 = AXIS2_PLACEMENT_3D('',#1100,#1101,#1102);
#1100 = CARTESIAN_POINT('',(0.,0.,21.875));
#1101 = DIRECTION('',(0.,0.,1.));
#1102 = DIRECTION('',(1.,0.,-0.));
#1103 = CARTESIAN_POINT('',(57.610149749635,0.,21.875));
#1104 = CARTESIAN_POINT('',(57.610149749635,0.,21.875));
#1105 = ( GEOMETRIC_REPRESENTATION_CONTEXT(3) 
GLOBAL_UNCERTAINTY_ASSIGNED_CONTEXT((#1109)) 
GLOBAL_UNIT_ASSIGNED_CONTEXT((#1106,#1107,#1108)) REPRESENTATION_CONTEXT
('Context #1','3D Context with UNIT and UNCERTAINTY') );
#1106 = ( LENGTH_UNIT() NAMED_UNIT(*) SI_UNIT(.MILLI.,.METRE.) );
#1107 = ( NAMED_UNIT(*) PLANE_ANGLE_UNIT() SI_UNIT($,.RADIAN.) );
#1108 = ( NAMED_UNIT(*) SI_UNIT($,.STERADIAN.) SOLID_ANGLE_UNIT() );
#1109 = UNCERTAINTY_MEASURE_WITH_UNIT(LENGTH_MEASURE(1.E-07),#1106,
  'distance_accuracy_value','confusion accuracy');
#1110 = CONTEXT_DEPENDENT_SHAPE_REPRESENTATION(#1111,#1113);
#1111 = ( REPRESENTATION_RELATIONSHIP('','',#1095,#10) 
REPRESENTATION_RELATIONSHIP_WITH_TRANSFORMATION(#1112) 
SHAPE_REPRESENTATION_RELATIONSHIP() );
#1112 = ITEM_DEFINED_TRANSFORMATION('','',#11,#75);
#1113 = PRODUCT_DEFINITION_SHAPE('Placement','Placement of an item',
  #1114);
#1114 = NEXT_ASSEMBLY_USAGE_OCCURRENCE('16','','',#5,#1090,$);
#1115 = PRODUCT_RELATED_PRODUCT_CATEGORY('part',$,(#1092));
#1116 = SHAPE_DEFINITION_REPRESENTATION(#1117,#1123);
#1117 = PRODUCT_DEFINITION_SHAPE('','',#1118);
#1118 = PRODUCT_DEFINITION('design','',#1119,#1122);
#1119 = PRODUCT_DEFINITION_FORMATION('','',#1120);
#1120 = PRODUCT('Open CASCADE STEP translator 7.8 1.17',
  'Open CASCADE STEP translator 7.8 1.17','',(#1121));
#1121 = PRODUCT_CONTEXT('',#2,'mechanical');
#1122 = PRODUCT_DEFINITION_CONTEXT('part definition',#2,'design');
#1123 = GEOMETRICALLY_BOUNDED_WIREFRAME_SHAPE_REPRESENTATION('',(#11,
    #1124),#1133);
#1124 = GEOMETRIC_CURVE_SET('',(#1125));
#1125 = TRIMMED_CURVE('',#1126,(#1131,PARAMETER_VALUE(0.)),(#1132,
    PARAMETER_VALUE(6.28318530718)),.T.,.PARAMETER.);
#1126 = CIRCLE('',#1127,58.176662632216);
#1127 = AXIS2_PLACEMENT_3D('',#1128,#1129,#1130);
#1128 = CARTESIAN_POINT('',(0.,0.,23.4375));
#1129 = DIRECTION('',(0.,0.,1.));
#1130 = DIRECTION('',(1.,0.,-0.));
#1131 = CARTESIAN_POINT('',(58.176662632216,0.,23.4375));
#1132 = CARTESIAN_POINT('',(58.176662632216,0.,23.4375));
#1133 = ( GEOMETRIC_REPRESENTATION_CONTEXT(3) 
GLOBAL_UNCERTAINTY_ASSIGNED_CONTEXT((#1137)) 
GLOBAL_UNIT_ASSIGNED_CONTEXT((#1134,#1135,#1136)) REPRESENTATION_CONTEXT
('Context #1','3D Context with UNIT and UNCERTAINTY') );
#1134 = ( LENGTH_UNIT() NAMED_UNIT(*) SI_UNIT(.MILLI.,.METRE.) );
#1135 = ( NAMED_UNIT(*) PLANE_ANGLE_UNIT() SI_UNIT($,.RADIAN.) );
#1136 = ( NAMED_UNIT(*) SI_UNIT($,.STERADIAN.) SOLID_ANGLE_UNIT() );
#1137 = UNCERTAINTY_MEASURE_WITH_UNIT(LENGTH_MEASURE(1.E-07),#1134,
  'distance_accuracy_value','confusion accuracy');
#1138 = CONTEXT_DEPENDENT_SHAPE_REPRESENTATION(#1139,#1141);
#1139 = ( REPRESENTATION_RELATIONSHIP('','',#1123,#10) 
REPRESENTATION_RELATIONSHIP_WITH_TRANSFORMATION(#1140) 
SHAPE_REPRESENTATION_RELATIONSHIP() );
#1140 = ITEM_DEFINED_TRANSFORMATION('','',#11,#79);
#1141 = PRODUCT_DEFINITION_SHAPE('Placement','Placement of an item',
  #1142);
#1142 = NEXT_ASSEMBLY_USAGE_OCCURRENCE('17','','',#5,#1118,$);
#1143 = PRODUCT_RELATED_PRODUCT_CATEGORY('part',$,(#1120));
#1144 = SHAPE_DEFINITION_REPRESENTATION(#1145,#1151);
#1145 = PRODUCT_DEFINITION_SHAPE('','',#1146);
#1146 = PRODUCT_DEFINITION('design','',#1147,#1150);
#1147 = PRODUCT_DEFINITION_FORMATION('','',#1148);
#1148 = PRODUCT('Open CASCADE STEP translator 7.8 1.18',
  'Open CASCADE STEP translator 7.8 1.18','',(#1149));
#1149 = PRODUCT_CONTEXT('',#2,'mechanical');
#1150 = PRODUCT_DEFINITION_CONTEXT('part definition',#2,'design');
#1151 = GEOMETRICALLY_BOUNDED_WIREFRAME_SHAPE_REPRESENTATION('',(#11,
    #1152),#1161);
#1152 = GEOMETRIC_CURVE_SET('',(#1153));
#1153 = TRIMMED_CURVE('',#1154,(#1159,PARAMETER_VALUE(0.)),(#1160,
    PARAMETER_VALUE(6.28318530718)),.T.,.PARAMETER.);
#1154 = CIRCLE('',#1155,58.743175514798);
#1155 = AXIS2_PLACEMENT_3D('',#1156,#1157,#1158);
#1156 = CARTESIAN_POINT('',(0.,0.,25.));
#1157 = DIRECTION('',(0.,0.,1.));
#1158 = DIRECTION('',(1.,0.,-0.));
#1159 = CARTESIAN_POINT('',(58.743175514798,0.,25.));
#1160 = CARTESIAN_POINT('',(58.743175514798,0.,25.));
#1161 = ( GEOMETRIC_REPRESENTATION_CONTEXT(3) 
GLOBAL_UNCERTAINTY_ASSIGNED_CONTEXT((#1165)) 
GLOBAL_UNIT_ASSIGNED_CONTEXT((#1162,#1163,#1164)) REPRESENTATION_CONTEXT
('Context #1','3D Context with UNIT and UNCERTAINTY') );
#1162 = ( LENGTH_UNIT() NAMED_UNIT(*) SI_UNIT(.MILLI.,.METRE.) );
#1163 = ( NAMED_UNIT(*) PLANE_ANGLE_UNIT() SI_UNIT($,.RADIAN.) );
#1164 = ( NAMED_UNIT(*) SI_UNIT($,.STERADIAN.) SOLID_ANGLE_UNIT() );
#1165 = UNCERTAINTY_MEASURE_WITH_UNIT(LENGTH_MEASURE(1.E-07),#1162,
  'distance_accuracy_value','confusion accuracy');
#1166 = CONTEXT_DEPENDENT_SHAPE_REPRESENTATION(#1167,#1169);
#1167 = ( REPRESENTATION_RELATIONSHIP('','',#1151,#10) 
REPRESENTATION_RELATIONSHIP_WITH_TRANSFORMATION(#1168) 
SHAPE_REPRESENTATION_RELATIONSHIP() );
#1168 = ITEM_DEFINED_TRANSFORMATION('','',#11,#83);
#1169 = PRODUCT_DEFINITION_SHAPE('Placement','Placement of an item',
  #1170);
#1170 = NEXT_ASSEMBLY_USAGE_OCCURRENCE('18','','',#5,#1146,$);
#1171 = PRODUCT_RELATED_PRODUCT_CATEGORY('part',$,(#1148));
#1172 = SHAPE_DEFINITION_REPRESENTATION(#1173,#1179);
#1173 = PRODUCT_DEFINITION_SHAPE('','',#1174);
#1174 = PRODUCT_DEFINITION('design','',#1175,#1178);
#1175 = PRODUCT_DEFINITION_FORMATION('','',#1176);
#1176 = PRODUCT('Open CASCADE STEP translator 7.8 1.19',
  'Open CASCADE STEP translator 7.8 1.19','',(#1177));
#1177 = PRODUCT_CONTEXT('',#2,'mechanical');
#1178 = PRODUCT_DEFINITION_CONTEXT('part definition',#2,'design');
#1179 = GEOMETRICALLY_BOUNDED_WIREFRAME_SHAPE_REPRESENTATION('',(#11,
    #1180),#1189);
#1180 = GEOMETRIC_CURVE_SET('',(#1181));
#1181 = TRIMMED_CURVE('',#1182,(#1187,PARAMETER_VALUE(0.)),(#1188,
    PARAMETER_VALUE(6.28318530718)),.T.,.PARAMETER.);
#1182 = CIRCLE('',#1183,59.309688397379);
#1183 = AXIS2_PLACEMENT_3D('',#1184,#1185,#1186);
#1184 = CARTESIAN_POINT('',(0.,0.,26.5625));
#1185 = DIRECTION('',(0.,0.,1.));
#1186 = DIRECTION('',(1.,0.,-0.));
#1187 = CARTESIAN_POINT('',(59.309688397379,0.,26.5625));
#1188 = CARTESIAN_POINT('',(59.309688397379,0.,26.5625));
#1189 = ( GEOMETRIC_REPRESENTATION_CONTEXT(3) 
GLOBAL_UNCERTAINTY_ASSIGNED_CONTEXT((#1193)) 
GLOBAL_UNIT_ASSIGNED_CONTEXT((#1190,#1191,#1192)) REPRESENTATION_CONTEXT
('Context #1','3D Context with UNIT and UNCERTAINTY') );
#1190 = ( LENGTH_UNIT() NAMED_UNIT(*) SI_UNIT(.MILLI.,.METRE.) );
#1191 = ( NAMED_UNIT(*) PLANE_ANGLE_UNIT() SI_UNIT($,.RADIAN.) );
#1192 = ( NAMED_UNIT(*) SI_UNIT($,.STERADIAN.) SOLID_ANGLE_UNIT() );
#1193 = UNCERTAINTY_MEASURE_WITH_UNIT(LENGTH_MEASURE(1.E-07),#1190,
  'distance_accuracy_value','confusion accuracy');
#1194 = CONTEXT_DEPENDENT_SHAPE_REPRESENTATION(#1195,#1197);
#1195 = ( REPRESENTATION_RELATIONSHIP('','',#1179,#10) 
REPRESENTATION_RELATIONSHIP_WITH_TRANSFORMATION(#1196) 
SHAPE_REPRESENTATION_RELATIONSHIP() );
#1196 = ITEM_DEFINED_TRANSFORMATION('','',#11,#87);
#1197 = PRODUCT_DEFINITION_SHAPE('Placement','Placement of an item',
  #1198);
#1198 = NEXT_ASSEMBLY_USAGE_OCCURRENCE('19','','',#5,#1174,$);
#1199 = PRODUCT_RELATED_PRODUCT_CATEGORY('part',$,(#1176));
#1200 = SHAPE_DEFINITION_REPRESENTATION(#1201,#1207);
#1201 = PRODUCT_DEFINITION_SHAPE('','',#1202);
#1202 = PRODUCT_DEFINITION('design','',#1203,#1206);
#1203 = PRODUCT_DEFINITION_FORMATION('','',#1204);
#1204 = PRODUCT('Open CASCADE STEP translator 7.8 1.20',
  'Open CASCADE STEP translator 7.8 1.20','',(#1205));
#1205 = PRODUCT_CONTEXT('',#2,'mechanical');
#1206 = PRODUCT_DEFINITION_CONTEXT('part definition',#2,'design');
#1207 = GEOMETRICALLY_BOUNDED_WIREFRAME_SHAPE_REPRESENTATION('',(#11,
    #1208),#1217);
#1208 = GEOMETRIC_CURVE_SET('',(#1209));
#1209 = TRIMMED_CURVE('',#1210,(#1215,PARAMETER_VALUE(0.)),(#1216,
    PARAMETER_VALUE(6.28318530718)),.T.,.PARAMETER.);
#1210 = CIRCLE('',#1211,59.87620127996);
#1211 = AXIS2_PLACEMENT_3D('',#1212,#1213,#1214);
#1212 = CARTESIAN_POINT('',(0.,0.,28.125));
#1213 = DIRECTION('',(0.,0.,1.));
#1214 = DIRECTION('',(1.,0.,-0.));
#1215 = CARTESIAN_POINT('',(59.87620127996,0.,28.125));
#1216 = CARTESIAN_POINT('',(59.87620127996,0.,28.125));
#1217 = ( GEOMETRIC_REPRESENTATION_CONTEXT(3) 
GLOBAL_UNCERTAINTY_ASSIGNED_CONTEXT((#1221)) 
GLOBAL_UNIT_ASSIGNED_CONTEXT((#1218,#1219,#1220)) REPRESENTATION_CONTEXT
('Context #1','3D Context with UNIT and UNCERTAINTY') );
#1218 = ( LENGTH_UNIT() NAMED_UNIT(*) SI_UNIT(.MILLI.,.METRE.) );
#1219 = ( NAMED_UNIT(*) PLANE_ANGLE_UNIT() SI_UNIT($,.RADIAN.) );
#1220 = ( NAMED_UNIT(*) SI_UNIT($,.STERADIAN.) SOLID_ANGLE_UNIT() );
#1221 = UNCERTAINTY_MEASURE_WITH_UNIT(LENGTH_MEASURE(1.E-07),#1218,
  'distance_accuracy_value','confusion accuracy');
#1222 = CONTEXT_DEPENDENT_SHAPE_REPRESENTATION(#1223,#1225);
#1223 = ( REPRESENTATION_RELATIONSHIP('','',#1207,#10) 
REPRESENTATION_RELATIONSHIP_WITH_TRANSFORMATION(#1224) 
SHAPE_REPRESENTATION_RELATIONSHIP() );
#1224 = ITEM_DEFINED_TRANSFORMATION('','',#11,#91);
#1225 = PRODUCT_DEFINITION_SHAPE('Placement','Placement of an item',
  #1226);
#1226 = NEXT_ASSEMBLY_USAGE_OCCURRENCE('20','','',#5,#1202,$);
#1227 = PRODUCT_RELATED_PRODUCT_CATEGORY('part',$,(#1204));
#1228 = SHAPE_DEFINITION_REPRESENTATION(#1229,#1235);
#1229 = PRODUCT_DEFINITION_SHAPE('','',#1230);
#1230 = PRODUCT_DEFINITION('design','',#1231,#1234);
#1231 = PRODUCT_DEFINITION_FORMATION('','',#1232);
#1232 = PRODUCT('Open CASCADE STEP translator 7.8 1.21',
  'Open CASCADE STEP translator 7.8 1.21','',(#1233));
#1233 = PRODUCT_CONTEXT('',#2,'mechanical');
#1234 = PRODUCT_DEFINITION_CONTEXT('part definition',#2,'design');
#1235 = GEOMETRICALLY_BOUNDED_WIREFRAME_SHAPE_REPRESENTATION('',(#11,
    #1236),#1245);
#1236 = GEOMETRIC_CURVE_SET('',(#1237));
#1237 = TRIMMED_CURVE('',#1238,(#1243,PARAMETER_VALUE(0.)),(#1244,
    PARAMETER_VALUE(6.28318530718)),.T.,.PARAMETER.);
#1238 = CIRCLE('',#1239,60.442714162541);
#1239 = AXIS2_PLACEMENT_3D('',#1240,#1241,#1242);
#1240 = CARTESIAN_POINT('',(0.,0.,29.6875));
#1241 = DIRECTION('',(0.,0.,1.));
#1242 = DIRECTION('',(1.,0.,-0.));
#1243 = CARTESIAN_POINT('',(60.442714162541,0.,29.6875));
#1244 = CARTESIAN_POINT('',(60.442714162541,0.,29.6875));
#1245 = ( GEOMETRIC_REPRESENTATION_CONTEXT(3) 
GLOBAL_UNCERTAINTY_ASSIGNED_CONTEXT((#1249)) 
GLOBAL_UNIT_ASSIGNED_CONTEXT((#1246,#1247,#1248)) REPRESENTATION_CONTEXT
('Context #1','3D Context with UNIT and UNCERTAINTY') );
#1246 = ( LENGTH_UNIT() NAMED_UNIT(*) SI_UNIT(.MILLI.,.METRE.) );
#1247 = ( NAMED_UNIT(*) PLANE_ANGLE_UNIT() SI_UNIT($,.RADIAN.) );
#1248 = ( NAMED_UNIT(*) SI_UNIT($,.STERADIAN.) SOLID_ANGLE_UNIT() );
#1249 = UNCERTAINTY_MEASURE_WITH_UNIT(LENGTH_MEASURE(1.E-07),#1246,
  'distance_accuracy_value','confusion accuracy');
#1250 = CONTEXT_DEPENDENT_SHAPE_REPRESENTATION(#1251,#1253);
#1251 = ( REPRESENTATION_RELATIONSHIP('','',#1235,#10) 
REPRESENTATION_RELATIONSHIP_WITH_TRANSFORMATION(#1252) 
SHAPE_REPRESENTATION_RELATIONSHIP() );
#1252 = ITEM_DEFINED_TRANSFORMATION('','',#11,#95);
#1253 = PRODUCT_DEFINITION_SHAPE('Placement','Placement of an item',
  #1254);
#1254 = NEXT_ASSEMBLY_USAGE_OCCURRENCE('21','','',#5,#1230,$);
#1255 = PRODUCT_RELATED_PRODUCT_CATEGORY('part',$,(#1232));
#1256 = SHAPE_DEFINITION_REPRESENTATION(#1257,#1263);
#1257 = PRODUCT_DEFINITION_SHAPE('','',#1258);
#1258 = PRODUCT_DEFINITION('design','',#1259,#1262);
#1259 = PRODUCT_DEFINITION_FORMATION('','',#1260);
#1260 = PRODUCT('Open CASCADE STEP translator 7.8 1.22',
  'Open CASCADE STEP translator 7.8 1.22','',(#1261));
#1261 = PRODUCT_CONTEXT('',#2,'mechanical');
#1262 = PRODUCT_DEFINITION_CONTEXT('part definition',#2,'design');
#1263 = GEOMETRICALLY_BOUNDED_WIREFRAME_SHAPE_REPRESENTATION('',(#11,
    #1264),#1273);
#1264 = GEOMETRIC_CURVE_SET('',(#1265));
#1265 = TRIMMED_CURVE('',#1266,(#1271,PARAMETER_VALUE(0.)),(#1272,
    PARAMETER_VALUE(6.28318530718)),.T.,.PARAMETER.);
#1266 = CIRCLE('',#1267,61.009227045123);
#1267 = AXIS2_PLACEMENT_3D('',#1268,#1269,#1270);
#1268 = CARTESIAN_POINT('',(0.,0.,31.25));
#1269 = DIRECTION('',(0.,0.,1.));
#1270 = DIRECTION('',(1.,0.,-0.));
#1271 = CARTESIAN_POINT('',(61.009227045123,0.,31.25));
#1272 = CARTESIAN_POINT('',(61.009227045123,0.,31.25));
#1273 = ( GEOMETRIC_REPRESENTATION_CONTEXT(3) 
GLOBAL_UNCERTAINTY_ASSIGNED_CONTEXT((#1277)) 
GLOBAL_UNIT_ASSIGNED_CONTEXT((#1274,#1275,#1276)) REPRESENTATION_CONTEXT
('Context #1','3D Context with UNIT and UNCERTAINTY') );
#1274 = ( LENGTH_UNIT() NAMED_UNIT(*) SI_UNIT(.MILLI.,.METRE.) );
#1275 = ( NAMED_UNIT(*) PLANE_ANGLE_UNIT() SI_UNIT($,.RADIAN.) );
#1276 = ( NAMED_UNIT(*) SI_UNIT($,.STERADIAN.) SOLID_ANGLE_UNIT() );
#1277 = UNCERTAINTY_MEASURE_WITH_UNIT(LENGTH_MEASURE(1.E-07),#1274,
  'distance_accuracy_value','confusion accuracy');
#1278 = CONTEXT_DEPENDENT_SHAPE_REPRESENTATION(#1279,#1281);
#1279 = ( REPRESENTATION_RELATIONSHIP('','',#1263,#10) 
REPRESENTATION_RELATIONSHIP_WITH_TRANSFORMATION(#1280) 
SHAPE_REPRESENTATION_RELATIONSHIP() );
#1280 = ITEM_DEFINED_TRANSFORMATION('','',#11,#99);
#1281 = PRODUCT_DEFINITION_SHAPE('Placement','Placement of an item',
  #1282);
#1282 = NEXT_ASSEMBLY_USAGE_OCCURRENCE('22','','',#5,#1258,$);
#1283 = PRODUCT_RELATED_PRODUCT_CATEGORY('part',$,(#1260));
#1284 = SHAPE_DEFINITION_REPRESENTATION(#1285,#1291);
#1285 = PRODUCT_DEFINITION_SHAPE('','',#1286);
#1286 = PRODUCT_DEFINITION('design','',#1287,#1290);
#1287 = PRODUCT_DEFINITION_FORMATION('','',#1288);
#1288 = PRODUCT('Open CASCADE STEP translator 7.8 1.23',
  'Open CASCADE STEP translator 7.8 1.23','',(#1289));
#1289 = PRODUCT_CONTEXT('',#2,'mechanical');
#1290 = PRODUCT_DEFINITION_CONTEXT('part definition',#2,'design');
#1291 = GEOMETRICALLY_BOUNDED_WIREFRAME_SHAPE_REPRESENTATION('',(#11,
    #1292),#1301);
#1292 = GEOMETRIC_CURVE_SET('',(#1293));
#1293 = TRIMMED_CURVE('',#1294,(#1299,PARAMETER_VALUE(0.)),(#1300,
    PARAMETER_VALUE(6.28318530718)),.T.,.PARAMETER.);
#1294 = CIRCLE('',#1295,61.575739927704);
#1295 = AXIS2_PLACEMENT_3D('',#1296,#1297,#1298);
#1296 = CARTESIAN_POINT('',(0.,0.,32.8125));
#1297 = DIRECTION('',(0.,0.,1.));
#1298 = DIRECTION('',(1.,0.,-0.));
#1299 = CARTESIAN_POINT('',(61.575739927704,0.,32.8125));
#1300 = CARTESIAN_POINT('',(61.575739927704,0.,32.8125));
#1301 = ( GEOMETRIC_REPRESENTATION_CONTEXT(3) 
GLOBAL_UNCERTAINTY_ASSIGNED_CONTEXT((#1305)) 
GLOBAL_UNIT_ASSIGNED_CONTEXT((#1302,#1303,#1304)) REPRESENTATION_CONTEXT
('Context #1','3D Context with UNIT and UNCERTAINTY') );
#1302 = ( LENGTH_UNIT() NAMED_UNIT(*) SI_UNIT(.MILLI.,.METRE.) );
#1303 = ( NAMED_UNIT(*) PLANE_ANGLE_UNIT() SI_UNIT($,.RADIAN.) );
#1304 = ( NAMED_UNIT(*) SI_UNIT($,.STERADIAN.) SOLID_ANGLE_UNIT() );
#1305 = UNCERTAINTY_MEASURE_WITH_UNIT(LENGTH_MEASURE(1.E-07),#1302,
  'distance_accuracy_value','confusion accuracy');
#1306 = CONTEXT_DEPENDENT_SHAPE_REPRESENTATION(#1307,#1309);
#1307 = ( REPRESENTATION_RELATIONSHIP('','',#1291,#10) 
REPRESENTATION_RELATIONSHIP_WITH_TRANSFORMATION(#1308) 
SHAPE_REPRESENTATION_RELATIONSHIP() );
#1308 = ITEM_DEFINED_TRANSFORMATION('','',#11,#103);
#1309 = PRODUCT_DEFINITION_SHAPE('Placement','Placement of an item',
  #1310);
#1310 = NEXT_ASSEMBLY_USAGE_OCCURRENCE('23','','',#5,#1286,$);
#1311 = PRODUCT_RELATED_PRODUCT_CATEGORY('part',$,(#1288));
#1312 = SHAPE_DEFINITION_REPRESENTATION(#1313,#1319);
#1313 = PRODUCT_DEFINITION_SHAPE('','',#1314);
#1314 = PRODUCT_DEFINITION('design','',#1315,#1318);
#1315 = PRODUCT_DEFINITION_FORMATION('','',#1316);
#1316 = PRODUCT('Open CASCADE STEP translator 7.8 1.24',
  'Open CASCADE STEP translator 7.8 1.24','',(#1317));
#1317 = PRODUCT_CONTEXT('',#2,'mechanical');
#1318 = PRODUCT_DEFINITION_CONTEXT('part definition',#2,'design');
#1319 = GEOMETRICALLY_BOUNDED_WIREFRAME_SHAPE_REPRESENTATION('',(#11,
    #1320),#1329);
#1320 = GEOMETRIC_CURVE_SET('',(#1321));
#1321 = TRIMMED_CURVE('',#1322,(#1327,PARAMETER_VALUE(0.)),(#1328,
    PARAMETER_VALUE(6.28318530718)),.T.,.PARAMETER.);
#1322 = CIRCLE('',#1323,62.142252810285);
#1323 = AXIS2_PLACEMENT_3D('',#1324,#1325,#1326);
#1324 = CARTESIAN_POINT('',(0.,0.,34.375));
#1325 = DIRECTION('',(0.,0.,1.));
#1326 = DIRECTION('',(1.,0.,-0.));
#1327 = CARTESIAN_POINT('',(62.142252810285,0.,34.375));
#1328 = CARTESIAN_POINT('',(62.142252810285,0.,34.375));
#1329 = ( GEOMETRIC_REPRESENTATION_CONTEXT(3) 
GLOBAL_UNCERTAINTY_ASSIGNED_CONTEXT((#1333)) 
GLOBAL_UNIT_ASSIGNED_CONTEXT((#1330,#1331,#1332)) REPRESENTATION_CONTEXT
('Context #1','3D Context with UNIT and UNCERTAINTY') );
#1330 = ( LENGTH_UNIT() NAMED_UNIT(*) SI_UNIT(.MILLI.,.METRE.) );
#1331 = ( NAMED_UNIT(*) PLANE_ANGLE_UNIT() SI_UNIT($,.RADIAN.) );
#1332 = ( NAMED_UNIT(*) SI_UNIT($,.STERADIAN.) SOLID_ANGLE_UNIT() );
#1333 = UNCERTAINTY_MEASURE_WITH_UNIT(LENGTH_MEASURE(1.E-07),#1330,
  'distance_accuracy_value','confusion accuracy');
#1334 = CONTEXT_DEPENDENT_SHAPE_REPRESENTATION(#1335,#1337);
#1335 = ( REPRESENTATION_RELATIONSHIP('','',#1319,#10) 
REPRESENTATION_RELATIONSHIP_WITH_TRANSFORMATION(#1336) 
SHAPE_REPRESENTATION_RELATIONSHIP() );
#1336 = ITEM_DEFINED_TRANSFORMATION('','',#11,#107);
#1337 = PRODUCT_DEFINITION_SHAPE('Placement','Placement of an item',
  #1338);
#1338 = NEXT_ASSEMBLY_USAGE_OCCURRENCE('24','','',#5,#1314,$);
#1339 = PRODUCT_RELATED_PRODUCT_CATEGORY('part',$,(#1316));
#1340 = SHAPE_DEFINITION_REPRESENTATION(#1341,#1347);
#1341 = PRODUCT_DEFINITION_SHAPE('','',#1342);
#1342 = PRODUCT_DEFINITION('design','',#1343,#1346);
#1343 = PRODUCT_DEFINITION_FORMATION('','',#1344);
#1344 = PRODUCT('Open CASCADE STEP translator 7.8 1.25',
  'Open CASCADE STEP translator 7.8 1.25','',(#1345));
#1345 = PRODUCT_CONTEXT('',#2,'mechanical');
#1346 = PRODUCT_DEFINITION_CONTEXT('part definition',#2,'design');
#1347 = GEOMETRICALLY_BOUNDED_WIREFRAME_SHAPE_REPRESENTATION('',(#11,
    #1348),#1357);
#1348 = GEOMETRIC_CURVE_SET('',(#1349));
#1349 = TRIMMED_CURVE('',#1350,(#1355,PARAMETER_VALUE(0.)),(#1356,
    PARAMETER_VALUE(6.28318530718)),.T.,.PARAMETER.);
#1350 = CIRCLE('',#1351,62.708765692867);
#1351 = AXIS2_PLACEMENT_3D('',#1352,#1353,#1354);
#1352 = CARTESIAN_POINT('',(0.,0.,35.9375));
#1353 = DIRECTION('',(0.,0.,1.));
#1354 = DIRECTION('',(1.,0.,-0.));
#1355 = CARTESIAN_POINT('',(62.708765692867,0.,35.9375));
#1356 = CARTESIAN_POINT('',(62.708765692867,0.,35.9375));
#1357 = ( GEOMETRIC_REPRESENTATION_CONTEXT(3) 
GLOBAL_UNCERTAINTY_ASSIGNED_CONTEXT((#1361)) 
GLOBAL_UNIT_ASSIGNED_CONTEXT((#1358,#1359,#1360)) REPRESENTATION_CONTEXT
('Context #1','3D Context with UNIT and UNCERTAINTY') );
#1358 = ( LENGTH_UNIT() NAMED_UNIT(*) SI_UNIT(.MILLI.,.METRE.) );
#1359 = ( NAMED_UNIT(*) PLANE_ANGLE_UNIT() SI_UNIT($,.RADIAN.) );
#1360 = ( NAMED_UNIT(*) SI_UNIT($,.STERADIAN.) SOLID_ANGLE_UNIT() );
#1361 = UNCERTAINTY_MEASURE_WITH_UNIT(LENGTH_MEASURE(1.E-07),#1358,
  'distance_accuracy_value','confusion accuracy');
#1362 = CONTEXT_DEPENDENT_SHAPE_REPRESENTATION(#1363,#1365);
#1363 = ( REPRESENTATION_RELATIONSHIP('','',#1347,#10) 
REPRESENTATION_RELATIONSHIP_WITH_TRANSFORMATION(#1364) 
SHAPE_REPRESENTATION_RELATIONSHIP() );
#1364 = ITEM_DEFINED_TRANSFORMATION('','',#11,#111);
#1365 = PRODUCT_DEFINITION_SHAPE('Placement','Placement of an item',
  #1366);
#1366 = NEXT_ASSEMBLY_USAGE_OCCURRENCE('25','','',#5,#1342,$);
#1367 = PRODUCT_RELATED_PRODUCT_CATEGORY('part',$,(#1344));
#1368 = SHAPE_DEFINITION_REPRESENTATION(#1369,#1375);
#1369 = PRODUCT_DEFINITION_SHAPE('','',#1370);
#1370 = PRODUCT_DEFINITION('design','',#1371,#1374);
#1371 = PRODUCT_DEFINITION_FORMATION('','',#1372);
#1372 = PRODUCT('Open CASCADE STEP translator 7.8 1.26',
  'Open CASCADE STEP translator 7.8 1.26','',(#1373));
#1373 = PRODUCT_CONTEXT('',#2,'mechanical');
#1374 = PRODUCT_DEFINITION_CONTEXT('part definition',#2,'design');
#1375 = GEOMETRICALLY_BOUNDED_WIREFRAME_SHAPE_REPRESENTATION('',(#11,
    #1376),#1385);
#1376 = GEOMETRIC_CURVE_SET('',(#1377));
#1377 = TRIMMED_CURVE('',#1378,(#1383,PARAMETER_VALUE(0.)),(#1384,
    PARAMETER_VALUE(6.28318530718)),.T.,.PARAMETER.);
#1378 = CIRCLE('',#1379,63.275278575448);
#1379 = AXIS2_PLACEMENT_3D('',#1380,#1381,#1382);
#1380 = CARTESIAN_POINT('',(0.,0.,37.5));
#1381 = DIRECTION('',(0.,0.,1.));
#1382 = DIRECTION('',(1.,0.,-0.));
#1383 = CARTESIAN_POINT('',(63.275278575448,0.,37.5));
#1384 = CARTESIAN_POINT('',(63.275278575448,0.,37.5));
#1385 = ( GEOMETRIC_REPRESENTATION_CONTEXT(3) 
GLOBAL_UNCERTAINTY_ASSIGNED_CONTEXT((#1389)) 
GLOBAL_UNIT_ASSIGNED_CONTEXT((#1386,#1387,#1388)) REPRESENTATION_CONTEXT
('Context #1','3D Context with UNIT and UNCERTAINTY') );
#1386 = ( LENGTH_UNIT() NAMED_UNIT(*) SI_UNIT(.MILLI.,.METRE.) );
#1387 = ( NAMED_UNIT(*) PLANE_ANGLE_UNIT() SI_UNIT($,.RADIAN.) );
#1388 = ( NAMED_UNIT(*) SI_UNIT($,.STERADIAN.) SOLID_ANGLE_UNIT() );
#1389 = UNCERTAINTY_MEASURE_WITH_UNIT(LENGTH_MEASURE(1.E-07),#1386,
  'distance_accuracy_value','confusion accuracy');
#1390 = CONTEXT_DEPENDENT_SHAPE_REPRESENTATION(#1391,#1393);
#1391 = ( REPRESENTATION_RELATIONSHIP('','',#1375,#10) 
REPRESENTATION_RELATIONSHIP_WITH_TRANSFORMATION(#1392) 
SHAPE_REPRESENTATION_RELATIONSHIP() );
#1392 = ITEM_DEFINED_TRANSFORMATION('','',#11,#115);
#1393 = PRODUCT_DEFINITION_SHAPE('Placement','Placement of an item',
  #1394);
#1394 = NEXT_ASSEMBLY_USAGE_OCCURRENCE('26','','',#5,#1370,$);
#1395 = PRODUCT_RELATED_PRODUCT_CATEGORY('part',$,(#1372));
#1396 = SHAPE_DEFINITION_REPRESENTATION(#1397,#1403);
#1397 = PRODUCT_DEFINITION_SHAPE('','',#1398);
#1398 = PRODUCT_DEFINITION('design','',#1399,#1402);
#1399 = PRODUCT_DEFINITION_FORMATION('','',#1400);
#1400 = PRODUCT('Open CASCADE STEP translator 7.8 1.27',
  'Open CASCADE STEP translator 7.8 1.27','',(#1401));
#1401 = PRODUCT_CONTEXT('',#2,'mechanical');
#1402 = PRODUCT_DEFINITION_CONTEXT('part definition',#2,'design');
#1403 = GEOMETRICALLY_BOUNDED_WIREFRAME_SHAPE_REPRESENTATION('',(#11,
    #1404),#1413);
#1404 = GEOMETRIC_CURVE_SET('',(#1405));
#1405 = TRIMMED_CURVE('',#1406,(#1411,PARAMETER_VALUE(0.)),(#1412,
    PARAMETER_VALUE(6.28318530718)),.T.,.PARAMETER.);
#1406 = CIRCLE('',#1407,63.841791458029);
#1407 = AXIS2_PLACEMENT_3D('',#1408,#1409,#1410);
#1408 = CARTESIAN_POINT('',(0.,0.,39.0625));
#1409 = DIRECTION('',(0.,0.,1.));
#1410 = DIRECTION('',(1.,0.,-0.));
#1411 = CARTESIAN_POINT('',(63.841791458029,0.,39.0625));
#1412 = CARTESIAN_POINT('',(63.841791458029,0.,39.0625));
#1413 = ( GEOMETRIC_REPRESENTATION_CONTEXT(3) 
GLOBAL_UNCERTAINTY_ASSIGNED_CONTEXT((#1417)) 
GLOBAL_UNIT_ASSIGNED_CONTEXT((#1414,#1415,#1416)) REPRESENTATION_CONTEXT
('Context #1','3D Context with UNIT and UNCERTAINTY') );
#1414 = ( LENGTH_UNIT() NAMED_UNIT(*) SI_UNIT(.MILLI.,.METRE.) );
#1415 = ( NAMED_UNIT(*) PLANE_ANGLE_UNIT() SI_UNIT($,.RADIAN.) );
#1416 = ( NAMED_UNIT(*) SI_UNIT($,.STERADIAN.) SOLID_ANGLE_UNIT() );
#1417 = UNCERTAINTY_MEASURE_WITH_UNIT(LENGTH_MEASURE(1.E-07),#1414,
  'distance_accuracy_value','confusion accuracy');
#1418 = CONTEXT_DEPENDENT_SHAPE_REPRESENTATION(#1419,#1421);
#1419 = ( REPRESENTATION_RELATIONSHIP('','',#1403,#10) 
REPRESENTATION_RELATIONSHIP_WITH_TRANSFORMATION(#1420) 
SHAPE_REPRESENTATION_RELATIONSHIP() );
#1420 = ITEM_DEFINED_TRANSFORMATION('','',#11,#119);
#1421 = PRODUCT_DEFINITION_SHAPE('Placement','Placement of an item',
  #1422);
#1422 = NEXT_ASSEMBLY_USAGE_OCCURRENCE('27','','',#5,#1398,$);
#1423 = PRODUCT_RELATED_PRODUCT_CATEGORY('part',$,(#1400));
#1424 = SHAPE_DEFINITION_REPRESENTATION(#1425,#1431);
#1425 = PRODUCT_DEFINITION_SHAPE('','',#1426);
#1426 = PRODUCT_DEFINITION('design','',#1427,#1430);
#1427 = PRODUCT_DEFINITION_FORMATION('','',#1428);
#1428 = PRODUCT('Open CASCADE STEP translator 7.8 1.28',
  'Open CASCADE STEP translator 7.8 1.28','',(#1429));
#1429 = PRODUCT_CONTEXT('',#2,'mechanical');
#1430 = PRODUCT_DEFINITION_CONTEXT('part definition',#2,'design');
#1431 = GEOMETRICALLY_BOUNDED_WIREFRAME_SHAPE_REPRESENTATION('',(#11,
    #1432),#1441);
#1432 = GEOMETRIC_CURVE_SET('',(#1433));
#1433 = TRIMMED_CURVE('',#1434,(#1439,PARAMETER_VALUE(0.)),(#1440,
    PARAMETER_VALUE(6.28318530718)),.T.,.PARAMETER.);
#1434 = CIRCLE('',#1435,64.40830434061);
#1435 = AXIS2_PLACEMENT_3D('',#1436,#1437,#1438);
#1436 = CARTESIAN_POINT('',(0.,0.,40.625));
#1437 = DIRECTION('',(0.,0.,1.));
#1438 = DIRECTION('',(1.,0.,-0.));
#1439 = CARTESIAN_POINT('',(64.40830434061,0.,40.625));
#1440 = CARTESIAN_POINT('',(64.40830434061,0.,40.625));
#1441 = ( GEOMETRIC_REPRESENTATION_CONTEXT(3) 
GLOBAL_UNCERTAINTY_ASSIGNED_CONTEXT((#1445)) 
GLOBAL_UNIT_ASSIGNED_CONTEXT((#1442,#1443,#1444)) REPRESENTATION_CONTEXT
('Context #1','3D Context with UNIT and UNCERTAINTY') );
#1442 = ( LENGTH_UNIT() NAMED_UNIT(*) SI_UNIT(.MILLI.,.METRE.) );
#1443 = ( NAMED_UNIT(*) PLANE_ANGLE_UNIT() SI_UNIT($,.RADIAN.) );
#1444 = ( NAMED_UNIT(*) SI_UNIT($,.STERADIAN.) SOLID_ANGLE_UNIT() );
#1445 = UNCERTAINTY_MEASURE_WITH_UNIT(LENGTH_MEASURE(1.E-07),#1442,
  'distance_accuracy_value','confusion accuracy');
#1446 = CONTEXT_DEPENDENT_SHAPE_REPRESENTATION(#1447,#1449);
#1447 = ( REPRESENTATION_RELATIONSHIP('','',#1431,#10) 
REPRESENTATION_RELATIONSHIP_WITH_TRANSFORMATION(#1448) 
SHAPE_REPRESENTATION_RELATIONSHIP() );
#1448 = ITEM_DEFINED_TRANSFORMATION('','',#11,#123);
#1449 = PRODUCT_DEFINITION_SHAPE('Placement','Placement of an item',
  #1450);
#1450 = NEXT_ASSEMBLY_USAGE_OCCURRENCE('28','','',#5,#1426,$);
#1451 = PRODUCT_RELATED_PRODUCT_CATEGORY('part',$,(#1428));
#1452 = SHAPE_DEFINITION_REPRESENTATION(#1453,#1459);
#1453 = PRODUCT_DEFINITION_SHAPE('','',#1454);
#1454 = PRODUCT_DEFINITION('design','',#1455,#1458);
#1455 = PRODUCT_DEFINITION_FORMATION('','',#1456);
#1456 = PRODUCT('Open CASCADE STEP translator 7.8 1.29',
  'Open CASCADE STEP translator 7.8 1.29','',(#1457));
#1457 = PRODUCT_CONTEXT('',#2,'mechanical');
#1458 = PRODUCT_DEFINITION_CONTEXT('part definition',#2,'design');
#1459 = GEOMETRICALLY_BOUNDED_WIREFRAME_SHAPE_REPRESENTATION('',(#11,
    #1460),#1469);
#1460 = GEOMETRIC_CURVE_SET('',(#1461));
#1461 = TRIMMED_CURVE('',#1462,(#1467,PARAMETER_VALUE(0.)),(#1468,
    PARAMETER_VALUE(6.28318530718)),.T.,.PARAMETER.);
#1462 = CIRCLE('',#1463,64.974817223192);
#1463 = AXIS2_PLACEMENT_3D('',#1464,#1465,#1466);
#1464 = CARTESIAN_POINT('',(0.,0.,42.1875));
#1465 = DIRECTION('',(0.,0.,1.));
#1466 = DIRECTION('',(1.,0.,-0.));
#1467 = CARTESIAN_POINT('',(64.974817223192,0.,42.1875));
#1468 = CARTESIAN_POINT('',(64.974817223192,0.,42.1875));
#1469 = ( GEOMETRIC_REPRESENTATION_CONTEXT(3) 
GLOBAL_UNCERTAINTY_ASSIGNED_CONTEXT((#1473)) 
GLOBAL_UNIT_ASSIGNED_CONTEXT((#1470,#1471,#1472)) REPRESENTATION_CONTEXT
('Context #1','3D Context with UNIT and UNCERTAINTY') );
#1470 = ( LENGTH_UNIT() NAMED_UNIT(*) SI_UNIT(.MILLI.,.METRE.) );
#1471 = ( NAMED_UNIT(*) PLANE_ANGLE_UNIT() SI_UNIT($,.RADIAN.) );
#1472 = ( NAMED_UNIT(*) SI_UNIT($,.STERADIAN.) SOLID_ANGLE_UNIT() );
#1473 = UNCERTAINTY_MEASURE_WITH_UNIT(LENGTH_MEASURE(1.E-07),#1470,
  'distance_accuracy_value','confusion accuracy');
#1474 = CONTEXT_DEPENDENT_SHAPE_REPRESENTATION(#1475,#1477);
#1475 = ( REPRESENTATION_RELATIONSHIP('','',#1459,#10) 
REPRESENTATION_RELATIONSHIP_WITH_TRANSFORMATION(#1476) 
SHAPE_REPRESENTATION_RELATIONSHIP() );
#1476 = ITEM_DEFINED_TRANSFORMATION('','',#11,#127);
#1477 = PRODUCT_DEFINITION_SHAPE('Placement','Placement of an item',
  #1478);
#1478 = NEXT_ASSEMBLY_USAGE_OCCURRENCE('29','','',#5,#1454,$);
#1479 = PRODUCT_RELATED_PRODUCT_CATEGORY('part',$,(#1456));
#1480 = SHAPE_DEFINITION_REPRESENTATION(#1481,#1487);
#1481 = PRODUCT_DEFINITION_SHAPE('','',#1482);
#1482 = PRODUCT_DEFINITION('design','',#1483,#1486);
#1483 = PRODUCT_DEFINITION_FORMATION('','',#1484);
#1484 = PRODUCT('Open CASCADE STEP translator 7.8 1.30',
  'Open CASCADE STEP translator 7.8 1.30','',(#1485));
#1485 = PRODUCT_CONTEXT('',#2,'mechanical');
#1486 = PRODUCT_DEFINITION_CONTEXT('part definition',#2,'design');
#1487 = GEOMETRICALLY_BOUNDED_WIREFRAME_SHAPE_REPRESENTATION('',(#11,
    #1488),#1497);
#1488 = GEOMETRIC_CURVE_SET('',(#1489));
#1489 = TRIMMED_CURVE('',#1490,(#1495,PARAMETER_VALUE(0.)),(#1496,
    PARAMETER_VALUE(6.28318530718)),.T.,.PARAMETER.);
#1490 = CIRCLE('',#1491,65.541330105773);
#1491 = AXIS2_PLACEMENT_3D('',#1492,#1493,#1494);
#1492 = CARTESIAN_POINT('',(0.,0.,43.75));
#1493 = DIRECTION('',(0.,0.,1.));
#1494 = DIRECTION('',(1.,0.,-0.));
#1495 = CARTESIAN_POINT('',(65.541330105773,0.,43.75));
#1496 = CARTESIAN_POINT('',(65.541330105773,0.,43.75));
#1497 = ( GEOMETRIC_REPRESENTATION_CONTEXT(3) 
GLOBAL_UNCERTAINTY_ASSIGNED_CONTEXT((#1501)) 
GLOBAL_UNIT_ASSIGNED_CONTEXT((#1498,#1499,#1500)) REPRESENTATION_CONTEXT
('Context #1','3D Context with UNIT and UNCERTAINTY') );
#1498 = ( LENGTH_UNIT() NAMED_UNIT(*) SI_UNIT(.MILLI.,.METRE.) );
#1499 = ( NAMED_UNIT(*) PLANE_ANGLE_UNIT() SI_UNIT($,.RADIAN.) );
#1500 = ( NAMED_UNIT(*) SI_UNIT($,.STERADIAN.) SOLID_ANGLE_UNIT() );
#1501 = UNCERTAINTY_MEASURE_WITH_UNIT(LENGTH_MEASURE(1.E-07),#1498,
  'distance_accuracy_value','confusion accuracy');
#1502 = CONTEXT_DEPENDENT_SHAPE_REPRESENTATION(#1503,#1505);
#1503 = ( REPRESENTATION_RELATIONSHIP('','',#1487,#10) 
REPRESENTATION_RELATIONSHIP_WITH_TRANSFORMATION(#1504) 
SHAPE_REPRESENTATION_RELATIONSHIP() );
#1504 = ITEM_DEFINED_TRANSFORMATION('','',#11,#131);
#1505 = PRODUCT_DEFINITION_SHAPE('Placement','Placement of an item',
  #1506);
#1506 = NEXT_ASSEMBLY_USAGE_OCCURRENCE('30','','',#5,#1482,$);
#1507 = PRODUCT_RELATED_PRODUCT_CATEGORY('part',$,(#1484));
#1508 = SHAPE_DEFINITION_REPRESENTATION(#1509,#1515);
#1509 = PRODUCT_DEFINITION_SHAPE('','',#1510);
#1510 = PRODUCT_DEFINITION('design','',#1511,#1514);
#1511 = PRODUCT_DEFINITION_FORMATION('','',#1512);
#1512 = PRODUCT('Open CASCADE STEP translator 7.8 1.31',
  'Open CASCADE STEP translator 7.8 1.31','',(#1513));
#1513 = PRODUCT_CONTEXT('',#2,'mechanical');
#1514 = PRODUCT_DEFINITION_CONTEXT('part definition',#2,'design');
#1515 = GEOMETRICALLY_BOUNDED_WIREFRAME_SHAPE_REPRESENTATION('',(#11,
    #1516),#1525);
#1516 = GEOMETRIC_CURVE_SET('',(#1517));
#1517 = TRIMMED_CURVE('',#1518,(#1523,PARAMETER_VALUE(0.)),(#1524,
    PARAMETER_VALUE(6.28318530718)),.T.,.PARAMETER.);
#1518 = CIRCLE('',#1519,66.107842988354);
#1519 = AXIS2_PLACEMENT_3D('',#1520,#1521,#1522);
#1520 = CARTESIAN_POINT('',(0.,0.,45.3125));
#1521 = DIRECTION('',(0.,0.,1.));
#1522 = DIRECTION('',(1.,0.,-0.));
#1523 = CARTESIAN_POINT('',(66.107842988354,0.,45.3125));
#1524 = CARTESIAN_POINT('',(66.107842988354,0.,45.3125));
#1525 = ( GEOMETRIC_REPRESENTATION_CONTEXT(3) 
GLOBAL_UNCERTAINTY_ASSIGNED_CONTEXT((#1529)) 
GLOBAL_UNIT_ASSIGNED_CONTEXT((#1526,#1527,#1528)) REPRESENTATION_CONTEXT
('Context #1','3D Context with UNIT and UNCERTAINTY') );
#1526 = ( LENGTH_UNIT() NAMED_UNIT(*) SI_UNIT(.MILLI.,.METRE.) );
#1527 = ( NAMED_UNIT(*) PLANE_ANGLE_UNIT() SI_UNIT($,.RADIAN.) );
#1528 = ( NAMED_UNIT(*) SI_UNIT($,.STERADIAN.) SOLID_ANGLE_UNIT() );
#1529 = UNCERTAINTY_MEASURE_WITH_UNIT(LENGTH_MEASURE(1.E-07),#1526,
  'distance_accuracy_value','confusion accuracy');
#1530 = CONTEXT_DEPENDENT_SHAPE_REPRESENTATION(#1531,#1533);
#1531 = ( REPRESENTATION_RELATIONSHIP('','',#1515,#10) 
REPRESENTATION_RELATIONSHIP_WITH_TRANSFORMATION(#1532) 
SHAPE_REPRESENTATION_RELATIONSHIP() );
#1532 = ITEM_DEFINED_TRANSFORMATION('','',#11,#135);
#1533 = PRODUCT_DEFINITION_SHAPE('Placement','Placement of an item',
  #1534);
#1534 = NEXT_ASSEMBLY_USAGE_OCCURRENCE('31','','',#5,#1510,$);
#1535 = PRODUCT_RELATED_PRODUCT_CATEGORY('part',$,(#1512));
#1536 = SHAPE_DEFINITION_REPRESENTATION(#1537,#1543);
#1537 = PRODUCT_DEFINITION_SHAPE('','',#1538);
#1538 = PRODUCT_DEFINITION('design','',#1539,#1542);
#1539 = PRODUCT_DEFINITION_FORMATION('','',#1540);
#1540 = PRODUCT('Open CASCADE STEP translator 7.8 1.32',
  'Open CASCADE STEP translator 7.8 1.32','',(#1541));
#1541 = PRODUCT_CONTEXT('',#2,'mechanical');
#1542 = PRODUCT_DEFINITION_CONTEXT('part definition',#2,'design');
#1543 = GEOMETRICALLY_BOUNDED_WIREFRAME_SHAPE_REPRESENTATION('',(#11,
    #1544),#1553);
#1544 = GEOMETRIC_CURVE_SET('',(#1545));
#1545 = TRIMMED_CURVE('',#1546,(#1551,PARAMETER_VALUE(0.)),(#1552,
    PARAMETER_VALUE(6.28318530718)),.T.,.PARAMETER.);
#1546 = CIRCLE('',#1547,66.674355870936);
#1547 = AXIS2_PLACEMENT_3D('',#1548,#1549,#1550);
#1548 = CARTESIAN_POINT('',(0.,0.,46.875));
#1549 = DIRECTION('',(0.,0.,1.));
#1550 = DIRECTION('',(1.,0.,-0.));
#1551 = CARTESIAN_POINT('',(66.674355870936,0.,46.875));
#1552 = CARTESIAN_POINT('',(66.674355870936,0.,46.875));
#1553 = ( GEOMETRIC_REPRESENTATION_CONTEXT(3) 
GLOBAL_UNCERTAINTY_ASSIGNED_CONTEXT((#1557)) 
GLOBAL_UNIT_ASSIGNED_CONTEXT((#1554,#1555,#1556)) REPRESENTATION_CONTEXT
('Context #1','3D Context with UNIT and UNCERTAINTY') );
#1554 = ( LENGTH_UNIT() NAMED_UNIT(*) SI_UNIT(.MILLI.,.METRE.) );
#1555 = ( NAMED_UNIT(*) PLANE_ANGLE_UNIT() SI_UNIT($,.RADIAN.) );
#1556 = ( NAMED_UNIT(*) SI_UNIT($,.STERADIAN.) SOLID_ANGLE_UNIT() );
#1557 = UNCERTAINTY_MEASURE_WITH_UNIT(LENGTH_MEASURE(1.E-07),#1554,
  'distance_accuracy_value','confusion accuracy');
#1558 = CONTEXT_DEPENDENT_SHAPE_REPRESENTATION(#1559,#1561);
#1559 = ( REPRESENTATION_RELATIONSHIP('','',#1543,#10) 
REPRESENTATION_RELATIONSHIP_WITH_TRANSFORMATION(#1560) 
SHAPE_REPRESENTATION_RELATIONSHIP() );
#1560 = ITEM_DEFINED_TRANSFORMATION('','',#11,#139);
#1561 = PRODUCT_DEFINITION_SHAPE('Placement','Placement of an item',
  #1562);
#1562 = NEXT_ASSEMBLY_USAGE_OCCURRENCE('32','','',#5,#1538,$);
#1563 = PRODUCT_RELATED_PRODUCT_CATEGORY('part',$,(#1540));
#1564 = SHAPE_DEFINITION_REPRESENTATION(#1565,#1571);
#1565 = PRODUCT_DEFINITION_SHAPE('','',#1566);
#1566 = PRODUCT_DEFINITION('design','',#1567,#1570);
#1567 = PRODUCT_DEFINITION_FORMATION('','',#1568);
#1568 = PRODUCT('Open CASCADE STEP translator 7.8 1.33',
  'Open CASCADE STEP translator 7.8 1.33','',(#1569));
#1569 = PRODUCT_CONTEXT('',#2,'mechanical');
#1570 = PRODUCT_DEFINITION_CONTEXT('part definition',#2,'design');
#1571 = GEOMETRICALLY_BOUNDED_WIREFRAME_SHAPE_REPRESENTATION('',(#11,
    #1572),#1581);
#1572 = GEOMETRIC_CURVE_SET('',(#1573));
#1573 = TRIMMED_CURVE('',#1574,(#1579,PARAMETER_VALUE(0.)),(#1580,
    PARAMETER_VALUE(6.28318530718)),.T.,.PARAMETER.);
#1574 = CIRCLE('',#1575,67.240868753517);
#1575 = AXIS2_PLACEMENT_3D('',#1576,#1577,#1578);
#1576 = CARTESIAN_POINT('',(0.,0.,48.4375));
#1577 = DIRECTION('',(0.,0.,1.));
#1578 = DIRECTION('',(1.,0.,-0.));
#1579 = CARTESIAN_POINT('',(67.240868753517,0.,48.4375));
#1580 = CARTESIAN_POINT('',(67.240868753517,0.,48.4375));
#1581 = ( GEOMETRIC_REPRESENTATION_CONTEXT(3) 
GLOBAL_UNCERTAINTY_ASSIGNED_CONTEXT((#1585)) 
GLOBAL_UNIT_ASSIGNED_CONTEXT((#1582,#1583,#1584)) REPRESENTATION_CONTEXT
('Context #1','3D Context with UNIT and UNCERTAINTY') );
#1582 = ( LENGTH_UNIT() NAMED_UNIT(*) SI_UNIT(.MILLI.,.METRE.) );
#1583 = ( NAMED_UNIT(*) PLANE_ANGLE_UNIT() SI_UNIT($,.RADIAN.) );
#1584 = ( NAMED_UNIT(*) SI_UNIT($,.STERADIAN.) SOLID_ANGLE_UNIT() );
#1585 = UNCERTAINTY_MEASURE_WITH_UNIT(LENGTH_MEASURE(1.E-07),#1582,
  'distance_accuracy_value','confusion accuracy');
#1586 = CONTEXT_DEPENDENT_SHAPE_REPRESENTATION(#1587,#1589);
#1587 = ( REPRESENTATION_RELATIONSHIP('','',#1571,#10) 
REPRESENTATION_RELATIONSHIP_WITH_TRANSFORMATION(#1588) 
SHAPE_REPRESENTATION_RELATIONSHIP() );
#1588 = ITEM_DEFINED_TRANSFORMATION('','',#11,#143);
#1589 = PRODUCT_DEFINITION_SHAPE('Placement','Placement of an item',
  #1590);
#1590 = NEXT_ASSEMBLY_USAGE_OCCURRENCE('33','','',#5,#1566,$);
#1591 = PRODUCT_RELATED_PRODUCT_CATEGORY('part',$,(#1568));
#1592 = SHAPE_DEFINITION_REPRESENTATION(#1593,#1599);
#1593 = PRODUCT_DEFINITION_SHAPE('','',#1594);
#1594 = PRODUCT_DEFINITION('design','',#1595,#1598);
#1595 = PRODUCT_DEFINITION_FORMATION('','',#1596);
#1596 = PRODUCT('Open CASCADE STEP translator 7.8 1.34',
  'Open CASCADE STEP translator 7.8 1.34','',(#1597));
#1597 = PRODUCT_CONTEXT('',#2,'mechanical');
#1598 = PRODUCT_DEFINITION_CONTEXT('part definition',#2,'design');
#1599 = GEOMETRICALLY_BOUNDED_WIREFRAME_SHAPE_REPRESENTATION('',(#11,
    #1600),#1609);
#1600 = GEOMETRIC_CURVE_SET('',(#1601));
#1601 = TRIMMED_CURVE('',#1602,(#1607,PARAMETER_VALUE(0.)),(#1608,
    PARAMETER_VALUE(6.28318530718)),.T.,.PARAMETER.);
#1602 = CIRCLE('',#1603,67.807381636098);
#1603 = AXIS2_PLACEMENT_3D('',#1604,#1605,#1606);
#1604 = CARTESIAN_POINT('',(0.,0.,50.));
#1605 = DIRECTION('',(0.,0.,1.));
#1606 = DIRECTION('',(1.,0.,-0.));
#1607 = CARTESIAN_POINT('',(67.807381636098,0.,50.));
#1608 = CARTESIAN_POINT('',(67.807381636098,0.,50.));
#1609 = ( GEOMETRIC_REPRESENTATION_CONTEXT(3) 
GLOBAL_UNCERTAINTY_ASSIGNED_CONTEXT((#1613)) 
GLOBAL_UNIT_ASSIGNED_CONTEXT((#1610,#1611,#1612)) REPRESENTATION_CONTEXT
('Context #1','3D Context with UNIT and UNCERTAINTY') );
#1610 = ( LENGTH_UNIT() NAMED_UNIT(*) SI_UNIT(.MILLI.,.METRE.) );
#1611 = ( NAMED_UNIT(*) PLANE_ANGLE_UNIT() SI_UNIT($,.RADIAN.) );
#1612 = ( NAMED_UNIT(*) SI_UNIT($,.STERADIAN.) SOLID_ANGLE_UNIT() );
#1613 = UNCERTAINTY_MEASURE_WITH_UNIT(LENGTH_MEASURE(1.E-07),#1610,
  'distance_accuracy_value','confusion accuracy');
#1614 = CONTEXT_DEPENDENT_SHAPE_REPRESENTATION(#1615,#1617);
#1615 = ( REPRESENTATION_RELATIONSHIP('','',#1599,#10) 
REPRESENTATION_RELATIONSHIP_WITH_TRANSFORMATION(#1616) 
SHAPE_REPRESENTATION_RELATIONSHIP() );
#1616 = ITEM_DEFINED_TRANSFORMATION('','',#11,#147);
#1617 = PRODUCT_DEFINITION_SHAPE('Placement','Placement of an item',
  #1618);
#1618 = NEXT_ASSEMBLY_USAGE_OCCURRENCE('34','','',#5,#1594,$);
#1619 = PRODUCT_RELATED_PRODUCT_CATEGORY('part',$,(#1596));
#1620 = SHAPE_DEFINITION_REPRESENTATION(#1621,#1627);
#1621 = PRODUCT_DEFINITION_SHAPE('','',#1622);
#1622 = PRODUCT_DEFINITION('design','',#1623,#1626);
#1623 = PRODUCT_DEFINITION_FORMATION('','',#1624);
#1624 = PRODUCT('Open CASCADE STEP translator 7.8 1.35',
  'Open CASCADE STEP translator 7.8 1.35','',(#1625));
#1625 = PRODUCT_CONTEXT('',#2,'mechanical');
#1626 = PRODUCT_DEFINITION_CONTEXT('part definition',#2,'design');
#1627 = GEOMETRICALLY_BOUNDED_WIREFRAME_SHAPE_REPRESENTATION('',(#11,
    #1628),#1637);
#1628 = GEOMETRIC_CURVE_SET('',(#1629));
#1629 = TRIMMED_CURVE('',#1630,(#1635,PARAMETER_VALUE(0.)),(#1636,
    PARAMETER_VALUE(6.28318530718)),.T.,.PARAMETER.);
#1630 = CIRCLE('',#1631,68.373894518679);
#1631 = AXIS2_PLACEMENT_3D('',#1632,#1633,#1634);
#1632 = CARTESIAN_POINT('',(0.,0.,51.5625));
#1633 = DIRECTION('',(0.,0.,1.));
#1634 = DIRECTION('',(1.,0.,-0.));
#1635 = CARTESIAN_POINT('',(68.373894518679,0.,51.5625));
#1636 = CARTESIAN_POINT('',(68.373894518679,0.,51.5625));
#1637 = ( GEOMETRIC_REPRESENTATION_CONTEXT(3) 
GLOBAL_UNCERTAINTY_ASSIGNED_CONTEXT((#1641)) 
GLOBAL_UNIT_ASSIGNED_CONTEXT((#1638,#1639,#1640)) REPRESENTATION_CONTEXT
('Context #1','3D Context with UNIT and UNCERTAINTY') );
#1638 = ( LENGTH_UNIT() NAMED_UNIT(*) SI_UNIT(.MILLI.,.METRE.) );
#1639 = ( NAMED_UNIT(*) PLANE_ANGLE_UNIT() SI_UNIT($,.RADIAN.) );
#1640 = ( NAMED_UNIT(*) SI_UNIT($,.STERADIAN.) SOLID_ANGLE_UNIT() );
#1641 = UNCERTAINTY_MEASURE_WITH_UNIT(LENGTH_MEASURE(1.E-07),#1638,
  'distance_accuracy_value','confusion accuracy');
#1642 = CONTEXT_DEPENDENT_SHAPE_REPRESENTATION(#1643,#1645);
#1643 = ( REPRESENTATION_RELATIONSHIP('','',#1627,#10) 
REPRESENTATION_RELATIONSHIP_WITH_TRANSFORMATION(#1644) 
SHAPE_REPRESENTATION_RELATIONSHIP() );
#1644 = ITEM_DEFINED_TRANSFORMATION('','',#11,#151);
#1645 = PRODUCT_DEFINITION_SHAPE('Placement','Placement of an item',
  #1646);
#1646 = NEXT_ASSEMBLY_USAGE_OCCURRENCE('35','','',#5,#1622,$);
#1647 = PRODUCT_RELATED_PRODUCT_CATEGORY('part',$,(#1624));
#1648 = SHAPE_DEFINITION_REPRESENTATION(#1649,#1655);
#1649 = PRODUCT_DEFINITION_SHAPE('','',#1650);
#1650 = PRODUCT_DEFINITION('design','',#1651,#1654);
#1651 = PRODUCT_DEFINITION_FORMATION('','',#1652);
#1652 = PRODUCT('Open CASCADE STEP translator 7.8 1.36',
  'Open CASCADE STEP translator 7.8 1.36','',(#1653));
#1653 = PRODUCT_CONTEXT('',#2,'mechanical');
#1654 = PRODUCT_DEFINITION_CONTEXT('part definition',#2,'design');
#1655 = GEOMETRICALLY_BOUNDED_WIREFRAME_SHAPE_REPRESENTATION('',(#11,
    #1656),#1665);
#1656 = GEOMETRIC_CURVE_SET('',(#1657));
#1657 = TRIMMED_CURVE('',#1658,(#1663,PARAMETER_VALUE(0.)),(#1664,
    PARAMETER_VALUE(6.28318530718)),.T.,.PARAMETER.);
#1658 = CIRCLE('',#1659,68.940407401261);
#1659 = AXIS2_PLACEMENT_3D('',#1660,#1661,#1662);
#1660 = CARTESIAN_POINT('',(0.,0.,53.125));
#1661 = DIRECTION('',(0.,0.,1.));
#1662 = DIRECTION('',(1.,0.,-0.));
#1663 = CARTESIAN_POINT('',(68.940407401261,0.,53.125));
#1664 = CARTESIAN_POINT('',(68.940407401261,0.,53.125));
#1665 = ( GEOMETRIC_REPRESENTATION_CONTEXT(3) 
GLOBAL_UNCERTAINTY_ASSIGNED_CONTEXT((#1669)) 
GLOBAL_UNIT_ASSIGNED_CONTEXT((#1666,#1667,#1668)) REPRESENTATION_CONTEXT
('Context #1','3D Context with UNIT and UNCERTAINTY') );
#1666 = ( LENGTH_UNIT() NAMED_UNIT(*) SI_UNIT(.MILLI.,.METRE.) );
#1667 = ( NAMED_UNIT(*) PLANE_ANGLE_UNIT() SI_UNIT($,.RADIAN.) );
#1668 = ( NAMED_UNIT(*) SI_UNIT($,.STERADIAN.) SOLID_ANGLE_UNIT() );
#1669 = UNCERTAINTY_MEASURE_WITH_UNIT(LENGTH_MEASURE(1.E-07),#1666,
  'distance_accuracy_value','confusion accuracy');
#1670 = CONTEXT_DEPENDENT_SHAPE_REPRESENTATION(#1671,#1673);
#1671 = ( REPRESENTATION_RELATIONSHIP('','',#1655,#10) 
REPRESENTATION_RELATIONSHIP_WITH_TRANSFORMATION(#1672) 
SHAPE_REPRESENTATION_RELATIONSHIP() );
#1672 = ITEM_DEFINED_TRANSFORMATION('','',#11,#155);
#1673 = PRODUCT_DEFINITION_SHAPE('Placement','Placement of an item',
  #1674);
#1674 = NEXT_ASSEMBLY_USAGE_OCCURRENCE('36','','',#5,#1650,$);
#1675 = PRODUCT_RELATED_PRODUCT_CATEGORY('part',$,(#1652));
#1676 = SHAPE_DEFINITION_REPRESENTATION(#1677,#1683);
#1677 = PRODUCT_DEFINITION_SHAPE('','',#1678);
#1678 = PRODUCT_DEFINITION('design','',#1679,#1682);
#1679 = PRODUCT_DEFINITION_FORMATION('','',#1680);
#1680 = PRODUCT('Open CASCADE STEP translator 7.8 1.37',
  'Open CASCADE STEP translator 7.8 1.37','',(#1681));
#1681 = PRODUCT_CONTEXT('',#2,'mechanical');
#1682 = PRODUCT_DEFINITION_CONTEXT('part definition',#2,'design');
#1683 = GEOMETRICALLY_BOUNDED_WIREFRAME_SHAPE_REPRESENTATION('',(#11,
    #1684),#1693);
#1684 = GEOMETRIC_CURVE_SET('',(#1685));
#1685 = TRIMMED_CURVE('',#1686,(#1691,PARAMETER_VALUE(0.)),(#1692,
    PARAMETER_VALUE(6.28318530718)),.T.,.PARAMETER.);
#1686 = CIRCLE('',#1687,69.506920283842);
#1687 = AXIS2_PLACEMENT_3D('',#1688,#1689,#1690);
#1688 = CARTESIAN_POINT('',(0.,0.,54.6875));
#1689 = DIRECTION('',(0.,0.,1.));
#1690 = DIRECTION('',(1.,0.,-0.));
#1691 = CARTESIAN_POINT('',(69.506920283842,0.,54.6875));
#1692 = CARTESIAN_POINT('',(69.506920283842,0.,54.6875));
#1693 = ( GEOMETRIC_REPRESENTATION_CONTEXT(3) 
GLOBAL_UNCERTAINTY_ASSIGNED_CONTEXT((#1697)) 
GLOBAL_UNIT_ASSIGNED_CONTEXT((#1694,#1695,#1696)) REPRESENTATION_CONTEXT
('Context #1','3D Context with UNIT and UNCERTAINTY') );
#1694 = ( LENGTH_UNIT() NAMED_UNIT(*) SI_UNIT(.MILLI.,.METRE.) );
#1695 = ( NAMED_UNIT(*) PLANE_ANGLE_UNIT() SI_UNIT($,.RADIAN.) );
#1696 = ( NAMED_UNIT(*) SI_UNIT($,.STERADIAN.) SOLID_ANGLE_UNIT() );
#1697 = UNCERTAINTY_MEASURE_WITH_UNIT(LENGTH_MEASURE(1.E-07),#1694,
  'distance_accuracy_value','confusion accuracy');
#1698 = CONTEXT_DEPENDENT_SHAPE_REPRESENTATION(#1699,#1701);
#1699 = ( REPRESENTATION_RELATIONSHIP('','',#1683,#10) 
REPRESENTATION_RELATIONSHIP_WITH_TRANSFORMATION(#1700) 
SHAPE_REPRESENTATION_RELATIONSHIP() );
#1700 = ITEM_DEFINED_TRANSFORMATION('','',#11,#159);
#1701 = PRODUCT_DEFINITION_SHAPE('Placement','Placement of an item',
  #1702);
#1702 = NEXT_ASSEMBLY_USAGE_OCCURRENCE('37','','',#5,#1678,$);
#1703 = PRODUCT_RELATED_PRODUCT_CATEGORY('part',$,(#1680));
#1704 = SHAPE_DEFINITION_REPRESENTATION(#1705,#1711);
#1705 = PRODUCT_DEFINITION_SHAPE('','',#1706);
#1706 = PRODUCT_DEFINITION('design','',#1707,#1710);
#1707 = PRODUCT_DEFINITION_FORMATION('','',#1708);
#1708 = PRODUCT('Open CASCADE STEP translator 7.8 1.38',
  'Open CASCADE STEP translator 7.8 1.38','',(#1709));
#1709 = PRODUCT_CONTEXT('',#2,'mechanical');
#1710 = PRODUCT_DEFINITION_CONTEXT('part definition',#2,'design');
#1711 = GEOMETRICALLY_BOUNDED_WIREFRAME_SHAPE_REPRESENTATION('',(#11,
    #1712),#1721);
#1712 = GEOMETRIC_CURVE_SET('',(#1713));
#1713 = TRIMMED_CURVE('',#1714,(#1719,PARAMETER_VALUE(0.)),(#1720,
    PARAMETER_VALUE(6.28318530718)),.T.,.PARAMETER.);
#1714 = CIRCLE('',#1715,70.073433166423);
#1715 = AXIS2_PLACEMENT_3D('',#1716,#1717,#1718);
#1716 = CARTESIAN_POINT('',(0.,0.,56.25));
#1717 = DIRECTION('',(0.,0.,1.));
#1718 = DIRECTION('',(1.,0.,-0.));
#1719 = CARTESIAN_POINT('',(70.073433166423,0.,56.25));
#1720 = CARTESIAN_POINT('',(70.073433166423,0.,56.25));
#1721 = ( GEOMETRIC_REPRESENTATION_CONTEXT(3) 
GLOBAL_UNCERTAINTY_ASSIGNED_CONTEXT((#1725)) 
GLOBAL_UNIT_ASSIGNED_CONTEXT((#1722,#1723,#1724)) REPRESENTATION_CONTEXT
('Context #1','3D Context with UNIT and UNCERTAINTY') );
#1722 = ( LENGTH_UNIT() NAMED_UNIT(*) SI_UNIT(.MILLI.,.METRE.) );
#1723 = ( NAMED_UNIT(*) PLANE_ANGLE_UNIT() SI_UNIT($,.RADIAN.) );
#1724 = ( NAMED_UNIT(*) SI_UNIT($,.STERADIAN.) SOLID_ANGLE_UNIT() );
#1725 = UNCERTAINTY_MEASURE_WITH_UNIT(LENGTH_MEASURE(1.E-07),#1722,
  'distance_accuracy_value','confusion accuracy');
#1726 = CONTEXT_DEPENDENT_SHAPE_REPRESENTATION(#1727,#1729);
#1727 = ( REPRESENTATION_RELATIONSHIP('','',#1711,#10) 
REPRESENTATION_RELATIONSHIP_WITH_TRANSFORMATION(#1728) 
SHAPE_REPRESENTATION_RELATIONSHIP() );
#1728 = ITEM_DEFINED_TRANSFORMATION('','',#11,#163);
#1729 = PRODUCT_DEFINITION_SHAPE('Placement','Placement of an item',
  #1730);
#1730 = NEXT_ASSEMBLY_USAGE_OCCURRENCE('38','','',#5,#1706,$);
#1731 = PRODUCT_RELATED_PRODUCT_CATEGORY('part',$,(#1708));
#1732 = SHAPE_DEFINITION_REPRESENTATION(#1733,#1739);
#1733 = PRODUCT_DEFINITION_SHAPE('','',#1734);
#1734 = PRODUCT_DEFINITION('design','',#1735,#1738);
#1735 = PRODUCT_DEFINITION_FORMATION('','',#1736);
#1736 = PRODUCT('Open CASCADE STEP translator 7.8 1.39',
  'Open CASCADE STEP translator 7.8 1.39','',(#1737));
#1737 = PRODUCT_CONTEXT('',#2,'mechanical');
#1738 = PRODUCT_DEFINITION_CONTEXT('part definition',#2,'design');
#1739 = GEOMETRICALLY_BOUNDED_WIREFRAME_SHAPE_REPRESENTATION('',(#11,
    #1740),#1749);
#1740 = GEOMETRIC_CURVE_SET('',(#1741));
#1741 = TRIMMED_CURVE('',#1742,(#1747,PARAMETER_VALUE(0.)),(#1748,
    PARAMETER_VALUE(6.28318530718)),.T.,.PARAMETER.);
#1742 = CIRCLE('',#1743,70.639946049005);
#1743 = AXIS2_PLACEMENT_3D('',#1744,#1745,#1746);
#1744 = CARTESIAN_POINT('',(0.,0.,57.8125));
#1745 = DIRECTION('',(0.,0.,1.));
#1746 = DIRECTION('',(1.,0.,-0.));
#1747 = CARTESIAN_POINT('',(70.639946049005,0.,57.8125));
#1748 = CARTESIAN_POINT('',(70.639946049005,0.,57.8125));
#1749 = ( GEOMETRIC_REPRESENTATION_CONTEXT(3) 
GLOBAL_UNCERTAINTY_ASSIGNED_CONTEXT((#1753)) 
GLOBAL_UNIT_ASSIGNED_CONTEXT((#1750,#1751,#1752)) REPRESENTATION_CONTEXT
('Context #1','3D Context with UNIT and UNCERTAINTY') );
#1750 = ( LENGTH_UNIT() NAMED_UNIT(*) SI_UNIT(.MILLI.,.METRE.) );
#1751 = ( NAMED_UNIT(*) PLANE_ANGLE_UNIT() SI_UNIT($,.RADIAN.) );
#1752 = ( NAMED_UNIT(*) SI_UNIT($,.STERADIAN.) SOLID_ANGLE_UNIT() );
#1753 = UNCERTAINTY_MEASURE_WITH_UNIT(LENGTH_MEASURE(1.E-07),#1750,
  'distance_accuracy_value','confusion accuracy');
#1754 = CONTEXT_DEPENDENT_SHAPE_REPRESENTATION(#1755,#1757);
#1755 = ( REPRESENTATION_RELATIONSHIP('','',#1739,#10) 
REPRESENTATION_RELATIONSHIP_WITH_TRANSFORMATION(#1756) 
SHAPE_REPRESENTATION_RELATIONSHIP() );
#1756 = ITEM_DEFINED_TRANSFORMATION('','',#11,#167);
#1757 = PRODUCT_DEFINITION_SHAPE('Placement','Placement of an item',
  #1758);
#1758 = NEXT_ASSEMBLY_USAGE_OCCURRENCE('39','','',#5,#1734,$);
#1759 = PRODUCT_RELATED_PRODUCT_CATEGORY('part',$,(#1736));
#1760 = SHAPE_DEFINITION_REPRESENTATION(#1761,#1767);
#1761 = PRODUCT_DEFINITION_SHAPE('','',#1762);
#1762 = PRODUCT_DEFINITION('design','',#1763,#1766);
#1763 = PRODUCT_DEFINITION_FORMATION('','',#1764);
#1764 = PRODUCT('Open CASCADE STEP translator 7.8 1.40',
  'Open CASCADE STEP translator 7.8 1.40','',(#1765));
#1765 = PRODUCT_CONTEXT('',#2,'mechanical');
#1766 = PRODUCT_DEFINITION_CONTEXT('part definition',#2,'design');
#1767 = GEOMETRICALLY_BOUNDED_WIREFRAME_SHAPE_REPRESENTATION('',(#11,
    #1768),#1777);
#1768 = GEOMETRIC_CURVE_SET('',(#1769));
#1769 = TRIMMED_CURVE('',#1770,(#1775,PARAMETER_VALUE(0.)),(#1776,
    PARAMETER_VALUE(6.28318530718)),.T.,.PARAMETER.);
#1770 = CIRCLE('',#1771,71.206458931586);
#1771 = AXIS2_PLACEMENT_3D('',#1772,#1773,#1774);
#1772 = CARTESIAN_POINT('',(0.,0.,59.375));
#1773 = DIRECTION('',(0.,0.,1.));
#1774 = DIRECTION('',(1.,0.,-0.));
#1775 = CARTESIAN_POINT('',(71.206458931586,0.,59.375));
#1776 = CARTESIAN_POINT('',(71.206458931586,0.,59.375));
#1777 = ( GEOMETRIC_REPRESENTATION_CONTEXT(3) 
GLOBAL_UNCERTAINTY_ASSIGNED_CONTEXT((#1781)) 
GLOBAL_UNIT_ASSIGNED_CONTEXT((#1778,#1779,#1780)) REPRESENTATION_CONTEXT
('Context #1','3D Context with UNIT and UNCERTAINTY') );
#1778 = ( LENGTH_UNIT() NAMED_UNIT(*) SI_UNIT(.MILLI.,.METRE.) );
#1779 = ( NAMED_UNIT(*) PLANE_ANGLE_UNIT() SI_UNIT($,.RADIAN.) );
#1780 = ( NAMED_UNIT(*) SI_UNIT($,.STERADIAN.) SOLID_ANGLE_UNIT() );
#1781 = UNCERTAINTY_MEASURE_WITH_UNIT(LENGTH_MEASURE(1.E-07),#1778,
  'distance_accuracy_value','confusion accuracy');
#1782 = CONTEXT_DEPENDENT_SHAPE_REPRESENTATION(#1783,#1785);
#1783 = ( REPRESENTATION_RELATIONSHIP('','',#1767,#10) 
REPRESENTATION_RELATIONSHIP_WITH_TRANSFORMATION(#1784) 
SHAPE_REPRESENTATION_RELATIONSHIP() );
#1784 = ITEM_DEFINED_TRANSFORMATION('','',#11,#171);
#1785 = PRODUCT_DEFINITION_SHAPE('Placement','Placement of an item',
  #1786);
#1786 = NEXT_ASSEMBLY_USAGE_OCCURRENCE('40','','',#5,#1762,$);
#1787 = PRODUCT_RELATED_PRODUCT_CATEGORY('part',$,(#1764));
#1788 = SHAPE_DEFINITION_REPRESENTATION(#1789,#1795);
#1789 = PRODUCT_DEFINITION_SHAPE('','',#1790);
#1790 = PRODUCT_DEFINITION('design','',#1791,#1794);
#1791 = PRODUCT_DEFINITION_FORMATION('','',#1792);
#1792 = PRODUCT('Open CASCADE STEP translator 7.8 1.41',
  'Open CASCADE STEP translator 7.8 1.41','',(#1793));
#1793 = PRODUCT_CONTEXT('',#2,'mechanical');
#1794 = PRODUCT_DEFINITION_CONTEXT('part definition',#2,'design');
#1795 = GEOMETRICALLY_BOUNDED_WIREFRAME_SHAPE_REPRESENTATION('',(#11,
    #1796),#1805);
#1796 = GEOMETRIC_CURVE_SET('',(#1797));
#1797 = TRIMMED_CURVE('',#1798,(#1803,PARAMETER_VALUE(0.)),(#1804,
    PARAMETER_VALUE(6.28318530718)),.T.,.PARAMETER.);
#1798 = CIRCLE('',#1799,71.772971814167);
#1799 = AXIS2_PLACEMENT_3D('',#1800,#1801,#1802);
#1800 = CARTESIAN_POINT('',(0.,0.,60.9375));
#1801 = DIRECTION('',(0.,0.,1.));
#1802 = DIRECTION('',(1.,0.,-0.));
#1803 = CARTESIAN_POINT('',(71.772971814167,0.,60.9375));
#1804 = CARTESIAN_POINT('',(71.772971814167,0.,60.9375));
#1805 = ( GEOMETRIC_REPRESENTATION_CONTEXT(3) 
GLOBAL_UNCERTAINTY_ASSIGNED_CONTEXT((#1809)) 
GLOBAL_UNIT_ASSIGNED_CONTEXT((#1806,#1807,#1808)) REPRESENTATION_CONTEXT
('Context #1','3D Context with UNIT and UNCERTAINTY') );
#1806 = ( LENGTH_UNIT() NAMED_UNIT(*) SI_UNIT(.MILLI.,.METRE.) );
#1807 = ( NAMED_UNIT(*) PLANE_ANGLE_UNIT() SI_UNIT($,.RADIAN.) );
#1808 = ( NAMED_UNIT(*) SI_UNIT($,.STERADIAN.) SOLID_ANGLE_UNIT() );
#1809 = UNCERTAINTY_MEASURE_WITH_UNIT(LENGTH_MEASURE(1.E-07),#1806,
  'distance_accuracy_value','confusion accuracy');
#1810 = CONTEXT_DEPENDENT_SHAPE_REPRESENTATION(#1811,#1813);
#1811 = ( REPRESENTATION_RELATIONSHIP('','',#1795,#10) 
REPRESENTATION_RELATIONSHIP_WITH_TRANSFORMATION(#1812) 
SHAPE_REPRESENTATION_RELATIONSHIP() );
#1812 = ITEM_DEFINED_TRANSFORMATION('','',#11,#175);
#1813 = PRODUCT_DEFINITION_SHAPE('Placement','Placement of an item',
  #1814);
#1814 = NEXT_ASSEMBLY_USAGE_OCCURRENCE('41','','',#5,#1790,$);
#1815 = PRODUCT_RELATED_PRODUCT_CATEGORY('part',$,(#1792));
#1816 = SHAPE_DEFINITION_REPRESENTATION(#1817,#1823);
#1817 = PRODUCT_DEFINITION_SHAPE('','',#1818);
#1818 = PRODUCT_DEFINITION('design','',#1819,#1822);
#1819 = PRODUCT_DEFINITION_FORMATION('','',#1820);
#1820 = PRODUCT('Open CASCADE STEP translator 7.8 1.42',
  'Open CASCADE STEP translator 7.8 1.42','',(#1821));
#1821 = PRODUCT_CONTEXT('',#2,'mechanical');
#1822 = PRODUCT_DEFINITION_CONTEXT('part definition',#2,'design');
#1823 = GEOMETRICALLY_BOUNDED_WIREFRAME_SHAPE_REPRESENTATION('',(#11,
    #1824),#1833);
#1824 = GEOMETRIC_CURVE_SET('',(#1825));
#1825 = TRIMMED_CURVE('',#1826,(#1831,PARAMETER_VALUE(0.)),(#1832,
    PARAMETER_VALUE(6.28318530718)),.T.,.PARAMETER.);
#1826 = CIRCLE('',#1827,72.339484696748);
#1827 = AXIS2_PLACEMENT_3D('',#1828,#1829,#1830);
#1828 = CARTESIAN_POINT('',(0.,0.,62.5));
#1829 = DIRECTION('',(0.,0.,1.));
#1830 = DIRECTION('',(1.,0.,-0.));
#1831 = CARTESIAN_POINT('',(72.339484696748,0.,62.5));
#1832 = CARTESIAN_POINT('',(72.339484696748,0.,62.5));
#1833 = ( GEOMETRIC_REPRESENTATION_CONTEXT(3) 
GLOBAL_UNCERTAINTY_ASSIGNED_CONTEXT((#1837)) 
GLOBAL_UNIT_ASSIGNED_CONTEXT((#1834,#1835,#1836)) REPRESENTATION_CONTEXT
('Context #1','3D Context with UNIT and UNCERTAINTY') );
#1834 = ( LENGTH_UNIT() NAMED_UNIT(*) SI_UNIT(.MILLI.,.METRE.) );
#1835 = ( NAMED_UNIT(*) PLANE_ANGLE_UNIT() SI_UNIT($,.RADIAN.) );
#1836 = ( NAMED_UNIT(*) SI_UNIT($,.STERADIAN.) SOLID_ANGLE_UNIT() );
#1837 = UNCERTAINTY_MEASURE_WITH_UNIT(LENGTH_MEASURE(1.E-07),#1834,
  'distance_accuracy_value','confusion accuracy');
#1838 = CONTEXT_DEPENDENT_SHAPE_REPRESENTATION(#1839,#1841);
#1839 = ( REPRESENTATION_RELATIONSHIP('','',#1823,#10) 
REPRESENTATION_RELATIONSHIP_WITH_TRANSFORMATION(#1840) 
SHAPE_REPRESENTATION_RELATIONSHIP() );
#1840 = ITEM_DEFINED_TRANSFORMATION('','',#11,#179);
#1841 = PRODUCT_DEFINITION_SHAPE('Placement','Placement of an item',
  #1842);
#1842 = NEXT_ASSEMBLY_USAGE_OCCURRENCE('42','','',#5,#1818,$);
#1843 = PRODUCT_RELATED_PRODUCT_CATEGORY('part',$,(#1820));
#1844 = SHAPE_DEFINITION_REPRESENTATION(#1845,#1851);
#1845 = PRODUCT_DEFINITION_SHAPE('','',#1846);
#1846 = PRODUCT_DEFINITION('design','',#1847,#1850);
#1847 = PRODUCT_DEFINITION_FORMATION('','',#1848);
#1848 = PRODUCT('Open CASCADE STEP translator 7.8 1.43',
  'Open CASCADE STEP translator 7.8 1.43','',(#1849));
#1849 = PRODUCT_CONTEXT('',#2,'mechanical');
#1850 = PRODUCT_DEFINITION_CONTEXT('part definition',#2,'design');
#1851 = GEOMETRICALLY_BOUNDED_WIREFRAME_SHAPE_REPRESENTATION('',(#11,
    #1852),#1861);
#1852 = GEOMETRIC_CURVE_SET('',(#1853));
#1853 = TRIMMED_CURVE('',#1854,(#1859,PARAMETER_VALUE(0.)),(#1860,
    PARAMETER_VALUE(6.28318530718)),.T.,.PARAMETER.);
#1854 = CIRCLE('',#1855,72.90599757933);
#1855 = AXIS2_PLACEMENT_3D('',#1856,#1857,#1858);
#1856 = CARTESIAN_POINT('',(0.,0.,64.0625));
#1857 = DIRECTION('',(0.,0.,1.));
#1858 = DIRECTION('',(1.,0.,-0.));
#1859 = CARTESIAN_POINT('',(72.90599757933,0.,64.0625));
#1860 = CARTESIAN_POINT('',(72.90599757933,0.,64.0625));
#1861 = ( GEOMETRIC_REPRESENTATION_CONTEXT(3) 
GLOBAL_UNCERTAINTY_ASSIGNED_CONTEXT((#1865)) 
GLOBAL_UNIT_ASSIGNED_CONTEXT((#1862,#1863,#1864)) REPRESENTATION_CONTEXT
('Context #1','3D Context with UNIT and UNCERTAINTY') );
#1862 = ( LENGTH_UNIT() NAMED_UNIT(*) SI_UNIT(.MILLI.,.METRE.) );
#1863 = ( NAMED_UNIT(*) PLANE_ANGLE_UNIT() SI_UNIT($,.RADIAN.) );
#1864 = ( NAMED_UNIT(*) SI_UNIT($,.STERADIAN.) SOLID_ANGLE_UNIT() );
#1865 = UNCERTAINTY_MEASURE_WITH_UNIT(LENGTH_MEASURE(1.E-07),#1862,
  'distance_accuracy_value','confusion accuracy');
#1866 = CONTEXT_DEPENDENT_SHAPE_REPRESENTATION(#1867,#1869);
#1867 = ( REPRESENTATION_RELATIONSHIP('','',#1851,#10) 
REPRESENTATION_RELATIONSHIP_WITH_TRANSFORMATION(#1868) 
SHAPE_REPRESENTATION_RELATIONSHIP() );
#1868 = ITEM_DEFINED_TRANSFORMATION('','',#11,#183);
#1869 = PRODUCT_DEFINITION_SHAPE('Placement','Placement of an item',
  #1870);
#1870 = NEXT_ASSEMBLY_USAGE_OCCURRENCE('43','','',#5,#1846,$);
#1871 = PRODUCT_RELATED_PRODUCT_CATEGORY('part',$,(#1848));
#1872 = SHAPE_DEFINITION_REPRESENTATION(#1873,#1879);
#1873 = PRODUCT_DEFINITION_SHAPE('','',#1874);
#1874 = PRODUCT_DEFINITION('design','',#1875,#1878);
#1875 = PRODUCT_DEFINITION_FORMATION('','',#1876);
#1876 = PRODUCT('Open CASCADE STEP translator 7.8 1.44',
  'Open CASCADE STEP translator 7.8 1.44','',(#1877));
#1877 = PRODUCT_CONTEXT('',#2,'mechanical');
#1878 = PRODUCT_DEFINITION_CONTEXT('part definition',#2,'design');
#1879 = GEOMETRICALLY_BOUNDED_WIREFRAME_SHAPE_REPRESENTATION('',(#11,
    #1880),#1889);
#1880 = GEOMETRIC_CURVE_SET('',(#1881));
#1881 = TRIMMED_CURVE('',#1882,(#1887,PARAMETER_VALUE(0.)),(#1888,
    PARAMETER_VALUE(6.28318530718)),.T.,.PARAMETER.);
#1882 = CIRCLE('',#1883,73.472510461911);
#1883 = AXIS2_PLACEMENT_3D('',#1884,#1885,#1886);
#1884 = CARTESIAN_POINT('',(0.,0.,65.625));
#1885 = DIRECTION('',(0.,0.,1.));
#1886 = DIRECTION('',(1.,0.,-0.));
#1887 = CARTESIAN_POINT('',(73.472510461911,0.,65.625));
#1888 = CARTESIAN_POINT('',(73.472510461911,0.,65.625));
#1889 = ( GEOMETRIC_REPRESENTATION_CONTEXT(3) 
GLOBAL_UNCERTAINTY_ASSIGNED_CONTEXT((#1893)) 
GLOBAL_UNIT_ASSIGNED_CONTEXT((#1890,#1891,#1892)) REPRESENTATION_CONTEXT
('Context #1','3D Context with UNIT and UNCERTAINTY') );
#1890 = ( LENGTH_UNIT() NAMED_UNIT(*) SI_UNIT(.MILLI.,.METRE.) );
#1891 = ( NAMED_UNIT(*) PLANE_ANGLE_UNIT() SI_UNIT($,.RADIAN.) );
#1892 = ( NAMED_UNIT(*) SI_UNIT($,.STERADIAN.) SOLID_ANGLE_UNIT() );
#1893 = UNCERTAINTY_MEASURE_WITH_UNIT(LENGTH_MEASURE(1.E-07),#1890,
  'distance_accuracy_value','confusion accuracy');
#1894 = CONTEXT_DEPENDENT_SHAPE_REPRESENTATION(#1895,#1897);
#1895 = ( REPRESENTATION_RELATIONSHIP('','',#1879,#10) 
REPRESENTATION_RELATIONSHIP_WITH_TRANSFORMATION(#1896) 
SHAPE_REPRESENTATION_RELATIONSHIP() );
#1896 = ITEM_DEFINED_TRANSFORMATION('','',#11,#187);
#1897 = PRODUCT_DEFINITION_SHAPE('Placement','Placement of an item',
  #1898);
#1898 = NEXT_ASSEMBLY_USAGE_OCCURRENCE('44','','',#5,#1874,$);
#1899 = PRODUCT_RELATED_PRODUCT_CATEGORY('part',$,(#1876));
#1900 = SHAPE_DEFINITION_REPRESENTATION(#1901,#1907);
#1901 = PRODUCT_DEFINITION_SHAPE('','',#1902);
#1902 = PRODUCT_DEFINITION('design','',#1903,#1906);
#1903 = PRODUCT_DEFINITION_FORMATION('','',#1904);
#1904 = PRODUCT('Open CASCADE STEP translator 7.8 1.45',
  'Open CASCADE STEP translator 7.8 1.45','',(#1905));
#1905 = PRODUCT_CONTEXT('',#2,'mechanical');
#1906 = PRODUCT_DEFINITION_CONTEXT('part definition',#2,'design');
#1907 = GEOMETRICALLY_BOUNDED_WIREFRAME_SHAPE_REPRESENTATION('',(#11,
    #1908),#1917);
#1908 = GEOMETRIC_CURVE_SET('',(#1909));
#1909 = TRIMMED_CURVE('',#1910,(#1915,PARAMETER_VALUE(0.)),(#1916,
    PARAMETER_VALUE(6.28318530718)),.T.,.PARAMETER.);
#1910 = CIRCLE('',#1911,74.039023344492);
#1911 = AXIS2_PLACEMENT_3D('',#1912,#1913,#1914);
#1912 = CARTESIAN_POINT('',(0.,0.,67.1875));
#1913 = DIRECTION('',(0.,0.,1.));
#1914 = DIRECTION('',(1.,0.,-0.));
#1915 = CARTESIAN_POINT('',(74.039023344492,0.,67.1875));
#1916 = CARTESIAN_POINT('',(74.039023344492,0.,67.1875));
#1917 = ( GEOMETRIC_REPRESENTATION_CONTEXT(3) 
GLOBAL_UNCERTAINTY_ASSIGNED_CONTEXT((#1921)) 
GLOBAL_UNIT_ASSIGNED_CONTEXT((#1918,#1919,#1920)) REPRESENTATION_CONTEXT
('Context #1','3D Context with UNIT and UNCERTAINTY') );
#1918 = ( LENGTH_UNIT() NAMED_UNIT(*) SI_UNIT(.MILLI.,.METRE.) );
#1919 = ( NAMED_UNIT(*) PLANE_ANGLE_UNIT() SI_UNIT($,.RADIAN.) );
#1920 = ( NAMED_UNIT(*) SI_UNIT($,.STERADIAN.) SOLID_ANGLE_UNIT() );
#1921 = UNCERTAINTY_MEASURE_WITH_UNIT(LENGTH_MEASURE(1.E-07),#1918,
  'distance_accuracy_value','confusion accuracy');
#1922 = CONTEXT_DEPENDENT_SHAPE_REPRESENTATION(#1923,#1925);
#1923 = ( REPRESENTATION_RELATIONSHIP('','',#1907,#10) 
REPRESENTATION_RELATIONSHIP_WITH_TRANSFORMATION(#1924) 
SHAPE_REPRESENTATION_RELATIONSHIP() );
#1924 = ITEM_DEFINED_TRANSFORMATION('','',#11,#191);
#1925 = PRODUCT_DEFINITION_SHAPE('Placement','Placement of an item',
  #1926);
#1926 = NEXT_ASSEMBLY_USAGE_OCCURRENCE('45','','',#5,#1902,$);
#1927 = PRODUCT_RELATED_PRODUCT_CATEGORY('part',$,(#1904));
#1928 = SHAPE_DEFINITION_REPRESENTATION(#1929,#1935);
#1929 = PRODUCT_DEFINITION_SHAPE('','',#1930);
#1930 = PRODUCT_DEFINITION('design','',#1931,#1934);
#1931 = PRODUCT_DEFINITION_FORMATION('','',#1932);
#1932 = PRODUCT('Open CASCADE STEP translator 7.8 1.46',
  'Open CASCADE STEP translator 7.8 1.46','',(#1933));
#1933 = PRODUCT_CONTEXT('',#2,'mechanical');
#1934 = PRODUCT_DEFINITION_CONTEXT('part definition',#2,'design');
#1935 = GEOMETRICALLY_BOUNDED_WIREFRAME_SHAPE_REPRESENTATION('',(#11,
    #1936),#1945);
#1936 = GEOMETRIC_CURVE_SET('',(#1937));
#1937 = TRIMMED_CURVE('',#1938,(#1943,PARAMETER_VALUE(0.)),(#1944,
    PARAMETER_VALUE(6.28318530718)),.T.,.PARAMETER.);
#1938 = CIRCLE('',#1939,74.605536227074);
#1939 = AXIS2_PLACEMENT_3D('',#1940,#1941,#1942);
#1940 = CARTESIAN_POINT('',(0.,0.,68.75));
#1941 = DIRECTION('',(0.,0.,1.));
#1942 = DIRECTION('',(1.,0.,-0.));
#1943 = CARTESIAN_POINT('',(74.605536227074,0.,68.75));
#1944 = CARTESIAN_POINT('',(74.605536227074,0.,68.75));
#1945 = ( GEOMETRIC_REPRESENTATION_CONTEXT(3) 
GLOBAL_UNCERTAINTY_ASSIGNED_CONTEXT((#1949)) 
GLOBAL_UNIT_ASSIGNED_CONTEXT((#1946,#1947,#1948)) REPRESENTATION_CONTEXT
('Context #1','3D Context with UNIT and UNCERTAINTY') );
#1946 = ( LENGTH_UNIT() NAMED_UNIT(*) SI_UNIT(.MILLI.,.METRE.) );
#1947 = ( NAMED_UNIT(*) PLANE_ANGLE_UNIT() SI_UNIT($,.RADIAN.) );
#1948 = ( NAMED_UNIT(*) SI_UNIT($,.STERADIAN.) SOLID_ANGLE_UNIT() );
#1949 = UNCERTAINTY_MEASURE_WITH_UNIT(LENGTH_MEASURE(1.E-07),#1946,
  'distance_accuracy_value','confusion accuracy');
#1950 = CONTEXT_DEPENDENT_SHAPE_REPRESENTATION(#1951,#1953);
#1951 = ( REPRESENTATION_RELATIONSHIP('','',#1935,#10) 
REPRESENTATION_RELATIONSHIP_WITH_TRANSFORMATION(#1952) 
SHAPE_REPRESENTATION_RELATIONSHIP() );
#1952 = ITEM_DEFINED_TRANSFORMATION('','',#11,#195);
#1953 = PRODUCT_DEFINITION_SHAPE('Placement','Placement of an item',
  #1954);
#1954 = NEXT_ASSEMBLY_USAGE_OCCURRENCE('46','','',#5,#1930,$);
#1955 = PRODUCT_RELATED_PRODUCT_CATEGORY('part',$,(#1932));
#1956 = SHAPE_DEFINITION_REPRESENTATION(#1957,#1963);
#1957 = PRODUCT_DEFINITION_SHAPE('','',#1958);
#1958 = PRODUCT_DEFINITION('design','',#1959,#1962);
#1959 = PRODUCT_DEFINITION_FORMATION('','',#1960);
#1960 = PRODUCT('Open CASCADE STEP translator 7.8 1.47',
  'Open CASCADE STEP translator 7.8 1.47','',(#1961));
#1961 = PRODUCT_CONTEXT('',#2,'mechanical');
#1962 = PRODUCT_DEFINITION_CONTEXT('part definition',#2,'design');
#1963 = GEOMETRICALLY_BOUNDED_WIREFRAME_SHAPE_REPRESENTATION('',(#11,
    #1964),#1973);
#1964 = GEOMETRIC_CURVE_SET('',(#1965));
#1965 = TRIMMED_CURVE('',#1966,(#1971,PARAMETER_VALUE(0.)),(#1972,
    PARAMETER_VALUE(6.28318530718)),.T.,.PARAMETER.);
#1966 = CIRCLE('',#1967,75.172049109655);
#1967 = AXIS2_PLACEMENT_3D('',#1968,#1969,#1970);
#1968 = CARTESIAN_POINT('',(0.,0.,70.3125));
#1969 = DIRECTION('',(0.,0.,1.));
#1970 = DIRECTION('',(1.,0.,-0.));
#1971 = CARTESIAN_POINT('',(75.172049109655,0.,70.3125));
#1972 = CARTESIAN_POINT('',(75.172049109655,0.,70.3125));
#1973 = ( GEOMETRIC_REPRESENTATION_CONTEXT(3) 
GLOBAL_UNCERTAINTY_ASSIGNED_CONTEXT((#1977)) 
GLOBAL_UNIT_ASSIGNED_CONTEXT((#1974,#1975,#1976)) REPRESENTATION_CONTEXT
('Context #1','3D Context with UNIT and UNCERTAINTY') );
#1974 = ( LENGTH_UNIT() NAMED_UNIT(*) SI_UNIT(.MILLI.,.METRE.) );
#1975 = ( NAMED_UNIT(*) PLANE_ANGLE_UNIT() SI_UNIT($,.RADIAN.) );
#1976 = ( NAMED_UNIT(*) SI_UNIT($,.STERADIAN.) SOLID_ANGLE_UNIT() );
#1977 = UNCERTAINTY_MEASURE_WITH_UNIT(LENGTH_MEASURE(1.E-07),#1974,
  'distance_accuracy_value','confusion accuracy');
#1978 = CONTEXT_DEPENDENT_SHAPE_REPRESENTATION(#1979,#1981);
#1979 = ( REPRESENTATION_RELATIONSHIP('','',#1963,#10) 
REPRESENTATION_RELATIONSHIP_WITH_TRANSFORMATION(#1980) 
SHAPE_REPRESENTATION_RELATIONSHIP() );
#1980 = ITEM_DEFINED_TRANSFORMATION('','',#11,#199);
#1981 = PRODUCT_DEFINITION_SHAPE('Placement','Placement of an item',
  #1982);
#1982 = NEXT_ASSEMBLY_USAGE_OCCURRENCE('47','','',#5,#1958,$);
#1983 = PRODUCT_RELATED_PRODUCT_CATEGORY('part',$,(#1960));
#1984 = SHAPE_DEFINITION_REPRESENTATION(#1985,#1991);
#1985 = PRODUCT_DEFINITION_SHAPE('','',#1986);
#1986 = PRODUCT_DEFINITION('design','',#1987,#1990);
#1987 = PRODUCT_DEFINITION_FORMATION('','',#1988);
#1988 = PRODUCT('Open CASCADE STEP translator 7.8 1.48',
  'Open CASCADE STEP translator 7.8 1.48','',(#1989));
#1989 = PRODUCT_CONTEXT('',#2,'mechanical');
#1990 = PRODUCT_DEFINITION_CONTEXT('part definition',#2,'design');
#1991 = GEOMETRICALLY_BOUNDED_WIREFRAME_SHAPE_REPRESENTATION('',(#11,
    #1992),#2001);
#1992 = GEOMETRIC_CURVE_SET('',(#1993));
#1993 = TRIMMED_CURVE('',#1994,(#1999,PARAMETER_VALUE(0.)),(#2000,
    PARAMETER_VALUE(6.28318530718)),.T.,.PARAMETER.);
#1994 = CIRCLE('',#1995,75.738561992236);
#1995 = AXIS2_PLACEMENT_3D('',#1996,#1997,#1998);
#1996 = CARTESIAN_POINT('',(0.,0.,71.875));
#1997 = DIRECTION('',(0.,0.,1.));
#1998 = DIRECTION('',(1.,0.,-0.));
#1999 = CARTESIAN_POINT('',(75.738561992236,0.,71.875));
#2000 = CARTESIAN_POINT('',(75.738561992236,0.,71.875));
#2001 = ( GEOMETRIC_REPRESENTATION_CONTEXT(3) 
GLOBAL_UNCERTAINTY_ASSIGNED_CONTEXT((#2005)) 
GLOBAL_UNIT_ASSIGNED_CONTEXT((#2002,#2003,#2004)) REPRESENTATION_CONTEXT
('Context #1','3D Context with UNIT and UNCERTAINTY') );
#2002 = ( LENGTH_UNIT() NAMED_UNIT(*) SI_UNIT(.MILLI.,.METRE.) );
#2003 = ( NAMED_UNIT(*) PLANE_ANGLE_UNIT() SI_UNIT($,.RADIAN.) );
#2004 = ( NAMED_UNIT(*) SI_UNIT($,.STERADIAN.) SOLID_ANGLE_UNIT() );
#2005 = UNCERTAINTY_MEASURE_WITH_UNIT(LENGTH_MEASURE(1.E-07),#2002,
  'distance_accuracy_value','confusion accuracy');
#2006 = CONTEXT_DEPENDENT_SHAPE_REPRESENTATION(#2007,#2009);
#2007 = ( REPRESENTATION_RELATIONSHIP('','',#1991,#10) 
REPRESENTATION_RELATIONSHIP_WITH_TRANSFORMATION(#2008) 
SHAPE_REPRESENTATION_RELATIONSHIP() );
#2008 = ITEM_DEFINED_TRANSFORMATION('','',#11,#203);
#2009 = PRODUCT_DEFINITION_SHAPE('Placement','Placement of an item',
  #2010);
#2010 = NEXT_ASSEMBLY_USAGE_OCCURRENCE('48','','',#5,#1986,$);
#2011 = PRODUCT_RELATED_PRODUCT_CATEGORY('part',$,(#1988));
#2012 = SHAPE_DEFINITION_REPRESENTATION(#2013,#2019);
#2013 = PRODUCT_DEFINITION_SHAPE('','',#2014);
#2014 = PRODUCT_DEFINITION('design','',#2015,#2018);
#2015 = PRODUCT_DEFINITION_FORMATION('','',#2016);
#2016 = PRODUCT('Open CASCADE STEP translator 7.8 1.49',
  'Open CASCADE STEP translator 7.8 1.49','',(#2017));
#2017 = PRODUCT_CONTEXT('',#2,'mechanical');
#2018 = PRODUCT_DEFINITION_CONTEXT('part definition',#2,'design');
#2019 = GEOMETRICALLY_BOUNDED_WIREFRAME_SHAPE_REPRESENTATION('',(#11,
    #2020),#2029);
#2020 = GEOMETRIC_CURVE_SET('',(#2021));
#2021 = TRIMMED_CURVE('',#2022,(#2027,PARAMETER_VALUE(0.)),(#2028,
    PARAMETER_VALUE(6.28318530718)),.T.,.PARAMETER.);
#2022 = CIRCLE('',#2023,76.305074874817);
#2023 = AXIS2_PLACEMENT_3D('',#2024,#2025,#2026);
#2024 = CARTESIAN_POINT('',(0.,0.,73.4375));
#2025 = DIRECTION('',(0.,0.,1.));
#2026 = DIRECTION('',(1.,0.,-0.));
#2027 = CARTESIAN_POINT('',(76.305074874817,0.,73.4375));
#2028 = CARTESIAN_POINT('',(76.305074874817,0.,73.4375));
#2029 = ( GEOMETRIC_REPRESENTATION_CONTEXT(3) 
GLOBAL_UNCERTAINTY_ASSIGNED_CONTEXT((#2033)) 
GLOBAL_UNIT_ASSIGNED_CONTEXT((#2030,#2031,#2032)) REPRESENTATION_CONTEXT
('Context #1','3D Context with UNIT and UNCERTAINTY') );
#2030 = ( LENGTH_UNIT() NAMED_UNIT(*) SI_UNIT(.MILLI.,.METRE.) );
#2031 = ( NAMED_UNIT(*) PLANE_ANGLE_UNIT() SI_UNIT($,.RADIAN.) );
#2032 = ( NAMED_UNIT(*) SI_UNIT($,.STERADIAN.) SOLID_ANGLE_UNIT() );
#2033 = UNCERTAINTY_MEASURE_WITH_UNIT(LENGTH_MEASURE(1.E-07),#2030,
  'distance_accuracy_value','confusion accuracy');
#2034 = CONTEXT_DEPENDENT_SHAPE_REPRESENTATION(#2035,#2037);
#2035 = ( REPRESENTATION_RELATIONSHIP('','',#2019,#10) 
REPRESENTATION_RELATIONSHIP_WITH_TRANSFORMATION(#2036) 
SHAPE_REPRESENTATION_RELATIONSHIP() );
#2036 = ITEM_DEFINED_TRANSFORMATION('','',#11,#207);
#2037 = PRODUCT_DEFINITION_SHAPE('Placement','Placement of an item',
  #2038);
#2038 = NEXT_ASSEMBLY_USAGE_OCCURRENCE('49','','',#5,#2014,$);
#2039 = PRODUCT_RELATED_PRODUCT_CATEGORY('part',$,(#2016));
#2040 = SHAPE_DEFINITION_REPRESENTATION(#2041,#2047);
#2041 = PRODUCT_DEFINITION_SHAPE('','',#2042);
#2042 = PRODUCT_DEFINITION('design','',#2043,#2046);
#2043 = PRODUCT_DEFINITION_FORMATION('','',#2044);
#2044 = PRODUCT('Open CASCADE STEP translator 7.8 1.50',
  'Open CASCADE STEP translator 7.8 1.50','',(#2045));
#2045 = PRODUCT_CONTEXT('',#2,'mechanical');
#2046 = PRODUCT_DEFINITION_CONTEXT('part definition',#2,'design');
#2047 = GEOMETRICALLY_BOUNDED_WIREFRAME_SHAPE_REPRESENTATION('',(#11,
    #2048),#2057);
#2048 = GEOMETRIC_CURVE_SET('',(#2049));
#2049 = TRIMMED_CURVE('',#2050,(#2055,PARAMETER_VALUE(0.)),(#2056,
    PARAMETER_VALUE(6.28318530718)),.T.,.PARAMETER.);
#2050 = CIRCLE('',#2051,76.871587757399);
#2051 = AXIS2_PLACEMENT_3D('',#2052,#2053,#2054);
#2052 = CARTESIAN_POINT('',(0.,0.,75.));
#2053 = DIRECTION('',(0.,0.,1.));
#2054 = DIRECTION('',(1.,0.,-0.));
#2055 = CARTESIAN_POINT('',(76.871587757399,0.,75.));
#2056 = CARTESIAN_POINT('',(76.871587757399,0.,75.));
#2057 = ( GEOMETRIC_REPRESENTATION_CONTEXT(3) 
GLOBAL_UNCERTAINTY_ASSIGNED_CONTEXT((#2061)) 
GLOBAL_UNIT_ASSIGNED_CONTEXT((#2058,#2059,#2060)) REPRESENTATION_CONTEXT
('Context #1','3D Context with UNIT and UNCERTAINTY') );
#2058 = ( LENGTH_UNIT() NAMED_UNIT(*) SI_UNIT(.MILLI.,.METRE.) );
#2059 = ( NAMED_UNIT(*) PLANE_ANGLE_UNIT() SI_UNIT($,.RADIAN.) );
#2060 = ( NAMED_UNIT(*) SI_UNIT($,.STERADIAN.) SOLID_ANGLE_UNIT() );
#2061 = UNCERTAINTY_MEASURE_WITH_UNIT(LENGTH_MEASURE(1.E-07),#2058,
  'distance_accuracy_value','confusion accuracy');
#2062 = CONTEXT_DEPENDENT_SHAPE_REPRESENTATION(#2063,#2065);
#2063 = ( REPRESENTATION_RELATIONSHIP('','',#2047,#10) 
REPRESENTATION_RELATIONSHIP_WITH_TRANSFORMATION(#2064) 
SHAPE_REPRESENTATION_RELATIONSHIP() );
#2064 = ITEM_DEFINED_TRANSFORMATION('','',#11,#211);
#2065 = PRODUCT_DEFINITION_SHAPE('Placement','Placement of an item',
  #2066);
#2066 = NEXT_ASSEMBLY_USAGE_OCCURRENCE('50','','',#5,#2042,$);
#2067 = PRODUCT_RELATED_PRODUCT_CATEGORY('part',$,(#2044));
#2068 = SHAPE_DEFINITION_REPRESENTATION(#2069,#2075);
#2069 = PRODUCT_DEFINITION_SHAPE('','',#2070);
#2070 = PRODUCT_DEFINITION('design','',#2071,#2074);
#2071 = PRODUCT_DEFINITION_FORMATION('','',#2072);
#2072 = PRODUCT('Open CASCADE STEP translator 7.8 1.51',
  'Open CASCADE STEP translator 7.8 1.51','',(#2073));
#2073 = PRODUCT_CONTEXT('',#2,'mechanical');
#2074 = PRODUCT_DEFINITION_CONTEXT('part definition',#2,'design');
#2075 = GEOMETRICALLY_BOUNDED_WIREFRAME_SHAPE_REPRESENTATION('',(#11,
    #2076),#2085);
#2076 = GEOMETRIC_CURVE_SET('',(#2077));
#2077 = TRIMMED_CURVE('',#2078,(#2083,PARAMETER_VALUE(0.)),(#2084,
    PARAMETER_VALUE(6.28318530718)),.T.,.PARAMETER.);
#2078 = CIRCLE('',#2079,77.43810063998);
#2079 = AXIS2_PLACEMENT_3D('',#2080,#2081,#2082);
#2080 = CARTESIAN_POINT('',(0.,0.,76.5625));
#2081 = DIRECTION('',(0.,0.,1.));
#2082 = DIRECTION('',(1.,0.,-0.));
#2083 = CARTESIAN_POINT('',(77.43810063998,0.,76.5625));
#2084 = CARTESIAN_POINT('',(77.43810063998,0.,76.5625));
#2085 = ( GEOMETRIC_REPRESENTATION_CONTEXT(3) 
GLOBAL_UNCERTAINTY_ASSIGNED_CONTEXT((#2089)) 
GLOBAL_UNIT_ASSIGNED_CONTEXT((#2086,#2087,#2088)) REPRESENTATION_CONTEXT
('Context #1','3D Context with UNIT and UNCERTAINTY') );
#2086 = ( LENGTH_UNIT() NAMED_UNIT(*) SI_UNIT(.MILLI.,.METRE.) );
#2087 = ( NAMED_UNIT(*) PLANE_ANGLE_UNIT() SI_UNIT($,.RADIAN.) );
#2088 = ( NAMED_UNIT(*) SI_UNIT($,.STERADIAN.) SOLID_ANGLE_UNIT() );
#2089 = UNCERTAINTY_MEASURE_WITH_UNIT(LENGTH_MEASURE(1.E-07),#2086,
  'distance_accuracy_value','confusion accuracy');
#2090 = CONTEXT_DEPENDENT_SHAPE_REPRESENTATION(#2091,#2093);
#2091 = ( REPRESENTATION_RELATIONSHIP('','',#2075,#10) 
REPRESENTATION_RELATIONSHIP_WITH_TRANSFORMATION(#2092) 
SHAPE_REPRESENTATION_RELATIONSHIP() );
#2092 = ITEM_DEFINED_TRANSFORMATION('','',#11,#215);
#2093 = PRODUCT_DEFINITION_SHAPE('Placement','Placement of an item',
  #2094);
#2094 = NEXT_ASSEMBLY_USAGE_OCCURRENCE('51','','',#5,#2070,$);
#2095 = PRODUCT_RELATED_PRODUCT_CATEGORY('part',$,(#2072));
#2096 = SHAPE_DEFINITION_REPRESENTATION(#2097,#2103);
#2097 = PRODUCT_DEFINITION_SHAPE('','',#2098);
#2098 = PRODUCT_DEFINITION('design','',#2099,#2102);
#2099 = PRODUCT_DEFINITION_FORMATION('','',#2100);
#2100 = PRODUCT('Open CASCADE STEP translator 7.8 1.52',
  'Open CASCADE STEP translator 7.8 1.52','',(#2101));
#2101 = PRODUCT_CONTEXT('',#2,'mechanical');
#2102 = PRODUCT_DEFINITION_CONTEXT('part definition',#2,'design');
#2103 = GEOMETRICALLY_BOUNDED_WIREFRAME_SHAPE_REPRESENTATION('',(#11,
    #2104),#2113);
#2104 = GEOMETRIC_CURVE_SET('',(#2105));
#2105 = TRIMMED_CURVE('',#2106,(#2111,PARAMETER_VALUE(0.)),(#2112,
    PARAMETER_VALUE(6.28318530718)),.T.,.PARAMETER.);
#2106 = CIRCLE('',#2107,78.004613522561);
#2107 = AXIS2_PLACEMENT_3D('',#2108,#2109,#2110);
#2108 = CARTESIAN_POINT('',(0.,0.,78.125));
#2109 = DIRECTION('',(0.,0.,1.));
#2110 = DIRECTION('',(1.,0.,-0.));
#2111 = CARTESIAN_POINT('',(78.004613522561,0.,78.125));
#2112 = CARTESIAN_POINT('',(78.004613522561,0.,78.125));
#2113 = ( GEOMETRIC_REPRESENTATION_CONTEXT(3) 
GLOBAL_UNCERTAINTY_ASSIGNED_CONTEXT((#2117)) 
GLOBAL_UNIT_ASSIGNED_CONTEXT((#2114,#2115,#2116)) REPRESENTATION_CONTEXT
('Context #1','3D Context with UNIT and UNCERTAINTY') );
#2114 = ( LENGTH_UNIT() NAMED_UNIT(*) SI_UNIT(.MILLI.,.METRE.) );
#2115 = ( NAMED_UNIT(*) PLANE_ANGLE_UNIT() SI_UNIT($,.RADIAN.) );
#2116 = ( NAMED_UNIT(*) SI_UNIT($,.STERADIAN.) SOLID_ANGLE_UNIT() );
#2117 = UNCERTAINTY_MEASURE_WITH_UNIT(LENGTH_MEASURE(1.E-07),#2114,
  'distance_accuracy_value','confusion accuracy');
#2118 = CONTEXT_DEPENDENT_SHAPE_REPRESENTATION(#2119,#2121);
#2119 = ( REPRESENTATION_RELATIONSHIP('','',#2103,#10) 
REPRESENTATION_RELATIONSHIP_WITH_TRANSFORMATION(#2120) 
SHAPE_REPRESENTATION_RELATIONSHIP() );
#2120 = ITEM_DEFINED_TRANSFORMATION('','',#11,#219);
#2121 = PRODUCT_DEFINITION_SHAPE('Placement','Placement of an item',
  #2122);
#2122 = NEXT_ASSEMBLY_USAGE_OCCURRENCE('52','','',#5,#2098,$);
#2123 = PRODUCT_RELATED_PRODUCT_CATEGORY('part',$,(#2100));
#2124 = SHAPE_DEFINITION_REPRESENTATION(#2125,#2131);
#2125 = PRODUCT_DEFINITION_SHAPE('','',#2126);
#2126 = PRODUCT_DEFINITION('design','',#2127,#2130);
#2127 = PRODUCT_DEFINITION_FORMATION('','',#2128);
#2128 = PRODUCT('Open CASCADE STEP translator 7.8 1.53',
  'Open CASCADE STEP translator 7.8 1.53','',(#2129));
#2129 = PRODUCT_CONTEXT('',#2,'mechanical');
#2130 = PRODUCT_DEFINITION_CONTEXT('part definition',#2,'design');
#2131 = GEOMETRICALLY_BOUNDED_WIREFRAME_SHAPE_REPRESENTATION('',(#11,
    #2132),#2141);
#2132 = GEOMETRIC_CURVE_SET('',(#2133));
#2133 = TRIMMED_CURVE('',#2134,(#2139,PARAMETER_VALUE(0.)),(#2140,
    PARAMETER_VALUE(6.28318530718)),.T.,.PARAMETER.);
#2134 = CIRCLE('',#2135,78.571126405143);
#2135 = AXIS2_PLACEMENT_3D('',#2136,#2137,#2138);
#2136 = CARTESIAN_POINT('',(0.,0.,79.6875));
#2137 = DIRECTION('',(0.,0.,1.));
#2138 = DIRECTION('',(1.,0.,-0.));
#2139 = CARTESIAN_POINT('',(78.571126405143,0.,79.6875));
#2140 = CARTESIAN_POINT('',(78.571126405143,0.,79.6875));
#2141 = ( GEOMETRIC_REPRESENTATION_CONTEXT(3) 
GLOBAL_UNCERTAINTY_ASSIGNED_CONTEXT((#2145)) 
GLOBAL_UNIT_ASSIGNED_CONTEXT((#2142,#2143,#2144)) REPRESENTATION_CONTEXT
('Context #1','3D Context with UNIT and UNCERTAINTY') );
#2142 = ( LENGTH_UNIT() NAMED_UNIT(*) SI_UNIT(.MILLI.,.METRE.) );
#2143 = ( NAMED_UNIT(*) PLANE_ANGLE_UNIT() SI_UNIT($,.RADIAN.) );
#2144 = ( NAMED_UNIT(*) SI_UNIT($,.STERADIAN.) SOLID_ANGLE_UNIT() );
#2145 = UNCERTAINTY_MEASURE_WITH_UNIT(LENGTH_MEASURE(1.E-07),#2142,
  'distance_accuracy_value','confusion accuracy');
#2146 = CONTEXT_DEPENDENT_SHAPE_REPRESENTATION(#2147,#2149);
#2147 = ( REPRESENTATION_RELATIONSHIP('','',#2131,#10) 
REPRESENTATION_RELATIONSHIP_WITH_TRANSFORMATION(#2148) 
SHAPE_REPRESENTATION_RELATIONSHIP() );
#2148 = ITEM_DEFINED_TRANSFORMATION('','',#11,#223);
#2149 = PRODUCT_DEFINITION_SHAPE('Placement','Placement of an item',
  #2150);
#2150 = NEXT_ASSEMBLY_USAGE_OCCURRENCE('53','','',#5,#2126,$);
#2151 = PRODUCT_RELATED_PRODUCT_CATEGORY('part',$,(#2128));
#2152 = SHAPE_DEFINITION_REPRESENTATION(#2153,#2159);
#2153 = PRODUCT_DEFINITION_SHAPE('','',#2154);
#2154 = PRODUCT_DEFINITION('design','',#2155,#2158);
#2155 = PRODUCT_DEFINITION_FORMATION('','',#2156);
#2156 = PRODUCT('Open CASCADE STEP translator 7.8 1.54',
  'Open CASCADE STEP translator 7.8 1.54','',(#2157));
#2157 = PRODUCT_CONTEXT('',#2,'mechanical');
#2158 = PRODUCT_DEFINITION_CONTEXT('part definition',#2,'design');
#2159 = GEOMETRICALLY_BOUNDED_WIREFRAME_SHAPE_REPRESENTATION('',(#11,
    #2160),#2169);
#2160 = GEOMETRIC_CURVE_SET('',(#2161));
#2161 = TRIMMED_CURVE('',#2162,(#2167,PARAMETER_VALUE(0.)),(#2168,
    PARAMETER_VALUE(6.28318530718)),.T.,.PARAMETER.);
#2162 = CIRCLE('',#2163,79.137639287724);
#2163 = AXIS2_PLACEMENT_3D('',#2164,#2165,#2166);
#2164 = CARTESIAN_POINT('',(0.,0.,81.25));
#2165 = DIRECTION('',(0.,0.,1.));
#2166 = DIRECTION('',(1.,0.,-0.));
#2167 = CARTESIAN_POINT('',(79.137639287724,0.,81.25));
#2168 = CARTESIAN_POINT('',(79.137639287724,0.,81.25));
#2169 = ( GEOMETRIC_REPRESENTATION_CONTEXT(3) 
GLOBAL_UNCERTAINTY_ASSIGNED_CONTEXT((#2173)) 
GLOBAL_UNIT_ASSIGNED_CONTEXT((#2170,#2171,#2172)) REPRESENTATION_CONTEXT
('Context #1','3D Context with UNIT and UNCERTAINTY') );
#2170 = ( LENGTH_UNIT() NAMED_UNIT(*) SI_UNIT(.MILLI.,.METRE.) );
#2171 = ( NAMED_UNIT(*) PLANE_ANGLE_UNIT() SI_UNIT($,.RADIAN.) );
#2172 = ( NAMED_UNIT(*) SI_UNIT($,.STERADIAN.) SOLID_ANGLE_UNIT() );
#2173 = UNCERTAINTY_MEASURE_WITH_UNIT(LENGTH_MEASURE(1.E-07),#2170,
  'distance_accuracy_value','confusion accuracy');
#2174 = CONTEXT_DEPENDENT_SHAPE_REPRESENTATION(#2175,#2177);
#2175 = ( REPRESENTATION_RELATIONSHIP('','',#2159,#10) 
REPRESENTATION_RELATIONSHIP_WITH_TRANSFORMATION(#2176) 
SHAPE_REPRESENTATION_RELATIONSHIP() );
#2176 = ITEM_DEFINED_TRANSFORMATION('','',#11,#227);
#2177 = PRODUCT_DEFINITION_SHAPE('Placement','Placement of an item',
  #2178);
#2178 = NEXT_ASSEMBLY_USAGE_OCCURRENCE('54','','',#5,#2154,$);
#2179 = PRODUCT_RELATED_PRODUCT_CATEGORY('part',$,(#2156));
#2180 = SHAPE_DEFINITION_REPRESENTATION(#2181,#2187);
#2181 = PRODUCT_DEFINITION_SHAPE('','',#2182);
#2182 = PRODUCT_DEFINITION('design','',#2183,#2186);
#2183 = PRODUCT_DEFINITION_FORMATION('','',#2184);
#2184 = PRODUCT('Open CASCADE STEP translator 7.8 1.55',
  'Open CASCADE STEP translator 7.8 1.55','',(#2185));
#2185 = PRODUCT_CONTEXT('',#2,'mechanical');
#2186 = PRODUCT_DEFINITION_CONTEXT('part definition',#2,'design');
#2187 = GEOMETRICALLY_BOUNDED_WIREFRAME_SHAPE_REPRESENTATION('',(#11,
    #2188),#2197);
#2188 = GEOMETRIC_CURVE_SET('',(#2189));
#2189 = TRIMMED_CURVE('',#2190,(#2195,PARAMETER_VALUE(0.)),(#2196,
    PARAMETER_VALUE(6.28318530718)),.T.,.PARAMETER.);
#2190 = CIRCLE('',#2191,79.704152170305);
#2191 = AXIS2_PLACEMENT_3D('',#2192,#2193,#2194);
#2192 = CARTESIAN_POINT('',(0.,0.,82.8125));
#2193 = DIRECTION('',(0.,0.,1.));
#2194 = DIRECTION('',(1.,0.,-0.));
#2195 = CARTESIAN_POINT('',(79.704152170305,0.,82.8125));
#2196 = CARTESIAN_POINT('',(79.704152170305,0.,82.8125));
#2197 = ( GEOMETRIC_REPRESENTATION_CONTEXT(3) 
GLOBAL_UNCERTAINTY_ASSIGNED_CONTEXT((#2201)) 
GLOBAL_UNIT_ASSIGNED_CONTEXT((#2198,#2199,#2200)) REPRESENTATION_CONTEXT
('Context #1','3D Context with UNIT and UNCERTAINTY') );
#2198 = ( LENGTH_UNIT() NAMED_UNIT(*) SI_UNIT(.MILLI.,.METRE.) );
#2199 = ( NAMED_UNIT(*) PLANE_ANGLE_UNIT() SI_UNIT($,.RADIAN.) );
#2200 = ( NAMED_UNIT(*) SI_UNIT($,.STERADIAN.) SOLID_ANGLE_UNIT() );
#2201 = UNCERTAINTY_MEASURE_WITH_UNIT(LENGTH_MEASURE(1.E-07),#2198,
  'distance_accuracy_value','confusion accuracy');
#2202 = CONTEXT_DEPENDENT_SHAPE_REPRESENTATION(#2203,#2205);
#2203 = ( REPRESENTATION_RELATIONSHIP('','',#2187,#10) 
REPRESENTATION_RELATIONSHIP_WITH_TRANSFORMATION(#2204) 
SHAPE_REPRESENTATION_RELATIONSHIP() );
#2204 = ITEM_DEFINED_TRANSFORMATION('','',#11,#231);
#2205 = PRODUCT_DEFINITION_SHAPE('Placement','Placement of an item',
  #2206);
#2206 = NEXT_ASSEMBLY_USAGE_OCCURRENCE('55','','',#5,#2182,$);
#2207 = PRODUCT_RELATED_PRODUCT_CATEGORY('part',$,(#2184));
#2208 = SHAPE_DEFINITION_REPRESENTATION(#2209,#2215);
#2209 = PRODUCT_DEFINITION_SHAPE('','',#2210);
#2210 = PRODUCT_DEFINITION('design','',#2211,#2214);
#2211 = PRODUCT_DEFINITION_FORMATION('','',#2212);
#2212 = PRODUCT('Open CASCADE STEP translator 7.8 1.56',
  'Open CASCADE STEP translator 7.8 1.56','',(#2213));
#2213 = PRODUCT_CONTEXT('',#2,'mechanical');
#2214 = PRODUCT_DEFINITION_CONTEXT('part definition',#2,'design');
#2215 = GEOMETRICALLY_BOUNDED_WIREFRAME_SHAPE_REPRESENTATION('',(#11,
    #2216),#2225);
#2216 = GEOMETRIC_CURVE_SET('',(#2217));
#2217 = TRIMMED_CURVE('',#2218,(#2223,PARAMETER_VALUE(0.)),(#2224,
    PARAMETER_VALUE(6.28318530718)),.T.,.PARAMETER.);
#2218 = CIRCLE('',#2219,80.270665052886);
#2219 = AXIS2_PLACEMENT_3D('',#2220,#2221,#2222);
#2220 = CARTESIAN_POINT('',(0.,0.,84.375));
#2221 = DIRECTION('',(0.,0.,1.));
#2222 = DIRECTION('',(1.,0.,-0.));
#2223 = CARTESIAN_POINT('',(80.270665052886,0.,84.375));
#2224 = CARTESIAN_POINT('',(80.270665052886,0.,84.375));
#2225 = ( GEOMETRIC_REPRESENTATION_CONTEXT(3) 
GLOBAL_UNCERTAINTY_ASSIGNED_CONTEXT((#2229)) 
GLOBAL_UNIT_ASSIGNED_CONTEXT((#2226,#2227,#2228)) REPRESENTATION_CONTEXT
('Context #1','3D Context with UNIT and UNCERTAINTY') );
#2226 = ( LENGTH_UNIT() NAMED_UNIT(*) SI_UNIT(.MILLI.,.METRE.) );
#2227 = ( NAMED_UNIT(*) PLANE_ANGLE_UNIT() SI_UNIT($,.RADIAN.) );
#2228 = ( NAMED_UNIT(*) SI_UNIT($,.STERADIAN.) SOLID_ANGLE_UNIT() );
#2229 = UNCERTAINTY_MEASURE_WITH_UNIT(LENGTH_MEASURE(1.E-07),#2226,
  'distance_accuracy_value','confusion accuracy');
#2230 = CONTEXT_DEPENDENT_SHAPE_REPRESENTATION(#2231,#2233);
#2231 = ( REPRESENTATION_RELATIONSHIP('','',#2215,#10) 
REPRESENTATION_RELATIONSHIP_WITH_TRANSFORMATION(#2232) 
SHAPE_REPRESENTATION_RELATIONSHIP() );
#2232 = ITEM_DEFINED_TRANSFORMATION('','',#11,#235);
#2233 = PRODUCT_DEFINITION_SHAPE('Placement','Placement of an item',
  #2234);
#2234 = NEXT_ASSEMBLY_USAGE_OCCURRENCE('56','','',#5,#2210,$);
#2235 = PRODUCT_RELATED_PRODUCT_CATEGORY('part',$,(#2212));
#2236 = SHAPE_DEFINITION_REPRESENTATION(#2237,#2243);
#2237 = PRODUCT_DEFINITION_SHAPE('','',#2238);
#2238 = PRODUCT_DEFINITION('design','',#2239,#2242);
#2239 = PRODUCT_DEFINITION_FORMATION('','',#2240);
#2240 = PRODUCT('Open CASCADE STEP translator 7.8 1.57',
  'Open CASCADE STEP translator 7.8 1.57','',(#2241));
#2241 = PRODUCT_CONTEXT('',#2,'mechanical');
#2242 = PRODUCT_DEFINITION_CONTEXT('part definition',#2,'design');
#2243 = GEOMETRICALLY_BOUNDED_WIREFRAME_SHAPE_REPRESENTATION('',(#11,
    #2244),#2253);
#2244 = GEOMETRIC_CURVE_SET('',(#2245));
#2245 = TRIMMED_CURVE('',#2246,(#2251,PARAMETER_VALUE(0.)),(#2252,
    PARAMETER_VALUE(6.28318530718)),.T.,.PARAMETER.);
#2246 = CIRCLE('',#2247,80.837177935468);
#2247 = AXIS2_PLACEMENT_3D('',#2248,#2249,#2250);
#2248 = CARTESIAN_POINT('',(0.,0.,85.9375));
#2249 = DIRECTION('',(0.,0.,1.));
#2250 = DIRECTION('',(1.,0.,-0.));
#2251 = CARTESIAN_POINT('',(80.837177935468,0.,85.9375));
#2252 = CARTESIAN_POINT('',(80.837177935468,0.,85.9375));
#2253 = ( GEOMETRIC_REPRESENTATION_CONTEXT(3) 
GLOBAL_UNCERTAINTY_ASSIGNED_CONTEXT((#2257)) 
GLOBAL_UNIT_ASSIGNED_CONTEXT((#2254,#2255,#2256)) REPRESENTATION_CONTEXT
('Context #1','3D Context with UNIT and UNCERTAINTY') );
#2254 = ( LENGTH_UNIT() NAMED_UNIT(*) SI_UNIT(.MILLI.,.METRE.) );
#2255 = ( NAMED_UNIT(*) PLANE_ANGLE_UNIT() SI_UNIT($,.RADIAN.) );
#2256 = ( NAMED_UNIT(*) SI_UNIT($,.STERADIAN.) SOLID_ANGLE_UNIT() );
#2257 = UNCERTAINTY_MEASURE_WITH_UNIT(LENGTH_MEASURE(1.E-07),#2254,
  'distance_accuracy_value','confusion accuracy');
#2258 = CONTEXT_DEPENDENT_SHAPE_REPRESENTATION(#2259,#2261);
#2259 = ( REPRESENTATION_RELATIONSHIP('','',#2243,#10) 
REPRESENTATION_RELATIONSHIP_WITH_TRANSFORMATION(#2260) 
SHAPE_REPRESENTATION_RELATIONSHIP() );
#2260 = ITEM_DEFINED_TRANSFORMATION('','',#11,#239);
#2261 = PRODUCT_DEFINITION_SHAPE('Placement','Placement of an item',
  #2262);
#2262 = NEXT_ASSEMBLY_USAGE_OCCURRENCE('57','','',#5,#2238,$);
#2263 = PRODUCT_RELATED_PRODUCT_CATEGORY('part',$,(#2240));
#2264 = SHAPE_DEFINITION_REPRESENTATION(#2265,#2271);
#2265 = PRODUCT_DEFINITION_SHAPE('','',#2266);
#2266 = PRODUCT_DEFINITION('design','',#2267,#2270);
#2267 = PRODUCT_DEFINITION_FORMATION('','',#2268);
#2268 = PRODUCT('Open CASCADE STEP translator 7.8 1.58',
  'Open CASCADE STEP translator 7.8 1.58','',(#2269));
#2269 = PRODUCT_CONTEXT('',#2,'mechanical');
#2270 = PRODUCT_DEFINITION_CONTEXT('part definition',#2,'design');
#2271 = GEOMETRICALLY_BOUNDED_WIREFRAME_SHAPE_REPRESENTATION('',(#11,
    #2272),#2281);
#2272 = GEOMETRIC_CURVE_SET('',(#2273));
#2273 = TRIMMED_CURVE('',#2274,(#2279,PARAMETER_VALUE(0.)),(#2280,
    PARAMETER_VALUE(6.28318530718)),.T.,.PARAMETER.);
#2274 = CIRCLE('',#2275,81.403690818049);
#2275 = AXIS2_PLACEMENT_3D('',#2276,#2277,#2278);
#2276 = CARTESIAN_POINT('',(0.,0.,87.5));
#2277 = DIRECTION('',(0.,0.,1.));
#2278 = DIRECTION('',(1.,0.,-0.));
#2279 = CARTESIAN_POINT('',(81.403690818049,0.,87.5));
#2280 = CARTESIAN_POINT('',(81.403690818049,0.,87.5));
#2281 = ( GEOMETRIC_REPRESENTATION_CONTEXT(3) 
GLOBAL_UNCERTAINTY_ASSIGNED_CONTEXT((#2285)) 
GLOBAL_UNIT_ASSIGNED_CONTEXT((#2282,#2283,#2284)) REPRESENTATION_CONTEXT
('Context #1','3D Context with UNIT and UNCERTAINTY') );
#2282 = ( LENGTH_UNIT() NAMED_UNIT(*) SI_UNIT(.MILLI.,.METRE.) );
#2283 = ( NAMED_UNIT(*) PLANE_ANGLE_UNIT() SI_UNIT($,.RADIAN.) );
#2284 = ( NAMED_UNIT(*) SI_UNIT($,.STERADIAN.) SOLID_ANGLE_UNIT() );
#2285 = UNCERTAINTY_MEASURE_WITH_UNIT(LENGTH_MEASURE(1.E-07),#2282,
  'distance_accuracy_value','confusion accuracy');
#2286 = CONTEXT_DEPENDENT_SHAPE_REPRESENTATION(#2287,#2289);
#2287 = ( REPRESENTATION_RELATIONSHIP('','',#2271,#10) 
REPRESENTATION_RELATIONSHIP_WITH_TRANSFORMATION(#2288) 
SHAPE_REPRESENTATION_RELATIONSHIP() );
#2288 = ITEM_DEFINED_TRANSFORMATION('','',#11,#243);
#2289 = PRODUCT_DEFINITION_SHAPE('Placement','Placement of an item',
  #2290);
#2290 = NEXT_ASSEMBLY_USAGE_OCCURRENCE('58','','',#5,#2266,$);
#2291 = PRODUCT_RELATED_PRODUCT_CATEGORY('part',$,(#2268));
#2292 = SHAPE_DEFINITION_REPRESENTATION(#2293,#2299);
#2293 = PRODUCT_DEFINITION_SHAPE('','',#2294);
#2294 = PRODUCT_DEFINITION('design','',#2295,#2298);
#2295 = PRODUCT_DEFINITION_FORMATION('','',#2296);
#2296 = PRODUCT('Open CASCADE STEP translator 7.8 1.59',
  'Open CASCADE STEP translator 7.8 1.59','',(#2297));
#2297 = PRODUCT_CONTEXT('',#2,'mechanical');
#2298 = PRODUCT_DEFINITION_CONTEXT('part definition',#2,'design');
#2299 = GEOMETRICALLY_BOUNDED_WIREFRAME_SHAPE_REPRESENTATION('',(#11,
    #2300),#2309);
#2300 = GEOMETRIC_CURVE_SET('',(#2301));
#2301 = TRIMMED_CURVE('',#2302,(#2307,PARAMETER_VALUE(0.)),(#2308,
    PARAMETER_VALUE(6.28318530718)),.T.,.PARAMETER.);
#2302 = CIRCLE('',#2303,81.97020370063);
#2303 = AXIS2_PLACEMENT_3D('',#2304,#2305,#2306);
#2304 = CARTESIAN_POINT('',(0.,0.,89.0625));
#2305 = DIRECTION('',(0.,0.,1.));
#2306 = DIRECTION('',(1.,0.,-0.));
#2307 = CARTESIAN_POINT('',(81.97020370063,0.,89.0625));
#2308 = CARTESIAN_POINT('',(81.97020370063,0.,89.0625));
#2309 = ( GEOMETRIC_REPRESENTATION_CONTEXT(3) 
GLOBAL_UNCERTAINTY_ASSIGNED_CONTEXT((#2313)) 
GLOBAL_UNIT_ASSIGNED_CONTEXT((#2310,#2311,#2312)) REPRESENTATION_CONTEXT
('Context #1','3D Context with UNIT and UNCERTAINTY') );
#2310 = ( LENGTH_UNIT() NAMED_UNIT(*) SI_UNIT(.MILLI.,.METRE.) );
#2311 = ( NAMED_UNIT(*) PLANE_ANGLE_UNIT() SI_UNIT($,.RADIAN.) );
#2312 = ( NAMED_UNIT(*) SI_UNIT($,.STERADIAN.) SOLID_ANGLE_UNIT() );
#2313 = UNCERTAINTY_MEASURE_WITH_UNIT(LENGTH_MEASURE(1.E-07),#2310,
  'distance_accuracy_value','confusion accuracy');
#2314 = CONTEXT_DEPENDENT_SHAPE_REPRESENTATION(#2315,#2317);
#2315 = ( REPRESENTATION_RELATIONSHIP('','',#2299,#10) 
REPRESENTATION_RELATIONSHIP_WITH_TRANSFORMATION(#2316) 
SHAPE_REPRESENTATION_RELATIONSHIP() );
#2316 = ITEM_DEFINED_TRANSFORMATION('','',#11,#247);
#2317 = PRODUCT_DEFINITION_SHAPE('Placement','Placement of an item',
  #2318);
#2318 = NEXT_ASSEMBLY_USAGE_OCCURRENCE('59','','',#5,#2294,$);
#2319 = PRODUCT_RELATED_PRODUCT_CATEGORY('part',$,(#2296));
#2320 = SHAPE_DEFINITION_REPRESENTATION(#2321,#2327);
#2321 = PRODUCT_DEFINITION_SHAPE('','',#2322);
#2322 = PRODUCT_DEFINITION('design','',#2323,#2326);
#2323 = PRODUCT_DEFINITION_FORMATION('','',#2324);
#2324 = PRODUCT('Open CASCADE STEP translator 7.8 1.60',
  'Open CASCADE STEP translator 7.8 1.60','',(#2325));
#2325 = PRODUCT_CONTEXT('',#2,'mechanical');
#2326 = PRODUCT_DEFINITION_CONTEXT('part definition',#2,'design');
#2327 = GEOMETRICALLY_BOUNDED_WIREFRAME_SHAPE_REPRESENTATION('',(#11,
    #2328),#2337);
#2328 = GEOMETRIC_CURVE_SET('',(#2329));
#2329 = TRIMMED_CURVE('',#2330,(#2335,PARAMETER_VALUE(0.)),(#2336,
    PARAMETER_VALUE(6.28318530718)),.T.,.PARAMETER.);
#2330 = CIRCLE('',#2331,82.536716583212);
#2331 = AXIS2_PLACEMENT_3D('',#2332,#2333,#2334);
#2332 = CARTESIAN_POINT('',(0.,0.,90.625));
#2333 = DIRECTION('',(0.,0.,1.));
#2334 = DIRECTION('',(1.,0.,-0.));
#2335 = CARTESIAN_POINT('',(82.536716583212,0.,90.625));
#2336 = CARTESIAN_POINT('',(82.536716583212,0.,90.625));
#2337 = ( GEOMETRIC_REPRESENTATION_CONTEXT(3) 
GLOBAL_UNCERTAINTY_ASSIGNED_CONTEXT((#2341)) 
GLOBAL_UNIT_ASSIGNED_CONTEXT((#2338,#2339,#2340)) REPRESENTATION_CONTEXT
('Context #1','3D Context with UNIT and UNCERTAINTY') );
#2338 = ( LENGTH_UNIT() NAMED_UNIT(*) SI_UNIT(.MILLI.,.METRE.) );
#2339 = ( NAMED_UNIT(*) PLANE_ANGLE_UNIT() SI_UNIT($,.RADIAN.) );
#2340 = ( NAMED_UNIT(*) SI_UNIT($,.STERADIAN.) SOLID_ANGLE_UNIT() );
#2341 = UNCERTAINTY_MEASURE_WITH_UNIT(LENGTH_MEASURE(1.E-07),#2338,
  'distance_accuracy_value','confusion accuracy');
#2342 = CONTEXT_DEPENDENT_SHAPE_REPRESENTATION(#2343,#2345);
#2343 = ( REPRESENTATION_RELATIONSHIP('','',#2327,#10) 
REPRESENTATION_RELATIONSHIP_WITH_TRANSFORMATION(#2344) 
SHAPE_REPRESENTATION_RELATIONSHIP() );
#2344 = ITEM_DEFINED_TRANSFORMATION('','',#11,#251);
#2345 = PRODUCT_DEFINITION_SHAPE('Placement','Placement of an item',
  #2346);
#2346 = NEXT_ASSEMBLY_USAGE_OCCURRENCE('60','','',#5,#2322,$);
#2347 = PRODUCT_RELATED_PRODUCT_CATEGORY('part',$,(#2324));
#2348 = SHAPE_DEFINITION_REPRESENTATION(#2349,#2355);
#2349 = PRODUCT_DEFINITION_SHAPE('','',#2350);
#2350 = PRODUCT_DEFINITION('design','',#2351,#2354);
#2351 = PRODUCT_DEFINITION_FORMATION('','',#2352);
#2352 = PRODUCT('Open CASCADE STEP translator 7.8 1.61',
  'Open CASCADE STEP translator 7.8 1.61','',(#2353));
#2353 = PRODUCT_CONTEXT('',#2,'mechanical');
#2354 = PRODUCT_DEFINITION_CONTEXT('part definition',#2,'design');
#2355 = GEOMETRICALLY_BOUNDED_WIREFRAME_SHAPE_REPRESENTATION('',(#11,
    #2356),#2365);
#2356 = GEOMETRIC_CURVE_SET('',(#2357));
#2357 = TRIMMED_CURVE('',#2358,(#2363,PARAMETER_VALUE(0.)),(#2364,
    PARAMETER_VALUE(6.28318530718)),.T.,.PARAMETER.);
#2358 = CIRCLE('',#2359,83.103229465793);
#2359 = AXIS2_PLACEMENT_3D('',#2360,#2361,#2362);
#2360 = CARTESIAN_POINT('',(0.,0.,92.1875));
#2361 = DIRECTION('',(0.,0.,1.));
#2362 = DIRECTION('',(1.,0.,-0.));
#2363 = CARTESIAN_POINT('',(83.103229465793,0.,92.1875));
#2364 = CARTESIAN_POINT('',(83.103229465793,0.,92.1875));
#2365 = ( GEOMETRIC_REPRESENTATION_CONTEXT(3) 
GLOBAL_UNCERTAINTY_ASSIGNED_CONTEXT((#2369)) 
GLOBAL_UNIT_ASSIGNED_CONTEXT((#2366,#2367,#2368)) REPRESENTATION_CONTEXT
('Context #1','3D Context with UNIT and UNCERTAINTY') );
#2366 = ( LENGTH_UNIT() NAMED_UNIT(*) SI_UNIT(.MILLI.,.METRE.) );
#2367 = ( NAMED_UNIT(*) PLANE_ANGLE_UNIT() SI_UNIT($,.RADIAN.) );
#2368 = ( NAMED_UNIT(*) SI_UNIT($,.STERADIAN.) SOLID_ANGLE_UNIT() );
#2369 = UNCERTAINTY_MEASURE_WITH_UNIT(LENGTH_MEASURE(1.E-07),#2366,
  'distance_accuracy_value','confusion accuracy');
#2370 = CONTEXT_DEPENDENT_SHAPE_REPRESENTATION(#2371,#2373);
#2371 = ( REPRESENTATION_RELATIONSHIP('','',#2355,#10) 
REPRESENTATION_RELATIONSHIP_WITH_TRANSFORMATION(#2372) 
SHAPE_REPRESENTATION_RELATIONSHIP() );
#2372 = ITEM_DEFINED_TRANSFORMATION('','',#11,#255);
#2373 = PRODUCT_DEFINITION_SHAPE('Placement','Placement of an item',
  #2374);
#2374 = NEXT_ASSEMBLY_USAGE_OCCURRENCE('61','','',#5,#2350,$);
#2375 = PRODUCT_RELATED_PRODUCT_CATEGORY('part',$,(#2352));
#2376 = SHAPE_DEFINITION_REPRESENTATION(#2377,#2383);
#2377 = PRODUCT_DEFINITION_SHAPE('','',#2378);
#2378 = PRODUCT_DEFINITION('design','',#2379,#2382);
#2379 = PRODUCT_DEFINITION_FORMATION('','',#2380);
#2380 = PRODUCT('Open CASCADE STEP translator 7.8 1.62',
  'Open CASCADE STEP translator 7.8 1.62','',(#2381));
#2381 = PRODUCT_CONTEXT('',#2,'mechanical');
#2382 = PRODUCT_DEFINITION_CONTEXT('part definition',#2,'design');
#2383 = GEOMETRICALLY_BOUNDED_WIREFRAME_SHAPE_REPRESENTATION('',(#11,
    #2384),#2393);
#2384 = GEOMETRIC_CURVE_SET('',(#2385));
#2385 = TRIMMED_CURVE('',#2386,(#2391,PARAMETER_VALUE(0.)),(#2392,
    PARAMETER_VALUE(6.28318530718)),.T.,.PARAMETER.);
#2386 = CIRCLE('',#2387,83.669742348374);
#2387 = AXIS2_PLACEMENT_3D('',#2388,#2389,#2390);
#2388 = CARTESIAN_POINT('',(0.,0.,93.75));
#2389 = DIRECTION('',(0.,0.,1.));
#2390 = DIRECTION('',(1.,0.,-0.));
#2391 = CARTESIAN_POINT('',(83.669742348374,0.,93.75));
#2392 = CARTESIAN_POINT('',(83.669742348374,0.,93.75));
#2393 = ( GEOMETRIC_REPRESENTATION_CONTEXT(3) 
GLOBAL_UNCERTAINTY_ASSIGNED_CONTEXT((#2397)) 
GLOBAL_UNIT_ASSIGNED_CONTEXT((#2394,#2395,#2396)) REPRESENTATION_CONTEXT
('Context #1','3D Context with UNIT and UNCERTAINTY') );
#2394 = ( LENGTH_UNIT() NAMED_UNIT(*) SI_UNIT(.MILLI.,.METRE.) );
#2395 = ( NAMED_UNIT(*) PLANE_ANGLE_UNIT() SI_UNIT($,.RADIAN.) );
#2396 = ( NAMED_UNIT(*) SI_UNIT($,.STERADIAN.) SOLID_ANGLE_UNIT() );
#2397 = UNCERTAINTY_MEASURE_WITH_UNIT(LENGTH_MEASURE(1.E-07),#2394,
  'distance_accuracy_value','confusion accuracy');
#2398 = CONTEXT_DEPENDENT_SHAPE_REPRESENTATION(#2399,#2401);
#2399 = ( REPRESENTATION_RELATIONSHIP('','',#2383,#10) 
REPRESENTATION_RELATIONSHIP_WITH_TRANSFORMATION(#2400) 
SHAPE_REPRESENTATION_RELATIONSHIP() );
#2400 = ITEM_DEFINED_TRANSFORMATION('','',#11,#259);
#2401 = PRODUCT_DEFINITION_SHAPE('Placement','Placement of an item',
  #2402);
#2402 = NEXT_ASSEMBLY_USAGE_OCCURRENCE('62','','',#5,#2378,$);
#2403 = PRODUCT_RELATED_PRODUCT_CATEGORY('part',$,(#2380));
#2404 = SHAPE_DEFINITION_REPRESENTATION(#2405,#2411);
#2405 = PRODUCT_DEFINITION_SHAPE('','',#2406);
#2406 = PRODUCT_DEFINITION('design','',#2407,#2410);
#2407 = PRODUCT_DEFINITION_FORMATION('','',#2408);
#2408 = PRODUCT('Open CASCADE STEP translator 7.8 1.63',
  'Open CASCADE STEP translator 7.8 1.63','',(#2409));
#2409 = PRODUCT_CONTEXT('',#2,'mechanical');
#2410 = PRODUCT_DEFINITION_CONTEXT('part definition',#2,'design');
#2411 = GEOMETRICALLY_BOUNDED_WIREFRAME_SHAPE_REPRESENTATION('',(#11,
    #2412),#2421);
#2412 = GEOMETRIC_CURVE_SET('',(#2413));
#2413 = TRIMMED_CURVE('',#2414,(#2419,PARAMETER_VALUE(0.)),(#2420,
    PARAMETER_VALUE(6.28318530718)),.T.,.PARAMETER.);
#2414 = CIRCLE('',#2415,84.236255230956);
#2415 = AXIS2_PLACEMENT_3D('',#2416,#2417,#2418);
#2416 = CARTESIAN_POINT('',(0.,0.,95.3125));
#2417 = DIRECTION('',(0.,0.,1.));
#2418 = DIRECTION('',(1.,0.,-0.));
#2419 = CARTESIAN_POINT('',(84.236255230956,0.,95.3125));
#2420 = CARTESIAN_POINT('',(84.236255230956,0.,95.3125));
#2421 = ( GEOMETRIC_REPRESENTATION_CONTEXT(3) 
GLOBAL_UNCERTAINTY_ASSIGNED_CONTEXT((#2425)) 
GLOBAL_UNIT_ASSIGNED_CONTEXT((#2422,#2423,#2424)) REPRESENTATION_CONTEXT
('Context #1','3D Context with UNIT and UNCERTAINTY') );
#2422 = ( LENGTH_UNIT() NAMED_UNIT(*) SI_UNIT(.MILLI.,.METRE.) );
#2423 = ( NAMED_UNIT(*) PLANE_ANGLE_UNIT() SI_UNIT($,.RADIAN.) );
#2424 = ( NAMED_UNIT(*) SI_UNIT($,.STERADIAN.) SOLID_ANGLE_UNIT() );
#2425 = UNCERTAINTY_MEASURE_WITH_UNIT(LENGTH_MEASURE(1.E-07),#2422,
  'distance_accuracy_value','confusion accuracy');
#2426 = CONTEXT_DEPENDENT_SHAPE_REPRESENTATION(#2427,#2429);
#2427 = ( REPRESENTATION_RELATIONSHIP('','',#2411,#10) 
REPRESENTATION_RELATIONSHIP_WITH_TRANSFORMATION(#2428) 
SHAPE_REPRESENTATION_RELATIONSHIP() );
#2428 = ITEM_DEFINED_TRANSFORMATION('','',#11,#263);
#2429 = PRODUCT_DEFINITION_SHAPE('Placement','Placement of an item',
  #2430);
#2430 = NEXT_ASSEMBLY_USAGE_OCCURRENCE('63','','',#5,#2406,$);
#2431 = PRODUCT_RELATED_PRODUCT_CATEGORY('part',$,(#2408));
#2432 = SHAPE_DEFINITION_REPRESENTATION(#2433,#2439);
#2433 = PRODUCT_DEFINITION_SHAPE('','',#2434);
#2434 = PRODUCT_DEFINITION('design','',#2435,#2438);
#2435 = PRODUCT_DEFINITION_FORMATION('','',#2436);
#2436 = PRODUCT('Open CASCADE STEP translator 7.8 1.64',
  'Open CASCADE STEP translator 7.8 1.64','',(#2437));
#2437 = PRODUCT_CONTEXT('',#2,'mechanical');
#2438 = PRODUCT_DEFINITION_CONTEXT('part definition',#2,'design');
#2439 = GEOMETRICALLY_BOUNDED_WIREFRAME_SHAPE_REPRESENTATION('',(#11,
    #2440),#2449);
#2440 = GEOMETRIC_CURVE_SET('',(#2441));
#2441 = TRIMMED_CURVE('',#2442,(#2447,PARAMETER_VALUE(0.)),(#2448,
    PARAMETER_VALUE(6.28318530718)),.T.,.PARAMETER.);
#2442 = CIRCLE('',#2443,84.802768113537);
#2443 = AXIS2_PLACEMENT_3D('',#2444,#2445,#2446);
#2444 = CARTESIAN_POINT('',(0.,0.,96.875));
#2445 = DIRECTION('',(0.,0.,1.));
#2446 = DIRECTION('',(1.,0.,-0.));
#2447 = CARTESIAN_POINT('',(84.802768113537,0.,96.875));
#2448 = CARTESIAN_POINT('',(84.802768113537,0.,96.875));
#2449 = ( GEOMETRIC_REPRESENTATION_CONTEXT(3) 
GLOBAL_UNCERTAINTY_ASSIGNED_CONTEXT((#2453)) 
GLOBAL_UNIT_ASSIGNED_CONTEXT((#2450,#2451,#2452)) REPRESENTATION_CONTEXT
('Context #1','3D Context with UNIT and UNCERTAINTY') );
#2450 = ( LENGTH_UNIT() NAMED_UNIT(*) SI_UNIT(.MILLI.,.METRE.) );
#2451 = ( NAMED_UNIT(*) PLANE_ANGLE_UNIT() SI_UNIT($,.RADIAN.) );
#2452 = ( NAMED_UNIT(*) SI_UNIT($,.STERADIAN.) SOLID_ANGLE_UNIT() );
#2453 = UNCERTAINTY_MEASURE_WITH_UNIT(LENGTH_MEASURE(1.E-07),#2450,
  'distance_accuracy_value','confusion accuracy');
#2454 = CONTEXT_DEPENDENT_SHAPE_REPRESENTATION(#2455,#2457);
#2455 = ( REPRESENTATION_RELATIONSHIP('','',#2439,#10) 
REPRESENTATION_RELATIONSHIP_WITH_TRANSFORMATION(#2456) 
SHAPE_REPRESENTATION_RELATIONSHIP() );
#2456 = ITEM_DEFINED_TRANSFORMATION('','',#11,#267);
#2457 = PRODUCT_DEFINITION_SHAPE('Placement','Placement of an item',
  #2458);
#2458 = NEXT_ASSEMBLY_USAGE_OCCURRENCE('64','','',#5,#2434,$);
#2459 = PRODUCT_RELATED_PRODUCT_CATEGORY('part',$,(#2436));
#2460 = SHAPE_DEFINITION_REPRESENTATION(#2461,#2467);
#2461 = PRODUCT_DEFINITION_SHAPE('','',#2462);
#2462 = PRODUCT_DEFINITION('design','',#2463,#2466);
#2463 = PRODUCT_DEFINITION_FORMATION('','',#2464);
#2464 = PRODUCT('Open CASCADE STEP translator 7.8 1.65',
  'Open CASCADE STEP translator 7.8 1.65','',(#2465));
#2465 = PRODUCT_CONTEXT('',#2,'mechanical');
#2466 = PRODUCT_DEFINITION_CONTEXT('part definition',#2,'design');
#2467 = GEOMETRICALLY_BOUNDED_WIREFRAME_SHAPE_REPRESENTATION('',(#11,
    #2468),#2477);
#2468 = GEOMETRIC_CURVE_SET('',(#2469));
#2469 = TRIMMED_CURVE('',#2470,(#2475,PARAMETER_VALUE(0.)),(#2476,
    PARAMETER_VALUE(6.28318530718)),.T.,.PARAMETER.);
#2470 = CIRCLE('',#2471,85.369280996118);
#2471 = AXIS2_PLACEMENT_3D('',#2472,#2473,#2474);
#2472 = CARTESIAN_POINT('',(0.,0.,98.4375));
#2473 = DIRECTION('',(0.,0.,1.));
#2474 = DIRECTION('',(1.,0.,-0.));
#2475 = CARTESIAN_POINT('',(85.369280996118,0.,98.4375));
#2476 = CARTESIAN_POINT('',(85.369280996118,0.,98.4375));
#2477 = ( GEOMETRIC_REPRESENTATION_CONTEXT(3) 
GLOBAL_UNCERTAINTY_ASSIGNED_CONTEXT((#2481)) 
GLOBAL_UNIT_ASSIGNED_CONTEXT((#2478,#2479,#2480)) REPRESENTATION_CONTEXT
('Context #1','3D Context with UNIT and UNCERTAINTY') );
#2478 = ( LENGTH_UNIT() NAMED_UNIT(*) SI_UNIT(.MILLI.,.METRE.) );
#2479 = ( NAMED_UNIT(*) PLANE_ANGLE_UNIT() SI_UNIT($,.RADIAN.) );
#2480 = ( NAMED_UNIT(*) SI_UNIT($,.STERADIAN.) SOLID_ANGLE_UNIT() );
#2481 = UNCERTAINTY_MEASURE_WITH_UNIT(LENGTH_MEASURE(1.E-07),#2478,
  'distance_accuracy_value','confusion accuracy');
#2482 = CONTEXT_DEPENDENT_SHAPE_REPRESENTATION(#2483,#2485);
#2483 = ( REPRESENTATION_RELATIONSHIP('','',#2467,#10) 
REPRESENTATION_RELATIONSHIP_WITH_TRANSFORMATION(#2484) 
SHAPE_REPRESENTATION_RELATIONSHIP() );
#2484 = ITEM_DEFINED_TRANSFORMATION('','',#11,#271);
#2485 = PRODUCT_DEFINITION_SHAPE('Placement','Placement of an item',
  #2486);
#2486 = NEXT_ASSEMBLY_USAGE_OCCURRENCE('65','','',#5,#2462,$);
#2487 = PRODUCT_RELATED_PRODUCT_CATEGORY('part',$,(#2464));
#2488 = SHAPE_DEFINITION_REPRESENTATION(#2489,#2495);
#2489 = PRODUCT_DEFINITION_SHAPE('','',#2490);
#2490 = PRODUCT_DEFINITION('design','',#2491,#2494);
#2491 = PRODUCT_DEFINITION_FORMATION('','',#2492);
#2492 = PRODUCT('Open CASCADE STEP translator 7.8 1.66',
  'Open CASCADE STEP translator 7.8 1.66','',(#2493));
#2493 = PRODUCT_CONTEXT('',#2,'mechanical');
#2494 = PRODUCT_DEFINITION_CONTEXT('part definition',#2,'design');
#2495 = GEOMETRICALLY_BOUNDED_WIREFRAME_SHAPE_REPRESENTATION('',(#11,
    #2496),#2505);
#2496 = GEOMETRIC_CURVE_SET('',(#2497));
#2497 = TRIMMED_CURVE('',#2498,(#2503,PARAMETER_VALUE(0.)),(#2504,
    PARAMETER_VALUE(6.28318530718)),.T.,.PARAMETER.);
#2498 = CIRCLE('',#2499,85.935793878699);
#2499 = AXIS2_PLACEMENT_3D('',#2500,#2501,#2502);
#2500 = CARTESIAN_POINT('',(0.,0.,100.));
#2501 = DIRECTION('',(0.,0.,1.));
#2502 = DIRECTION('',(1.,0.,-0.));
#2503 = CARTESIAN_POINT('',(85.935793878699,0.,100.));
#2504 = CARTESIAN_POINT('',(85.935793878699,0.,100.));
#2505 = ( GEOMETRIC_REPRESENTATION_CONTEXT(3) 
GLOBAL_UNCERTAINTY_ASSIGNED_CONTEXT((#2509)) 
GLOBAL_UNIT_ASSIGNED_CONTEXT((#2506,#2507,#2508)) REPRESENTATION_CONTEXT
('Context #1','3D Context with UNIT and UNCERTAINTY') );
#2506 = ( LENGTH_UNIT() NAMED_UNIT(*) SI_UNIT(.MILLI.,.METRE.) );
#2507 = ( NAMED_UNIT(*) PLANE_ANGLE_UNIT() SI_UNIT($,.RADIAN.) );
#2508 = ( NAMED_UNIT(*) SI_UNIT($,.STERADIAN.) SOLID_ANGLE_UNIT() );
#2509 = UNCERTAINTY_MEASURE_WITH_UNIT(LENGTH_MEASURE(1.E-07),#2506,
  'distance_accuracy_value','confusion accuracy');
#2510 = CONTEXT_DEPENDENT_SHAPE_REPRESENTATION(#2511,#2513);
#2511 = ( REPRESENTATION_RELATIONSHIP('','',#2495,#10) 
REPRESENTATION_RELATIONSHIP_WITH_TRANSFORMATION(#2512) 
SHAPE_REPRESENTATION_RELATIONSHIP() );
#2512 = ITEM_DEFINED_TRANSFORMATION('','',#11,#275);
#2513 = PRODUCT_DEFINITION_SHAPE('Placement','Placement of an item',
  #2514);
#2514 = NEXT_ASSEMBLY_USAGE_OCCURRENCE('66','','',#5,#2490,$);
#2515 = PRODUCT_RELATED_PRODUCT_CATEGORY('part',$,(#2492));
#2516 = SHAPE_DEFINITION_REPRESENTATION(#2517,#2523);
#2517 = PRODUCT_DEFINITION_SHAPE('','',#2518);
#2518 = PRODUCT_DEFINITION('design','',#2519,#2522);
#2519 = PRODUCT_DEFINITION_FORMATION('','',#2520);
#2520 = PRODUCT('Open CASCADE STEP translator 7.8 1.67',
  'Open CASCADE STEP translator 7.8 1.67','',(#2521));
#2521 = PRODUCT_CONTEXT('',#2,'mechanical');
#2522 = PRODUCT_DEFINITION_CONTEXT('part definition',#2,'design');
#2523 = GEOMETRICALLY_BOUNDED_WIREFRAME_SHAPE_REPRESENTATION('',(#11,
    #2524),#2533);
#2524 = GEOMETRIC_CURVE_SET('',(#2525));
#2525 = TRIMMED_CURVE('',#2526,(#2531,PARAMETER_VALUE(0.)),(#2532,
    PARAMETER_VALUE(6.28318530718)),.T.,.PARAMETER.);
#2526 = CIRCLE('',#2527,86.502306761281);
#2527 = AXIS2_PLACEMENT_3D('',#2528,#2529,#2530);
#2528 = CARTESIAN_POINT('',(0.,0.,101.5625));
#2529 = DIRECTION('',(0.,0.,1.));
#2530 = DIRECTION('',(1.,0.,-0.));
#2531 = CARTESIAN_POINT('',(86.502306761281,0.,101.5625));
#2532 = CARTESIAN_POINT('',(86.502306761281,0.,101.5625));
#2533 = ( GEOMETRIC_REPRESENTATION_CONTEXT(3) 
GLOBAL_UNCERTAINTY_ASSIGNED_CONTEXT((#2537)) 
GLOBAL_UNIT_ASSIGNED_CONTEXT((#2534,#2535,#2536)) REPRESENTATION_CONTEXT
('Context #1','3D Context with UNIT and UNCERTAINTY') );
#2534 = ( LENGTH_UNIT() NAMED_UNIT(*) SI_UNIT(.MILLI.,.METRE.) );
#2535 = ( NAMED_UNIT(*) PLANE_ANGLE_UNIT() SI_UNIT($,.RADIAN.) );
#2536 = ( NAMED_UNIT(*) SI_UNIT($,.STERADIAN.) SOLID_ANGLE_UNIT() );
#2537 = UNCERTAINTY_MEASURE_WITH_UNIT(LENGTH_MEASURE(1.E-07),#2534,
  'distance_accuracy_value','confusion accuracy');
#2538 = CONTEXT_DEPENDENT_SHAPE_REPRESENTATION(#2539,#2541);
#2539 = ( REPRESENTATION_RELATIONSHIP('','',#2523,#10) 
REPRESENTATION_RELATIONSHIP_WITH_TRANSFORMATION(#2540) 
SHAPE_REPRESENTATION_RELATIONSHIP() );
#2540 = ITEM_DEFINED_TRANSFORMATION('','',#11,#279);
#2541 = PRODUCT_DEFINITION_SHAPE('Placement','Placement of an item',
  #2542);
#2542 = NEXT_ASSEMBLY_USAGE_OCCURRENCE('67','','',#5,#2518,$);
#2543 = PRODUCT_RELATED_PRODUCT_CATEGORY('part',$,(#2520));
#2544 = SHAPE_DEFINITION_REPRESENTATION(#2545,#2551);
#2545 = PRODUCT_DEFINITION_SHAPE('','',#2546);
#2546 = PRODUCT_DEFINITION('design','',#2547,#2550);
#2547 = PRODUCT_DEFINITION_FORMATION('','',#2548);
#2548 = PRODUCT('Open CASCADE STEP translator 7.8 1.68',
  'Open CASCADE STEP translator 7.8 1.68','',(#2549));
#2549 = PRODUCT_CONTEXT('',#2,'mechanical');
#2550 = PRODUCT_DEFINITION_CONTEXT('part definition',#2,'design');
#2551 = GEOMETRICALLY_BOUNDED_WIREFRAME_SHAPE_REPRESENTATION('',(#11,
    #2552),#2561);
#2552 = GEOMETRIC_CURVE_SET('',(#2553));
#2553 = TRIMMED_CURVE('',#2554,(#2559,PARAMETER_VALUE(0.)),(#2560,
    PARAMETER_VALUE(6.28318530718)),.T.,.PARAMETER.);
#2554 = CIRCLE('',#2555,87.068819643862);
#2555 = AXIS2_PLACEMENT_3D('',#2556,#2557,#2558);
#2556 = CARTESIAN_POINT('',(0.,0.,103.125));
#2557 = DIRECTION('',(0.,0.,1.));
#2558 = DIRECTION('',(1.,0.,-0.));
#2559 = CARTESIAN_POINT('',(87.068819643862,0.,103.125));
#2560 = CARTESIAN_POINT('',(87.068819643862,0.,103.125));
#2561 = ( GEOMETRIC_REPRESENTATION_CONTEXT(3) 
GLOBAL_UNCERTAINTY_ASSIGNED_CONTEXT((#2565)) 
GLOBAL_UNIT_ASSIGNED_CONTEXT((#2562,#2563,#2564)) REPRESENTATION_CONTEXT
('Context #1','3D Context with UNIT and UNCERTAINTY') );
#2562 = ( LENGTH_UNIT() NAMED_UNIT(*) SI_UNIT(.MILLI.,.METRE.) );
#2563 = ( NAMED_UNIT(*) PLANE_ANGLE_UNIT() SI_UNIT($,.RADIAN.) );
#2564 = ( NAMED_UNIT(*) SI_UNIT($,.STERADIAN.) SOLID_ANGLE_UNIT() );
#2565 = UNCERTAINTY_MEASURE_WITH_UNIT(LENGTH_MEASURE(1.E-07),#2562,
  'distance_accuracy_value','confusion accuracy');
#2566 = CONTEXT_DEPENDENT_SHAPE_REPRESENTATION(#2567,#2569);
#2567 = ( REPRESENTATION_RELATIONSHIP('','',#2551,#10) 
REPRESENTATION_RELATIONSHIP_WITH_TRANSFORMATION(#2568) 
SHAPE_REPRESENTATION_RELATIONSHIP() );
#2568 = ITEM_DEFINED_TRANSFORMATION('','',#11,#283);
#2569 = PRODUCT_DEFINITION_SHAPE('Placement','Placement of an item',
  #2570);
#2570 = NEXT_ASSEMBLY_USAGE_OCCURRENCE('68','','',#5,#2546,$);
#2571 = PRODUCT_RELATED_PRODUCT_CATEGORY('part',$,(#2548));
#2572 = SHAPE_DEFINITION_REPRESENTATION(#2573,#2579);
#2573 = PRODUCT_DEFINITION_SHAPE('','',#2574);
#2574 = PRODUCT_DEFINITION('design','',#2575,#2578);
#2575 = PRODUCT_DEFINITION_FORMATION('','',#2576);
#2576 = PRODUCT('Open CASCADE STEP translator 7.8 1.69',
  'Open CASCADE STEP translator 7.8 1.69','',(#2577));
#2577 = PRODUCT_CONTEXT('',#2,'mechanical');
#2578 = PRODUCT_DEFINITION_CONTEXT('part definition',#2,'design');
#2579 = GEOMETRICALLY_BOUNDED_WIREFRAME_SHAPE_REPRESENTATION('',(#11,
    #2580),#2589);
#2580 = GEOMETRIC_CURVE_SET('',(#2581));
#2581 = TRIMMED_CURVE('',#2582,(#2587,PARAMETER_VALUE(0.)),(#2588,
    PARAMETER_VALUE(6.28318530718)),.T.,.PARAMETER.);
#2582 = CIRCLE('',#2583,87.635332526443);
#2583 = AXIS2_PLACEMENT_3D('',#2584,#2585,#2586);
#2584 = CARTESIAN_POINT('',(0.,0.,104.6875));
#2585 = DIRECTION('',(0.,0.,1.));
#2586 = DIRECTION('',(1.,0.,-0.));
#2587 = CARTESIAN_POINT('',(87.635332526443,0.,104.6875));
#2588 = CARTESIAN_POINT('',(87.635332526443,0.,104.6875));
#2589 = ( GEOMETRIC_REPRESENTATION_CONTEXT(3) 
GLOBAL_UNCERTAINTY_ASSIGNED_CONTEXT((#2593)) 
GLOBAL_UNIT_ASSIGNED_CONTEXT((#2590,#2591,#2592)) REPRESENTATION_CONTEXT
('Context #1','3D Context with UNIT and UNCERTAINTY') );
#2590 = ( LENGTH_UNIT() NAMED_UNIT(*) SI_UNIT(.MILLI.,.METRE.) );
#2591 = ( NAMED_UNIT(*) PLANE_ANGLE_UNIT() SI_UNIT($,.RADIAN.) );
#2592 = ( NAMED_UNIT(*) SI_UNIT($,.STERADIAN.) SOLID_ANGLE_UNIT() );
#2593 = UNCERTAINTY_MEASURE_WITH_UNIT(LENGTH_MEASURE(1.E-07),#2590,
  'distance_accuracy_value','confusion accuracy');
#2594 = CONTEXT_DEPENDENT_SHAPE_REPRESENTATION(#2595,#2597);
#2595 = ( REPRESENTATION_RELATIONSHIP('','',#2579,#10) 
REPRESENTATION_RELATIONSHIP_WITH_TRANSFORMATION(#2596) 
SHAPE_REPRESENTATION_RELATIONSHIP() );
#2596 = ITEM_DEFINED_TRANSFORMATION('','',#11,#287);
#2597 = PRODUCT_DEFINITION_SHAPE('Placement','Placement of an item',
  #2598);
#2598 = NEXT_ASSEMBLY_USAGE_OCCURRENCE('69','','',#5,#2574,$);
#2599 = PRODUCT_RELATED_PRODUCT_CATEGORY('part',$,(#2576));
#2600 = SHAPE_DEFINITION_REPRESENTATION(#2601,#2607);
#2601 = PRODUCT_DEFINITION_SHAPE('','',#2602);
#2602 = PRODUCT_DEFINITION('design','',#2603,#2606);
#2603 = PRODUCT_DEFINITION_FORMATION('','',#2604);
#2604 = PRODUCT('Open CASCADE STEP translator 7.8 1.70',
  'Open CASCADE STEP translator 7.8 1.70','',(#2605));
#2605 = PRODUCT_CONTEXT('',#2,'mechanical');
#2606 = PRODUCT_DEFINITION_CONTEXT('part definition',#2,'design');
#2607 = GEOMETRICALLY_BOUNDED_WIREFRAME_SHAPE_REPRESENTATION('',(#11,
    #2608),#2617);
#2608 = GEOMETRIC_CURVE_SET('',(#2609));
#2609 = TRIMMED_CURVE('',#2610,(#2615,PARAMETER_VALUE(0.)),(#2616,
    PARAMETER_VALUE(6.28318530718)),.T.,.PARAMETER.);
#2610 = CIRCLE('',#2611,88.201845409025);
#2611 = AXIS2_PLACEMENT_3D('',#2612,#2613,#2614);
#2612 = CARTESIAN_POINT('',(0.,0.,106.25));
#2613 = DIRECTION('',(0.,0.,1.));
#2614 = DIRECTION('',(1.,0.,-0.));
#2615 = CARTESIAN_POINT('',(88.201845409025,0.,106.25));
#2616 = CARTESIAN_POINT('',(88.201845409025,0.,106.25));
#2617 = ( GEOMETRIC_REPRESENTATION_CONTEXT(3) 
GLOBAL_UNCERTAINTY_ASSIGNED_CONTEXT((#2621)) 
GLOBAL_UNIT_ASSIGNED_CONTEXT((#2618,#2619,#2620)) REPRESENTATION_CONTEXT
('Context #1','3D Context with UNIT and UNCERTAINTY') );
#2618 = ( LENGTH_UNIT() NAMED_UNIT(*) SI_UNIT(.MILLI.,.METRE.) );
#2619 = ( NAMED_UNIT(*) PLANE_ANGLE_UNIT() SI_UNIT($,.RADIAN.) );
#2620 = ( NAMED_UNIT(*) SI_UNIT($,.STERADIAN.) SOLID_ANGLE_UNIT() );
#2621 = UNCERTAINTY_MEASURE_WITH_UNIT(LENGTH_MEASURE(1.E-07),#2618,
  'distance_accuracy_value','confusion accuracy');
#2622 = CONTEXT_DEPENDENT_SHAPE_REPRESENTATION(#2623,#2625);
#2623 = ( REPRESENTATION_RELATIONSHIP('','',#2607,#10) 
REPRESENTATION_RELATIONSHIP_WITH_TRANSFORMATION(#2624) 
SHAPE_REPRESENTATION_RELATIONSHIP() );
#2624 = ITEM_DEFINED_TRANSFORMATION('','',#11,#291);
#2625 = PRODUCT_DEFINITION_SHAPE('Placement','Placement of an item',
  #2626);
#2626 = NEXT_ASSEMBLY_USAGE_OCCURRENCE('70','','',#5,#2602,$);
#2627 = PRODUCT_RELATED_PRODUCT_CATEGORY('part',$,(#2604));
#2628 = SHAPE_DEFINITION_REPRESENTATION(#2629,#2635);
#2629 = PRODUCT_DEFINITION_SHAPE('','',#2630);
#2630 = PRODUCT_DEFINITION('design','',#2631,#2634);
#2631 = PRODUCT_DEFINITION_FORMATION('','',#2632);
#2632 = PRODUCT('Open CASCADE STEP translator 7.8 1.71',
  'Open CASCADE STEP translator 7.8 1.71','',(#2633));
#2633 = PRODUCT_CONTEXT('',#2,'mechanical');
#2634 = PRODUCT_DEFINITION_CONTEXT('part definition',#2,'design');
#2635 = GEOMETRICALLY_BOUNDED_WIREFRAME_SHAPE_REPRESENTATION('',(#11,
    #2636),#2645);
#2636 = GEOMETRIC_CURVE_SET('',(#2637));
#2637 = TRIMMED_CURVE('',#2638,(#2643,PARAMETER_VALUE(0.)),(#2644,
    PARAMETER_VALUE(6.28318530718)),.T.,.PARAMETER.);
#2638 = CIRCLE('',#2639,88.768358291606);
#2639 = AXIS2_PLACEMENT_3D('',#2640,#2641,#2642);
#2640 = CARTESIAN_POINT('',(0.,0.,107.8125));
#2641 = DIRECTION('',(0.,0.,1.));
#2642 = DIRECTION('',(1.,0.,-0.));
#2643 = CARTESIAN_POINT('',(88.768358291606,0.,107.8125));
#2644 = CARTESIAN_POINT('',(88.768358291606,0.,107.8125));
#2645 = ( GEOMETRIC_REPRESENTATION_CONTEXT(3) 
GLOBAL_UNCERTAINTY_ASSIGNED_CONTEXT((#2649)) 
GLOBAL_UNIT_ASSIGNED_CONTEXT((#2646,#2647,#2648)) REPRESENTATION_CONTEXT
('Context #1','3D Context with UNIT and UNCERTAINTY') );
#2646 = ( LENGTH_UNIT() NAMED_UNIT(*) SI_UNIT(.MILLI.,.METRE.) );
#2647 = ( NAMED_UNIT(*) PLANE_ANGLE_UNIT() SI_UNIT($,.RADIAN.) );
#2648 = ( NAMED_UNIT(*) SI_UNIT($,.STERADIAN.) SOLID_ANGLE_UNIT() );
#2649 = UNCERTAINTY_MEASURE_WITH_UNIT(LENGTH_MEASURE(1.E-07),#2646,
  'distance_accuracy_value','confusion accuracy');
#2650 = CONTEXT_DEPENDENT_SHAPE_REPRESENTATION(#2651,#2653);
#2651 = ( REPRESENTATION_RELATIONSHIP('','',#2635,#10) 
REPRESENTATION_RELATIONSHIP_WITH_TRANSFORMATION(#2652) 
SHAPE_REPRESENTATION_RELATIONSHIP() );
#2652 = ITEM_DEFINED_TRANSFORMATION('','',#11,#295);
#2653 = PRODUCT_DEFINITION_SHAPE('Placement','Placement of an item',
  #2654);
#2654 = NEXT_ASSEMBLY_USAGE_OCCURRENCE('71','','',#5,#2630,$);
#2655 = PRODUCT_RELATED_PRODUCT_CATEGORY('part',$,(#2632));
#2656 = SHAPE_DEFINITION_REPRESENTATION(#2657,#2663);
#2657 = PRODUCT_DEFINITION_SHAPE('','',#2658);
#2658 = PRODUCT_DEFINITION('design','',#2659,#2662);
#2659 = PRODUCT_DEFINITION_FORMATION('','',#2660);
#2660 = PRODUCT('Open CASCADE STEP translator 7.8 1.72',
  'Open CASCADE STEP translator 7.8 1.72','',(#2661));
#2661 = PRODUCT_CONTEXT('',#2,'mechanical');
#2662 = PRODUCT_DEFINITION_CONTEXT('part definition',#2,'design');
#2663 = GEOMETRICALLY_BOUNDED_WIREFRAME_SHAPE_REPRESENTATION('',(#11,
    #2664),#2673);
#2664 = GEOMETRIC_CURVE_SET('',(#2665));
#2665 = TRIMMED_CURVE('',#2666,(#2671,PARAMETER_VALUE(0.)),(#2672,
    PARAMETER_VALUE(6.28318530718)),.T.,.PARAMETER.);
#2666 = CIRCLE('',#2667,89.334871174187);
#2667 = AXIS2_PLACEMENT_3D('',#2668,#2669,#2670);
#2668 = CARTESIAN_POINT('',(0.,0.,109.375));
#2669 = DIRECTION('',(0.,0.,1.));
#2670 = DIRECTION('',(1.,0.,-0.));
#2671 = CARTESIAN_POINT('',(89.334871174187,0.,109.375));
#2672 = CARTESIAN_POINT('',(89.334871174187,0.,109.375));
#2673 = ( GEOMETRIC_REPRESENTATION_CONTEXT(3) 
GLOBAL_UNCERTAINTY_ASSIGNED_CONTEXT((#2677)) 
GLOBAL_UNIT_ASSIGNED_CONTEXT((#2674,#2675,#2676)) REPRESENTATION_CONTEXT
('Context #1','3D Context with UNIT and UNCERTAINTY') );
#2674 = ( LENGTH_UNIT() NAMED_UNIT(*) SI_UNIT(.MILLI.,.METRE.) );
#2675 = ( NAMED_UNIT(*) PLANE_ANGLE_UNIT() SI_UNIT($,.RADIAN.) );
#2676 = ( NAMED_UNIT(*) SI_UNIT($,.STERADIAN.) SOLID_ANGLE_UNIT() );
#2677 = UNCERTAINTY_MEASURE_WITH_UNIT(LENGTH_MEASURE(1.E-07),#2674,
  'distance_accuracy_value','confusion accuracy');
#2678 = CONTEXT_DEPENDENT_SHAPE_REPRESENTATION(#2679,#2681);
#2679 = ( REPRESENTATION_RELATIONSHIP('','',#2663,#10) 
REPRESENTATION_RELATIONSHIP_WITH_TRANSFORMATION(#2680) 
SHAPE_REPRESENTATION_RELATIONSHIP() );
#2680 = ITEM_DEFINED_TRANSFORMATION('','',#11,#299);
#2681 = PRODUCT_DEFINITION_SHAPE('Placement','Placement of an item',
  #2682);
#2682 = NEXT_ASSEMBLY_USAGE_OCCURRENCE('72','','',#5,#2658,$);
#2683 = PRODUCT_RELATED_PRODUCT_CATEGORY('part',$,(#2660));
#2684 = SHAPE_DEFINITION_REPRESENTATION(#2685,#2691);
#2685 = PRODUCT_DEFINITION_SHAPE('','',#2686);
#2686 = PRODUCT_DEFINITION('design','',#2687,#2690);
#2687 = PRODUCT_DEFINITION_FORMATION('','',#2688);
#2688 = PRODUCT('Open CASCADE STEP translator 7.8 1.73',
  'Open CASCADE STEP translator 7.8 1.73','',(#2689));
#2689 = PRODUCT_CONTEXT('',#2,'mechanical');
#2690 = PRODUCT_DEFINITION_CONTEXT('part definition',#2,'design');
#2691 = GEOMETRICALLY_BOUNDED_WIREFRAME_SHAPE_REPRESENTATION('',(#11,
    #2692),#2701);
#2692 = GEOMETRIC_CURVE_SET('',(#2693));
#2693 = TRIMMED_CURVE('',#2694,(#2699,PARAMETER_VALUE(0.)),(#2700,
    PARAMETER_VALUE(6.28318530718)),.T.,.PARAMETER.);
#2694 = CIRCLE('',#2695,89.901384056768);
#2695 = AXIS2_PLACEMENT_3D('',#2696,#2697,#2698);
#2696 = CARTESIAN_POINT('',(0.,0.,110.9375));
#2697 = DIRECTION('',(0.,0.,1.));
#2698 = DIRECTION('',(1.,0.,-0.));
#2699 = CARTESIAN_POINT('',(89.901384056768,0.,110.9375));
#2700 = CARTESIAN_POINT('',(89.901384056768,0.,110.9375));
#2701 = ( GEOMETRIC_REPRESENTATION_CONTEXT(3) 
GLOBAL_UNCERTAINTY_ASSIGNED_CONTEXT((#2705)) 
GLOBAL_UNIT_ASSIGNED_CONTEXT((#2702,#2703,#2704)) REPRESENTATION_CONTEXT
('Context #1','3D Context with UNIT and UNCERTAINTY') );
#2702 = ( LENGTH_UNIT() NAMED_UNIT(*) SI_UNIT(.MILLI.,.METRE.) );
#2703 = ( NAMED_UNIT(*) PLANE_ANGLE_UNIT() SI_UNIT($,.RADIAN.) );
#2704 = ( NAMED_UNIT(*) SI_UNIT($,.STERADIAN.) SOLID_ANGLE_UNIT() );
#2705 = UNCERTAINTY_MEASURE_WITH_UNIT(LENGTH_MEASURE(1.E-07),#2702,
  'distance_accuracy_value','confusion accuracy');
#2706 = CONTEXT_DEPENDENT_SHAPE_REPRESENTATION(#2707,#2709);
#2707 = ( REPRESENTATION_RELATIONSHIP('','',#2691,#10) 
REPRESENTATION_RELATIONSHIP_WITH_TRANSFORMATION(#2708) 
SHAPE_REPRESENTATION_RELATIONSHIP() );
#2708 = ITEM_DEFINED_TRANSFORMATION('','',#11,#303);
#2709 = PRODUCT_DEFINITION_SHAPE('Placement','Placement of an item',
  #2710);
#2710 = NEXT_ASSEMBLY_USAGE_OCCURRENCE('73','','',#5,#2686,$);
#2711 = PRODUCT_RELATED_PRODUCT_CATEGORY('part',$,(#2688));
#2712 = SHAPE_DEFINITION_REPRESENTATION(#2713,#2719);
#2713 = PRODUCT_DEFINITION_SHAPE('','',#2714);
#2714 = PRODUCT_DEFINITION('design','',#2715,#2718);
#2715 = PRODUCT_DEFINITION_FORMATION('','',#2716);
#2716 = PRODUCT('Open CASCADE STEP translator 7.8 1.74',
  'Open CASCADE STEP translator 7.8 1.74','',(#2717));
#2717 = PRODUCT_CONTEXT('',#2,'mechanical');
#2718 = PRODUCT_DEFINITION_CONTEXT('part definition',#2,'design');
#2719 = GEOMETRICALLY_BOUNDED_WIREFRAME_SHAPE_REPRESENTATION('',(#11,
    #2720),#2729);
#2720 = GEOMETRIC_CURVE_SET('',(#2721));
#2721 = TRIMMED_CURVE('',#2722,(#2727,PARAMETER_VALUE(0.)),(#2728,
    PARAMETER_VALUE(6.28318530718)),.T.,.PARAMETER.);
#2722 = CIRCLE('',#2723,90.46789693935);
#2723 = AXIS2_PLACEMENT_3D('',#2724,#2725,#2726);
#2724 = CARTESIAN_POINT('',(0.,0.,112.5));
#2725 = DIRECTION('',(0.,0.,1.));
#2726 = DIRECTION('',(1.,0.,-0.));
#2727 = CARTESIAN_POINT('',(90.46789693935,0.,112.5));
#2728 = CARTESIAN_POINT('',(90.46789693935,0.,112.5));
#2729 = ( GEOMETRIC_REPRESENTATION_CONTEXT(3) 
GLOBAL_UNCERTAINTY_ASSIGNED_CONTEXT((#2733)) 
GLOBAL_UNIT_ASSIGNED_CONTEXT((#2730,#2731,#2732)) REPRESENTATION_CONTEXT
('Context #1','3D Context with UNIT and UNCERTAINTY') );
#2730 = ( LENGTH_UNIT() NAMED_UNIT(*) SI_UNIT(.MILLI.,.METRE.) );
#2731 = ( NAMED_UNIT(*) PLANE_ANGLE_UNIT() SI_UNIT($,.RADIAN.) );
#2732 = ( NAMED_UNIT(*) SI_UNIT($,.STERADIAN.) SOLID_ANGLE_UNIT() );
#2733 = UNCERTAINTY_MEASURE_WITH_UNIT(LENGTH_MEASURE(1.E-07),#2730,
  'distance_accuracy_value','confusion accuracy');
#2734 = CONTEXT_DEPENDENT_SHAPE_REPRESENTATION(#2735,#2737);
#2735 = ( REPRESENTATION_RELATIONSHIP('','',#2719,#10) 
REPRESENTATION_RELATIONSHIP_WITH_TRANSFORMATION(#2736) 
SHAPE_REPRESENTATION_RELATIONSHIP() );
#2736 = ITEM_DEFINED_TRANSFORMATION('','',#11,#307);
#2737 = PRODUCT_DEFINITION_SHAPE('Placement','Placement of an item',
  #2738);
#2738 = NEXT_ASSEMBLY_USAGE_OCCURRENCE('74','','',#5,#2714,$);
#2739 = PRODUCT_RELATED_PRODUCT_CATEGORY('part',$,(#2716));
#2740 = SHAPE_DEFINITION_REPRESENTATION(#2741,#2747);
#2741 = PRODUCT_DEFINITION_SHAPE('','',#2742);
#2742 = PRODUCT_DEFINITION('design','',#2743,#2746);
#2743 = PRODUCT_DEFINITION_FORMATION('','',#2744);
#2744 = PRODUCT('Open CASCADE STEP translator 7.8 1.75',
  'Open CASCADE STEP translator 7.8 1.75','',(#2745));
#2745 = PRODUCT_CONTEXT('',#2,'mechanical');
#2746 = PRODUCT_DEFINITION_CONTEXT('part definition',#2,'design');
#2747 = GEOMETRICALLY_BOUNDED_WIREFRAME_SHAPE_REPRESENTATION('',(#11,
    #2748),#2757);
#2748 = GEOMETRIC_CURVE_SET('',(#2749));
#2749 = TRIMMED_CURVE('',#2750,(#2755,PARAMETER_VALUE(0.)),(#2756,
    PARAMETER_VALUE(6.28318530718)),.T.,.PARAMETER.);
#2750 = CIRCLE('',#2751,91.034409821931);
#2751 = AXIS2_PLACEMENT_3D('',#2752,#2753,#2754);
#2752 = CARTESIAN_POINT('',(0.,0.,114.0625));
#2753 = DIRECTION('',(0.,0.,1.));
#2754 = DIRECTION('',(1.,0.,-0.));
#2755 = CARTESIAN_POINT('',(91.034409821931,0.,114.0625));
#2756 = CARTESIAN_POINT('',(91.034409821931,0.,114.0625));
#2757 = ( GEOMETRIC_REPRESENTATION_CONTEXT(3) 
GLOBAL_UNCERTAINTY_ASSIGNED_CONTEXT((#2761)) 
GLOBAL_UNIT_ASSIGNED_CONTEXT((#2758,#2759,#2760)) REPRESENTATION_CONTEXT
('Context #1','3D Context with UNIT and UNCERTAINTY') );
#2758 = ( LENGTH_UNIT() NAMED_UNIT(*) SI_UNIT(.MILLI.,.METRE.) );
#2759 = ( NAMED_UNIT(*) PLANE_ANGLE_UNIT() SI_UNIT($,.RADIAN.) );
#2760 = ( NAMED_UNIT(*) SI_UNIT($,.STERADIAN.) SOLID_ANGLE_UNIT() );
#2761 = UNCERTAINTY_MEASURE_WITH_UNIT(LENGTH_MEASURE(1.E-07),#2758,
  'distance_accuracy_value','confusion accuracy');
#2762 = CONTEXT_DEPENDENT_SHAPE_REPRESENTATION(#2763,#2765);
#2763 = ( REPRESENTATION_RELATIONSHIP('','',#2747,#10) 
REPRESENTATION_RELATIONSHIP_WITH_TRANSFORMATION(#2764) 
SHAPE_REPRESENTATION_RELATIONSHIP() );
#2764 = ITEM_DEFINED_TRANSFORMATION('','',#11,#311);
#2765 = PRODUCT_DEFINITION_SHAPE('Placement','Placement of an item',
  #2766);
#2766 = NEXT_ASSEMBLY_USAGE_OCCURRENCE('75','','',#5,#2742,$);
#2767 = PRODUCT_RELATED_PRODUCT_CATEGORY('part',$,(#2744));
#2768 = SHAPE_DEFINITION_REPRESENTATION(#2769,#2775);
#2769 = PRODUCT_DEFINITION_SHAPE('','',#2770);
#2770 = PRODUCT_DEFINITION('design','',#2771,#2774);
#2771 = PRODUCT_DEFINITION_FORMATION('','',#2772);
#2772 = PRODUCT('Open CASCADE STEP translator 7.8 1.76',
  'Open CASCADE STEP translator 7.8 1.76','',(#2773));
#2773 = PRODUCT_CONTEXT('',#2,'mechanical');
#2774 = PRODUCT_DEFINITION_CONTEXT('part definition',#2,'design');
#2775 = GEOMETRICALLY_BOUNDED_WIREFRAME_SHAPE_REPRESENTATION('',(#11,
    #2776),#2785);
#2776 = GEOMETRIC_CURVE_SET('',(#2777));
#2777 = TRIMMED_CURVE('',#2778,(#2783,PARAMETER_VALUE(0.)),(#2784,
    PARAMETER_VALUE(6.28318530718)),.T.,.PARAMETER.);
#2778 = CIRCLE('',#2779,91.600922704512);
#2779 = AXIS2_PLACEMENT_3D('',#2780,#2781,#2782);
#2780 = CARTESIAN_POINT('',(0.,0.,115.625));
#2781 = DIRECTION('',(0.,0.,1.));
#2782 = DIRECTION('',(1.,0.,-0.));
#2783 = CARTESIAN_POINT('',(91.600922704512,0.,115.625));
#2784 = CARTESIAN_POINT('',(91.600922704512,0.,115.625));
#2785 = ( GEOMETRIC_REPRESENTATION_CONTEXT(3) 
GLOBAL_UNCERTAINTY_ASSIGNED_CONTEXT((#2789)) 
GLOBAL_UNIT_ASSIGNED_CONTEXT((#2786,#2787,#2788)) REPRESENTATION_CONTEXT
('Context #1','3D Context with UNIT and UNCERTAINTY') );
#2786 = ( LENGTH_UNIT() NAMED_UNIT(*) SI_UNIT(.MILLI.,.METRE.) );
#2787 = ( NAMED_UNIT(*) PLANE_ANGLE_UNIT() SI_UNIT($,.RADIAN.) );
#2788 = ( NAMED_UNIT(*) SI_UNIT($,.STERADIAN.) SOLID_ANGLE_UNIT() );
#2789 = UNCERTAINTY_MEASURE_WITH_UNIT(LENGTH_MEASURE(1.E-07),#2786,
  'distance_accuracy_value','confusion accuracy');
#2790 = CONTEXT_DEPENDENT_SHAPE_REPRESENTATION(#2791,#2793);
#2791 = ( REPRESENTATION_RELATIONSHIP('','',#2775,#10) 
REPRESENTATION_RELATIONSHIP_WITH_TRANSFORMATION(#2792) 
SHAPE_REPRESENTATION_RELATIONSHIP() );
#2792 = ITEM_DEFINED_TRANSFORMATION('','',#11,#315);
#2793 = PRODUCT_DEFINITION_SHAPE('Placement','Placement of an item',
  #2794);
#2794 = NEXT_ASSEMBLY_USAGE_OCCURRENCE('76','','',#5,#2770,$);
#2795 = PRODUCT_RELATED_PRODUCT_CATEGORY('part',$,(#2772));
#2796 = SHAPE_DEFINITION_REPRESENTATION(#2797,#2803);
#2797 = PRODUCT_DEFINITION_SHAPE('','',#2798);
#2798 = PRODUCT_DEFINITION('design','',#2799,#2802);
#2799 = PRODUCT_DEFINITION_FORMATION('','',#2800);
#2800 = PRODUCT('Open CASCADE STEP translator 7.8 1.77',
  'Open CASCADE STEP translator 7.8 1.77','',(#2801));
#2801 = PRODUCT_CONTEXT('',#2,'mechanical');
#2802 = PRODUCT_DEFINITION_CONTEXT('part definition',#2,'design');
#2803 = GEOMETRICALLY_BOUNDED_WIREFRAME_SHAPE_REPRESENTATION('',(#11,
    #2804),#2813);
#2804 = GEOMETRIC_CURVE_SET('',(#2805));
#2805 = TRIMMED_CURVE('',#2806,(#2811,PARAMETER_VALUE(0.)),(#2812,
    PARAMETER_VALUE(6.28318530718)),.T.,.PARAMETER.);
#2806 = CIRCLE('',#2807,92.167435587094);
#2807 = AXIS2_PLACEMENT_3D('',#2808,#2809,#2810);
#2808 = CARTESIAN_POINT('',(0.,0.,117.1875));
#2809 = DIRECTION('',(0.,0.,1.));
#2810 = DIRECTION('',(1.,0.,-0.));
#2811 = CARTESIAN_POINT('',(92.167435587094,0.,117.1875));
#2812 = CARTESIAN_POINT('',(92.167435587094,0.,117.1875));
#2813 = ( GEOMETRIC_REPRESENTATION_CONTEXT(3) 
GLOBAL_UNCERTAINTY_ASSIGNED_CONTEXT((#2817)) 
GLOBAL_UNIT_ASSIGNED_CONTEXT((#2814,#2815,#2816)) REPRESENTATION_CONTEXT
('Context #1','3D Context with UNIT and UNCERTAINTY') );
#2814 = ( LENGTH_UNIT() NAMED_UNIT(*) SI_UNIT(.MILLI.,.METRE.) );
#2815 = ( NAMED_UNIT(*) PLANE_ANGLE_UNIT() SI_UNIT($,.RADIAN.) );
#2816 = ( NAMED_UNIT(*) SI_UNIT($,.STERADIAN.) SOLID_ANGLE_UNIT() );
#2817 = UNCERTAINTY_MEASURE_WITH_UNIT(LENGTH_MEASURE(1.E-07),#2814,
  'distance_accuracy_value','confusion accuracy');
#2818 = CONTEXT_DEPENDENT_SHAPE_REPRESENTATION(#2819,#2821);
#2819 = ( REPRESENTATION_RELATIONSHIP('','',#2803,#10) 
REPRESENTATION_RELATIONSHIP_WITH_TRANSFORMATION(#2820) 
SHAPE_REPRESENTATION_RELATIONSHIP() );
#2820 = ITEM_DEFINED_TRANSFORMATION('','',#11,#319);
#2821 = PRODUCT_DEFINITION_SHAPE('Placement','Placement of an item',
  #2822);
#2822 = NEXT_ASSEMBLY_USAGE_OCCURRENCE('77','','',#5,#2798,$);
#2823 = PRODUCT_RELATED_PRODUCT_CATEGORY('part',$,(#2800));
#2824 = SHAPE_DEFINITION_REPRESENTATION(#2825,#2831);
#2825 = PRODUCT_DEFINITION_SHAPE('','',#2826);
#2826 = PRODUCT_DEFINITION('design','',#2827,#2830);
#2827 = PRODUCT_DEFINITION_FORMATION('','',#2828);
#2828 = PRODUCT('Open CASCADE STEP translator 7.8 1.78',
  'Open CASCADE STEP translator 7.8 1.78','',(#2829));
#2829 = PRODUCT_CONTEXT('',#2,'mechanical');
#2830 = PRODUCT_DEFINITION_CONTEXT('part definition',#2,'design');
#2831 = GEOMETRICALLY_BOUNDED_WIREFRAME_SHAPE_REPRESENTATION('',(#11,
    #2832),#2841);
#2832 = GEOMETRIC_CURVE_SET('',(#2833));
#2833 = TRIMMED_CURVE('',#2834,(#2839,PARAMETER_VALUE(0.)),(#2840,
    PARAMETER_VALUE(6.28318530718)),.T.,.PARAMETER.);
#2834 = CIRCLE('',#2835,92.733948469675);
#2835 = AXIS2_PLACEMENT_3D('',#2836,#2837,#2838);
#2836 = CARTESIAN_POINT('',(0.,0.,118.75));
#2837 = DIRECTION('',(0.,0.,1.));
#2838 = DIRECTION('',(1.,0.,-0.));
#2839 = CARTESIAN_POINT('',(92.733948469675,0.,118.75));
#2840 = CARTESIAN_POINT('',(92.733948469675,0.,118.75));
#2841 = ( GEOMETRIC_REPRESENTATION_CONTEXT(3) 
GLOBAL_UNCERTAINTY_ASSIGNED_CONTEXT((#2845)) 
GLOBAL_UNIT_ASSIGNED_CONTEXT((#2842,#2843,#2844)) REPRESENTATION_CONTEXT
('Context #1','3D Context with UNIT and UNCERTAINTY') );
#2842 = ( LENGTH_UNIT() NAMED_UNIT(*) SI_UNIT(.MILLI.,.METRE.) );
#2843 = ( NAMED_UNIT(*) PLANE_ANGLE_UNIT() SI_UNIT($,.RADIAN.) );
#2844 = ( NAMED_UNIT(*) SI_UNIT($,.STERADIAN.) SOLID_ANGLE_UNIT() );
#2845 = UNCERTAINTY_MEASURE_WITH_UNIT(LENGTH_MEASURE(1.E-07),#2842,
  'distance_accuracy_value','confusion accuracy');
#2846 = CONTEXT_DEPENDENT_SHAPE_REPRESENTATION(#2847,#2849);
#2847 = ( REPRESENTATION_RELATIONSHIP('','',#2831,#10) 
REPRESENTATION_RELATIONSHIP_WITH_TRANSFORMATION(#2848) 
SHAPE_REPRESENTATION_RELATIONSHIP() );
#2848 = ITEM_DEFINED_TRANSFORMATION('','',#11,#323);
#2849 = PRODUCT_DEFINITION_SHAPE('Placement','Placement of an item',
  #2850);
#2850 = NEXT_ASSEMBLY_USAGE_OCCURRENCE('78','','',#5,#2826,$);
#2851 = PRODUCT_RELATED_PRODUCT_CATEGORY('part',$,(#2828));
#2852 = SHAPE_DEFINITION_REPRESENTATION(#2853,#2859);
#2853 = PRODUCT_DEFINITION_SHAPE('','',#2854);
#2854 = PRODUCT_DEFINITION('design','',#2855,#2858);
#2855 = PRODUCT_DEFINITION_FORMATION('','',#2856);
#2856 = PRODUCT('Open CASCADE STEP translator 7.8 1.79',
  'Open CASCADE STEP translator 7.8 1.79','',(#2857));
#2857 = PRODUCT_CONTEXT('',#2,'mechanical');
#2858 = PRODUCT_DEFINITION_CONTEXT('part definition',#2,'design');
#2859 = GEOMETRICALLY_BOUNDED_WIREFRAME_SHAPE_REPRESENTATION('',(#11,
    #2860),#2869);
#2860 = GEOMETRIC_CURVE_SET('',(#2861));
#2861 = TRIMMED_CURVE('',#2862,(#2867,PARAMETER_VALUE(0.)),(#2868,
    PARAMETER_VALUE(6.28318530718)),.T.,.PARAMETER.);
#2862 = CIRCLE('',#2863,93.300461352256);
#2863 = AXIS2_PLACEMENT_3D('',#2864,#2865,#2866);
#2864 = CARTESIAN_POINT('',(0.,0.,120.3125));
#2865 = DIRECTION('',(0.,0.,1.));
#2866 = DIRECTION('',(1.,0.,-0.));
#2867 = CARTESIAN_POINT('',(93.300461352256,0.,120.3125));
#2868 = CARTESIAN_POINT('',(93.300461352256,0.,120.3125));
#2869 = ( GEOMETRIC_REPRESENTATION_CONTEXT(3) 
GLOBAL_UNCERTAINTY_ASSIGNED_CONTEXT((#2873)) 
GLOBAL_UNIT_ASSIGNED_CONTEXT((#2870,#2871,#2872)) REPRESENTATION_CONTEXT
('Context #1','3D Context with UNIT and UNCERTAINTY') );
#2870 = ( LENGTH_UNIT() NAMED_UNIT(*) SI_UNIT(.MILLI.,.METRE.) );
#2871 = ( NAMED_UNIT(*) PLANE_ANGLE_UNIT() SI_UNIT($,.RADIAN.) );
#2872 = ( NAMED_UNIT(*) SI_UNIT($,.STERADIAN.) SOLID_ANGLE_UNIT() );
#2873 = UNCERTAINTY_MEASURE_WITH_UNIT(LENGTH_MEASURE(1.E-07),#2870,
  'distance_accuracy_value','confusion accuracy');
#2874 = CONTEXT_DEPENDENT_SHAPE_REPRESENTATION(#2875,#2877);
#2875 = ( REPRESENTATION_RELATIONSHIP('','',#2859,#10) 
REPRESENTATION_RELATIONSHIP_WITH_TRANSFORMATION(#2876) 
SHAPE_REPRESENTATION_RELATIONSHIP() );
#2876 = ITEM_DEFINED_TRANSFORMATION('','',#11,#327);
#2877 = PRODUCT_DEFINITION_SHAPE('Placement','Placement of an item',
  #2878);
#2878 = NEXT_ASSEMBLY_USAGE_OCCURRENCE('79','','',#5,#2854,$);
#2879 = PRODUCT_RELATED_PRODUCT_CATEGORY('part',$,(#2856));
#2880 = SHAPE_DEFINITION_REPRESENTATION(#2881,#2887);
#2881 = PRODUCT_DEFINITION_SHAPE('','',#2882);
#2882 = PRODUCT_DEFINITION('design','',#2883,#2886);
#2883 = PRODUCT_DEFINITION_FORMATION('','',#2884);
#2884 = PRODUCT('Open CASCADE STEP translator 7.8 1.80',
  'Open CASCADE STEP translator 7.8 1.80','',(#2885));
#2885 = PRODUCT_CONTEXT('',#2,'mechanical');
#2886 = PRODUCT_DEFINITION_CONTEXT('part definition',#2,'design');
#2887 = GEOMETRICALLY_BOUNDED_WIREFRAME_SHAPE_REPRESENTATION('',(#11,
    #2888),#2897);
#2888 = GEOMETRIC_CURVE_SET('',(#2889));
#2889 = TRIMMED_CURVE('',#2890,(#2895,PARAMETER_VALUE(0.)),(#2896,
    PARAMETER_VALUE(6.28318530718)),.T.,.PARAMETER.);
#2890 = CIRCLE('',#2891,93.866974234837);
#2891 = AXIS2_PLACEMENT_3D('',#2892,#2893,#2894);
#2892 = CARTESIAN_POINT('',(0.,0.,121.875));
#2893 = DIRECTION('',(0.,0.,1.));
#2894 = DIRECTION('',(1.,0.,-0.));
#2895 = CARTESIAN_POINT('',(93.866974234837,0.,121.875));
#2896 = CARTESIAN_POINT('',(93.866974234837,0.,121.875));
#2897 = ( GEOMETRIC_REPRESENTATION_CONTEXT(3) 
GLOBAL_UNCERTAINTY_ASSIGNED_CONTEXT((#2901)) 
GLOBAL_UNIT_ASSIGNED_CONTEXT((#2898,#2899,#2900)) REPRESENTATION_CONTEXT
('Context #1','3D Context with UNIT and UNCERTAINTY') );
#2898 = ( LENGTH_UNIT() NAMED_UNIT(*) SI_UNIT(.MILLI.,.METRE.) );
#2899 = ( NAMED_UNIT(*) PLANE_ANGLE_UNIT() SI_UNIT($,.RADIAN.) );
#2900 = ( NAMED_UNIT(*) SI_UNIT($,.STERADIAN.) SOLID_ANGLE_UNIT() );
#2901 = UNCERTAINTY_MEASURE_WITH_UNIT(LENGTH_MEASURE(1.E-07),#2898,
  'distance_accuracy_value','confusion accuracy');
#2902 = CONTEXT_DEPENDENT_SHAPE_REPRESENTATION(#2903,#2905);
#2903 = ( REPRESENTATION_RELATIONSHIP('','',#2887,#10) 
REPRESENTATION_RELATIONSHIP_WITH_TRANSFORMATION(#2904) 
SHAPE_REPRESENTATION_RELATIONSHIP() );
#2904 = ITEM_DEFINED_TRANSFORMATION('','',#11,#331);
#2905 = PRODUCT_DEFINITION_SHAPE('Placement','Placement of an item',
  #2906);
#2906 = NEXT_ASSEMBLY_USAGE_OCCURRENCE('80','','',#5,#2882,$);
#2907 = PRODUCT_RELATED_PRODUCT_CATEGORY('part',$,(#2884));
#2908 = SHAPE_DEFINITION_REPRESENTATION(#2909,#2915);
#2909 = PRODUCT_DEFINITION_SHAPE('','',#2910);
#2910 = PRODUCT_DEFINITION('design','',#2911,#2914);
#2911 = PRODUCT_DEFINITION_FORMATION('','',#2912);
#2912 = PRODUCT('Open CASCADE STEP translator 7.8 1.81',
  'Open CASCADE STEP translator 7.8 1.81','',(#2913));
#2913 = PRODUCT_CONTEXT('',#2,'mechanical');
#2914 = PRODUCT_DEFINITION_CONTEXT('part definition',#2,'design');
#2915 = GEOMETRICALLY_BOUNDED_WIREFRAME_SHAPE_REPRESENTATION('',(#11,
    #2916),#2925);
#2916 = GEOMETRIC_CURVE_SET('',(#2917));
#2917 = TRIMMED_CURVE('',#2918,(#2923,PARAMETER_VALUE(0.)),(#2924,
    PARAMETER_VALUE(6.28318530718)),.T.,.PARAMETER.);
#2918 = CIRCLE('',#2919,94.433487117419);
#2919 = AXIS2_PLACEMENT_3D('',#2920,#2921,#2922);
#2920 = CARTESIAN_POINT('',(0.,0.,123.4375));
#2921 = DIRECTION('',(0.,0.,1.));
#2922 = DIRECTION('',(1.,0.,-0.));
#2923 = CARTESIAN_POINT('',(94.433487117419,0.,123.4375));
#2924 = CARTESIAN_POINT('',(94.433487117419,0.,123.4375));
#2925 = ( GEOMETRIC_REPRESENTATION_CONTEXT(3) 
GLOBAL_UNCERTAINTY_ASSIGNED_CONTEXT((#2929)) 
GLOBAL_UNIT_ASSIGNED_CONTEXT((#2926,#2927,#2928)) REPRESENTATION_CONTEXT
('Context #1','3D Context with UNIT and UNCERTAINTY') );
#2926 = ( LENGTH_UNIT() NAMED_UNIT(*) SI_UNIT(.MILLI.,.METRE.) );
#2927 = ( NAMED_UNIT(*) PLANE_ANGLE_UNIT() SI_UNIT($,.RADIAN.) );
#2928 = ( NAMED_UNIT(*) SI_UNIT($,.STERADIAN.) SOLID_ANGLE_UNIT() );
#2929 = UNCERTAINTY_MEASURE_WITH_UNIT(LENGTH_MEASURE(1.E-07),#2926,
  'distance_accuracy_value','confusion accuracy');
#2930 = CONTEXT_DEPENDENT_SHAPE_REPRESENTATION(#2931,#2933);
#2931 = ( REPRESENTATION_RELATIONSHIP('','',#2915,#10) 
REPRESENTATION_RELATIONSHIP_WITH_TRANSFORMATION(#2932) 
SHAPE_REPRESENTATION_RELATIONSHIP() );
#2932 = ITEM_DEFINED_TRANSFORMATION('','',#11,#335);
#2933 = PRODUCT_DEFINITION_SHAPE('Placement','Placement of an item',
  #2934);
#2934 = NEXT_ASSEMBLY_USAGE_OCCURRENCE('81','','',#5,#2910,$);
#2935 = PRODUCT_RELATED_PRODUCT_CATEGORY('part',$,(#2912));
#2936 = SHAPE_DEFINITION_REPRESENTATION(#2937,#2943);
#2937 = PRODUCT_DEFINITION_SHAPE('','',#2938);
#2938 = PRODUCT_DEFINITION('design','',#2939,#2942);
#2939 = PRODUCT_DEFINITION_FORMATION('','',#2940);
#2940 = PRODUCT('Open CASCADE STEP translator 7.8 1.82',
  'Open CASCADE STEP translator 7.8 1.82','',(#2941));
#2941 = PRODUCT_CONTEXT('',#2,'mechanical');
#2942 = PRODUCT_DEFINITION_CONTEXT('part definition',#2,'design');
#2943 = GEOMETRICALLY_BOUNDED_WIREFRAME_SHAPE_REPRESENTATION('',(#11,
    #2944),#2953);
#2944 = GEOMETRIC_CURVE_SET('',(#2945));
#2945 = TRIMMED_CURVE('',#2946,(#2951,PARAMETER_VALUE(0.)),(#2952,
    PARAMETER_VALUE(6.28318530718)),.T.,.PARAMETER.);
#2946 = CIRCLE('',#2947,95.);
#2947 = AXIS2_PLACEMENT_3D('',#2948,#2949,#2950);
#2948 = CARTESIAN_POINT('',(0.,0.,125.));
#2949 = DIRECTION('',(0.,0.,1.));
#2950 = DIRECTION('',(1.,0.,-0.));
#2951 = CARTESIAN_POINT('',(95.,0.,125.));
#2952 = CARTESIAN_POINT('',(95.,0.,125.));
#2953 = ( GEOMETRIC_REPRESENTATION_CONTEXT(3) 
GLOBAL_UNCERTAINTY_ASSIGNED_CONTEXT((#2957)) 
GLOBAL_UNIT_ASSIGNED_CONTEXT((#2954,#2955,#2956)) REPRESENTATION_CONTEXT
('Context #1','3D Context with UNIT and UNCERTAINTY') );
#2954 = ( LENGTH_UNIT() NAMED_UNIT(*) SI_UNIT(.MILLI.,.METRE.) );
#2955 = ( NAMED_UNIT(*) PLANE_ANGLE_UNIT() SI_UNIT($,.RADIAN.) );
#2956 = ( NAMED_UNIT(*) SI_UNIT($,.STERADIAN.) SOLID_ANGLE_UNIT() );
#2957 = UNCERTAINTY_MEASURE_WITH_UNIT(LENGTH_MEASURE(1.E-07),#2954,
  'distance_accuracy_value','confusion accuracy');
#2958 = CONTEXT_DEPENDENT_SHAPE_REPRESENTATION(#2959,#2961);
#2959 = ( REPRESENTATION_RELATIONSHIP('','',#2943,#10) 
REPRESENTATION_RELATIONSHIP_WITH_TRANSFORMATION(#2960) 
SHAPE_REPRESENTATION_RELATIONSHIP() );
#2960 = ITEM_DEFINED_TRANSFORMATION('','',#11,#339);
#2961 = PRODUCT_DEFINITION_SHAPE('Placement','Placement of an item',
  #2962);
#2962 = NEXT_ASSEMBLY_USAGE_OCCURRENCE('82','','',#5,#2938,$);
#2963 = PRODUCT_RELATED_PRODUCT_CATEGORY('part',$,(#2940));
ENDSEC;
END-ISO-10303-21;
