{
    "driver_id": "dayton-dsa135-8",
    "manufacturer": "Dayton",
    "model_name": "DSA135-8",
    "driver_type": "cone",
    "parameters": {
        "fs_hz": 51.81,
        "re_ohm": 5.9,
        "bl_tm": 6.22,
        "sd_m2": 0.007540000000000001,
        "mms_kg": 0.0095,
        "le_h": 0.0007800000000000001,
        "qts": 0.38,
        "nominal_impedance_ohm": 8.0,
        "xmax_m": 0.004900000000000001,
        "qms": 2.04,
        "qes": 0.47
    },
    "nominal_diameter": "6in"
}
