{
    "driver_id": "dayton-rs75-8",
    "manufacturer": "Dayton",
    "model_name": "RS75-8",
    "driver_type": "compression",
    "parameters": {
        "fs_hz": 185.0,
        "re_ohm": 6.2,
        "bl_tm": 2.55,
        "sd_m2": 0.0012000000000000001,
        "mms_kg": 0.00123,
        "le_h": 0.00032,
        "qts": 1.07,
        "nominal_impedance_ohm": 8.0,
        "xmax_m": 0.0013000000000000002,
        "qms": 5.12,
        "qes": 1.35
    }
}
