{
    "driver_id": "18sound-12w700",
    "manufacturer": "18Sound",
    "model_name": "12W700",
    "driver_type": "cone",
    "parameters": {
        "fs_hz": 58.0,
        "re_ohm": 5.7,
        "bl_tm": 17.7,
        "sd_m2": 0.0531,
        "mms_kg": 0.051000000000000004,
        "le_h": 0.00148,
        "qts": 0.36,
        "nominal_impedance_ohm": 8.0,
        "xmax_m": 0.006500000000000001,
        "qms": 3.93,
        "qes": 0.37
    },
    "nominal_diameter": "12in"
}
