{
    "driver_id": "18sound-18lw1400",
    "manufacturer": "18Sound",
    "model_name": "18LW1400",
    "driver_type": "cone",
    "parameters": {
        "fs_hz": 33.0,
        "re_ohm": 3.6,
        "bl_tm": 22.1,
        "sd_m2": 0.12250000000000001,
        "mms_kg": 0.19,
        "le_h": 0.0015,
        "qts": 0.32,
        "nominal_impedance_ohm": 4.0,
        "xmax_m": 0.009000000000000001,
        "qms": 6.6,
        "qes": 0.34
    },
    "nominal_diameter": "18in"
}
