{
    "driver_id": "18sound-18lw2400",
    "manufacturer": "18Sound",
    "model_name": "18LW2400",
    "driver_type": "cone",
    "parameters": {
        "fs_hz": 33.0,
        "re_ohm": 2.6,
        "bl_tm": 18.0,
        "sd_m2": 0.12250000000000001,
        "mms_kg": 0.2,
        "le_h": 0.0009000000000000001,
        "qts": 0.32,
        "nominal_impedance_ohm": 4.0,
        "xmax_m": 0.0095,
        "qms": 6.4,
        "qes": 0.33
    },
    "nominal_diameter": "18in"
}
