{
    "driver_id": "18sound-12w1300",
    "manufacturer": "18Sound",
    "model_name": "12W1300",
    "driver_type": "cone",
    "parameters": {
        "fs_hz": 50.0,
        "re_ohm": 5.2,
        "bl_tm": 20.0,
        "sd_m2": 0.053000000000000005,
        "mms_kg": 0.07200000000000001,
        "le_h": 0.0019,
        "qts": 0.26,
        "nominal_impedance_ohm": 8.0,
        "xmax_m": 0.0075,
        "qms": 4.15,
        "qes": 0.28
    },
    "nominal_diameter": "12in"
}
