{
    "driver_id": "18sound-18lw2600",
    "manufacturer": "18Sound",
    "model_name": "18LW2600",
    "driver_type": "cone",
    "parameters": {
        "fs_hz": 30.0,
        "re_ohm": 2.6,
        "bl_tm": 23.4,
        "sd_m2": 0.12250000000000001,
        "mms_kg": 0.336,
        "le_h": 0.0017900000000000001,
        "qts": 0.28,
        "nominal_impedance_ohm": 4.0,
        "xmax_m": 0.014,
        "qms": 12.9,
        "qes": 0.29
    },
    "nominal_diameter": "18in"
}
