{
    "driver_id": "18sound-12nw530",
    "manufacturer": "18Sound",
    "model_name": "12NW530",
    "driver_type": "cone",
    "parameters": {
        "fs_hz": 55.0,
        "re_ohm": 4.9,
        "bl_tm": 19.7,
        "sd_m2": 0.053000000000000005,
        "mms_kg": 0.093,
        "le_h": 0.0009000000000000001,
        "qts": 0.37,
        "nominal_impedance_ohm": 8.0,
        "xmax_m": 0.008,
        "qms": 9.7,
        "qes": 0.38
    },
    "nominal_diameter": "12in"
}
