{
    "driver_id": "18sound-15lw1400",
    "manufacturer": "18Sound",
    "model_name": "15LW1400",
    "driver_type": "cone",
    "parameters": {
        "fs_hz": 42.0,
        "re_ohm": 5.8,
        "bl_tm": 26.55,
        "sd_m2": 0.09000000000000001,
        "mms_kg": 0.12,
        "le_h": 0.0025499999999999997,
        "qts": 0.25,
        "nominal_impedance_ohm": 8.0,
        "xmax_m": 0.006500000000000001,
        "qms": 4.36,
        "qes": 0.26
    },
    "nominal_diameter": "15in"
}
