{
    "driver_id": "18sound-15nlw9500",
    "manufacturer": "18Sound",
    "model_name": "15NLW9500",
    "driver_type": "cone",
    "parameters": {
        "fs_hz": 34.0,
        "re_ohm": 2.7,
        "bl_tm": 18.2,
        "sd_m2": 0.085,
        "mms_kg": 0.17200000000000001,
        "le_h": 0.00058,
        "qts": 0.29,
        "nominal_impedance_ohm": 4.0,
        "xmax_m": 0.009000000000000001,
        "qms": 7.84,
        "qes": 0.3
    },
    "nominal_diameter": "15in"
}
