{
    "driver_id": "18sound-15mb606",
    "manufacturer": "18Sound",
    "model_name": "15MB606",
    "driver_type": "cone",
    "parameters": {
        "fs_hz": 43.0,
        "re_ohm": 5.0,
        "bl_tm": 15.1,
        "sd_m2": 0.085,
        "mms_kg": 0.063,
        "le_h": 0.0013000000000000002,
        "qts": 0.35,
        "nominal_impedance_ohm": 8.0,
        "xmax_m": 0.0045000000000000005,
        "qms": 6.2,
        "qes": 0.37
    },
    "nominal_diameter": "15in"
}
