{
    "driver_id": "18sound-15nmb1000",
    "manufacturer": "18Sound",
    "model_name": "15NMB1000",
    "driver_type": "cone",
    "parameters": {
        "fs_hz": 46.0,
        "re_ohm": 5.3,
        "bl_tm": 25.2,
        "sd_m2": 0.0855,
        "mms_kg": 0.1,
        "le_h": 0.0008900000000000001,
        "qts": 0.24,
        "nominal_impedance_ohm": 8.0,
        "xmax_m": 0.006500000000000001,
        "qms": 8.3,
        "qes": 0.24
    },
    "nominal_diameter": "15in"
}
