{
    "driver_id": "18sound-21ntlw5000",
    "manufacturer": "18Sound",
    "model_name": "21NTLW5000",
    "driver_type": "cone",
    "parameters": {
        "fs_hz": 30.0,
        "re_ohm": 3.0,
        "bl_tm": 25.0,
        "sd_m2": 0.16620000000000001,
        "mms_kg": 0.372,
        "le_h": 0.0013000000000000002,
        "qts": 0.32,
        "nominal_impedance_ohm": 4.0,
        "xmax_m": 0.0175,
        "qms": 12.3,
        "qes": 0.33
    },
    "nominal_diameter": "18in"
}
