{
    "driver_id": "18sound-15w700",
    "manufacturer": "18Sound",
    "model_name": "15W700",
    "driver_type": "cone",
    "parameters": {
        "fs_hz": 41.0,
        "re_ohm": 2.8,
        "bl_tm": 14.7,
        "sd_m2": 0.085,
        "mms_kg": 0.08600000000000001,
        "le_h": 0.00054,
        "qts": 0.27,
        "nominal_impedance_ohm": 4.0,
        "xmax_m": 0.006500000000000001,
        "qms": 4.03,
        "qes": 0.29
    },
    "nominal_diameter": "15in"
}
