{
    "driver_id": "18sound-12mb600",
    "manufacturer": "18Sound",
    "model_name": "12MB600",
    "driver_type": "cone",
    "parameters": {
        "fs_hz": 46.0,
        "re_ohm": 2.7,
        "bl_tm": 14.9,
        "sd_m2": 0.0531,
        "mms_kg": 0.056,
        "le_h": 0.00045000000000000004,
        "qts": 0.19,
        "nominal_impedance_ohm": 4.0,
        "xmax_m": 0.0045000000000000005,
        "qms": 4.89,
        "qes": 0.19
    },
    "nominal_diameter": "12in"
}
