{
    "driver_id": "18sound-18nltw4500",
    "manufacturer": "18Sound",
    "model_name": "18NLTW4500",
    "driver_type": "cone",
    "parameters": {
        "fs_hz": 35.0,
        "re_ohm": 5.0,
        "bl_tm": 30.3,
        "sd_m2": 0.12000000000000001,
        "mms_kg": 0.28600000000000003,
        "le_h": 0.002,
        "qts": 0.33,
        "nominal_impedance_ohm": 8.0,
        "xmax_m": 0.015300000000000001,
        "qms": 9.7,
        "qes": 0.34
    },
    "nominal_diameter": "18in"
}
