{
    "driver_id": "18sound-15nd730",
    "manufacturer": "18Sound",
    "model_name": "15ND730",
    "driver_type": "cone",
    "parameters": {
        "fs_hz": 44.0,
        "re_ohm": 5.5,
        "bl_tm": 21.0,
        "sd_m2": 0.09000000000000001,
        "mms_kg": 0.08600000000000001,
        "le_h": 0.00135,
        "qts": 0.29,
        "nominal_impedance_ohm": 8.0,
        "xmax_m": 0.006500000000000001,
        "qms": 8.1,
        "qes": 0.3
    },
    "nominal_diameter": "15in"
}
