{
    "driver_id": "18sound-12ntlx3500",
    "manufacturer": "18Sound",
    "model_name": "12NTLX3500",
    "driver_type": "cone",
    "parameters": {
        "fs_hz": 39.0,
        "re_ohm": 5.0,
        "bl_tm": 17.1,
        "sd_m2": 0.0531,
        "mms_kg": 0.08600000000000001,
        "le_h": 0.0005200000000000001,
        "qts": 0.33,
        "nominal_impedance_ohm": 8.0,
        "xmax_m": 0.0079,
        "qms": 6.2,
        "qes": 0.35
    },
    "nominal_diameter": "12in"
}
