{
    "driver_id": "18sound-12mb700",
    "manufacturer": "18Sound",
    "model_name": "12MB700",
    "driver_type": "cone",
    "parameters": {
        "fs_hz": 49.0,
        "re_ohm": 5.0,
        "bl_tm": 17.8,
        "sd_m2": 0.0531,
        "mms_kg": 0.041,
        "le_h": 0.0009000000000000001,
        "qts": 0.19,
        "nominal_impedance_ohm": 8.0,
        "xmax_m": 0.0045000000000000005,
        "qms": 4.7,
        "qes": 0.2
    },
    "nominal_diameter": "12in"
}
