frequency,spl,phase_deg,z_real,z_imag,schema_version,inlet_p_real,inlet_p_imag,inlet_u_real,inlet_u_imag,relative_residual,converged_reason,inlet_area_m2,mesh_inlet_area_m2,mouth_area_m2,mesh_mouth_area_m2,mouth_u_real,mouth_u_imag,mouth_p_real,mouth_p_imag,radiation_model,loss_model,flange_width_m,air_c_m_s,air_rho_kg_m3,air_gamma,air_viscosity_pa_s,air_conductivity_w_m_k,air_heat_capacity_j_kg_k,element_degree,input_acoustic_power_w,mouth_acoustic_power_w,viscous_wall_power_w,thermal_wall_power_w,power_balance_available,bc_mode,phasor_convention,mesh_cells,modal_mode_count,modal_interface_relative_error,modal_v_0_real,modal_v_0_imag,modal_v_1_real,modal_v_1_imag,modal_v_2_real,modal_v_2_imag,modal_v_3_real,modal_v_3_imag,modal_v_4_real,modal_v_4_imag,modal_v_5_real,modal_v_5_imag,modal_v_6_real,modal_v_6_imag,modal_v_7_real,modal_v_7_imag,modal_v_8_real,modal_v_8_imag,modal_v_9_real,modal_v_9_imag,modal_v_10_real,modal_v_10_imag,modal_v_11_real,modal_v_11_imag,modal_v_12_real,modal_v_12_imag,modal_v_13_real,modal_v_13_imag,modal_v_14_real,modal_v_14_imag,modal_v_15_real,modal_v_15_imag
226.2741699796952,74.75144692473327,-19.03131616760054,21.18304977563732,317.84995327333394,2,1.0,0.0,9.469710238196964e-07,-1.4209223830388503e-05,3.868823321846684e-17,4,0.0045364608648729,0.0045033682656082,0.0470676174626048,0.0470347098692872,-9.163604719761122e-07,-2.935600819353968e-05,0.1027249657523261,-0.0354338573220119,modal_baffled,lossless,0.0,343.0,1.225,1.4,1.81e-05,0.0257,1006.0,1,9.469710238196964e-07,9.469710238196976e-07,0.0,0.0,True,dirichlet,exp(+iwt)_rms,51383,16,7.139422790641616e-16,-1.9469021832349157e-05,-0.0006236986228772,-5.528259756543897e-06,-4.2244658128864005e-05,-3.1226708789621e-06,-4.485201512055056e-05,-2.1259183963826667e-06,-3.987453852824693e-05,-1.4924510405755233e-06,-3.560921032805634e-05,-1.0000128936524316e-06,-3.2305158876900686e-05,-5.602285910414024e-07,-2.966223783776479e-05,-1.615180727209077e-07,-2.723938998841989e-05,2.2868074964007738e-07,-2.5165227381354512e-05,6.06983512488534e-07,-2.312717043414781e-05,1.003251764385495e-06,-2.1284899420750946e-05,1.4339588321524006e-06,-1.958428991309148e-05,1.8300049967995171e-06,-1.7610858961369452e-05,2.2454260444683747e-06,-1.611797815074445e-05,2.64623040476457e-06,-1.4714713266409542e-05,3.0740891436568296e-06,-1.3528904493636535e-05
234.27649990069025,75.0274913054687,-19.98884208296125,25.661519788112887,338.5727417991435,2,1.0,0.0,1.0097360136856909e-06,-1.3322246440184136e-05,3.899665991917347e-17,4,0.0045364608648729,0.0045033682656082,0.0470676174626048,0.0470347098692872,-1.0970110165768675e-06,-2.9320177596603392e-05,0.1054105774388239,-0.0383430668832748,modal_baffled,lossless,0.0,343.0,1.225,1.4,1.81e-05,0.0257,1006.0,1,1.0097360136856909e-06,1.009736013685689e-06,0.0,0.0,True,dirichlet,exp(+iwt)_rms,51383,16,7.192094357758951e-16,-2.3307128673943204e-05,-0.0006229373649494,-6.2764352408910944e-06,-4.2925358620636144e-05,-3.622670774168843e-06,-4.5119357080471534e-05,-2.5167295072952257e-06,-4.005159865920051e-05,-1.817550193523501e-06,-3.575239642650146e-05,-1.2787889209538565e-06,-3.2432045621230735e-05,-8.019319915178546e-07,-2.977941736519258e-05,-3.7202923387512045e-07,-2.73543888079918e-05,4.5603117612929064e-08,-2.5280609153692327e-05,4.490306341648154e-07,-2.3247020743692147e-05,8.706322404210477e-07,-2.1407110353619733e-05,1.3275076354290792e-06,-1.970745775506137e-05,1.74755237001245e-06,-1.774218632708885e-05,2.184434830440693e-06,-1.62581247162158e-05,2.605925305572817e-06,-1.4862185704593356e-05,3.054025494081128e-06,-1.3684331631824747e-05
242.5618373084442,75.32735612359788,-21.02459230235583,31.49877411075707,361.931957982794,2,1.0,0.0,1.0826297142171905e-06,-1.2439794985645638e-05,3.9271697242182856e-17,4,0.0045364608648729,0.0045033682656082,0.0470676174626048,0.0470347098692872,-1.3105513269590118e-06,-2.936659617554749e-05,0.108371978040274,-0.0416534826981489,modal_baffled,lossless,0.0,343.0,1.225,1.4,1.81e-05,0.0257,1006.0,1,1.0826297142171905e-06,1.0826297142171924e-06,0.0,0.0,True,dirichlet,exp(+iwt)_rms,51383,16,1.3200414057127362e-15,-2.784401245718976e-05,-0.0006239235754577,-7.146919198284791e-06,-4.375712861146366e-05,-4.207140265553482e-06,-4.552589882689544e-05,-2.974731152963397e-06,-4.035019004316431e-05,-2.199347145563592e-06,-3.600396616723245e-05,-1.6068966099830545e-06,-3.265763914734765e-05,-1.0871359014816638e-06,-2.998778015450716e-05,-6.211649523940261e-07,-2.7554038449749323e-05,-1.7187564110823698e-07,-2.547522196072719e-05,2.605232624241558e-07,-2.344099393545227e-05,7.112947212324682e-07,-2.1598796344101575e-05,1.198251636702711e-06,-1.989581267355614e-05,1.6459121278469252e-06,-1.793400532551521e-05,2.1073615972273414e-06,-1.6455501352603927e-05,2.5525365382317883e-06,-1.5063765147704756e-05,3.023729528522377e-06,-1.3891441641161702e-05
251.1401909427061,75.65346093395894,-22.149727010575592,39.252310918896775,388.4969374218422,2,1.0,0.0,1.167874696107972e-06,-1.155895620178594e-05,4.1426506348852643e-17,4,0.0045364608648729,0.0045033682656082,0.0470676174626048,0.0470347098692872,-1.564844266194786e-06,-2.95032530277508e-05,0.1116405558544998,-0.0454454374702241,modal_baffled,lossless,0.0,343.0,1.225,1.4,1.81e-05,0.0257,1006.0,1,1.167874696107972e-06,1.167874696107971e-06,0.0,0.0,True,dirichlet,exp(+iwt)_rms,51383,16,6.584102312885511e-16,-3.324672780469613e-05,-0.0006268269910027,-8.166328834712902e-06,-4.475609692231845e-05,-4.895024984224608e-06,-4.608565590019103e-05,-3.5152162901440657e-06,-4.078253775248652e-05,-2.650891714291768e-06,-3.637489960896329e-05,-1.995813770034348e-06,-3.299203768366532e-05,-1.4260841379940803e-06,-3.029676138057777e-05,-9.181414065171712e-07,-2.7847228454931685e-05,-4.320929066002707e-07,-2.5757524642643437e-05,3.392144352667413e-08,-2.3717162021611463e-05,5.184860175340828e-07,-2.1867683062257512e-05,1.0402302389319427e-06,-2.0156770915355988e-05,1.5198634159081102e-06,-1.8193406326632148e-05,2.0095957778959923e-06,-1.6717021434491337e-05,2.482043874481936e-06,-1.532618856791363e-05,2.9797256243828197e-06,-1.4156875245381686e-05
260.0219235086706,76.00852910712709,-23.37778941166517,49.77413960797679,418.9885461719115,2,1.0,0.0,1.268324853585817e-06,-1.0676499697695624e-05,4.059082669796444e-17,4,0.0045364608648729,0.0045033682656082,0.0470676174626048,0.0470347098692872,-1.8701167376708416e-06,-2.973975213962985e-05,0.1152501822780157,-0.049820173559246,modal_baffled,lossless,0.0,343.0,1.225,1.4,1.81e-05,0.0257,1006.0,1,1.268324853585817e-06,1.2683248535858165e-06,0.0,0.0,True,dirichlet,exp(+iwt)_rms,51383,16,1.2036248875270989e-15,-3.9732555809876e-05,-0.0006318516581651,-9.36866235226949e-06,-4.5940824601945615e-05,-5.710668843936879e-06,-4.681508618839164e-05,-4.157888584863914e-06,-4.13630818477004e-05,-3.189030211623619e-06,-3.687820815219214e-05,-2.4603841360107703e-06,-3.344723710982259e-05,-1.832050476159864e-06,-3.071759510349058e-05,-1.2749255385858518e-06,-2.8244564700195373e-05,-7.459004367718736e-07,-2.613762998327301e-05,-2.406150594021562e-07,-2.4085193970686356e-05,2.833617691320812e-07,-2.222304642783598e-05,8.455999366547633e-07,-2.049926225652574e-05,1.3624989380937566e-06,-1.8528947338853908e-05,1.884996690699301e-06,-1.70510504833906e-05,2.389048489546151e-06,-1.5657629099769416e-05,2.917295225792358e-06,-1.4488710925537394e-05
269.21776419519205,76.39563135069724,-24.72537754360944,64.40294914596504,454.3025681076481,2,1.0,0.0,1.387686198081752e-06,-9.788828180635826e-06,4.2103611183751997e-17,4,0.0045364608648729,0.0045033682656082,0.0470676174626048,0.0470347098692872,-2.2398217790133675e-06,-3.008760029135057e-05,0.1192361878958708,-0.054906516854198,modal_baffled,lossless,0.0,343.0,1.225,1.4,1.81e-05,0.0257,1006.0,1,1.387686198081752e-06,1.3876861980817526e-06,0.0,0.0,True,dirichlet,exp(+iwt)_rms,51383,16,2.9677234885213994e-16,-4.758732011011397e-05,-0.0006392420503386,-1.0797795833410862e-05,-4.733241695048876e-05,-6.685689038898626e-06,-4.773337027302928e-05,-4.928411361840149e-06,-4.210877300480845e-05,-3.835748705731512e-06,-3.752922714644972e-05,-3.0200162299943766e-06,-3.403742004158235e-05,-2.322425378925333e-06,-3.126360233117273e-05,-1.7072286956561314e-06,-2.875865658863085e-05,-1.127579873530572e-06,-2.6627593481795346e-05,-5.760715637813411e-07,-2.455664584595923e-05,-5.789983907098075e-09,-2.2676006769213565e-05,6.039252013381263e-07,-2.0934031113292017e-05,1.1645801107222124e-06,-1.8950958417201183e-05,1.7252980365655513e-06,-1.7467719663652124e-05,2.266225387683368e-06,-1.6068017999618583e-05,2.829970837220203e-06,-1.4896799351217932e-05
278.7388216357115,76.81823294976063,-26.213050516794357,85.3034097866772,495.4912552640825,2,1.0,0.0,1.5308289499735804e-06,-8.891934799720892e-06,4.40441939956496e-17,4,0.0045364608648729,0.0045033682656082,0.0470676174626048,0.0470347098692872,-2.6918703915438983e-06,-3.0560507344365804e-05,0.1236331602547563,-0.0608700394944913,modal_baffled,lossless,0.0,343.0,1.225,1.4,1.81e-05,0.0257,1006.0,1,1.5308289499735804e-06,1.5308289499735817e-06,0.0,0.0,True,dirichlet,exp(+iwt)_rms,51383,16,8.519739272518116e-16,-5.719155837200778e-05,-0.0006492894476472,-1.2510971081313305e-05,-4.8954388214074175e-05,-7.861616767138794e-06,-4.88625828496309e-05,-5.860596306460103e-06,-4.303930325410108e-05,-4.620075204404673e-06,-3.834586642278637e-05,-3.700384267311931e-06,-3.477921829864554e-05,-2.9202608143649816e-06,-3.19504651305579e-05,-2.235921883643264e-06,-2.940440079443995e-05,-1.5961495239078216e-06,-2.724170839447446e-05,-9.897870925680406e-07,-2.5145265980579596e-05,-3.646628223257722e-07,-2.323984754838581e-05,3.0115726612481884e-07,-2.1473972767754924e-05,9.136048130501104e-07,-1.9471889957272306e-05,1.5192431897572808e-06,-1.797929245712538e-05,2.1035243415618958e-06,-1.6569428663800362e-05,2.708793303624996e-06,-1.5393169577118213e-05
288.59659732755705,77.28024167171121,-27.86656575014937,116.0718629546301,543.5957663744507,2,1.0,0.0,1.7042337737998311e-06,-7.981385331189662e-06,4.429862538706684e-17,4,0.0045364608648729,0.0045033682656082,0.0470676174626048,0.0470347098692872,-3.250413465289259e-06,-3.117464730156638e-05,0.1284706062562133,-0.0679257302796247,modal_baffled,lossless,0.0,343.0,1.225,1.4,1.81e-05,0.0257,1006.0,1,1.7042337737998311e-06,1.7042337737998298e-06,0.0,0.0,True,dirichlet,exp(+iwt)_rms,51383,16,1.3914805122352498e-15,-6.905838112310884e-05,-0.0006623374834371,-1.458371507007533e-05,-5.083200490222291e-05,-9.293656659891933e-06,-5.0227583183963095e-05,-6.999530831163026e-06,-4.4177140727001945e-05,-5.580804158644884e-06,-3.9348711281362825e-05,-4.53586943217925e-06,-3.569185762526669e-05,-3.656492221751908e-06,-3.27964086313707e-05,-2.889075716326764e-06,-3.0199194169070786e-05,-2.17725235938655e-06,-2.7996749078968265e-05,-1.5052048840597577e-06,-2.5867265736909628e-05,-8.145504335067527e-07,-2.393031789352101e-05,-8.185539334745438e-08,-2.2134473019489343e-05,5.924420855024506e-07,-2.010668127457794e-05,1.251312968379004e-06,-1.8600568242576072e-05,1.8869882030349577e-06,-1.7176513483203033e-05,2.54120685397528e-06,-1.5992504773992697e-05
298.8029995258236,77.7860492759888,-29.71858838380336,162.79459197525122,599.0110427977004,2,1.0,0.0,1.916636485617564e-06,-7.052362157635028e-06,4.775218661717639e-17,4,0.0045364608648729,0.0045033682656082,0.0470676174626048,0.0470347098692872,-3.948449449911185e-06,-3.194876115420056e-05,0.1337647504580793,-0.0763555933656762,modal_baffled,lossless,0.0,343.0,1.225,1.4,1.81e-05,0.0257,1006.0,1,1.916636485617564e-06,1.916636485617562e-06,0.0,0.0,True,dirichlet,exp(+iwt)_rms,51383,16,8.792342123284327e-16,-8.388887440602282e-05,-0.0006787843293658,-1.711683428902551e-05,-5.2990582061004666e-05,-1.1056089885722782e-05,-5.185527892285146e-05,-8.40609164222395e-06,-4.554709883691128e-05,-6.77043930235242e-06,-4.0560749181196895e-05,-5.573101094153805e-06,-3.679699100586562e-05,-4.573169284683651e-06,-3.3822121821509066e-05,-3.704933564319223e-06,-3.1162927080154775e-05,-2.9059148215398584e-06,-2.891203157473579e-05,-2.1544372590082685e-06,-2.674144074411117e-05,-1.3847260682234517e-06,-2.4765819933309424e-05,-5.715663166497728e-07,-2.293366884765195e-05,1.7730743034593518e-07,-2.08730820634771e-05,8.998296757032817e-07,-1.9349268511991745e-05,1.596982308335634e-06,-1.7906951933806725e-05,2.3093931127874423e-06,-1.6712658146729832e-05
309.3703576286206,78.34055161589866,-31.811079815937266,235.6827284967109,659.4724804404769,2,1.0,0.0,2.17996700631504e-06,-6.099845576732804e-06,4.88310367008505e-17,4,0.0045364608648729,0.0045033682656082,0.0470676174626048,0.0470347098692872,-4.831677768307522e-06,-3.290384196927205e-05,0.1395033163951865,-0.0865330731647039,modal_baffled,lossless,0.0,343.0,1.225,1.4,1.81e-05,0.0257,1006.0,1,2.17996700631504e-06,2.1799670063150385e-06,0.0,0.0,True,dirichlet,exp(+iwt)_rms,51383,16,2.062691151371152e-16,-0.0001026539695183,-0.0006990760047587,-2.024640509070209e-05,-5.545172312646418e-05,-1.3250092436482929e-05,-5.377257511884506e-05,-1.0163508204738702e-05,-4.717489413938362e-05,-8.260945413056454e-06,-4.200626164484594e-05,-6.8761366878793234e-06,-3.811781941029405e-05,-5.7281946902491e-06,-3.505006260829399e-05,-4.736284285133132e-06,-3.231744134873435e-05,-3.830616261897336e-06,-3.0009008851820488e-05,-2.9820606449059693e-06,-2.778889011261458e-05,-2.1159766424780183e-06,-2.5767258450567787e-05,-1.2050131755097e-06,-2.389243820309582e-05,-3.652734481741272e-07,-2.1791762889360925e-05,4.3409859629909897e-07,-2.024626568038702e-05,1.205509289466027e-06,-1.87817928481874e-05,1.9877276315631503e-06,-1.7575113712358482e-05
320.31143707106224,78.94911658246164,-34.1986670236689,350.3606132352463,714.3469100418781,2,1.0,0.0,2.510721279771721e-06,-5.119085651836876e-06,5.219130904843949e-17,4,0.0045364608648729,0.0045033682656082,0.0470676174626048,0.0470347098692872,-5.964226749883289e-06,-3.4061850267763984e-05,0.1456174873614471,-0.098956589875752,modal_baffled,lossless,0.0,343.0,1.225,1.4,1.81e-05,0.0257,1006.0,1,2.510721279771721e-06,2.51072127977172e-06,0.0,0.0,True,dirichlet,exp(+iwt)_rms,51383,16,8.993237353213014e-16,-0.0001267161388532,-0.0007236790834978,-2.415801554203849e-05,-5.82255570170471e-05,-1.6015064286802286e-05,-5.60016411918747e-05,-1.2386931667763804e-05,-4.908359393097803e-05,-1.0152166359662064e-05,-4.3707945531909794e-05,-8.534067643327197e-06,-3.967667786839266e-05,-7.202305302199145e-06,-3.650241412574763e-05,-6.056925041989126e-06,-3.368479366170454e-05,-5.01932451306824e-06,-3.130980467732938e-05,-4.050764564751145e-06,-2.903179458699878e-05,-3.0658867663548227e-06,-2.695707021387721e-05,-2.034752296952736e-06,-2.503369321866177e-05,-1.0830548816637524e-06,-2.2885841753513367e-05,-1.899398682569927e-07,-2.131532506578559e-05,6.720979425414818e-07,-1.9825403558360443e-05,1.538856915010975e-06,-1.8605143541205983e-05
331.6394547459949,79.61743798696102,-36.95342270191104,522.3921081495806,731.694600954676,2,1.0,0.0,2.9319532802729576e-06,-4.106674568699258e-06,5.532149131910536e-17,4,0.0045364608648729,0.0045033682656082,0.0470676174626048,0.0470347098692872,-7.437152415786425e-06,-3.544229992808431e-05,0.1519303007498507,-0.1142941702980221,modal_baffled,lossless,0.0,343.0,1.225,1.4,1.81e-05,0.0257,1006.0,1,2.9319532802729576e-06,2.931953280272958e-06,0.0,0.0,True,dirichlet,exp(+iwt)_rms,51383,16,8.518974996198397e-16,-0.0001580099613432,-0.0007530081580237,-2.9106766245948912e-05,-6.129520448555398e-05,-1.9544895749374944e-05,-5.85497773671918e-05,-1.5237284425130929e-05,-5.1285743575002265e-05,-1.2584070362827608e-05,-4.568036705882856e-05,-1.067213004599368e-05,-4.148940931319934e-05,-9.109313190132517e-06,-3.819618566678746e-05,-7.771180878098419e-06,-3.528295963617788e-05,-6.5684251792934965e-06,-3.28334414729506e-05,-5.449746783216238e-06,-3.049011767176125e-05,-4.316734731252597e-06,-2.835640356575155e-05,-3.1362824373596337e-06,-2.6380053940440363e-05,-2.045023319351036e-06,-2.4179003638869168e-05,-1.0363430471201238e-06,-2.2581617045624336e-05,-6.251698331077528e-08,-2.106436051992213e-05,9.076158028771288e-07,-1.983106611320733e-05
343.3680949700848,80.35115181507757,-40.17163394964291,734.6712940752169,647.331226026258,2,1.0,0.0,3.4760934441118045e-06,-3.0628443619689794e-06,5.696130722057353e-17,4,0.0045364608648729,0.0045033682656082,0.0470676174626048,0.0470347098692872,-9.38082827993645e-06,-3.705429754490123e-05,0.1580616306767505,-0.133438353336517,modal_baffled,lossless,0.0,343.0,1.225,1.4,1.81e-05,0.0257,1006.0,1,3.4760934441118045e-06,3.4760934441118054e-06,0.0,0.0,True,dirichlet,exp(+iwt)_rms,51383,16,7.149961722203605e-16,-0.0001993053565413,-0.0007872567073177,-3.544418104501956e-05,-6.458618719307339e-05,-2.4110601403497675e-05,-6.13884870210401e-05,-1.894075801482057e-05,-5.37667421426267e-05,-1.5754114191150048e-05,-4.791591868996664e-05,-1.34675544203906e-05,-4.3553117754148346e-05,-1.1610801386202226e-05,-4.013237746909441e-05,-1.0027643178430414e-05,-3.711616956023411e-05,-8.615686048288087e-06,-3.458718197792454e-05,-7.3069771559968976e-06,-3.217385640235974e-05,-5.987112562551316e-06,-2.9978275933495315e-05,-4.619068281555472e-06,-2.7947929197016435e-05,-3.351810670296178e-06,-2.569042822632441e-05,-2.199193891690883e-06,-2.4067361469985927e-05,-1.0860433402096508e-06,-2.252378606591652e-05,1.1642976670503573e-08,-2.128123577477726e-05
355.5115260145596,81.15497013770296,-43.98321917272726,882.5752173093852,420.61786201767785,2,1.0,0.0,4.188662184055626e-06,-1.996233406533745e-06,6.085665807041657e-17,4,0.0045364608648729,0.0045033682656082,0.0470676174626048,0.0470347098692872,-1.1982080819845734e-05,-3.887906693219736e-05,0.163253904431467,-0.1575600860645859,modal_baffled,lossless,0.0,343.0,1.225,1.4,1.81e-05,0.0257,1006.0,1,4.188662184055626e-06,4.188662184055627e-06,0.0,0.0,True,dirichlet,exp(+iwt)_rms,51383,16,1.7919391996361054e-15,-0.0002545716453433,-0.0008260258119733,-4.365053825335919e-05,-6.790689838094182e-05,-3.0089275656688264e-05,-6.44111950290209e-05,-2.3814273229164624e-05,-5.645069540531174e-05,-1.99401979232156e-05,-5.0355644491175687e-05,-1.7170729312425213e-05,-4.5820464653649214e-05,-1.4935938395558394e-05,-4.227299139861307e-05,-1.3037865246449036e-05,-3.915417059328671e-05,-1.135806979058436e-05,-3.654770774036806e-05,-9.806210901739765e-06,-3.406595202543956e-05,-8.24823089361476e-06,-3.1812191904498e-05,-6.642219536673941e-06,-2.9733851552510565e-05,-5.15069756431865e-06,-2.742272271303256e-05,-3.817244452579273e-06,-2.5781064392304517e-05,-2.528916138312137e-06,-2.4217847291768016e-05,-1.2727168354658786e-06,-2.29756969703716e-05
368.0844172205693,82.0308564022182,-48.56415980832104,855.6063254091911,155.6257332688152,2,1.0,0.0,5.132248163253442e-06,-9.33501611669206e-07,6.485958330190643e-17,4,0.0045364608648729,0.0045033682656082,0.0470676174626048,0.0470347098692872,-1.550464429107745e-05,-4.083309487755534e-05,0.1660580206213815,-0.1881185027067987,modal_baffled,lossless,0.0,343.0,1.225,1.4,1.81e-05,0.0257,1006.0,1,5.132248163253442e-06,5.1322481632534366e-06,0.0,0.0,True,dirichlet,exp(+iwt)_rms,51383,16,9.646475251751254e-16,-0.0003294121335841,-0.0008675411477965,-5.436134817350335e-05,-7.083494136314192e-05,-3.799283675199855e-05,-6.734978305344871e-05,-3.0292137882836e-05,-5.913206154060762e-05,-2.552543621661917e-05,-5.283029023626833e-05,-2.2128585726746536e-05,-4.814730300614647e-05,-1.940386392417885e-05,-4.449378990476802e-05,-1.709792002411882e-05,-4.128923666185016e-05,-1.507270233876282e-05,-3.862171518614144e-05,-1.3207422141412849e-05,-3.608612826054297e-05,-1.1343957351802398e-05,-3.37911408942392e-05,-9.434275573542895e-06,-3.1684612342627874e-05,-7.655007040924412e-06,-2.9335019401049255e-05,-6.0933088828018586e-06,-2.769294547294698e-05,-4.583672123590983e-06,-2.6127443505126923e-05,-3.1300059953488936e-06,-2.490587563897421e-05
381.10195671984377,82.97435630134821,-54.15069523477536,710.1178615773349,-6.90474191410142,2,1.0,0.0,6.387717103937186e-06,6.211016566321696e-08,7.014234741447211e-17,4,0.0045364608648729,0.0045033682656082,0.0470676174626048,0.0470347098692872,-2.030264250421303e-05,-4.269401604676678e-05,0.1637960177487017,-0.2266973429851229,modal_baffled,lossless,0.0,343.0,1.225,1.4,1.81e-05,0.0257,1006.0,1,6.387717103937186e-06,6.387717103937185e-06,0.0,0.0,True,dirichlet,exp(+iwt)_rms,51383,16,1.0204598487823988e-15,-0.0004313505462719,-0.0009070783342855,-6.8347011226518e-05,-7.250949943435431e-05,-4.8468817778180816e-05,-6.961679794264395e-05,-3.893196907759058e-05,-6.134464112267433e-05,-3.300628003437558e-05,-5.4946297861371824e-05,-2.87941471492642e-05,-5.019061405424144e-05,-2.543448750158077e-05,-4.649148192672562e-05,-2.2600235358123087e-05,-4.325102592410437e-05,-2.0129767566433088e-05,-4.0567182220666914e-05,-1.7860653149763433e-05,-3.801795331504023e-05,-1.5605809185908577e-05,-3.572423436915015e-05,-1.330956800363631e-05,-3.3635355723738686e-05,-1.1161505019980398e-05,-3.1286309155969574e-05,-9.312999431917176e-06,-2.96822158374784e-05,-7.524951140829904e-06,-2.8151320516625687e-05,-5.827174929652352e-06,-2.6988960500440746e-05
394.57986978204906,83.96762279325664,-61.04854368622864,557.6888802136702,-59.5123020043893,2,1.0,0.0,8.042805919729776e-06,8.582668793293177e-07,7.845713248464515e-17,4,0.0045364608648729,0.0045033682656082,0.0470676174626048,0.0470347098692872,-2.678984636954344e-05,-4.396450541565615e-05,0.1517635872827156,-0.2743366569058079,modal_baffled,lossless,0.0,343.0,1.225,1.4,1.81e-05,0.0257,1006.0,1,8.042805919729776e-06,8.042805919729776e-06,0.0,0.0,True,dirichlet,exp(+iwt)_rms,51383,16,7.414551060765485e-16,-0.0005691778724688,-0.0009340711891904,-8.632768964422408e-05,-7.129207571717821e-05,-6.218735568106081e-05,-7.003586917113557e-05,-5.03298357082362e-05,-6.213393925356388e-05,-4.292373199159732e-05,-5.588556479203485e-05,-3.7668834911830745e-05,-5.1227591426092266e-05,-3.34996258064071e-05,-4.761767048638224e-05,-2.9992058949454e-05,-4.445285554031095e-05,-2.695742371440277e-05,-4.184980133022822e-05,-2.4176758967935947e-05,-3.937446080652908e-05,-2.1429688077087824e-05,-3.717100248172929e-05,-1.8651245897115188e-05,-3.5192185078871e-05,-1.6038992943675285e-05,-3.292622726265884e-05,-1.3838455126137172e-05,-3.143362000104867e-05,-1.1708162845111916e-05,-3.0008235396665523e-05,-9.717207515212017e-06,-2.8974535690392453e-05
408.5344378110141,84.96749036749225,-69.61572857532688,440.96606187595273,-52.58396861164624,2,1.0,0.0,1.0143314169985032e-05,1.2095618235641054e-06,8.326346124954154e-17,4,0.0045364608648729,0.0045033682656082,0.0470676174626048,0.0470347098692872,-3.52638817310082e-05,-4.3672634110703126e-05,0.1225061215667626,-0.3296860213601439,modal_baffled,lossless,0.0,343.0,1.225,1.4,1.81e-05,0.0257,1006.0,1,1.0143314169985032e-05,1.0143314169985028e-05,0.0,0.0,True,dirichlet,exp(+iwt)_rms,51383,16,4.926172099651205e-16,-0.000749217479704,-0.0009278700827676,-0.0001083536402269,-6.436786240547372e-05,-7.940581538245504e-05,-6.649383937745952e-05,-6.477030551707752e-05,-5.975377433615841e-05,-5.556531587321502e-05,-5.4133217293335165e-05,-4.90406486541054e-05,-4.990562132199397e-05,-4.388954007588236e-05,-4.664563655568985e-05,-3.956551899613001e-05,-4.377241886118642e-05,-3.58519398153646e-05,-4.1434801053963176e-05,-3.245569034710864e-05,-3.920002056456852e-05,-2.9122112526421347e-05,-3.7252309532476495e-05,-2.5775625316260916e-05,-3.55512367367367e-05,-2.26094465119338e-05,-3.3522727161331774e-05,-2.000333372866805e-05,-3.2270048741143616e-05,-1.747787861102702e-05,-3.1074466433357434e-05,-1.5159892288963892e-05,-3.028503647687085e-05
422.9825180127679,85.88967453211527,-80.16930616660967,359.71765910269625,-21.286437557285076,2,1.0,0.0,1.2567164077877202e-05,7.436670028465778e-07,9.347780283045828e-17,4,0.0045364608648729,0.0045033682656082,0.0470676174626048,0.0470347098692872,-4.540626872626102e-05,-4.025739688010512e-05,0.0667652630937792,-0.3852989058044928,modal_baffled,lossless,0.0,343.0,1.225,1.4,1.81e-05,0.0257,1006.0,1,1.2567164077877202e-05,1.256716407787719e-05,0.0,0.0,True,dirichlet,exp(+iwt)_rms,51383,16,6.186236809561301e-16,-0.0009647029353532,-0.0008553098510263,-0.000132386506068,-4.781953979212679e-05,-9.889564288404492e-05,-5.588656442473087e-05,-8.13370776061191e-05,-5.1585514329275535e-05,-7.019206762733724e-05,-4.738715867850304e-05,-6.229283871203379e-05,-4.414581222352054e-05,-5.608491293182877e-05,-4.1668236994877954e-05,-5.0882108390267775e-05,-3.9445001314826685e-05,-4.644610570032512e-05,-3.767493384146381e-05,-4.239462238226568e-05,-3.595361923179938e-05,-3.844662491279208e-05,-3.452757727956331e-05,-3.451613867011143e-05,-3.3368270186753406e-05,-3.076792748574648e-05,-3.1826223180388175e-05,-2.775996800751473e-05,-3.100881108299902e-05,-2.484147515525029e-05,-3.023265906535167e-05,-2.2218158531365383e-05,-2.9855264657860705e-05
437.9415637591524,86.60150922843032,-92.75072403662772,304.6736587977676,18.309982948061037,2,1.0,0.0,1.4835991136576238e-05,-8.915990499480818e-07,9.421624518849607e-17,4,0.0045364608648729,0.0045033682656082,0.0470676174626048,0.0470347098692872,-5.545629061419926e-05,-3.2072091688209577e-05,-0.0203653960712142,-0.4238718987082948,modal_baffled,lossless,0.0,343.0,1.225,1.4,1.81e-05,0.0257,1006.0,1,1.4835991136576238e-05,1.4835991136576248e-05,0.0,0.0,True,dirichlet,exp(+iwt)_rms,51383,16,8.993358454798693e-16,-0.0011782259991863,-0.0006814046135581,-0.000152479696138,-1.859396327308905e-05,-0.0001164211395069,-3.545800745055757e-05,-9.660509434772631e-05,-3.519943779106643e-05,-8.387510590287968e-05,-3.345321171698363e-05,-7.484291338655142e-05,-3.192250966279967e-05,-6.777397244620377e-05,-3.078649830126867e-05,-6.18545883719712e-05,-2.967664442380034e-05,-5.684360214354705e-05,-2.8858766254904224e-05,-5.226979257652175e-05,-2.7998516250942665e-05,-4.784937451729909e-05,-2.7425878931977342e-05,-4.348959379778391e-05,-2.7130040528822465e-05,-3.929026187551678e-05,-2.6386271544823493e-05,-3.601349488436785e-05,-2.6231823909125343e-05,-3.282927657125865e-05,-2.6097121540920463e-05,-3.0036597557560276e-05,-2.6315211914835528e-05
453.4296456716028,86.95389328473672,-106.80073563472642,267.9026476414266,59.96239039093785,2,1.0,0.0,1.6125423154468956e-05,-3.609217478512961e-06,9.570091471832616e-17,4,0.0045364608648729,0.0045033682656082,0.0470676174626048,0.0470347098692872,-6.205693867244037e-05,-1.907380520947573e-05,-0.1277128511739238,-0.4229857435815572,modal_baffled,lossless,0.0,343.0,1.225,1.4,1.81e-05,0.0257,1006.0,1,1.6125423154468956e-05,1.612542315446895e-05,0.0,0.0,True,dirichlet,exp(+iwt)_rms,51383,16,5.714154671676727e-16,-0.0013184635640787,-0.0004052426325728,-0.0001596473480637,2.088067277255701e-05,-0.0001250362526411,-6.341675681555128e-06,-0.000104769046811,-1.1305588828654222e-05,-9.154094964476012e-05,-1.281887733668725e-05,-8.21321203328948e-05,-1.3571989237626008e-05,-7.479552684212742e-05,-1.4213305755405113e-05,-6.865146156201368e-05,-1.4577796786031115e-05,-6.348691550835086e-05,-1.5002661020866858e-05,-5.8771423083332464e-05,-1.526611415476751e-05,-5.42572595071446e-05,-1.5787017819048676e-05,-4.985269613757594e-05,-1.657569751721015e-05,-4.555580376134029e-05,-1.6857495102933587e-05,-4.230677266366665e-05,-1.7505711126305932e-05,-3.914341671709084e-05,-1.81503848072568e-05,-3.6449706283358366e-05,-1.9056362145419815e-05
469.4654734505737,86.86611252199805,-121.10887184382965,244.10338779231128,101.6035832822577,2,1.0,0.0,1.5839928378431174e-05,-6.593081303534539e-06,9.557295584918492e-17,4,0.0045364608648729,0.0045033682656082,0.0470676174626048,0.0470347098692872,-6.243091561098672e-05,-4.256622956147433e-06,-0.2259442435285119,-0.3744209583700382,modal_baffled,lossless,0.0,343.0,1.225,1.4,1.81e-05,0.0257,1006.0,1,1.5839928378431174e-05,1.5839928378431187e-05,0.0,0.0,True,dirichlet,exp(+iwt)_rms,51383,16,1.514850647737702e-15,-0.0013264090892339,-9.043633788196976e-05,-0.0001487458020794,6.052516914644251e-05,-0.0001200948611296,2.427444376297361e-05,-0.0001017320466995,1.428143982770439e-05,-8.948930585906234e-05,9.542552475186916e-06,-8.074386209222269e-05,6.519942510126845e-06,-7.394613659154363e-05,4.124690326222387e-06,-6.82459592784866e-05,2.3058106089982067e-06,-6.348800406832396e-05,6.715294655734235e-07,-5.9137006834910086e-05,-6.854663282280254e-07,-5.501829117872178e-05,-2.2518358944742217e-06,-5.105019700930846e-05,-4.056704734811537e-06,-4.711475947702056e-05,-5.321512413822591e-06,-4.424406303958265e-05,-6.69276875996296e-06,-4.144227294082559e-05,-8.042435378759136e-06,-3.914174878233173e-05,-9.534999006627086e-06
486.068418476976,86.39055031598485,-134.36282212866578,230.0315057077958,142.84607709068874,2,1.0,0.0,1.423262555518591e-05,-8.838244661327245e-06,8.51121989635365e-17,4,0.0045364608648729,0.0045033682656082,0.0470676174626048,0.0470347098692872,-5.7124196846030135e-05,8.231901806441261e-06,-0.2894130694251159,-0.29592277090546,modal_baffled,lossless,0.0,343.0,1.225,1.4,1.81e-05,0.0257,1006.0,1,1.423262555518591e-05,1.4232625555185916e-05,0.0,0.0,True,dirichlet,exp(+iwt)_rms,51383,16,4.084737424228299e-16,-0.0012136623845771,0.0001748952305261,-0.00012435454015,8.97044941836294e-05,-0.0001042249747135,4.803169188664785e-05,-8.939918274225391e-05,3.4532523758726745e-05,-7.922159997275684e-05,2.7464103590383352e-05,-7.190204079842354e-05,2.2793764228494137e-05,-6.622717409507928e-05,1.9136001366249546e-05,-6.145471709061577e-05,1.6270904081660683e-05,-5.749890342158359e-05,1.3781572581615922e-05,-5.386983815470215e-05,1.1651568119995444e-05,-5.048082792885965e-05,9.363310190823189e-06,-4.726559248476006e-05,6.87595272502513e-06,-4.400684619587e-05,4.930264377318206e-06,-4.17275283038309e-05,3.1016094847914157e-06,-3.949600934113728e-05,1.3027978653230364e-06,-3.774711312881729e-05,-5.280083254012971e-07
503.2585372129242,85.67256032960796,-145.81167902505982,223.87091885877865,183.95960754327209,2,1.0,0.0,1.2096115064269769e-05,-9.939641072474524e-06,7.803120650398623e-17,4,0.0045364608648729,0.0045033682656082,0.0470676174626048,0.0470347098692872,-4.913024837847957e-05,1.6406226651256613e-05,-0.3151535757343373,-0.2140842521858505,modal_baffled,lossless,0.0,343.0,1.225,1.4,1.81e-05,0.0257,1006.0,1,1.2096115064269769e-05,1.2096115064269772e-05,0.0,0.0,True,dirichlet,exp(+iwt)_rms,51383,16,6.204319072303988e-16,-0.0010438227177637,0.0003485671792138,-9.593125604018168e-05,0.0001053957730178,-8.431529628445878e-05,6.192153961159043e-05,-7.339233636727663e-05,4.671958523221775e-05,-6.557466357403061e-05,3.84420508386876e-05,-5.989415510238036e-05,3.29083700578013e-05,-5.549794520402588e-05,2.859920401260144e-05,-5.178175007445327e-05,2.519529809663554e-05,-4.8723125881891866e-05,2.227970649344716e-05,-4.590168054603749e-05,1.976467686463422e-05,-4.3311030383508425e-05,1.713312715224235e-05,-4.090040918753974e-05,1.4339828941259228e-05,-3.838455622606318e-05,1.2068723497671945e-05,-3.671173372761669e-05,1.0064197501937389e-05,-3.506733473897778e-05,8.088981468361088e-06,-3.3856807951824526e-05,6.163315310839868e-06
521.0565954300712,84.86009461582854,-155.37060243323918,224.8343362988437,225.45005026901555,2,1.0,0.0,1.0060862473459262e-05,-1.0088414375356725e-05,6.836665528215687e-17,4,0.0045364608648729,0.0045033682656082,0.0470676174626048,0.0470347098692872,-4.1067014782705216e-05,2.07553746591487e-05,-0.3153226014516483,-0.1445617043156262,modal_baffled,lossless,0.0,343.0,1.225,1.4,1.81e-05,0.0257,1006.0,1,1.0060862473459262e-05,1.0060862473459267e-05,0.0,0.0,True,dirichlet,exp(+iwt)_rms,51383,16,1.5946887618458865e-15,-0.0008725110170561,0.000440969307096,-7.005427703493167e-05,0.0001108821184176,-6.557733630846109e-05,6.790288210192723e-05,-5.810641962467488e-05,5.2295630054062206e-05,-5.241092282106222e-05,4.3643076745943085e-05,-4.820700751554905e-05,3.783316055819449e-05,-4.495606809335826e-05,3.3326176113384895e-05,-4.218471067420919e-05,2.9760200474116216e-05,-3.992024313514496e-05,2.6731573482337975e-05,-3.781286088138307e-05,2.4115121071301912e-05,-3.5919687511617555e-05,2.141101879905079e-05,-3.420271283954902e-05,1.8574460199086502e-05,-3.2336044537164684e-05,1.6233278529939e-05,-3.117141775766393e-05,1.4240743764987649e-05,-3.0020272795129365e-05,1.2271840064071364e-05,-2.9246147761691586e-05,1.0403456253851167e-05
539.4840932947902,84.05618009396349,-163.32141152978383,232.9750735998712,267.8628846020245,2,1.0,0.0,8.386097214489418e-06,-9.641907847550006e-06,6.191950496085488e-17,4,0.0045364608648729,0.0045033682656082,0.0470676174626048,0.0470347098692872,-3.413528201285578e-05,2.261191910166969e-05,-0.3028309650478589,-0.0907303028046476,modal_baffled,lossless,0.0,343.0,1.225,1.4,1.81e-05,0.0257,1006.0,1,8.386097214489418e-06,8.386097214489423e-06,0.0,0.0,True,dirichlet,exp(+iwt)_rms,51383,16,1.1885541903834164e-15,-0.0007252392165372,0.0004804135055196,-4.8881981145292326e-05,0.0001106182884317,-4.9989496329751446e-05,6.915791020940637e-05,-4.529263061543318e-05,5.383732836065583e-05,-4.131507424509337e-05,4.5272589432097935e-05,-3.830576955021801e-05,3.951422770581225e-05,-3.5976951330431446e-05,3.5060361901292625e-05,-3.396443235284729e-05,3.1540991385571834e-05,-3.233265223291453e-05,2.856971438426748e-05,-3.079275996268116e-05,2.6006336916158805e-05,-2.944980819630057e-05,2.337339021901304e-05,-2.82752690106605e-05,2.0628755686790467e-05,-2.691961044796322e-05,1.8353961846567226e-05,-2.6142611489811214e-05,1.6464868149501154e-05,-2.536853807111739e-05,1.4591599692269e-05,-2.491879939398132e-05,1.28476029233797e-05
558.563291340511,83.31919010124012,-170.03819779380544,249.167933632508,311.6360432788069,2,1.0,0.0,7.100054227409747e-06,-8.880086511285602e-06,5.64289170793106e-17,4,0.0045364608648729,0.0045033682656082,0.0470676174626048,0.0470347098692872,-2.856824925612395e-05,2.3107856761245063e-05,-0.2859519684668542,-0.0502245054700787,modal_baffled,lossless,0.0,343.0,1.225,1.4,1.81e-05,0.0257,1006.0,1,7.100054227409747e-06,7.100054227409732e-06,0.0,0.0,True,dirichlet,exp(+iwt)_rms,51383,16,1.5461293073643882e-15,-0.0006069618730716,0.0004909502117799,-3.2139494450944725e-05,0.0001077887875798,-3.76037205740839e-05,6.810110853034583e-05,-3.507735694895192e-05,5.33481221291428e-05,-3.244349827736205e-05,4.507336315642613e-05,-3.036579894382656e-05,3.9511274363822685e-05,-2.8752736315861342e-05,3.5219590879642506e-05,-2.7326807352865825e-05,3.183786636572764e-05,-2.6180634766482897e-05,2.8995964562280948e-05,-2.5074480636019507e-05,2.655123821525432e-05,-2.415037339951472e-05,2.4047512825188492e-05,-2.338652876140721e-05,2.1446044334390245e-05,-2.2417876804003384e-05,1.9293690049075728e-05,-2.1927084133382117e-05,1.75387762655626e-05,-2.143203626619992e-05,1.5791375313234913e-05,-2.121689636297339e-05,1.4188428003277314e-05
578.3172373585863,82.6783987802578,-175.86197845035616,275.23644240444315,356.8808811037112,2,1.0,0.0,6.147130328558305e-06,-7.970577110903027e-06,5.311355669551567e-17,4,0.0045364608648729,0.0045033682656082,0.0470676174626048,0.0470347098692872,-2.4205763525385745e-05,2.296615075836106e-05,-0.2688947697947527,-0.0194539810665153,modal_baffled,lossless,0.0,343.0,1.225,1.4,1.81e-05,0.0257,1006.0,1,6.147130328558305e-06,6.1471303285583056e-06,0.0,0.0,True,dirichlet,exp(+iwt)_rms,51383,16,5.280571218345962e-16,-0.0005142763715332,0.0004879395218295,-1.8803938970120928e-05,0.0001041857923703,-2.780502885883243e-05,6.615723931624743e-05,-2.700093298679313e-05,5.203198590491486e-05,-2.542420143189229e-05,4.4105016548731134e-05,-2.407522965156654e-05,3.87820176567168e-05,-2.3019289973409357e-05,3.468314883720736e-05,-2.2047059026295805e-05,3.146510449162833e-05,-2.127396339279757e-05,2.877100689388734e-05,-2.049882477963388e-05,2.6462047680414343e-05,-1.989419576973213e-05,2.4099827528582616e-05,-1.944301737269839e-05,2.1648879100899555e-05,-1.8766871186719603e-05,1.96319189580857e-05,-1.8488065285443524e-05,1.80116191795359e-05,-1.8200191633347705e-05,1.6390646234860157e-05,-1.815617762286816e-05,1.4921873185274566e-05
598.7697942401657,82.14739740717201,178.9297120365547,314.2050202086885,402.9338922187404,2,1.0,0.0,5.459537151008574e-06,-7.001264819090459e-06,4.8077017105474087e-17,4,0.0045364608648729,0.0045033682656082,0.0470676174626048,0.0470347098692872,-2.0795930424062783e-05,2.2599206271444063e-05,-0.2534812232653023,0.0047355924795303,modal_baffled,lossless,0.0,343.0,1.225,1.4,1.81e-05,0.0257,1006.0,1,5.459537151008574e-06,5.45953715100856e-06,0.0,0.0,True,dirichlet,exp(+iwt)_rms,51383,16,3.90820561114187e-16,-0.0004418309560832,0.0004801434083507,-7.830270672641989e-06,0.0001006971699706,-1.989668663132053e-05,6.40728109958585e-05,-2.051421268643159e-05,5.053274748992246e-05,-1.979492877151057e-05,4.294137064596184e-05,-1.9031771096348223e-05,3.785048318668536e-05,-1.84212863050152e-05,3.3937024810811856e-05,-1.780849889979993e-05,3.0877186793274786e-05,-1.732904901477139e-05,2.832378712519789e-05,-1.6811879787781373e-05,2.6144613635636623e-05,-1.645714887670279e-05,2.391490692393299e-05,-1.6251107875830116e-05,2.16020439462674e-05,-1.5800454098193412e-05,1.9713349427859564e-05,-1.568272145209783e-05,1.8215380019682458e-05,-1.555273801245564e-05,1.6708795862839542e-05,-1.5637710903783164e-05,1.535854012080109e-05
619.9456688027195,81.73234357913309,174.11621081015832,370.5729728528612,447.3968658993004,2,1.0,0.0,4.981179701621113e-06,-6.013833577311011e-06,4.6310819721880026e-17,4,0.0045364608648729,0.0045033682656082,0.0470676174626048,0.0470347098692872,-1.8104258920503617e-05,2.223350860690413e-05,-0.2403371005491005,0.0247677001024199,modal_baffled,lossless,0.0,343.0,1.225,1.4,1.81e-05,0.0257,1006.0,1,4.981179701621113e-06,4.9811797016211214e-06,0.0,0.0,True,dirichlet,exp(+iwt)_rms,51383,16,4.306520168988215e-16,-0.0003846436232912,0.0004723737848971,1.6562994944087482e-06,9.771676725058868e-05,-1.3278485917035528e-05,6.221068386229964e-05,-1.5136765909491886e-05,4.917306626429127e-05,-1.5146491596536902e-05,4.187519441801445e-05,-1.4875342509867449e-05,3.698780511501767e-05,-1.4636819469222424e-05,3.323599070283076e-05,-1.4320462605736016e-05,3.0315334674175533e-05,-1.4081657162893518e-05,2.788484183346737e-05,-1.3772990560637445e-05,2.581978531586159e-05,-1.3622012842319845e-05,2.370508427237546e-05,-1.3617314331737814e-05,2.151040674996252e-05,-1.3346637118789384e-05,1.973477223231013e-05,-1.3356522781451752e-05,1.834280628774947e-05,-1.3352133106432372e-05,1.6934409328611768e-05,-1.3539475694183544e-05,1.5685140336122378e-05
641.8704416360329,81.43641386938044,169.51774223352487,450.15915004921465,484.18514820834696,2,1.0,0.0,4.672225429776815e-06,-5.02538304937703e-06,4.6476942620646644e-17,4,0.0045364608648729,0.0045033682656082,0.0470676174626048,0.0470347098692872,-1.593833204014464e-05,2.199532267668325e-05,-0.2295329183114619,0.0424678972800513,modal_baffled,lossless,0.0,343.0,1.225,1.4,1.81e-05,0.0257,1006.0,1,4.672225429776815e-06,4.672225429776822e-06,0.0,0.0,True,dirichlet,exp(+iwt)_rms,51383,16,1.1157503820160916e-15,-0.0003386262763949,0.0004673132795421,1.036450306886988e-05,9.538429174495256e-05,-7.464589329994247e-06,6.073231304164594e-05,-1.047820656817558e-05,4.810562385626647e-05,-1.1144899557806996e-05,4.1049630069088645e-05,-1.1310590625030198e-05,3.6329728333807935e-05,-1.140037771849919e-05,3.271028143223704e-05,-1.1341626725811376e-05,2.990519192029844e-05,-1.1310731175190816e-05,2.757642703288681e-05,-1.1179011021874344e-05,2.5606693266755948e-05,-1.1203421440652471e-05,2.358713018580509e-05,-1.137423390582844e-05,2.1489110426886223e-05,-1.1254095282496424e-05,1.9809038593757943e-05,-1.1370830723917969e-05,1.8506631718024623e-05,-1.1472166151359962e-05,1.7179875805818082e-05,-1.174635544780227e-05,1.601511763979282e-05
664.5705980037142,81.26204037036189,164.979318852232,558.0098161859468,500.1650716175792,2,1.0,0.0,4.507941465786311e-06,-4.040636563517946e-06,4.5213386745584773e-17,4,0.0045364608648729,0.0045033682656082,0.0470676174626048,0.0470347098692872,-1.4143036695507396e-05,2.196094626004034e-05,-0.2208827991115533,0.0592708287227165,modal_baffled,lossless,0.0,343.0,1.225,1.4,1.81e-05,0.0257,1006.0,1,4.507941465786311e-06,4.507941465786292e-06,0.0,0.0,True,dirichlet,exp(+iwt)_rms,51383,16,5.183880716153489e-16,-0.000300483378126,0.000466582917172,1.8893895984401757e-05,9.370396668219044e-05,-2.0532961351139708e-06,5.9694033651081455e-05,-6.216862952441798e-06,4.739483914764096e-05,-7.514790417830162e-06,4.0530172037869485e-05,-8.093533859842227e-06,3.594163718513057e-05,-8.49205772483171e-06,3.242523190818427e-05,-8.671304208146426e-06,2.9711950195303096e-05,-8.83154145550148e-06,2.7463888591445774e-05,-8.85909244297508e-06,2.557069117413648e-05,-9.044398133091243e-06,2.36269568671887e-05,-9.378982110349554e-06,2.160516881028117e-05,-9.39216394008081e-06,2.00035710760187e-05,-9.604417750483952e-06,1.877586427770941e-05,-9.800958739435031e-06,1.751550349747026e-05,-1.0154676468815268e-05,1.642100170563647e-05
688.0735598375637,81.21191818043685,160.35634528143228,690.8271252031993,472.0047412829222,2,1.0,0.0,4.476818942647221e-06,-3.0587678012399227e-06,4.893503484339519e-17,4,0.0045364608648729,0.0045033682656082,0.0470676174626048,0.0470347098692872,-1.2587261814828216e-05,2.21846558333344e-05,-0.2140558371711568,0.0764056775755449,modal_baffled,lossless,0.0,343.0,1.225,1.4,1.81e-05,0.0257,1006.0,1,4.476818942647221e-06,4.476818942647254e-06,0.0,0.0,True,dirichlet,exp(+iwt)_rms,51383,16,2.441203421272667e-15,-0.0002674293387556,0.0004713358574174,2.7798151548048952e-05,9.258971936402544e-05,3.312493321815152e-06,5.909072811410881e-05,-2.0691018980317944e-06,4.705572684106929e-05,-4.013767974741536e-06,4.033972059115149e-05,-5.009321825889939e-06,3.585075614606306e-05,-5.718012157449837e-06,3.2411246438103165e-05,-6.132051967169758e-06,2.976839566491243e-05,-6.480152316937447e-06,2.7582114208738517e-05,-6.660783842046297e-06,2.574830728101529e-05,-7.0041380917252125e-06,2.386321626259284e-05,-7.502742274491444e-06,2.1899829413333683e-05,-7.641876532369772e-06,2.03613780759937e-05,-7.945794921962298e-06,1.9195914629734626e-05,-8.234570041860672e-06,1.7988775577657227e-05,-8.667033755169453e-06,1.695303869694449e-05
712.4077188634379,81.28926078187887,155.50128273803213,821.4882586564863,372.7134730469125,2,1.0,0.0,4.579553133308719e-06,-2.077766949596907e-06,2.879919931507581e-16,4,0.0045364608648729,0.0045033682656082,0.0470676174626048,0.0470347098692872,-1.1147994463790838e-05,2.27136811339214e-05,-0.2085758440381425,0.0950478490473864,modal_baffled,lossless,0.0,343.0,1.225,1.4,1.81e-05,0.0257,1006.0,1,4.579553133308719e-06,4.579553133308772e-06,0.0,0.0,True,dirichlet,exp(+iwt)_rms,51383,16,1.7933996301816818e-14,-0.0002368506218239,0.0004825755446824,3.764398032670229e-05,9.186106828038518e-05,8.984032220787749e-06,5.886604406025989e-05,2.2417654446827665e-06,4.706587437855633e-05,-4.057346348570032e-07,4.047056491206442e-05,-1.8486049685176275e-06,3.605785209514782e-05,-2.8891946392590163e-06,3.267522756574116e-05,-3.550296198310091e-06,3.0085978566915427e-05,-4.095642931026127e-06,2.7946292533984425e-05,-4.433638014065338e-06,2.6157618388625863e-05,-4.9430274554797714e-06,2.431742482786574e-05,-5.6172593595587885e-06,2.2398571019558164e-05,-5.883673823361775e-06,2.091068016987631e-05,-6.2819005834322266e-06,1.9798067076793538e-05,-6.6666877085828645e-06,1.8633666900205445e-05,-7.182878741611807e-06,1.764849825188409e-05
737.6024708986364,81.49741760064049,150.25008447153132,893.1675995705599,203.1541671529688,2,1.0,0.0,4.829229308537681e-06,-1.0984254899510325e-06,2.1400489516830883e-15,4,0.0045364608648729,0.0045033682656082,0.0470676174626048,0.0470347098692872,-9.69181082913183e-06,2.359460520974953e-05,-0.2037294505935369,0.1164405756206688,modal_baffled,lossless,0.0,343.0,1.225,1.4,1.81e-05,0.0257,1006.0,1,4.829229308537681e-06,4.829229308536943e-06,0.0,0.0,True,dirichlet,exp(+iwt)_rms,51383,16,1.4004072718080397e-13,-0.0002059125010275,0.0005012916837886,4.906296783700023e-05,9.119296187408882e-05,1.5343047637501395e-05,5.889472995514059e-05,7.015765059694133e-06,4.735577619543177e-05,3.5657472576013e-06,4.087805954862224e-05,1.6165505588622833e-06,3.65327963966112e-05,2.0071055485621418e-07,3.3197489334165575e-05,-7.358327625401282e-07,3.065260385746062e-05,-1.5009375153545287e-06,2.8550392033176036e-05,-2.0111865466256296e-06,2.679716432216916e-05,-2.705779314922376e-06,2.499347694591885e-05,-3.5791871309619106e-06,2.3111374724380868e-05,-3.982711228098164e-06,2.1665492919547258e-05,-4.484119210004964e-06,2.060041432863456e-05,-4.975424260747108e-06,1.9471938797628625e-05,-5.585948222000409e-06,1.8533402272093474e-05
763.6882513622296,81.83864932372508,144.40719537845132,863.1540673560971,21.34662016137205,2,1.0,0.0,5.252466671460771e-06,-1.2989849111106926e-07,2.8595299378178788e-15,4,0.0045364608648729,0.0045033682656082,0.0470676174626048,0.0470347098692872,-8.051365390836755e-06,2.4870812802616025e-05,-0.1983611079294456,0.1419749295691214,modal_baffled,lossless,0.0,343.0,1.225,1.4,1.81e-05,0.0257,1006.0,1,5.252466671460771e-06,5.252466671461449e-06,0.0,0.0,True,dirichlet,exp(+iwt)_rms,51383,16,1.7682194734765184e-13,-0.0001710595484726,0.0005284060282502,6.278651722052188e-05,9.000435967393608e-05,2.2832439950071543e-05,5.893072457642365e-05,1.2604272909150372e-05,4.777320132109442e-05,8.203311736741512e-06,4.1452530443013375e-05,5.656816510779712e-06,3.7191017470748464e-05,3.7980238314079896e-06,3.391154608127548e-05,2.539797452642103e-06,3.141474447309978e-05,1.5178531471469046e-06,2.9351122372118983e-05,8.08863023585154e-07,2.7631249187830445e-05,-1.0246747300281499e-07,2.586452503353376e-05,-1.2119818414304351e-06,2.4021427930023095e-05,-1.7714277243473183e-06,2.2615351959439308e-05,-2.3912649489137527e-06,2.1598462716092156e-05,-3.006839697223621e-06,2.0504669187062533e-05,-3.728123196743824e-06,1.9614979038884823e-05
790.6965720412396,82.3114610543162,137.72887935539762,756.1949046659047,-102.78380307250718,2,1.0,0.0,5.890241423631415e-06,8.006155698755172e-07,1.1634765709935373e-15,4,0.0045364608648729,0.0045033682656082,0.0470676174626048,0.0470347098692872,-5.9942840672873e-06,2.656425373476957e-05,-0.190498910431238,0.1731652315931973,modal_baffled,lossless,0.0,343.0,1.225,1.4,1.81e-05,0.0257,1006.0,1,5.890241423631415e-06,5.890241423631798e-06,0.0,0.0,True,dirichlet,exp(+iwt)_rms,51383,16,6.804876269368256e-14,-0.0001273547375124,0.0005643849246432,7.962681785013633e-05,8.725296499301618e-05,3.1965764389863326e-05,5.850267340938853e-05,1.942601899559834e-05,4.800721792456297e-05,1.387372933539888e-05,4.195702014370138e-05,1.0604199474916913e-05,3.783972933776442e-05,8.207913500383811e-06,3.465663610684699e-05,6.562239362731442e-06,3.223440666396579e-05,5.230324021661852e-06,3.022845253783628e-05,4.283344708267284e-06,2.855310482027284e-05,3.110150506600785e-06,2.6839160980229487e-05,1.712810142390306e-06,2.505472554680404e-05,9.690779023475273e-07,2.369691771031416e-05,2.0919408537314721e-07,2.273832993513468e-05,-5.56212359873892e-07,2.1687188619071223e-05,-1.410459226260583e-06,2.0858202694745963e-05
818.6600591570757,82.90533782687852,129.9080341438519,631.3269570635671,-151.52885034923818,2,1.0,0.0,6.7941972587006005e-06,1.630719056327556e-06,4.1446212885918254e-16,4,0.0045364608648729,0.0045033682656082,0.0470676174626048,0.0470347098692872,-3.187065856662008e-06,2.8624191453121303e-05,-0.1767499014642729,0.2113302851699806,modal_baffled,lossless,0.0,343.0,1.225,1.4,1.81e-05,0.0257,1006.0,1,6.7941972587006005e-06,6.794197258700374e-06,0.0,0.0,True,dirichlet,exp(+iwt)_rms,51383,16,2.007585927646882e-14,-6.771249594679668e-05,0.0006081504226523,0.000100297370437,8.110106205253098e-05,4.326492179932136e-05,5.673135045108454e-05,2.7936160869865235e-05,4.744938044870725e-05,2.0990313798311365e-05,4.191028213077257e-05,1.684186432497975e-05,3.807473540603148e-05,1.378933422848122e-05,3.5084910855173226e-05,1.1672800303579173e-05,3.280367768165688e-05,9.96291194477264e-06,3.090609515148722e-05,8.726568228213068e-06,2.9309865587434523e-05,7.233818508295202e-06,2.7691420666609348e-05,5.483366812687884e-06,2.6015727340404326e-05,4.518352304417131e-06,2.473297346517934e-05,3.591983649911493e-06,2.385822316818915e-05,2.6440991374406125e-06,2.2873421113548688e-05,1.630602752330416e-06,2.2132570487649343e-05
847.6124927782184,83.59120134435499,120.5734421330467,525.556539018342,-146.795374680801,2,1.0,0.0,8.007046681344311e-06,2.236481387654432e-06,3.506307674243636e-16,4,0.0045364608648729,0.0045033682656082,0.0470676174626048,0.0470347098692872,8.205465968782976e-07,3.081161621273503e-05,-0.151554362709448,0.2565357468687885,modal_baffled,lossless,0.0,343.0,1.225,1.4,1.81e-05,0.0257,1006.0,1,8.007046681344311e-06,8.007046681344206e-06,0.0,0.0,True,dirichlet,exp(+iwt)_rms,51383,16,1.4516077868352892e-14,1.743335739333355e-05,0.0006546245141304,0.000124825043479,6.850074337734099e-05,5.699736826303201e-05,5.2074203689645855e-05,3.845380274601738e-05,4.498603552750132e-05,2.988170113177431e-05,4.040470609122087e-05,2.4697348874652797e-05,3.711539049756161e-05,2.086583936613275e-05,3.4509574624404e-05,1.8191633128867227e-05,3.250224166534922e-05,1.603173165071356e-05,3.081673112839304e-05,1.4450133279630204e-05,2.9373771163908896e-05,1.2576771013702905e-05,2.793850528067172e-05,1.0404895982080467e-05,2.6472338675557983e-05,9.179380321948608e-06,2.532169313030549e-05,8.061618379345012e-06,2.4580504862053088e-05,6.896933299450549e-06,2.371161038278509e-05,5.700428038837072e-06,2.3110470659106246e-05
877.5888476267505,84.30678207388368,109.33877416734984,448.4920872532084,-113.7016742422833,2,1.0,0.0,9.504069556209289e-06,2.409470872216329e-06,9.5643715260231e-16,4,0.0045364608648729,0.0045033682656082,0.0470676174626048,0.0470347098692872,6.50007558542094e-06,3.249663212540563e-05,-0.1070754836034561,0.3050975343294475,modal_baffled,lossless,0.0,343.0,1.225,1.4,1.81e-05,0.0257,1006.0,1,9.504069556209289e-06,9.504069556210884e-06,0.0,0.0,True,dirichlet,exp(+iwt)_rms,51383,16,2.2139403849050182e-14,0.0001381007991446,0.000690424412309,0.0001511620750817,4.512756492881036e-05,7.248179239953775e-05,4.2183124397805566e-05,5.066432097919423e-05,3.884039407466445e-05,4.038805266373831e-05,3.594727726724774e-05,3.409632362525484e-05,3.364788196083707e-05,2.942173282030517e-05,3.175129312962868e-05,2.6143834726032324e-05,3.0246135055451087e-05,2.3492447364601325e-05,2.895321671814599e-05,2.1530430667462652e-05,2.7795769911341523e-05,1.9241353573481143e-05,2.6696434389238386e-05,1.6609981388020304e-05,2.5613647095776807e-05,1.5102383250180412e-05,2.4695563017575097e-05,1.3786962861739082e-05,2.417010422298158e-05,1.238633458683978e-05,2.3503753396059702e-05,1.1002954929942055e-05,2.3125749545407312e-05
908.6253353280432,84.94275307127388,95.96589203158828,397.80783784262496,-68.05203336565116,2,1.0,0.0,1.107941927136746e-05,1.8953296999276683e-06,7.512859416671117e-17,4,0.0045364608648729,0.0045033682656082,0.0470676174626048,0.0470347098692872,1.3953246568681373e-05,3.248184185716968e-05,-0.0361361580098268,0.3457926124074706,modal_baffled,lossless,0.0,343.0,1.225,1.4,1.81e-05,0.0257,1006.0,1,1.107941927136746e-05,1.1079419271367457e-05,0.0,0.0,True,dirichlet,exp(+iwt)_rms,51383,16,6.331249857191315e-16,0.0002964510914487,0.0006901101778303,0.0001730715946281,7.002296132100054e-06,8.689478396150617e-05,2.455764404780413e-05,6.269454185031813e-05,2.695930019845148e-05,5.107235680902045e-05,2.6728367816185664e-05,4.3861074737466025e-05,2.6026038020935217e-05,3.8466510350149504e-05,2.5290988913150235e-05,3.467066631132584e-05,2.4606791794303657e-05,3.1589349247230526e-05,2.3961684858512213e-05,2.9286516902234656e-05,2.3280195639767408e-05,2.663389847171017e-05,2.273272300854144e-05,2.360430126748601e-05,2.227743621559044e-05,2.185172487276372e-05,2.173386908056088e-05,2.0383268325408968e-05,2.1532850022149832e-05,1.877760909536203e-05,2.119118091638264e-05,1.7255415146865496e-05,2.114464105939289e-05
940.75944815463,85.35257868077102,80.67127800225666,369.0201983398389,-17.959623189452344,2,1.0,0.0,1.2264209803561253e-05,5.968794872997835e-07,7.713535185298387e-17,4,0.0045364608648729,0.0045033682656082,0.0470676174626048,0.0470347098692872,2.220220906362988e-05,2.933385895119345e-05,0.0590401989421788,0.3594071862605799,modal_baffled,lossless,0.0,343.0,1.225,1.4,1.81e-05,0.0257,1006.0,1,1.2264209803561253e-05,1.2264209803561238e-05,0.0,0.0,True,dirichlet,exp(+iwt)_rms,51383,16,1.6954976142232533e-15,0.0004717087938702,0.0006232280394158,0.0001798486608309,-4.465414045778087e-05,9.475136369308264e-05,-1.025903397111195e-06,7.054514707329278e-05,8.753859268226019e-06,5.865204152955143e-05,1.2033547862911664e-05,5.115206238718852e-05,1.3481537585412218e-05,4.548865798150616e-05,1.4331596456970529e-05,4.149244910434196e-05,1.4767836674129683e-05,3.822748890869041e-05,1.501502243445072e-05,3.5761091435657885e-05,1.499640080679645e-05,3.2953413529605206e-05,1.5207502097009117e-05,2.976322353764671e-05,1.5611733713395084e-05,2.790697929655528e-05,1.5576963781772327e-05,2.641168974779936e-05,1.5791894357428172e-05,2.4720660199703893e-05,1.589082971363861e-05,2.31888666416044e-05,1.6264271362112504e-05
974.030004317104,85.41630875442068,64.36112578811671,358.8300106626966,32.503681802604255,2,1.0,0.0,1.253947893990885e-05,-1.135856035788441e-06,4.770403087824896e-16,4,0.0045364608648729,0.0045033682656082,0.0470676174626048,0.0470347098692872,2.9039801349761163e-05,2.266102386002973e-05,0.1586474415030068,0.3305470253075169,modal_baffled,lossless,0.0,343.0,1.225,1.4,1.81e-05,0.0257,1006.0,1,1.253947893990885e-05,1.2539478939908455e-05,0.0,0.0,True,dirichlet,exp(+iwt)_rms,51383,16,2.9380060979094445e-15,0.000616980482873,0.0004814567866757,0.0001628512135068,-9.88372668716086e-05,9.084534021041892e-05,-2.9689792196526416e-05,7.002911783929366e-05,-1.2603638882650017e-05,5.947803706243205e-05,-5.742545238001029e-06,5.267431258943362e-05,-2.050346664735358e-06,4.746551947761526e-05,4.784200402398898e-07,4.3779812886239504e-05,2.102000034179852e-06,4.073561438289902e-05,3.304852912037362e-06,3.840476545359507e-05,4.004907068708479e-06,3.578412394939573e-05,5.027946606666018e-06,3.282012536651206e-05,6.3494455043271136e-06,3.1089112824769235e-05,6.853735365545469e-06,2.975129595229355e-05,7.4846057007362735e-06,2.816923789313682e-05,8.052095673049276e-06,2.681229942747464e-05,8.840777414704384e-06
1008.4771948567632,85.12869736705319,48.3479231006319,365.755156175337,80.6519359171862,2,1.0,0.0,1.182788276119656e-05,-2.6081427052656845e-06,1.047110308419666e-16,4,0.0045364608648729,0.0045033682656082,0.0470676174626048,0.0470347098692872,3.256622352295888e-05,1.404112024408182e-05,0.2355683195422223,0.2648417451408343,modal_baffled,lossless,0.0,343.0,1.225,1.4,1.81e-05,0.0257,1006.0,1,1.182788276119656e-05,1.1827882761196598e-05,0.0,0.0,True,dirichlet,exp(+iwt)_rms,51383,16,2.261438984614014e-15,0.0006919029532105,0.0002983180581689,0.0001250827367924,-0.0001404027404426,7.55308009677713e-05,-5.3555747780988014e-05,6.080589270039286e-05,-3.1313501552860594e-05,5.294502790886214e-05,-2.1810501832061382e-05,4.769172512193989e-05,-1.6407607901300225e-05,4.357877638183357e-05,-1.2572139564556468e-05,4.065843593437712e-05,-1.0024174818333643e-05,3.820125780912311e-05,-8.065368737901968e-06,3.628177468559485e-05,-6.787588301578918e-06,3.4156582232672546e-05,-5.121574819062149e-06,3.176607998564203e-05,-3.075274808004443e-06,3.036452612479969e-05,-2.15045983539979e-06,2.933298236782544e-05,-1.218406542372695e-06,2.8033514829951217e-05,-2.802886196509055e-07,2.6996659436593286e-05,8.056450138798355e-07
1044.1426321966403,84.60905689650679,33.62726107979224,389.83022662253774,123.2728734068774,2,1.0,0.0,1.0579141500445428e-05,-3.3453567267901925e-06,5.987563434917985e-15,4,0.0045364608648729,0.0045033682656082,0.0470676174626048,0.0470347098692872,3.2786023616941906e-05,5.745714153123931e-06,0.2777905879802826,0.1847542010403937,modal_baffled,lossless,0.0,343.0,1.225,1.4,1.81e-05,0.0257,1006.0,1,1.0579141500445428e-05,1.0579141500446497e-05,0.0,0.0,True,dirichlet,exp(+iwt)_rms,51383,16,2.022762276572674e-13,0.0006965728325422,0.0001220736137258,7.893486419031066e-05,-0.0001625147774723,5.455850180498309e-05,-6.820866738725356e-05,4.675990608091804e-05,-4.370079347517006e-05,4.207126767832099e-05,-3.290677303481408e-05,3.870399270593128e-05,-2.6606043279781305e-05,3.595419451426702e-05,-2.2054162771914765e-05,3.39874756059903e-05,-1.900009785673109e-05,3.2273917069612125e-05,-1.661356006816188e-05,3.088974160027962e-05,-1.4999714411383489e-05,2.9393087553419296e-05,-1.2968128448415965e-05,2.7723738568719934e-05,-1.0509271943944028e-05,2.673575895551004e-05,-9.35351508373346e-06,2.6057124338770208e-05,-8.278107490953773e-06,2.511263021871377e-05,-7.126940143964537e-06,2.443834836011853e-05,-5.901105813930886e-06
1081.0694004095712,84.01929205094794,20.48220317066504,431.52871288586886,154.87203247394578,2,1.0,0.0,9.31299232095858e-06,-3.342354763639034e-06,1.7245674140450132e-14,4,0.0045364608648729,0.0045033682656082,0.0470676174626048,0.0470347098692872,3.10102838967714e-05,-1.0321996311433642e-06,0.2917948832844735,0.1089943431472695,modal_baffled,lossless,0.0,343.0,1.225,1.4,1.81e-05,0.0257,1006.0,1,9.31299232095858e-06,9.312992320957606e-06,0.0,0.0,True,dirichlet,exp(+iwt)_rms,51383,16,6.027362744465102e-13,0.0006588454136521,-2.1930144052085176e-05,3.477263132493218e-05,-0.000168575816971,3.346558227342551e-05,-7.456664357336365e-05,3.203198873486131e-05,-5.001926626624687e-05,3.0309877239101497e-05,-3.901368481200122e-05,2.8733038051168767e-05,-3.248258475363295e-05,2.7290461227803303e-05,-2.7707108652139763e-05,2.6237802412332637e-05,-2.449776707824197e-05,2.5242204038748808e-05,-2.196166528294752e-05,2.437841514903632e-05,-2.0220144649823965e-05,2.34874725107654e-05,-1.8057321550593582e-05,2.2513539228943743e-05,-1.5447863076882393e-05,2.1919069479779157e-05,-1.4220895432462096e-05,2.1560988093271995e-05,-1.3124839434321307e-05,2.095601811931766e-05,-1.1891924793054203e-05,2.060933945193006e-05,-1.064536741856576e-05
1119.3021072640306,83.49044476336358,8.654097237162203,488.99692900257696,166.22878476512486,2,1.0,0.0,8.31608392153855e-06,-2.826955431196301e-06,8.391616988796077e-15,4,0.0045364608648729,0.0045033682656082,0.0470676174626048,0.0470347098692872,2.8471481064335115e-05,-6.301553090273103e-06,0.2895359887427817,0.0440678666486197,modal_baffled,lossless,0.0,343.0,1.225,1.4,1.81e-05,0.0257,1006.0,1,8.31608392153855e-06,8.316083921538795e-06,0.0,0.0,True,dirichlet,exp(+iwt)_rms,51383,16,3.007670009735032e-13,0.0006049059331918,-0.0001338829843103,-3.787022706032571e-06,-0.0001650030749269,1.463021922163192e-05,-7.560859202280868e-05,1.860881262017209e-05,-5.228143133026794e-05,1.9426114195644687e-05,-4.16954215285253e-05,1.9393087928360504e-05,-3.5332386662306624e-05,1.9084167009967967e-05,-3.063044705901969e-05,1.8820752754143645e-05,-2.7478680241203488e-05,1.844693022765017e-05,-2.496230519057868e-05,1.8033050048605104e-05,-2.3221727064501585e-05,1.766597363095241e-05,-2.1069384538211343e-05,1.729719008280025e-05,-1.846603996454636e-05,1.7035876544013848e-05,-1.7265288714592742e-05,1.6941380952667404e-05,-1.6217413091852186e-05,1.6627726191534324e-05,-1.4980000897486037e-05,1.6551921701173434e-05,-1.3776798696767716e-05
1158.88693811059,83.10449619731313,-2.3452001594730945,552.609415937799,145.6645006942483,2,1.0,0.0,7.675832709544192e-06,-2.023303090395016e-06,2.627327172640863e-15,4,0.0045364608648729,0.0045033682656082,0.0470676174626048,0.0470347098692872,2.5811072754971417e-05,-1.057225085806736e-05,0.2797039140674743,-0.0114550887432405,modal_baffled,lossless,0.0,343.0,1.225,1.4,1.81e-05,0.0257,1006.0,1,7.675832709544192e-06,7.67583270953785e-06,0.0,0.0,True,dirichlet,exp(+iwt)_rms,51383,16,4.486568986567614e-14,0.0005483828191532,-0.000224618356059,-3.750683072935038e-05,-0.0001563332266212,-1.912272497946433e-06,-7.372702143392757e-05,6.717449053518974e-06,-5.225830420107528e-05,9.712711295788313e-06,-4.241834340407537e-05,1.100624988791298e-05,-3.643097627981647e-05,1.16746341097987e-05,-3.195690712278853e-05,1.2085862280468043e-05,-2.897449753205681e-05,1.2244031177425843e-05,-2.6565423943293533e-05,1.221144888516518e-05,-2.489272160861989e-05,1.2292189879746094e-05,-2.2822860435847127e-05,1.2447341896408237e-05,-2.0303932195397143e-05,1.246118963737925e-05,-1.918031943911207e-05,1.25809580996487e-05,-1.821261654692002e-05,1.251473764777319e-05,-1.700716234236473e-05,1.2663445849451509e-05,-1.5874421966768026e-05
1199.8717116741157,82.90484772857201,-13.054692050310187,600.3619710650963,88.17685528824325,2,1.0,0.0,7.396651761019473e-06,-1.0863670974892997e-06,1.0714416434104177e-15,4,0.0045364608648729,0.0045033682656082,0.0470676174626048,0.0470347098692872,2.31834111879302e-05,-1.439265687757507e-05,0.2663206161634796,-0.0617527859055133,modal_baffled,lossless,0.0,343.0,1.225,1.4,1.81e-05,0.0257,1006.0,1,7.396651761019473e-06,7.3966517610197855e-06,0.0,0.0,True,dirichlet,exp(+iwt)_rms,51383,16,3.7142252733869744e-14,0.0004925554433756,-0.0003057868159358,-6.859808974250607e-05,-0.0001443877328479,-1.705359858176761e-05,-7.009513041432543e-05,-4.186515769274965e-06,-5.091219595643293e-05,7.764573637736184e-07,-4.202735322441022e-05,3.2671186556450216e-06,-3.65432750153342e-05,4.819917492269906e-06,-3.2388409606952545e-05,5.833678984281393e-06,-2.964196458385349e-05,6.467639270641052e-06,-2.7389444697814927e-05,6.77061733593737e-06,-2.582098220819176e-05,7.252131783717067e-06,-2.3872448160030968e-05,7.885596557170252e-06,-2.147986448497058e-05,8.133116508234053e-06,-2.0461979388830323e-05,8.434520404829773e-06,-1.959029611400281e-05,8.589685465935534e-06,-1.843306674912668e-05,8.93608053004692e-06,-1.7382132147569123e-05
1242.3059378190928,82.90846976737203,-24.01422818673834,607.114915902781,9.998553258117854,2,1.0,0.0,7.470135669808869e-06,-1.230253900596148e-07,4.950749201689453e-16,4,0.0045364608648729,0.0045033682656082,0.0470676174626048,0.0470347098692872,2.042548428966952e-05,-1.8198853429193967e-05,0.2496643675787419,-0.1112320351306259,modal_baffled,lossless,0.0,343.0,1.225,1.4,1.81e-05,0.0257,1006.0,1,7.470135669808869e-06,7.47013566980859e-06,0.0,0.0,True,dirichlet,exp(+iwt)_rms,51383,16,1.634559145115257e-14,0.000433960446498,-0.0003866533810353,-9.920199709029136e-05,-0.0001287413433081,-3.1817020096258e-05,-6.481548630773483e-05,-1.4829457752628604e-05,-4.845373108241257e-05,-7.972770788856734e-06,-4.076346667816867e-05,-4.330474936665698e-06,-3.5919450765459016e-05,-1.922374287538344e-06,-3.217729111300348e-05,-3.362048714396191e-07,-2.9733366912638345e-05,7.522940447825439e-07,-2.768370596118711e-05,1.369664803326391e-06,-2.625056774611962e-05,2.235554858088416e-06,-2.4458799696597894e-05,3.3398192720129226e-06,-2.2232927318075213e-05,3.7953835405901928e-06,-2.134563423706583e-05,4.2607038332175794e-06,-2.05846285238742e-05,4.63086002532235e-06,-1.9488305342437187e-05,5.166589269716738e-06,-1.853038211346756e-05
1286.2408773578468,83.11027585178766,-35.77142995665275,569.059992787076,-55.29401262162741,2,1.0,0.0,7.897287841914208e-06,7.673579923774712e-07,1.8100576115424563e-15,4,0.0045364608648729,0.0045033682656082,0.0470676174626048,0.0470347098692872,1.712546353618027e-05,-2.2262046138391103e-05,0.2268408820876848,-0.1634309168090764,modal_baffled,lossless,0.0,343.0,1.225,1.4,1.81e-05,0.0257,1006.0,1,7.897287841914208e-06,7.897287841914204e-06,0.0,0.0,True,dirichlet,exp(+iwt)_rms,51383,16,5.921549162305018e-14,0.0003638481074549,-0.0004729800941396,-0.0001305512390626,-0.0001070532027484,-4.6943484197571e-05,-5.7069236999350855e-05,-2.581997378118438e-05,-4.443184726535563e-05,-1.7076086343498348e-05,-3.83252711751506e-05,-1.2279939675040154e-05,-3.433973473629473e-05,-9.004855009312356e-06,-3.115978620098439e-05,-6.851481921926901e-06,-2.912092569989035e-05,-5.3058587160587655e-06,-2.734613599968867e-05,-4.377941679609713e-06,-2.609397964883161e-05,-3.1218844901338155e-06,-2.4515238394223007e-05,-1.525127872750213e-06,-2.252472645407965e-05,-8.788047965868787e-07,-2.180232328134455e-05,-2.5873442021825295e-07,-2.117599258193473e-05,3.366882379880676e-07,-2.0163509989896332e-05,1.0667312328525928e-06,-1.932186613967723e-05
1331.729603973931,83.47817834983316,-48.88796175431665,508.6936165102441,-85.17225005403867,2,1.0,0.0,8.674679556816348e-06,1.4524302101930157e-06,5.909819336655335e-15,4,0.0045364608648729,0.0045033682656082,0.0470676174626048,0.0470347098692872,1.2625615158087338e-05,-2.657407329091764e-05,0.1916939975781434,-0.2196497761175267,modal_baffled,lossless,0.0,343.0,1.225,1.4,1.81e-05,0.0257,1006.0,1,8.674679556816348e-06,8.674679556824516e-06,0.0,0.0,True,dirichlet,exp(+iwt)_rms,51383,16,1.2278240838508768e-14,0.0002682441950268,-0.0005645935512251,-0.0001618367321263,-7.52417314643902e-05,-6.240784091901624e-05,-4.516578098465552e-05,-3.732706389305298e-05,-3.774107333200516e-05,-2.677462238608989e-05,-3.38563652306308e-05,-2.085171046105366e-05,-3.109180218943336e-05,-1.670888180530592e-05,-2.872810874635491e-05,-1.400506773237738e-05,-2.7263240460906615e-05,-1.2001235172135362e-05,-2.5886664281536125e-05,-1.0765729682867129e-05,-2.489285647570228e-05,-9.111417529334914e-06,-2.362656781255976e-05,-6.9944062316592175e-06,-2.1998190259478208e-05,-6.180278545904579e-06,-2.1493221247412947e-05,-5.4171606162896944e-06,-2.104259230588617e-05,-4.577872403832647e-06,-2.0161377421757552e-05,-3.6453876512571178e-06,-1.948281975277209e-05
1378.8270683354704,83.94032652432614,-63.88621470574441,451.4221344636409,-80.77992868824708,2,1.0,0.0,9.73745777489771e-06,1.7424735842774875e-06,6.759659451715191e-15,4,0.0045364608648729,0.0045033682656082,0.0470676174626048,0.0470347098692872,6.11080876973229e-06,-3.057706602022297e-05,0.1352826098081987,-0.2759780758845876,modal_baffled,lossless,0.0,343.0,1.225,1.4,1.81e-05,0.0257,1006.0,1,9.73745777489771e-06,9.737457774897707e-06,0.0,0.0,True,dirichlet,exp(+iwt)_rms,51383,16,1.867650512585029e-13,0.000129830424805,-0.0006496412537668,-0.0001881978627199,-2.8515830052467207e-05,-7.654298519375604e-05,-2.6875911298447656e-05,-4.848039894907767e-05,-2.6771919536995567e-05,-3.652954288354944e-05,-2.6017934085435385e-05,-2.968363563908699e-05,-2.5002779042166957e-05,-2.478651347239351e-05,-2.3837764183580604e-05,-2.1629994853363287e-05,-2.319308100645547e-05,-1.9219301397028127e-05,-2.2403299232878265e-05,-1.7710788943466178e-05,-2.178625530937076e-05,-1.568914548128634e-05,-2.09891787191468e-05,-1.30698694776762e-05,-1.993041071373129e-05,-1.2139791772745914e-05,-1.971321659408705e-05,-1.126674620660913e-05,-1.9497747904710985e-05,-1.0176998832889026e-05,-1.883290941390348e-05,-9.051652792824432e-06,-1.8395956057736945e-05
1427.5901644759124,84.37451840281257,-81.06205253611621,410.5447044008367,-54.3670940400295,2,1.0,0.0,1.0859418552956609e-05,1.438077323516513e-06,1.3566103310629781e-15,4,0.0045364608648729,0.0045033682656082,0.0470676174626048,0.0470347098692872,-2.9100485796377534e-06,-3.284033210070787e-05,0.0501885243300354,-0.3191143075960221,modal_baffled,lossless,0.0,343.0,1.225,1.4,1.81e-05,0.0257,1006.0,1,1.0859418552956609e-05,1.0859418552956715e-05,0.0,0.0,True,dirichlet,exp(+iwt)_rms,51383,16,3.3891812619747274e-14,-6.182697864300827e-05,-0.000697726672203,-0.0001988735203209,3.467734915912814e-05,-8.507180284996714e-05,-9.537725295378598e-07,-5.660655143519611e-05,-1.0327437708371763e-05,-4.435033605679556e-05,-1.3646602504114164e-05,-3.717035229337916e-05,-1.4953216510212374e-05,-3.190104997836174e-05,-1.5423591404242308e-05,-2.856846686864379e-05,-1.586577239572689e-05,-2.593227648817322e-05,-1.5883043106172203e-05,-2.4266217593313167e-05,-1.5781487421668806e-05,-2.201289940274336e-05,-1.564449491423865e-05,-1.904346374660986e-05,-1.5420867662271158e-05,-1.8105666557021977e-05,-1.5555172705164842e-05,-1.7201617266288413e-05,-1.5635740670059605e-05,-1.5905403789005556e-05,-1.530737182509414e-05,-1.4648772047273123e-05,-1.521251382464235e-05
1478.077798522384,84.62838989657769,-100.16307359355729,389.7282350343236,-17.625916783343808,2,1.0,0.0,1.1616302054952792e-05,5.253608923991645e-07,1.1765037947956778e-14,4,0.0045364608648729,0.0045033682656082,0.0470676174626048,0.0470347098692872,-1.358972744112088e-05,-3.1350482235265605e-05,-0.0586896045547558,-0.327393627795655,modal_baffled,lossless,0.0,343.0,1.225,1.4,1.81e-05,0.0257,1006.0,1,1.1616302054952792e-05,1.1616302054952746e-05,0.0,0.0,True,dirichlet,exp(+iwt)_rms,51383,16,2.803137788128847e-13,-0.0002887277532566,-0.0006660732776664,-0.0001804945297906,0.0001055567947899,-8.206468670877724e-05,2.9780710419528763e-05,-5.759006437018763e-05,1.0272432193556643e-05,-4.690774319700154e-05,2.565623821925498e-06,-4.0450089704341815e-05,-1.30730160015047e-06,-3.553921531181228e-05,-3.6466116354785943e-06,-3.2524865854244107e-05,-5.288900641094211e-06,-3.0018452297302987e-05,-6.240111601013882e-06,-2.8419276296240932e-05,-6.734597597494328e-06,-2.621785594221016e-05,-7.382570366928688e-06,-2.325337181110857e-05,-8.19223117595988e-06,-2.247269393321596e-05,-8.67732898146163e-06,-2.166835093970095e-05,-9.070247679429984e-06,-2.0298557844066653e-05,-9.18697310189563e-06,-1.9049720007978484e-05,-9.507440669039296e-06
1530.3509598546548,84.59666309136828,-120.22973109476648,388.8869678693141,20.717697605744338,2,1.0,0.0,1.1632228629918442e-05,-6.196993346316455e-07,4.156738836660868e-14,4,0.0045364608648729,0.0045033682656082,0.0470676174626048,0.0470347098692872,-2.3325933990863506e-05,-2.513763276239512e-05,-0.1668877978734072,-0.2864000018010869,modal_baffled,lossless,0.0,343.0,1.225,1.4,1.81e-05,0.0257,1006.0,1,1.1632228629918442e-05,1.163222862991275e-05,0.0,0.0,True,dirichlet,exp(+iwt)_rms,51383,16,9.582715109216029e-13,-0.0004955834870842,-0.0005340748930486,-0.0001294570463403,0.0001638566326145,-6.492579094111213e-05,5.729435091284037e-05,-4.904196472694313e-05,3.0004763490713827e-05,-4.192255714972037e-05,1.8883449492692675e-05,-3.7350698121406455e-05,1.2925622226142466e-05,-3.3646363767874746e-05,8.988576460850562e-06,-3.149339756252991e-05,6.37277230070343e-06,-2.95376502420519e-05,4.606147723219198e-06,-2.827110272098014e-05,3.5889314282895656e-06,-2.647293267470678e-05,2.2278279153954477e-06,-2.3984040326405707e-05,4.35106735518388e-07,-2.351481923901166e-05,-2.8834434103142325e-07,-2.2944373967124136e-05,-9.213264714449796e-07,-2.170107445371773e-05,-1.4990750708493678e-06,-2.064094131326532e-05,-2.211973664665573e-06
1584.4727947806964,84.30384434588325,-140.03247396511324,406.85152339284735,53.06631085287727,2,1.0,0.0,1.0963645101755048e-05,-1.4300061953770406e-06,3.762811840337429e-15,4,0.0045364608648729,0.0045033682656082,0.0470676174626048,0.0470347098692872,-2.953812430785968e-05,-1.5632422751436226e-05,-0.2457446805808851,-0.2059670338342011,modal_baffled,lossless,0.0,343.0,1.225,1.4,1.81e-05,0.0257,1006.0,1,1.0963645101755048e-05,1.0963645101755175e-05,0.0,0.0,True,dirichlet,exp(+iwt)_rms,51383,16,8.479008991554039e-14,-0.0006275678672566,-0.0003321269185519,-5.980222533043431e-05,0.0001924075199269,-3.839417311601977e-05,7.386291509484669e-05,-3.340375074364323e-05,4.341497484105598e-05,-3.086617581906521e-05,3.084270294603787e-05,-2.882655818411325e-05,2.3874636023334123e-05,-2.6849880388247872e-05,1.906068886016042e-05,-2.5855208965265053e-05,1.5975410975982546e-05,-2.471988993318985e-05,1.3737190340128611e-05,-2.3953036918149536e-05,1.241058814038825e-05,-2.2796858510961035e-05,1.05996605836503e-05,-2.112849533750876e-05,8.140101430173539e-06,-2.102722769810156e-05,7.362552042353477e-06,-2.0754137134028262e-05,6.627450720597962e-06,-1.9807250669212077e-05,5.689098770755804e-06,-1.9067860930158943e-05,4.708343103794102e-06
1640.5086828178248,83.88643191017746,-158.8179196559878,440.54915777312095,70.80375978545773,2,1.0,0.0,1.0038005069394804e-05,-1.6132785345708362e-06,2.3812622637700163e-13,4,0.0045364608648729,0.0045033682656082,0.0470676174626048,0.0470347098692872,-3.168324439548903e-05,-5.332706548328772e-06,-0.2852220171848162,-0.1105277161626599,modal_baffled,lossless,0.0,343.0,1.225,1.4,1.81e-05,0.0257,1006.0,1,1.0038005069394804e-05,1.003800506939383e-05,0.0,0.0,True,dirichlet,exp(+iwt)_rms,51383,16,5.564324086652405e-12,-0.000673143152416,-0.000113298841875,8.796536560254059e-06,0.0001904048694216,-1.033826878350797e-05,7.813315510448483e-05,-1.5714467280062543e-05,4.895719285865981e-05,-1.756109824520453e-05,3.683357694953464e-05,-1.8010167376611325e-05,2.9938693238305228e-05,-1.7789250331169546e-05,2.5007556673299863e-05,-1.7930128330403175e-05,2.1959758442671983e-05,-1.7636473670191495e-05,1.9620931598139707e-05,-1.73901216329513e-05,1.8217502875086745e-05,-1.6917191779484956e-05,1.6256065770235447e-05,-1.6179200778433652e-05,1.3520187129390696e-05,-1.63895629514722e-05,1.2847337045568414e-05,-1.6391742680707887e-05,1.2137504275533288e-05,-1.5823192966036505e-05,1.0992909240084856e-05,-1.5439380900763224e-05,9.888837315207276e-06
1698.526315671559,83.50458637540981,-176.5758299695159,481.3077368580098,64.60002406539772,2,1.0,0.0,9.258495223160248e-06,-1.2426540618896526e-06,1.0944643707946283e-14,4,0.0045364608648729,0.0045033682656082,0.0470676174626048,0.0470347098692872,-3.073961392311508e-05,4.246725571773318e-06,-0.2925974221421742,-0.0175073599719987,modal_baffled,lossless,0.0,343.0,1.225,1.4,1.81e-05,0.0257,1006.0,1,9.258495223160248e-06,9.258495223169308e-06,0.0,0.0,True,dirichlet,exp(+iwt)_rms,51383,16,2.3304665329228056e-13,-0.0006530947513444,9.022605775929352e-05,6.535474920656752e-05,0.0001675037727344,1.4454804371021358e-05,7.345369162629821e-05,6.018570732113161e-07,4.84455184225958e-05,-4.829825290352682e-06,3.802079253576224e-05,-7.359253111200395e-06,3.1929068167058483e-05,-8.651811420160706e-06,2.7417157511747096e-05,-9.72610162160406e-06,2.4745875730163744e-05,-1.0164994959045764e-05,2.256804939338038e-05,-1.0370177172048654e-05,2.1248423664377632e-05,-1.05060677772465e-05,1.935014225234647e-05,-1.0636219604230106e-05,1.6640487658199422e-05,-1.1058925612894494e-05,1.6163491309156107e-05,-1.1273024490132607e-05,1.5557218135707516e-05,-1.1090298688255238e-05,1.4335363301575089e-05,-1.1038885141660424e-05,1.3216542679746144e-05
1758.5957790076325,83.27493198863807,166.20290868097055,511.628200719755,30.83841726342327,2,1.0,0.0,8.834616983687031e-06,-5.325070129484496e-07,2.2812710063649154e-14,4,0.0045364608648729,0.0045033682656082,0.0470676174626048,0.0470347098692872,-2.768337655071341e-05,1.2837769822204065e-05,-0.2777344068474676,0.0682031633880145,modal_baffled,lossless,0.0,343.0,1.225,1.4,1.81e-05,0.0257,1006.0,1,8.834616983687031e-06,8.834616983686735e-06,0.0,0.0,True,dirichlet,exp(+iwt)_rms,51383,16,5.35307948977945e-13,-0.0005881618412639,0.0002727516393283,0.0001078221236602,0.0001328706496785,3.501663414679254e-05,6.332010823769253e-05,1.4632411311439606e-05,4.413575216108571e-05,6.453076064265953e-06,3.612110688988519e-05,2.289285822112201e-06,3.125645561630409e-05,-2.314793614884424e-07,2.7482539137559015e-05,-2.018137919649787e-06,2.5377126271877548e-05,-3.0545866463007035e-06,2.3515790560565268e-05,-3.6323124921261295e-06,2.237276735541334e-05,-4.281538074402532e-06,2.0661470762888003e-05,-5.179510168743988e-06,1.8175121789560663e-05,-5.71239964898207e-06,1.7930290209875648e-05,-6.074219116774465e-06,1.7463609340833493e-05,-6.266551872798414e-06,1.6257657527054645e-05,-6.513812237932731e-06,1.5189345411833343e-05
1820.789637115924,83.26326926235745,148.80539560868826,512.0084319838916,-17.867857251021395,2,1.0,0.0,8.849352104664115e-06,3.088210081960891e-07,2.4362845583772447e-15,4,0.0045364608648729,0.0045033682656082,0.0470676174626048,0.0470347098692872,-2.2787949090279224e-05,2.068085396739818e-05,-0.2448607570670397,0.148261431123553,modal_baffled,lossless,0.0,343.0,1.225,1.4,1.81e-05,0.0257,1006.0,1,8.849352104664115e-06,8.849352104664243e-06,0.0,0.0,True,dirichlet,exp(+iwt)_rms,51383,16,5.5756330370093234e-14,-0.0004841534438913,0.0004393860382635,0.0001374247329511,9.175539930337238e-05,5.207520671002021e-05,4.944602245505312e-05,2.676960001176416e-05,3.727327339966661e-05,1.654355947653259e-05,3.216288129129497e-05,1.1115371615699087e-05,2.881939241806969e-05,7.603326011088612e-06,2.600593967243532e-05,5.291746072115237e-06,2.458513158674046e-05,3.7666045330817017e-06,2.314269643436595e-05,2.8739373750404127e-06,2.2237998233956264e-05,1.7808990264613672e-06,2.0789762570879967e-05,1.9503112393499567e-07,1.8676025588105675e-05,-3.580437010129372e-07,1.866624709165096e-05,-8.161438539433036e-07,1.8351813405931007e-05,-1.381671816389838e-06,1.7246175974658728e-05,-1.9112359679856856e-06,1.6270908635225178e-05
1885.1830205685649,83.49327960666531,130.39567516563164,479.0286588584895,-55.19022440253025,2,1.0,0.0,9.346064615039712e-06,1.0767861042254795e-06,5.375171294817538e-14,4,0.0045364608648729,0.0045033682656082,0.0470676174626048,0.0470347098692872,-1.5565796714934976e-05,2.7827498339694776e-05,-0.1909709201545353,0.2244243916655701,modal_baffled,lossless,0.0,343.0,1.225,1.4,1.81e-05,0.0257,1006.0,1,9.346064615039712e-06,9.346064615056829e-06,0.0,0.0,True,dirichlet,exp(+iwt)_rms,51383,16,9.132760977830753e-13,-0.0003307113797995,0.0005912238570776,0.0001553806259105,4.697945082805216e-05,6.640128092218574e-05,3.1749209031446e-05,3.766407648055991e-05,2.7920666593987603e-05,2.603782948816558e-05,2.624461925693175e-05,1.967331597067969e-05,2.4735874808542276e-05,1.5370942400791054e-05,2.3115974853949103e-05,1.269780592685697e-05,2.2489661345937986e-05,1.0767450565514793e-05,2.157139725533191e-05,9.593879427427974e-06,2.0976347812729874e-05,8.088216185100142e-06,1.9867397066636337e-05,5.871913722822062e-06,1.828987006648783e-05,5.378491961131626e-06,1.849558248374151e-05,4.861477723348979e-06,1.8338012031777643e-05,3.916323132579727e-06,1.7443659591265004e-05,3.094671383253105e-06,1.661148259971412e-05
1951.853716978153,83.94108615925441,109.96118266766744,430.26892031034174,-61.66755712446592,2,1.0,0.0,1.0331098308827428e-05,1.480686996073455e-06,4.188264738303369e-15,4,0.0045364608648729,0.0045033682656082,0.0470676174626048,0.0470347098692872,-4.9328821847816e-06,3.341908526099728e-05,-0.1061570332253499,0.2922800190178468,modal_baffled,lossless,0.0,343.0,1.225,1.4,1.81e-05,0.0257,1006.0,1,1.0331098308827428e-05,1.0331098308827484e-05,0.0,0.0,True,dirichlet,exp(+iwt)_rms,51383,16,6.336417578534296e-14,-0.0001048041615597,0.0007100228790537,0.0001630748960691,7.654989067681858e-07,7.768974426980671e-05,8.525947239566658e-06,4.752455270863747e-05,1.4893056743516867e-05,3.533587791041818e-05,1.7366374905234196e-05,2.845122592586858e-05,1.8127586864235062e-05,2.360584626025645e-05,1.8026655319914225e-05,2.0751966760468644e-05,1.8336759924846982e-05,1.8507760211667963e-05,1.809829736947156e-05,1.708957604539936e-05,1.79381504603052e-05,1.5174634491378089e-05,1.7301633257649558e-05,1.2405520926687692e-05,1.6497047041657707e-05,1.2038150416914524e-05,1.6875937258588225e-05,1.1486861092421132e-05,1.688407790674295e-05,1.0186352797554266e-05,1.6379041178079196e-05,9.042136362896854e-06,1.5787308157124536e-05
2020.8822649656736,84.47829360028672,86.30313809456231,388.9065767499431,-35.16218645979939,2,1.0,0.0,1.15700749650807e-05,1.0460844778606178e-06,1.959513720836965e-15,4,0.0045364608648729,0.0045033682656082,0.0470676174626048,0.0470347098692872,9.848369501588484e-06,3.4508840493263484e-05,0.0213343545536486,0.3301913182277276,modal_baffled,lossless,0.0,343.0,1.225,1.4,1.81e-05,0.0257,1006.0,1,1.15700749650807e-05,1.157007496508081e-05,0.0,0.0,True,dirichlet,exp(+iwt)_rms,51383,16,3.4779725999600354e-14,0.0002092387512372,0.0007331758511184,0.0001642825420884,-4.704434186425226e-05,8.235263593354553e-05,-2.318494567195841e-05,5.459703520959421e-05,-4.435931279198186e-06,4.337484207016746e-05,3.024037227015628e-06,3.676584191639101e-05,6.614680755745584e-06,3.187093341058805e-05,8.476986831221082e-06,2.912708019530032e-05,9.91606643252923e-06,2.676629411642287e-05,1.059845567952248e-05,2.523676755514288e-05,1.109052793592596e-05,2.296463248913789e-05,1.1202886374069288e-05,1.986399217588807e-05,1.1516776922526994e-05,1.9660122766866204e-05,1.2013217098076244e-05,1.9096992164606415e-05,1.2223129674501917e-05,1.761037386456142e-05,1.2356070186034366e-05,1.614675388397663e-05,1.2212609685006997e-05
2092.352051451661,84.75383298915987,58.97524228318253,375.0107557406346,15.330682800327924,2,1.0,0.0,1.2076699100060188e-05,-4.937032880893635e-07,9.147113819885168e-15,4,0.0045364608648729,0.0045033682656082,0.0470676174626048,0.0470347098692872,2.529981555191046e-05,2.613556581027908e-05,0.1751201477168666,0.2911638107993187,modal_baffled,lossless,0.0,343.0,1.225,1.4,1.81e-05,0.0257,1006.0,1,1.2076699100060188e-05,1.2076699100058404e-05,0.0,0.0,True,dirichlet,exp(+iwt)_rms,51383,16,1.5023867188990517e-13,0.0005375206334166,0.000555277008254,0.0001594629050444,-0.00010783831603,6.971768954714438e-05,-6.233654202821485e-05,5.1598577385817634e-05,-3.126025160395776e-05,4.417407630862687e-05,-1.8799569236568764e-05,3.9442050322207765e-05,-1.2195430768626423e-05,3.5569898860043415e-05,-8.111403580202244e-06,3.351595271636063e-05,-5.425761335318632e-06,3.154726070511337e-05,-3.618909716661028e-06,3.0341556861964645e-05,-2.294431201122307e-06,2.8092857396946526e-05,-1.0277664394763108e-06,2.5256532159057323e-05,6.995584203858708e-07,2.5236190160155174e-05,1.2897016025597778e-06,2.474692466028384e-05,1.7807423181948296e-06,2.3535832295172995e-05,2.659226193873329e-06,2.198824525025468e-05,3.273475663141766e-06
2166.3494123881283,84.38860818870833,31.101632474907397,408.21943404798617,66.4212829276684,2,1.0,0.0,1.0826182476433263e-05,-1.7615254672299867e-06,5.813533932376943e-14,4,0.0045364608648729,0.0045033682656082,0.0470676174626048,0.0470347098692872,3.1817410556777333e-05,1.016731642542196e-05,0.2750760441822222,0.1659471683412889,modal_baffled,lossless,0.0,343.0,1.225,1.4,1.81e-05,0.0257,1006.0,1,1.0826182476433263e-05,1.0826182476425286e-05,0.0,0.0,True,dirichlet,exp(+iwt)_rms,51383,16,9.678197058977772e-13,0.0006759936506677,0.0002160151070637,0.0001187824740878,-0.0001904657015484,3.191113602310911e-05,-9.115034687131308e-05,3.0207986175974786e-05,-5.4797358487789296e-05,2.9375571077795437e-05,-3.998414458777827e-05,2.8280888457376375e-05,-3.17319163758435e-05,2.6749734781394652e-05,-2.620567984869671e-05,2.616140709220129e-05,-2.268996845592673e-05,2.5309344365249977e-05,-2.0084349679911013e-05,2.502973595936634e-05,-1.8271098629275857e-05,2.367825719175841e-05,-1.58935031817943e-05,2.1941432344467135e-05,-1.3048030278781792e-05,2.2204373965878476e-05,-1.2378756658327314e-05,2.2021409985377324e-05,-1.1620950499375842e-05,2.150254675934965e-05,-1.0424358566131436e-05,2.0452394468656165e-05,-9.039771266260186e-06
2242.963737052934,83.76570616609933,7.318446704371095,479.9672239242096,63.253359711871234,2,1.0,0.0,9.290254529319744e-06,-1.2243332091582475e-06,8.525082415293599e-15,4,0.0045364608648729,0.0045033682656082,0.0470676174626048,0.0470347098692872,2.94345125083252e-05,-2.560897820978153e-06,0.2915484294098289,0.0374436251689136,modal_baffled,lossless,0.0,343.0,1.225,1.4,1.81e-05,0.0257,1006.0,1,9.290254529319744e-06,9.290254529318375e-06,0.0,0.0,True,dirichlet,exp(+iwt)_rms,51383,16,1.2229631548220526e-13,0.0006253665278832,-5.440891124376079e-05,1.386774920732763e-05,-0.0002487980723596,-1.3906130657765034e-05,-9.354973722700016e-05,-1.9555356225376597e-07,-6.10281580944932e-05,5.50659272481781e-06,-4.755290949715718e-05,8.201603186468965e-06,-3.982184456235812e-05,9.290199043772003e-06,-3.431501240563487e-05,1.0432767030350143e-05,-3.088786000669072e-05,1.0910071706208188e-05,-2.8269685024288453e-05,1.157657118510497e-05,-2.66815731630706e-05,1.1618212142749673e-05,-2.400256038738709e-05,1.1278601462102966e-05,-2.078666744036749e-05,1.196567270138752e-05,-2.0249202797411136e-05,1.2248543738569612e-05,-1.9483698026479103e-05,1.220917960050834e-05,-1.842099508403548e-05,1.2000572415181476e-05,-1.6773206110673535e-05
2322.2875760325924,83.56208802491264,-13.999908631097744,504.4258954118964,-4.973160789363911,2,1.0,0.0,8.992440715159394e-06,8.865693449142376e-08,4.1828121357924165e-15,4,0.0045364608648729,0.0045033682656082,0.0470676174626048,0.0470347098692872,2.579190868803989e-05,-1.1576467897470544e-05,0.2764758020129389,-0.0689326912499927,modal_baffled,lossless,0.0,343.0,1.225,1.4,1.81e-05,0.0257,1006.0,1,8.992440715159394e-06,8.992440715161018e-06,0.0,0.0,True,dirichlet,exp(+iwt)_rms,51383,16,6.694146367555013e-14,0.0005479756588174,-0.000245953981135,-0.0001191929129685,-0.0002332395058681,-5.24178225649253e-05,-7.697980118253814e-05,-2.717662221568881e-05,-5.280256645113748e-05,-1.631921288156132e-05,-4.290932923165976e-05,-1.0594842074956944e-05,-3.707747706490581e-05,-7.281856381628164e-06,-3.259927160003035e-05,-4.665805437367251e-06,-3.0050312509077632e-05,-3.1057539113702844e-06,-2.7974754221827337e-05,-1.870114161683259e-06,-2.694997232230057e-05,-6.165733048654587e-07,-2.470768483702578e-05,3.751092841854159e-07,-2.165170291913671e-05,1.3777885592960516e-06,-2.155670747640157e-05,2.042104889191452e-06,-2.1073595449574413e-05,2.233311377722853e-06,-2.010095962694065e-05,2.7644108336740065e-06,-1.8628098291615338e-05
2404.416753023976,83.79174552204618,-37.075061825928685,462.8831394338288,-47.12000697517902,2,1.0,0.0,9.699928943011972e-06,9.874214040557074e-07,5.628739311407403e-15,4,0.0045364608648729,0.0045033682656082,0.0470676174626048,0.0470347098692872,2.060398938833281e-05,-2.097500572813766e-05,0.2343684006955242,-0.1770911249287846,modal_baffled,lossless,0.0,343.0,1.225,1.4,1.81e-05,0.0257,1006.0,1,9.699928943011972e-06,9.699928943011907e-06,0.0,0.0,True,dirichlet,exp(+iwt)_rms,51383,16,8.86748360323735e-14,0.0004377529711314,-0.0004456355953177,-0.0002251960937321,-0.0001404238033738,-8.18903460723284e-05,-4.743053150578583e-05,-4.801116852569604e-05,-3.485435139865923e-05,-3.3448819338557134e-05,-3.0387711837983597e-05,-2.552883450163588e-05,-2.7537880277000504e-05,-2.0481005880688832e-05,-2.49040439407147e-05,-1.6893258295013174e-05,-2.3843153816014096e-05,-1.455976123506747e-05,-2.268611381256287e-05,-1.3039990288432531e-05,-2.230160636414629e-05,-1.0951819572752814e-05,-2.092865614018041e-05,-8.697732449394139e-06,-1.8521911846013855e-05,-7.711522074697561e-06,-1.904482003268398e-05,-6.892565944595241e-06,-1.901513904834326e-05,-6.376077305654396e-06,-1.8034239158982468e-05,-5.2976615740561336e-06,-1.698151204889377e-05
2489.45048058993,84.15417412132784,-63.62979563339673,418.2429422110289,-40.56556421745419,2,1.0,0.0,1.0745389771921573e-05,1.042200010668741e-06,6.5612684477210665e-15,4,0.0045364608648729,0.0045033682656082,0.0470676174626048,0.0470347098692872,1.0158166541471872e-05,-2.975826071697532e-05,0.1373937066957312,-0.2771396072751739,modal_baffled,lossless,0.0,343.0,1.225,1.4,1.81e-05,0.0257,1006.0,1,1.0745389771921573e-05,1.0745389771921964e-05,0.0,0.0,True,dirichlet,exp(+iwt)_rms,51383,16,8.942069815403731e-14,0.0002158207083573,-0.0006322448919497,-0.0002584244986191,-1.5094262987134002e-06,-9.868797626784792e-05,-5.306662875869777e-06,-6.0023916561924215e-05,-8.424397339575038e-06,-4.413623868500317e-05,-1.123154445255239e-05,-3.536994172527043e-05,-1.2419914257204923e-05,-2.9453365486265456e-05,-1.2450077754708382e-05,-2.568985411518748e-05,-1.3290668760308195e-05,-2.302608887565668e-05,-1.3378692776373172e-05,-2.143424385750286e-05,-1.370230058220803e-05,-1.897620641394313e-05,-1.346947822568949e-05,-1.5751414704337502e-05,-1.2334658470800147e-05,-1.5183231803222235e-05,-1.3387431169068682e-05,-1.4502971406621204e-05,-1.3827121637320193e-05,-1.3457123180011837e-05,-1.3024655801315683e-05,-1.205088098640292e-05,-1.2571580002119177e-05
2577.4914800086776,84.3733272379369,-93.4785146441984,396.755051699916,-9.730985050224287,2,1.0,0.0,1.1427034380907242e-05,2.80264360220699e-07,1.079644211560016e-14,4,0.0045364608648729,0.0045033682656082,0.0470676174626048,0.0470347098692872,-6.1347010943164895e-06,-3.245502207941948e-05,-0.0194561617644986,-0.3200751208826984,modal_baffled,lossless,0.0,343.0,1.225,1.4,1.81e-05,0.0257,1006.0,1,1.1427034380907242e-05,1.1427034380908586e-05,0.0,0.0,True,dirichlet,exp(+iwt)_rms,51383,16,1.407401529349373e-13,-0.0001303380418435,-0.0006895403640348,-0.0002048948055805,0.0001214455067759,-9.41987858798989e-05,4.6021349687083935e-05,-5.799004690481432e-05,2.324632999506637e-05,-4.468441228778413e-05,1.2355382979291996e-05,-3.72701507143638e-05,6.685086010494392e-06,-3.197294050935182e-05,3.584280368021774e-06,-2.9081048995924517e-05,8.881212429824429e-07,-2.6767752579826372e-05,-5.708411302804542e-07,-2.539879977401694e-05,-1.69940934088556e-06,-2.314469020753334e-05,-2.676518074988648e-06,-1.971424939344828e-05,-3.3070103263076803e-06,-1.981653152825677e-05,-4.5345458561156105e-06,-1.9534855885414455e-05,-5.2634660798080135e-06,-1.8013056084021106e-05,-5.110914456347232e-06,-1.657961883831785e-05,-5.350974006807158e-06
2668.646105361783,84.26595056825347,-125.27037988289024,404.5955990098344,26.140165138838125,2,1.0,0.0,1.1165725599293148e-05,-7.213966532873251e-07,4.0774467883568974e-14,4,0.0045364608648729,0.0045033682656082,0.0470676174626048,0.0470347098692872,-2.235579805132745e-05,-2.435088821472793e-05,-0.1840366225373423,-0.2602093737213535,modal_baffled,lossless,0.0,343.0,1.225,1.4,1.81e-05,0.0257,1006.0,1,1.1165725599293148e-05,1.1165725599291908e-05,0.0,0.0,True,dirichlet,exp(+iwt)_rms,51383,16,5.620138128399548e-13,-0.0004749719500692,-0.0005173596949978,-0.000113058617798,0.0001769337330856,-5.9520448364599374e-05,9.4044818253375e-05,-3.8060172548333096e-05,5.152775855618979e-05,-3.2064860509746904e-05,3.436575371399809e-05,-2.859465423721138e-05,2.526793265021177e-05,-2.5687487076769895e-05,1.9741528369449623e-05,-2.4581893952526086e-05,1.587962027903178e-05,-2.338611199108672e-05,1.3382885871612452e-05,-2.2758513233675355e-05,1.1497263509743064e-05,-2.12850554166042e-05,9.53553017470146e-06,-1.8710035943203907e-05,7.270182975980815e-06,-1.942027547913073e-05,6.261550332532256e-06,-1.959466106080293e-05,5.556649073248562e-06,-1.8181386203395616e-05,4.701554628882861e-06,-1.7046966629678094e-05,3.838795563209756e-06
2763.024472010524,83.88193335875977,-156.55206030724514,443.1734422857074,42.007421439788295,2,1.0,0.0,1.0145158862481948e-05,-9.616369647780826e-07,1.1181905186468751e-14,4,0.0045364608648729,0.0045033682656082,0.0470676174626048,0.0470347098692872,-3.0153360056127536e-05,-8.692023971525192e-06,-0.2780311226498839,-0.1205911037457363,modal_baffled,lossless,0.0,343.0,1.225,1.4,1.81e-05,0.0257,1006.0,1,1.0145158862481948e-05,1.014515886248049e-05,0.0,0.0,True,dirichlet,exp(+iwt)_rms,51383,16,1.510771520688218e-13,-0.0006406391842562,-0.0001846709997256,-4.316581634056481e-05,0.0001954041423178,3.434331917645546e-06,0.0001160275032423,-3.813030520320534e-06,6.457936888919666e-05,-8.31204839846675e-06,4.6285423279342e-05,-1.0393718003421831e-05,3.656118651898831e-05,-1.09359614184561e-05,3.0372395676245444e-05,-1.2010316818951172e-05,2.6445310612241743e-05,-1.2365693532901248e-05,2.3730050341856607e-05,-1.3036093015937644e-05,2.1645009730998105e-05,-1.2766438704083634e-05,1.919413511502035e-05,-1.170889035398993e-05,1.609897835591953e-05,-1.285328839007588e-05,1.5493778087437077e-05,-1.3338305784331068e-05,1.5034883795066342e-05,-1.2779510009196544e-05,1.3532741084829147e-05,-1.2175096674040915e-05,1.22534007010188e-05
2860.7405896159744,83.6355401695094,174.4361507125334,476.5471035630104,7.408920499569152,2,1.0,0.0,9.51713813585254e-06,-1.479637989712931e-07,8.487149043844679e-15,4,0.0045364608648729,0.0045033682656082,0.0470676174626048,0.0470347098692872,-2.897241874549523e-05,6.456298389561473e-06,-0.2872589511618876,0.027983009491209,modal_baffled,lossless,0.0,343.0,1.225,1.4,1.81e-05,0.0257,1006.0,1,9.51713813585254e-06,9.517138135852902e-06,0.0,0.0,True,dirichlet,exp(+iwt)_rms,51383,16,1.0455324286317745e-13,-0.0006155488700594,0.0001371707075398,4.249597293986626e-05,0.000223877562537,7.103888359089906e-05,9.343747349400164e-05,3.255445441496388e-05,5.555948806152989e-05,1.842517176784836e-05,4.270729158539964e-05,1.1280326756908176e-05,3.5699648210543535e-05,7.592531147535802e-06,3.084122767446654e-05,4.49803407048319e-06,2.8024229676493225e-05,2.746636752170257e-06,2.598462321627798e-05,8.570381526858592e-07,2.471859132164717e-05,-2.247048064424129e-07,2.246068120829876e-05,-7.35211404234756e-07,1.932306189427477e-05,-2.234315518062625e-06,1.935142216300732e-05,-2.865005912553714e-06,1.919523923640228e-05,-3.23923865495038e-06,1.7836328375517296e-05,-3.315151126598564e-06,1.6386143009065204e-05
2961.9124998633674,83.81941539909262,145.5481494434581,452.57322405770736,-31.954316597751376,2,1.0,0.0,9.97398366834626e-06,7.042215821378318e-07,2.8140249572006384e-14,4,0.0045364608648729,0.0045033682656082,0.0470676174626048,0.0470347098692872,-2.263563580161495e-05,1.941856603397528e-05,-0.2391194904132466,0.1640465765398782,modal_baffled,lossless,0.0,343.0,1.225,1.4,1.81e-05,0.0257,1006.0,1,9.97398366834626e-06,9.973983668346615e-06,0.0,0.0,True,dirichlet,exp(+iwt)_rms,51383,16,3.6656290857586514e-13,-0.0004809173912318,0.0004125674313003,0.0001832593086579,0.0001905493638117,0.0001102316665786,3.3180456921140434e-05,5.7462314334066446e-05,2.7388863315696606e-05,3.855568605900773e-05,2.4668760907274687e-05,2.8721302089461812e-05,2.280298334152781e-05,2.303373917990941e-05,2.0715616297486617e-05,1.8751623878077533e-05,2.008448502792904e-05,1.6211786476345066e-05,1.9349015283042773e-05,1.3978863382100494e-05,1.9533744784925902e-05,1.180156111260379e-05,1.824780096073888e-05,9.789690499459948e-06,1.567949816937199e-05,8.36560875935566e-06,1.672185551188532e-05,7.716318112402074e-06,1.694187296249726e-05,6.875126991014073e-06,1.6058439295210442e-05,6.010404154539714e-06,1.4802804238290611e-05
3066.662419057204,84.13520865964674,113.45879316689764,416.0471673032816,-25.379771152774428,2,1.0,0.0,1.0863292547226884e-05,6.626841869909389e-07,2.756391025841605e-13,4,0.0045364608648729,0.0045033682656082,0.0470676174626048,0.0470347098692872,-9.609975671544937e-06,2.978939077412918e-05,-0.1199694791157341,0.2764544593405868,modal_baffled,lossless,0.0,343.0,1.225,1.4,1.81e-05,0.0257,1006.0,1,1.0863292547226884e-05,1.0863292547226687e-05,0.0,0.0,True,dirichlet,exp(+iwt)_rms,51383,16,3.3502761438633792e-12,-0.0002041738288363,0.0006329062820695,0.0002754555588505,3.783548825330743e-05,0.0001045905716438,-3.580398064740949e-05,6.196431191948618e-05,-9.844627998160692e-06,4.486903279637782e-05,-1.5361956731838994e-06,3.567449009394816e-05,2.4441508289905023e-06,2.9773022220785925e-05,3.878054490678361e-06,2.5870284037800544e-05,5.892376967833817e-06,2.3370427411952884e-05,6.696321725892619e-06,2.1754610790022698e-05,8.113812571422717e-06,1.9253532442681785e-05,8.316971307809722e-06,1.604438622547996e-05,7.179005504226295e-06,1.5563936133025925e-05,9.055149788742256e-06,1.5145312298196656e-05,9.661630029317577e-06,1.400913223612962e-05,9.223643244542542e-06,1.2556409614984612e-05,8.646706438452312e-06
3175.1168857593243,84.23432804605517,77.99790250402971,404.75643743491946,3.698981418384243,2,1.0,0.0,1.1206942258939072e-05,-1.0241781807209967e-07,1.3095902744348824e-14,4,0.0045364608648729,0.0045033682656082,0.0470676174626048,0.0470347098692872,9.775475213798702e-06,3.092379898342195e-05,0.0641753631138677,0.301867006268915,modal_baffled,lossless,0.0,343.0,1.225,1.4,1.81e-05,0.0257,1006.0,1,1.1206942258939072e-05,1.1206942258939228e-05,0.0,0.0,True,dirichlet,exp(+iwt)_rms,51383,16,1.5357840735588742e-13,0.0002076900370316,0.0006570079526118,0.0002279424505078,-0.0001301679902288,6.250400163308105e-05,-8.54433538697794e-05,4.486642465876918e-05,-4.291556755149702e-05,3.5329279462055995e-05,-2.639670076201897e-05,3.000777916084437e-05,-1.7822772847264213e-05,2.5975646140539532e-05,-1.3275663478637356e-05,2.4029341229556906e-05,-9.37604349766006e-06,2.2472819919205475e-05,-7.26661192344833e-06,2.192380799621508e-05,-5.257708147901295e-06,2.0017034966754107e-05,-3.704921052959115e-06,1.6712121232401117e-05,-2.746755697446391e-06,1.7577222903725003e-05,-9.64403641544771e-07,1.7638419043123022e-05,-2.3123432272956787e-07,1.6282247123963096e-05,-6.498925855907488e-09,1.4751094241913806e-05,3.5445678832140174e-07
3287.406913648273,83.997990012237,40.82599897381077,423.4838264001724,30.203583874328512,2,1.0,0.0,1.0658026057523667e-05,-7.601484729643594e-07,3.639655812196207e-14,4,0.0045364608648729,0.0045033682656082,0.0470676174626048,0.0470347098692872,2.6373834154116677e-05,1.8353613095274238e-05,0.2298617012087143,0.1985933873237328,modal_baffled,lossless,0.0,343.0,1.225,1.4,1.81e-05,0.0257,1006.0,1,1.0658026057523667e-05,1.0658026057524176e-05,0.0,0.0,True,dirichlet,exp(+iwt)_rms,51383,16,4.1992110708360643e-13,0.0005603392645712,0.0003899414095021,0.0001161188662476,-0.0002075966802317,2.129920563672585e-06,-0.0001027024816801,1.191153850480501e-05,-6.118593409189844e-05,1.3589563973673936e-05,-4.173016308768569e-05,1.4285156125087987e-05,-3.1517309683376785e-05,1.3735131366324333e-05,-2.5469925278387315e-05,1.4384495389673502e-05,-2.1227405240269955e-05,1.4357394755889149e-05,-1.8595414064192697e-05,1.5058284375513017e-05,-1.6537267616495934e-05,1.4401660579930938e-05,-1.420986530584337e-05,1.234086353849842e-05,-1.1602783015659784e-05,1.3986702490562308e-05,-1.073763807961778e-05,1.4468772983666476e-05,-1.0216034902110075e-05,1.3514695914061769e-05,-9.102858636496798e-06,1.2487993958119294e-05,-7.952175555597689e-06
3403.6681497846544,83.66011102253451,4.514502620487182,463.7209904747612,20.911163799365852,2,1.0,0.0,9.762885037549096e-06,-4.402502633438127e-07,1.4025379633697416e-14,4,0.0045364608648729,0.0045033682656082,0.0470676174626048,0.0470347098692872,3.0336502314116e-05,-1.1230389941877936e-06,0.2877249745620813,0.0227177276598054,modal_baffled,lossless,0.0,343.0,1.225,1.4,1.81e-05,0.0257,1006.0,1,9.762885037549096e-06,9.76288503754692e-06,0.0,0.0,True,dirichlet,exp(+iwt)_rms,51383,16,1.4949704941390894e-13,0.0006445302301145,-2.3860119860115e-05,1.4772617342379125e-05,-0.0002525390578565,-5.650189926607083e-05,-8.139659007169745e-05,-2.720373331450627e-05,-5.72027922722731e-05,-1.3796184134172754e-05,-4.218893195617964e-05,-6.993968768965015e-06,-3.436144649838416e-05,-3.835815785713969e-06,-2.926556996003092e-05,-8.68434619560155e-07,-2.611104437950144e-05,6.918482224899841e-07,-2.399940498777192e-05,2.653926402726421e-06,-2.271693946160121e-05,3.49244791517474e-06,-2.038474670846791e-05,3.1931025430964465e-06,-1.7256454012518555e-05,5.014650146184478e-06,-1.7351167575815187e-05,5.669466349063615e-06,-1.7167522314612405e-05,5.718504349843791e-06,-1.579135587419392e-05,5.543463604642528e-06,-1.4253950573581338e-05
3524.0410384736497,85.38896755250407,-29.632734453931537,457.49083136197385,-28.472100325460357,2,1.0,0.0,9.877701484432296e-06,6.147421726735862e-07,2.1660082522500036e-14,4,0.0045364608648729,0.0045033682656082,0.0470676174626048,0.0470347098692872,2.358787663653239e-05,-1.7297662095698038e-05,0.2458606919162809,-0.1398541687986137,modal_baffled,lossless,0.0,343.0,1.225,1.4,1.81e-05,0.0257,1006.0,1,9.877701484432296e-06,9.877701484432442e-06,0.0,0.0,True,dirichlet,exp(+iwt)_rms,51383,16,2.3826977042627325e-13,0.000501148728322,-0.0003675066431701,-0.0001712770255287,-0.00025982145795,-8.613797043253859e-05,-3.387979415103475e-05,-5.759740736350133e-05,-2.9764319933223867e-05,-3.755753166648347e-05,-2.6036681982302485e-05,-2.73649200377362e-05,-2.3902166466785847e-05,-2.2101288229165125e-05,-2.1796358446134705e-05,-1.75140300670168e-05,-2.0885444882798065e-05,-1.4645264217578271e-05,-1.9930490964899057e-05,-1.2429087797787863e-05,-2.034396916393576e-05,-1.0338257119336274e-05,-1.9022950057896156e-05,-8.789529738859696e-06,-1.6002181554182163e-05,-7.040630444855626e-06,-1.7182988801227796e-05,-6.293440309006727e-06,-1.739858952653506e-05,-5.504663731772976e-06,-1.6410477948389152e-05,-4.337694426226521e-06,-1.4855987990837364e-05
3648.6709909225856,84.23486789548762,-67.10497540451134,411.2322830859824,-22.46536174814793,2,1.0,0.0,1.0998559364326712e-05,6.008444010618144e-07,1.1981754799916781e-14,4,0.0045364608648729,0.0045033682656082,0.0470676174626048,0.0470347098692872,8.906198289002699e-06,-2.913038583998604e-05,0.1156969916912537,-0.2739595044485098,modal_baffled,lossless,0.0,343.0,1.225,1.4,1.81e-05,0.0257,1006.0,1,1.0998559364326712e-05,1.0998559364327446e-05,0.0,0.0,True,dirichlet,exp(+iwt)_rms,51383,16,1.1375770864310457e-13,0.0001892213536425,-0.0006189050436455,-0.0003331037277906,-5.455579207004685e-05,-9.60712504914012e-05,1.1083810895024033e-05,-6.739661250810273e-05,1.3295467662323005e-05,-4.84113313747092e-05,3.750397248944797e-06,-3.861657280122294e-05,-8.748187271893995e-07,-3.2580003527911615e-05,-2.507619892426713e-06,-2.823206729064422e-05,-4.831286822603192e-06,-2.558303541699441e-05,-5.868582289744952e-06,-2.39401950120779e-05,-7.516879058033125e-06,-2.135271946557345e-05,-8.015546190681495e-06,-1.8064852872162435e-05,-6.356723407215248e-06,-1.7451408216210742e-05,-8.57903645533464e-06,-1.6876075171259583e-05,-9.4342653984382e-06,-1.5758229437131007e-05,-8.77622450618167e-06,-1.4287286384321194e-05,-8.362391515454953e-06
3678.972847276086,84.33812997590032,-76.92137141305578,405.560733630622,-13.39652226014985,2,1.0,0.0,1.1173459516398991e-05,3.690828197156122e-07,1.798049258680873e-14,4,0.0045364608648729,0.0045033682656082,0.0470676174626048,0.0470347098692872,3.934234789415977e-06,-3.0535630996598815e-05,0.0680676563092541,-0.2929983567035748,modal_baffled,lossless,0.0,343.0,1.225,1.4,1.81e-05,0.0257,1006.0,1,1.1173459516398991e-05,1.117345951640064e-05,0.0,0.0,True,dirichlet,exp(+iwt)_rms,51383,16,1.6187058914053165e-13,8.358686930651887e-05,-0.0006487609240229,-0.0003333917032168,1.244732130921156e-05,-9.86554742213001e-05,2.391144646286281e-05,-6.553835804322013e-05,2.483389629946829e-05,-4.796973747615298e-05,1.2169516955838256e-05,-3.887638153264508e-05,5.953077514309098e-06,-3.303366995224582e-05,3.317906909635096e-06,-2.9122472101987288e-05,2.054983956146311e-07,-2.662320573545248e-05,-1.2779787837116988e-06,-2.5191396263717098e-05,-3.1681313778035145e-06,-2.2701906204859906e-05,-4.082228961381925e-06,-1.9138051773473057e-05,-3.041985432717854e-06,-1.8914059817168544e-05,-5.358403139752321e-06,-1.847604962234912e-05,-6.3450777183052845e-06,-1.721919405811308e-05,-5.86648120340906e-06,-1.5727538547155415e-05,-5.661276399961975e-06
3709.526357588181,84.33585182167545,-87.03707539394134,402.9727378456856,-3.229155594836531,2,1.0,0.0,1.1256765421942656e-05,9.020423375625063e-08,4.6807493956373986e-14,4,0.0045364608648729,0.0045033682656082,0.0470676174626048,0.0470347098692872,-1.426271132293148e-06,-3.0978319517683586e-05,0.0156708407057471,-0.3027658960663674,modal_baffled,lossless,0.0,343.0,1.225,1.4,1.81e-05,0.0257,1006.0,1,1.1256765421942656e-05,1.1256765421941964e-05,0.0,0.0,True,dirichlet,exp(+iwt)_rms,51383,16,4.589493544315195e-13,-3.030259888183884e-05,-0.0006581662975037,-0.0003174982881391,7.474730359956521e-05,-0.000100432777662,3.955360316364748e-05,-6.164375230234055e-05,3.651228081673559e-05,-4.600922757200191e-05,2.082631495728239e-05,-3.787205736033726e-05,1.304201811152226e-05,-3.244571342592454e-05,9.353096980336285e-06,-2.904718907695589e-05,5.563294070686689e-06,-2.681015359874557e-05,3.6124355219221024e-06,-2.564206043789936e-05,1.5104932158840771e-06,-2.3371167513213008e-05,1.63614683948012e-07,-1.9597833573725957e-05,5.344492227832848e-07,-1.976283494794045e-05,-1.8077880400183648e-06,-1.9550294787264624e-05,-2.913965661379509e-06,-1.81042951735024e-05,-2.628233198837085e-06,-1.6644629925824215e-05,-2.696877470185117e-06
3740.333611820424,84.3286149525618,-97.38064101976578,403.6994556265756,7.2225635385124995,2,1.0,0.0,1.1233627416565634e-05,-2.0098017634973534e-07,2.5223935835770623e-14,4,0.0045364608648729,0.0045033682656082,0.0470676174626048,0.0470347098692872,-6.915441340957978e-06,-3.030097298889494e-05,-0.0390605825363946,-0.3015475046285039,modal_baffled,lossless,0.0,343.0,1.225,1.4,1.81e-05,0.0257,1006.0,1,1.1233627416565634e-05,1.123362741656643e-05,0.0,0.0,True,dirichlet,exp(+iwt)_rms,51383,16,2.38209540919517e-13,-0.0001469256723362,-0.0006437753730145,-0.000289180232222,0.0001276402094275,-9.973074678501812e-05,5.855078518081828e-05,-5.5400515540644624e-05,4.794875794389629e-05,-4.230143914578796e-05,2.939279794926494e-05,-3.543405718484091e-05,2.01303325990392e-05,-3.06507252392336e-05,1.5436486946408972e-05,-2.792294738108924e-05,1.1049187740637388e-05,-2.603566473008536e-05,8.661377638537324e-06,-2.5148802296857554e-05,6.337079257571644e-06,-2.316156688782272e-05,4.6184609793206375e-06,-1.936279031622609e-05,4.269411927966191e-06,-1.9904938102316417e-05,1.970010510375108e-06,-1.994030847519596e-05,8.044052512524173e-07,-1.8366551724178364e-05,8.051878966956155e-07,-1.6987997392606563e-05,5.140756183847405e-07
3771.396717291301,84.28361662176103,-107.8465417318688,407.7711354829139,17.00996814755815,2,1.0,0.0,1.110569211647859e-05,-4.63268369729431e-07,1.8792061147398902e-14,4,0.0045364608648729,0.0045033682656082,0.0470676174626048,0.0470347098692872,-1.2199151586428574e-05,-2.845977311023677e-05,-0.0929300508950074,-0.2886374666963071,modal_baffled,lossless,0.0,343.0,1.225,1.4,1.81e-05,0.0257,1006.0,1,1.110569211647859e-05,1.1105692116478468e-05,0.0,0.0,True,dirichlet,exp(+iwt)_rms,51383,16,1.6751264793409153e-13,-0.0002591835373039,-0.000604657185651,-0.0002537395252298,0.0001689309775309,-9.440022202955075e-05,8.052876106076851e-05,-4.660289064759716e-05,5.855931702503174e-05,-3.6716871266257646e-05,3.74546799122985e-05,-3.145835995444786e-05,2.6883063186811465e-05,-2.754846122535928e-05,2.1280088185783023e-05,-2.561230218009061e-05,1.6412089103390903e-05,-2.4184766383396683e-05,1.3649674908556226e-05,-2.364006746642845e-05,1.1107478780895071e-05,-2.199369371113588e-05,9.076348776171554e-06,-1.8341165604074947e-05,8.014420350228427e-06,-1.923962764387916e-05,5.810034627395686e-06,-1.9540302605181072e-05,4.654433425642616e-06,-1.7920830965996145e-05,4.3029745487770855e-06,-1.6648513899119745e-05,3.827487323259572e-06
3802.717798820368,84.2046807345618,-118.3121721790833,415.0375357044466,25.055718145962743,2,1.0,0.0,1.0890551679468486e-05,-6.574600364076904e-07,1.668822410776494e-14,4,0.0045364608648729,0.0045033682656082,0.0470676174626048,0.0470347098692872,-1.6938068096307516e-05,-2.5554577811239345e-05,-0.1425732051691342,-0.2646524684874495,modal_baffled,lossless,0.0,343.0,1.225,1.4,1.81e-05,0.0257,1006.0,1,1.0890551679468486e-05,1.0890551679468776e-05,0.0,0.0,True,dirichlet,exp(+iwt)_rms,51383,16,1.5471200958398117e-13,-0.0003598666983678,-0.0005429333199527,-0.000216364781924,0.0001993851715054,-8.234534065976842e-05,0.0001038445961022,-3.524301014851756e-05,6.756232470820462e-05,-2.925129936813289e-05,4.446578767082802e-05,-2.593565883164224e-05,3.2864949442116706e-05,-2.312173826691293e-05,2.652495927665373e-05,-2.207738551759692e-05,2.132282613694025e-05,-2.120745823502713e-05,1.828472556429148e-05,-2.108822814351567e-05,1.555574828369197e-05,-1.982914286342933e-05,1.3278590878769144e-05,-1.648218427326989e-05,1.1565924700501602e-05,-1.77177171913694e-05,9.494774406525274e-06,-1.827688490405484e-05,8.423303371033537e-06,-1.6725780017915814e-05,7.690296663900757e-06,-1.5569134513495445e-05,7.065833722385775e-06
3834.298998873602,84.10209169074096,-128.64794968307632,424.9380382559797,30.14747202080557,2,1.0,0.0,1.0622117950980666e-05,-7.535922296887478e-07,6.706228851138121e-14,4,0.0045364608648729,0.0045033682656082,0.0470676174626048,0.0470347098692872,-2.0865788534544356e-05,-2.182201285344102e-05,-0.1851553799965487,-0.2315424500584018,modal_baffled,lossless,0.0,343.0,1.225,1.4,1.81e-05,0.0257,1006.0,1,1.0622117950980666e-05,1.0622117950980442e-05,0.0,0.0,True,dirichlet,exp(+iwt)_rms,51383,16,6.505264581021539e-13,-0.0004433151635755,-0.0004636311338847,-0.0001804761183991,0.0002221437544244,-6.232777745135555e-05,0.0001256275772193,-2.1665264791709863e-05,7.40960902831595e-05,-2.0132651744430285e-05,4.982931689878546e-05,-1.903558450390576e-05,3.760055189997162e-05,-1.7495047747273875e-05,3.077126420930935e-05,-1.7413279146001345e-05,2.540776540133067e-05,-1.71699369437818e-05,2.222725482948517e-05,-1.756529493079978e-05,1.9385939732597133e-05,-1.6727669422678068e-05,1.693491094825813e-05,-1.3811420236846612e-05,1.4677214899171488e-05,-1.537483113874294e-05,1.2772934131590394e-05,-1.615993345348768e-05,1.1853963356464931e-05,-1.480163548955821e-05,1.0762231833625591e-05,-1.3757846000431207e-05,1.0014115851490943e-05
3866.142477709955,83.99123558648753,-138.7432873391412,436.27195146406495,31.17239320226245,2,1.0,0.0,1.03454239033312e-05,-7.39198613792361e-07,7.932658605582979e-14,4,0.0045364608648729,0.0045033682656082,0.0470676174626048,0.0470347098692872,-2.385625082508019e-05,-1.7575881852793717e-05,-0.2190330821272381,-0.1921322597256175,modal_baffled,lossless,0.0,343.0,1.225,1.4,1.81e-05,0.0257,1006.0,1,1.03454239033312e-05,1.034542390333031e-05,0.0,0.0,True,dirichlet,exp(+iwt)_rms,51383,16,7.786038740634712e-13,-0.000506850614311,-0.0003734177084012,-0.0001466829103043,0.0002411588831357,-3.468371388942313e-05,0.0001423818156166,-6.613406425230679e-06,7.743714940524754e-05,-9.852264189154534e-06,5.3036321459317e-05,-1.1132535728841674e-05,4.067848699318672e-05,-1.0963784485175493e-05,3.366167329779939e-05,-1.1877095165989933e-05,2.832855433185838e-05,-1.2285769724882472e-05,2.5159763609845085e-05,-1.3262829059261444e-05,2.232790305549709e-05,-1.2867565401214758e-05,1.977916218712893e-05,-1.046005019085273e-05,1.7104204923434813e-05,-1.2352240775216564e-05,1.5408547636101433e-05,-1.3309316937781052e-05,1.469401694144712e-05,-1.2250152584050929e-05,1.3318751727260149e-05,-1.1313179696572645e-05,1.2457750882677664e-05
3898.250413529105,83.9003197480165,-148.5345478075064,447.170193918148,27.581221036868243,2,1.0,0.0,1.0106371169132692e-05,-6.233556280978429e-07,4.332194626624405e-14,4,0.0045364608648729,0.0045033682656082,0.0470676174626048,0.0470347098692872,-2.594094310544083e-05,-1.3115168869109996e-05,-0.2440098193339586,-0.1493271015357708,modal_baffled,lossless,0.0,343.0,1.225,1.4,1.81e-05,0.0257,1006.0,1,1.0106371169132692e-05,1.0106371169134215e-05,0.0,0.0,True,dirichlet,exp(+iwt)_rms,51383,16,4.24712530072554e-13,-0.0005511420484805,-0.0002786452677263,-0.0001129168349151,0.0002591963420315,-1.5721549215113523e-06,0.0001509833296693,8.875006092834264e-06,7.722880926887336e-05,9.101829590668946e-07,5.3811754058378696e-05,-2.7477655864750344e-06,4.186334573697176e-05,-3.954941068829537e-06,3.497625271832492e-05,-5.83610217654644e-06,2.986417741848651e-05,-6.846882811451789e-06,2.6853817338065262e-05,-8.481901770380957e-06,2.419990459898082e-05,-8.551448221661321e-06,2.1627531647459416e-05,-6.677949319285564e-06,1.8656413595050022e-05,-8.881602611223114e-06,1.7247666414580247e-05,-9.952558291440382e-06,1.6758796822473517e-05,-9.258671556217892e-06,1.5211064398488475e-05,-8.405459864455377e-06,1.4226030004693506e-05
3930.62500262048,83.81259860398958,-158.0473054603734,455.5163553798496,19.948054333191543,2,1.0,0.0,9.939879529808533e-06,-4.352889958487981e-07,6.381973149715186e-15,4,0.0045364608648729,0.0045033682656082,0.0470676174626048,0.0470347098692872,-2.7252166308191745e-05,-8.627895175946438e-06,-0.2609659799407091,-0.1051865489892008,modal_baffled,lossless,0.0,343.0,1.225,1.4,1.81e-05,0.0257,1006.0,1,9.939879529808533e-06,9.93987952980776e-06,0.0,0.0,True,dirichlet,exp(+iwt)_rms,51383,16,6.086762624829687e-14,-0.0005790003356308,-0.0001833085174281,-7.619644514129974e-05,0.0002768515697018,3.374891232564094e-05,0.0001497192252318,2.376593546051572e-05,7.35671442263031e-05,1.1430557914695495e-05,5.217982905568935e-05,5.543506871044039e-06,4.11541328700998e-05,3.0509558697786672e-06,3.468828303517134e-05,2.354159337124166e-07,3.00021177978026e-05,-1.3490514319296454e-06,2.7294140921708903e-05,-3.519050304459564e-06,2.496099832591697e-05,-4.026518054818549e-06,2.2448636337956296e-05,-2.698106556517844e-06,1.929235528526482e-05,-5.220912715529148e-06,1.8222606870370315e-05,-6.331515700525045e-06,1.797356425159737e-05,-6.012258922545738e-06,1.637481869645272e-05,-5.292719993553326e-06,1.5269512011588288e-05
3963.268459513471,83.77019115435763,-167.35832618525032,459.7158255184049,9.915831592359384,2,1.0,0.0,9.863378722831006e-06,-2.1274795627704025e-07,1.2936376042002426e-14,4,0.0045364608648729,0.0045033682656082,0.0470676174626048,0.0470347098692872,-2.794591189765011e-05,-4.188892028605075e-06,-0.2711593800791649,-0.0608184169801375,modal_baffled,lossless,0.0,343.0,1.225,1.4,1.81e-05,0.0257,1006.0,1,9.863378722831006e-06,9.8633787228309e-06,0.0,0.0,True,dirichlet,exp(+iwt)_rms,51383,16,1.2340963671745217e-13,-0.0005937396750505,-8.899732458166472e-05,-3.3744635457041534e-05,0.0002919778726065,6.748126542595956e-05,0.0001384756134093,3.717471040167415e-05,6.694223867186391e-05,2.1115007224270004e-05,4.841775271434634e-05,1.327636866412053e-05,3.874482372563681e-05,9.647656683476535e-06,3.293696563101109e-05,6.006507435056988e-06,2.884612900543612e-05,3.960658494072069e-06,2.6532817769442904e-05,1.3110397205761176e-06,2.467608308056195e-05,3.745500720228266e-07,2.2299270605121205e-05,1.1732724724082048e-06,1.9032333713264687e-05,-1.6118751435692497e-06,1.840355370276482e-05,-2.713887657987987e-06,1.837106796708511e-05,-2.734062081005323e-06,1.6832867120701493e-05,-2.1637733036942e-06,1.5588787715054125e-05
3996.18301712892,83.86636090715984,-176.6063401458416,459.28635368016313,-0.29171633779628,2,1.0,0.0,9.877190990844092e-06,6.273510981713053e-09,1.4008119879930251e-14,4,0.0045364608648729,0.0045033682656082,0.0470676174626048,0.0470347098692872,-2.8118119022581783e-05,2.3131306564268625e-07,-0.2755037563524652,-0.0163373454206252,modal_baffled,lossless,0.0,343.0,1.225,1.4,1.81e-05,0.0257,1006.0,1,9.877190990844092e-06,9.877190990844026e-06,0.0,0.0,True,dirichlet,exp(+iwt)_rms,51383,16,1.355546607015104e-13,-0.0005973983927468,4.914484269922183e-06,1.5155373529579048e-05,0.0003011987440718,9.651064737360582e-05,0.0001186808622815,4.857685239309121e-05,5.8018332002234806e-05,2.955009932022486e-05,4.291421175318491e-05,2.013617634791461e-05,3.4959640051573545e-05,1.5516483546238446e-05,2.99378004321191e-05,1.1233562092409156e-05,2.6655668293986547e-05,8.814842684091734e-06,2.4779379960245024e-05,5.817381466283962e-06,2.350419909583201e-05,4.524809842016584e-06,2.139543628058541e-05,4.759048679158344e-06,1.802955058640693e-05,1.7932696605292568e-06,1.791875881437307e-05,6.708850748221094e-07,1.7993140274632095e-05,4.946136633668692e-07,1.6743413536389857e-05,7.836057665664374e-07,1.5245223305038554e-05
4029.3709269318606,83.79710942358034,174.08703489581976,455.2456170680375,-8.65677708358919,2,1.0,0.0,9.961262518209622e-06,1.8941957013584025e-07,8.394450826165618e-14,4,0.0045364608648729,0.0045033682656082,0.0470676174626048,0.0470347098692872,-2.7763341416839887e-05,4.677145053734264e-06,-0.27408978668861,0.0283871100118059,modal_baffled,lossless,0.0,343.0,1.225,1.4,1.81e-05,0.0257,1006.0,1,9.961262518209622e-06,9.96126251821027e-06,0.0,0.0,True,dirichlet,exp(+iwt)_rms,51383,16,8.042479485240248e-13,-0.0005898607771871,9.937076287004008e-05,6.928478526354674e-05,0.0003010285168037,0.000118669771909,9.25562428346125e-05,5.776436499476349e-05,4.750207688441524e-05,3.660022520567104e-05,3.618984961448852e-05,2.5877854851736957e-05,3.0050243503801255e-05,2.058319290185441e-05,2.607333549302711e-05,1.5646800805532508e-05,2.3535480155007945e-05,1.3018026587173011e-05,2.219358777458653e-05,9.830220257258491e-06,2.1574617794137893e-05,8.084828834829489e-06,1.963433495822817e-05,7.865006366291188e-06,1.634774594474116e-05,4.845830180742558e-06,1.684833542363426e-05,3.926027544771161e-06,1.7221862910895956e-05,3.3354522034640995e-06,1.5907023157504565e-05,3.5508423523517858e-06,1.448508329094275e-05
4062.83445908552,83.88397471315753,164.64290358582718,448.97179822896464,-14.58255535949307,2,1.0,0.0,1.009346292307605e-05,3.278345820948083e-07,1.837500858756732e-14,4,0.0045364608648729,0.0045033682656082,0.0470676174626048,0.0470347098692872,-2.6817325951896493e-05,9.151986514829808e-06,-0.2665210866787759,0.0731974673272798,modal_baffled,lossless,0.0,343.0,1.225,1.4,1.81e-05,0.0257,1006.0,1,1.009346292307605e-05,1.0093462923076264e-05,0.0,0.0,True,dirichlet,exp(+iwt)_rms,51383,16,1.7237700143859033e-13,-0.0005697617044925,0.000194443377596,0.0001251417709145,0.0002889725920591,0.0001328718374802,6.286625421205756e-05,6.469156381468829e-05,3.5983132707195084e-05,4.205129360996466e-05,2.853600757926509e-05,3.061034254599629e-05,2.4476431812909476e-05,2.4647281767114323e-05,2.1488589418845764e-05,1.9413318976837015e-05,1.994576442439751e-05,1.6552175707280658e-05,1.903442139810252e-05,1.3251713118666596e-05,1.9048351769100185e-05,1.1243659432650858e-05,1.74695847518749e-05,1.054583791781182e-05,1.4270596124103702e-05,7.585546124748634e-06,1.5386940892193064e-05,6.685191857148223e-06,1.5853324524084528e-05,5.898655247640905e-06,1.471473785670219e-05,5.843405500786156e-06,1.323795645665956e-05
4096.575902606613,83.90160687964402,154.8795211600139,441.50642995064055,-16.925393226638192,2,1.0,0.0,1.0259881830961044e-05,3.933182455967182e-07,2.4648544494685625e-14,4,0.0045364608648729,0.0045033682656082,0.0470676174626048,0.0470347098692872,-2.516857885684888e-05,1.366427166242283e-05,-0.2519884957966882,0.1181498851876837,modal_baffled,lossless,0.0,343.0,1.225,1.4,1.81e-05,0.0257,1006.0,1,1.0259881830961044e-05,1.0259881830959404e-05,0.0,0.0,True,dirichlet,exp(+iwt)_rms,51383,16,2.277481350989061e-13,-0.0005347323746914,0.0002903115219987,0.0001797412787268,0.0002638390817833,0.0001389918420068,3.194593611439038e-05,6.955483676118429e-05,2.376678002244181e-05,4.609950348182936e-05,2.024979156425304e-05,3.407251376869596e-05,1.827264414333781e-05,2.7770118248987323e-05,1.6403993563749163e-05,2.231604766146013e-05,1.5831645924116624e-05,1.942693543779792e-05,1.5449515143300447e-05,1.623669057076476e-05,1.6117544992491052e-05,1.3905718610651436e-05,1.4911978673013591e-05,1.264509347935046e-05,1.1841912051934638e-05,9.93068784205899e-06,1.3575789612265878e-05,9.164998020225625e-06,1.4179976932605222e-05,8.250108274224192e-06,1.3245104478282716e-05,7.898452078334423e-06,1.173945187989695e-05
4130.597565521914,83.92976539155228,144.84958905114104,434.3444271324456,-16.6778395664325,2,1.0,0.0,1.0429009643728098e-05,4.0045028509560396e-07,5.923959699642484e-14,4,0.0045364608648729,0.0045033682656082,0.0470676174626048,0.0470347098692872,-2.2706787881914555e-05,1.804525833626681e-05,-0.2296153983009999,0.1616784044235698,modal_baffled,lossless,0.0,343.0,1.225,1.4,1.81e-05,0.0257,1006.0,1,1.0429009643728098e-05,1.0429009643728868e-05,0.0,0.0,True,dirichlet,exp(+iwt)_rms,51383,16,5.409012089580831e-13,-0.0004824290904453,0.0003833900951243,0.0002282892024614,0.0002263917892947,0.0001375676054605,2.2584004285957256e-06,7.243910479511164e-05,1.124240900489148e-05,4.866698460215357e-05,1.1601737650612443e-05,3.646857685595378e-05,1.1734668885278335e-05,2.994730996254636e-05,1.099755435411586e-05,2.442936184386183e-05,1.1455756919438648e-05,2.150920254669554e-05,1.1580509426518462e-05,1.8549072596166517e-05,1.2835305024656798e-05,1.6056998589163104e-05,1.2057249281196118e-05,1.431293581660092e-05,9.225674022904527e-06,1.1970995024522916e-05,1.1519715295937378e-05,1.1325443984431337e-05,1.219849821977482e-05,1.0350530112762012e-05,1.1415241377288625e-05,9.7126337314295e-06,9.971604461234475e-06
4164.901775026131,84.43968588743685,134.5355876635906,428.17423312083616,-14.340721243545726,2,1.0,0.0,1.0583022948562569e-05,3.544542624930732e-07,3.293410856487693e-14,4,0.0045364608648729,0.0045033682656082,0.0470676174626048,0.0470347098692872,-1.936128606468882e-05,2.2105912408905695e-05,-0.1988751164660149,0.2021255079780798,modal_baffled,lossless,0.0,343.0,1.225,1.4,1.81e-05,0.0257,1006.0,1,1.0583022948562569e-05,1.0583022948562237e-05,0.0,0.0,True,dirichlet,exp(+iwt)_rms,51383,16,2.992310741343727e-13,-0.0004113504593698,0.0004696628722809,0.0002675711540619,0.0001790188803881,0.0001297282410545,-2.4341055697973824e-05,7.354035816891067e-05,-1.4984534412377665e-06,4.985615456876467e-05,2.743831839382299e-06,3.779330956459529e-05,5.017798679572044e-06,3.1194894157028855e-05,5.4829359416614754e-06,2.5895267814305592e-05,6.894842738584887e-06,2.312349985612077e-05,7.492097526083304e-06,2.0538882844514578e-05,9.31423951457666e-06,1.804235180992201e-05,9.030579060138008e-06,1.5748629958118082e-05,6.424493171404133e-06,1.366697384665376e-05,9.108720267379974e-06,1.3031829005717846e-05,9.935925952836818e-06,1.1963473120679846e-05,9.292942356314506e-06,1.097539136903621e-05,8.134554759363354e-06
4199.490877641101,85.81154804446156,123.87058082839954,423.5148253382652,-10.138274029833855,2,1.0,0.0,1.0705322396636451e-05,2.5626845990133017e-07,1.6337133574071983e-14,4,0.0045364608648729,0.0045033682656082,0.0470676174626048,0.0470347098692872,-1.5104428399422786e-05,2.5637537238536063e-05,-0.1595212321261737,0.2376561411004782,modal_baffled,lossless,0.0,343.0,1.225,1.4,1.81e-05,0.0257,1006.0,1,1.0705322396636451e-05,1.0705322396636406e-05,0.0,0.0,True,dirichlet,exp(+iwt)_rms,51383,16,1.461676211034903e-13,-0.000320909134851,0.0005446958784116,0.0002950154175961,0.0001247084354871,0.0001170056821476,-4.693162785846991e-05,7.273196677556452e-05,-1.4229929065394073e-05,4.9651155278454086e-05,-6.233182122010173e-06,3.816737362813614e-05,-1.981620901475205e-06,3.16227009238063e-05,-2.716558371004255e-07,2.6525307361134975e-05,2.3443490203908546e-06,2.375593078671265e-05,3.3767586290675786e-06,2.1639028395141853e-05,5.363570620441293e-06,1.9115918244620778e-05,5.4596646484287165e-06,1.6327502320921188e-05,3.503056469774091e-06,1.490259990356871e-05,6.83923102221069e-06,1.440045608710236e-05,7.790212907135791e-06,1.3490199348300992e-05,7.202069808424344e-06,1.2286322158146684e-05,5.847173284423379e-06
4234.367239376294,84.07717394382276,112.94863139316948,420.09180064274886,-4.865737322848602,2,1.0,0.0,1.0797288468362834e-05,1.2506021161492213e-07,6.279043689975054e-14,4,0.0045364608648729,0.0045033682656082,0.0470676174626048,0.0470347098692872,-1.0043865942548516e-05,2.8349255714805944e-05,-0.112537661313667,0.2657843861279374,modal_baffled,lossless,0.0,343.0,1.225,1.4,1.81e-05,0.0257,1006.0,1,1.0797288468362834e-05,1.0797288468361872e-05,0.0,0.0,True,dirichlet,exp(+iwt)_rms,51383,16,5.473950316298657e-13,-0.0002133922744342,0.0006023091297818,0.0003103097704478,6.726320023254853e-05,0.0001017819206358,-6.462078508123979e-05,7.036092177962069e-05,-2.7560945593509825e-05,4.81032924962276e-05,-1.5230929866401e-05,3.726639151229659e-05,-8.699210076285968e-06,3.1112321151054124e-05,-5.914906508500593e-06,2.6683842298900687e-05,-2.5497143517292784e-06,2.402604871777783e-05,-1.0293733968717444e-06,2.222377715619565e-05,1.5487266470314068e-06,1.9691107812780305e-05,2.338680268822208e-06,1.664536299063611e-05,7.902273241986157e-07,1.6031360243905466e-05,3.946053027169805e-06,1.5660555408003086e-05,4.8463754644021296e-06,1.4546812988211414e-05,4.671644877388146e-06,1.3095769066730226e-05,3.7115648540370513e-06
4269.533245890658,84.48931718398507,101.7208000416776,419.0997631196189,1.2386364997517223,2,1.0,0.0,1.082420377997313e-05,-3.19906023874287e-08,5.862105506644222e-14,4,0.0045364608648729,0.0045033682656082,0.0470676174626048,0.0470347098692872,-4.302647043735585e-06,2.996904369998918e-05,-0.0589300278075927,0.2840430195856281,modal_baffled,lossless,0.0,343.0,1.225,1.4,1.81e-05,0.0257,1006.0,1,1.082420377997313e-05,1.0824203779974135e-05,0.0,0.0,True,dirichlet,exp(+iwt)_rms,51383,16,5.18241388767449e-13,-9.141416701523148e-05,0.0006367231934737,0.0003140020025091,1.0471362393297323e-05,8.514200679514953e-05,-7.740290065466031e-05,6.573238702244088e-05,-4.10673485317462e-05,4.517708992218077e-05,-2.42281627251964e-05,3.539435409186199e-05,-1.5605453933154558e-05,2.9787601530282017e-05,-1.172163308850146e-05,2.594272652858992e-05,-7.670140510523387e-06,2.3770739762657657e-05,-5.410524034829014e-06,2.2452511566327827e-05,-2.565166971069276e-06,1.9742968293675457e-05,-1.2661629000667436e-06,1.647371066329555e-05,-2.232044563924887e-06,1.6617928168087683e-05,1.0131861603506078e-06,1.6390509349409662e-05,2.166413374568771e-06,1.553483234260498e-05,1.8175172503480637e-06,1.378253879862738e-05,1.3531901332604602e-06
4304.991302655809,84.05558506769162,90.31447459909658,418.9707520604711,7.65100712461733,2,1.0,0.0,1.0824021791265134e-05,-1.976621695779612e-07,7.950351237379191e-14,4,0.0045364608648729,0.0045033682656082,0.0470676174626048,0.0470347098692872,1.7828506221592824e-06,3.0339749383601565e-05,-0.0015968197652861,0.2909300615534051,modal_baffled,lossless,0.0,343.0,1.225,1.4,1.81e-05,0.0257,1006.0,1,1.0824021791265134e-05,1.0824021791265458e-05,0.0,0.0,True,dirichlet,exp(+iwt)_rms,51383,16,6.930821304667115e-13,3.787849732516744e-05,0.0006445992174493,0.0003085717011074,-4.305167825884146e-05,6.868850043158299e-05,-8.611416672202476e-05,5.845333392252603e-05,-5.44446631318349e-05,4.040283886855109e-05,-3.283842076679607e-05,3.2276035679564426e-05,-2.2283019517599837e-05,2.738156429251525e-05,-1.718152074281636e-05,2.4356103430788567e-05,-1.2371676084403404e-05,2.253255883333954e-05,-9.772956938002775e-06,2.1691973902988643e-05,-6.645935859217245e-06,1.94556822942228e-05,-4.9570537156127295e-06,1.6078944380656498e-05,-5.321360240369679e-06,1.683875948855977e-05,-2.1566620127353337e-06,1.6764597325476598e-05,-1.0825746580873414e-06,1.557687571378922e-05,-8.9129218373213e-07,1.3877290162154566e-05,-1.0989523056304816e-06
4340.743835120558,84.02488628366052,78.68175745752592,421.5221160005834,14.126942481935162,2,1.0,0.0,1.0750020162495124e-05,-3.602774581701941e-07,2.796732790280009e-13,4,0.0045364608648729,0.0045033682656082,0.0470676174626048,0.0470347098692872,7.906870274188475e-06,2.924913084723473e-05,0.0569366475966048,0.2844686860753432,modal_baffled,lossless,0.0,343.0,1.225,1.4,1.81e-05,0.0257,1006.0,1,1.0750020162495124e-05,1.0750020162490738e-05,0.0,0.0,True,dirichlet,exp(+iwt)_rms,51383,16,2.444775266038048e-12,0.0001679896009282,0.0006214279036,0.0002965465254423,-9.363439373187456e-05,5.343879756729948e-05,-9.214506096933816e-05,4.771754710134082e-05,-6.744023055189565e-05,3.3718403587014575e-05,-4.10386633667637e-05,2.769576812715048e-05,-2.870741243307745e-05,2.3877491617631937e-05,-2.256011130121447e-05,2.181853872377952e-05,-1.7208718987734826e-05,2.0502705663999197e-05,-1.4186001170410964e-05,2.024557392317751e-05,-1.0891709300804318e-05,1.8383654626431648e-05,-8.72563412655365e-06,1.5027696957223974e-05,-8.448271043233128e-06,1.634556689816744e-05,-5.54645579576912e-06,1.6456672674973377e-05,-4.385926401572377e-06,1.5331168963823445e-05,-3.990084976705852e-06,1.3627837911918164e-05,-3.8392185306925465e-06
4376.793288876846,83.98847819541618,66.98032710562399,426.5447321637095,19.87150525237033,2,1.0,0.0,1.0612336947533776e-05,-4.943985788386277e-07,2.362784768331928e-14,4,0.0045364608648729,0.0045033682656082,0.0470676174626048,0.0470347098692872,1.3586412931350492e-05,2.6731272777167555e-05,0.1124245654362059,0.2646030398740404,modal_baffled,lossless,0.0,343.0,1.225,1.4,1.81e-05,0.0257,1006.0,1,1.0612336947533776e-05,1.061233694753384e-05,0.0,0.0,True,dirichlet,exp(+iwt)_rms,51383,16,2.0517457998000545e-13,0.0002886573330835,0.0005679334161837,0.0002794275315385,-0.0001424109111101,3.9468108948541455e-05,-9.679175044645184e-05,3.298176153628026e-05,-7.867352861942586e-05,2.4880743972491007e-05,-4.8033367042240086e-05,2.149863544064468e-05,-3.4373222006542e-05,1.9084637337437335e-05,-2.7375095397052252e-05,1.8076885058555613e-05,-2.1697151591540565e-05,1.7453693197004237e-05,-1.8341031202949197e-05,1.783020639322561e-05,-1.4952905171189993e-05,1.645904846165223e-05,-1.2412826668896249e-05,1.324807567856372e-05,-1.154582504919722e-05,1.5046151748050408e-05,-8.970817521647084e-06,1.5414326588463086e-05,-7.73498875147801e-06,1.4383274039215485e-05,-7.139739692960327e-06,1.275938575903978e-05,-6.669511604334062e-06
4413.142129827008,89.7614217407032,55.12631751222793,435.186914812349,25.371518364416453,2,1.0,0.0,1.0388855599501595e-05,-6.056731754944439e-07,2.93906445703247e-14,4,0.0045364608648729,0.0045033682656082,0.0470676174626048,0.0470347098692872,1.8453230709290733e-05,2.2881851859208163e-05,0.1615597249406605,0.2318172788679145,modal_baffled,lossless,0.0,343.0,1.225,1.4,1.81e-05,0.0257,1006.0,1,1.0388855599501595e-05,1.0388855599501216e-05,0.0,0.0,True,dirichlet,exp(+iwt)_rms,51383,16,2.504988825100601e-13,0.0003920578882912,0.0004861485049118,0.0002559246607874,-0.0001921419987485,2.669886684989881e-05,-0.0001008152975899,1.4201705633589396e-05,-8.647060133757297e-05,1.37155117112354e-05,-5.303732741646743e-05,1.4271309591777009e-05,-3.8706522405286766e-05,1.2780951970277011e-05,-3.11739192292553e-05,1.326489430752006e-05,-2.5369305387168987e-05,1.4026506441561194e-05,-2.238185308113456e-05,1.3256911587233988e-05,-1.8266480851071923e-05,1.2951417739821088e-05,-1.5622141099182516e-05,1.0258540532146318e-05,-1.4335697297662452e-05,1.3889611825980169e-05,-1.2196492216667844e-05,1.3823691819504924e-05,-1.1336333363381168e-05,1.0911518110914646e-05,-9.684392425206192e-06,1.1045753302656986e-05,-9.268473708882516e-06
4449.792844352461,83.82605036658748,44.104630072814274,443.2730014782435,24.13139939109956,2,1.0,0.0,1.0203771111188092e-05,-5.554844873436963e-07,1.255411544853394e-14,4,0.0045364608648729,0.0045033682656082,0.0470676174626048,0.0470347098692872,2.200983636066609e-05,1.854250920067008e-05,0.1991808204704934,0.1930508569337837,modal_baffled,lossless,0.0,343.0,1.225,1.4,1.81e-05,0.0257,1006.0,1,1.0203771111188092e-05,1.0203771111187528e-05,0.0,0.0,True,dirichlet,exp(+iwt)_rms,51383,16,1.0416938270504035e-13,0.0004676216377035,0.0003939547017735,0.0002240262979343,-0.0002405307880351,1.1708895416112632e-05,-0.0001059044220338,-6.574462278797346e-06,-8.83734720828043e-05,1.9020302852867408e-06,-5.502926406057684e-05,5.047558588506195e-06,-4.07741534780532e-05,5.856015139686025e-06,-3.3405250111039867e-05,7.346384730964183e-06,-2.769616677618045e-05,8.199573349504403e-06,-2.4265161881065463e-05,1.0019250857030332e-05,-2.128907175046205e-05,9.970257459394693e-06,-1.832323828693749e-05,7.380647763676546e-06,-1.641157105630758e-05,9.818339023855308e-06,-1.4657846625752906e-05,1.0718048570229762e-05,-1.3560584150088007e-05,1.0081631098181385e-05,-1.2729606931738314e-05,8.91770039894838e-06,-1.1609698603765398e-05
4486.747939483775,83.74939011492799,33.23900118474426,452.2790122434502,20.31325643259921,2,1.0,0.0,1.0010034232918164e-05,-4.495817554384161e-07,2.5043154751112283e-14,4,0.0045364608648729,0.0045033682656082,0.0470676174626048,0.0470347098692872,2.4493586079484895e-05,1.3763787136038578e-05,0.2271445180743983,0.1488601325287581,modal_baffled,lossless,0.0,343.0,1.225,1.4,1.81e-05,0.0257,1006.0,1,1.0010034232918164e-05,1.0010034232919815e-05,0.0,0.0,True,dirichlet,exp(+iwt)_rms,51383,16,1.798915769886013e-13,0.000520391458075,0.0002924258307099,0.0001787999399705,-0.0002873232138276,-4.723359421985933e-06,-0.0001099583095321,-2.7718126402868164e-05,-8.415575773689182e-05,-1.0328140946606523e-05,-5.375438274239325e-05,-4.032294698958457e-06,-4.065209218695017e-05,-1.5868242114869324e-06,-3.3732143886814886e-05,1.0231449141013366e-06,-2.846200619038331e-05,2.67359752751976e-06,-2.533235074503621e-05,5.111817755500514e-06,-2.277451291594552e-05,5.740545098225949e-06,-1.9917214863411364e-05,3.522801976668214e-06,-1.762225994977605e-05,6.230140447138488e-06,-1.6285494947420252e-05,7.4447786950375665e-06,-1.5379350396328956e-05,6.951717167610916e-06,-1.4488837186672786e-05,6.06170256508313e-06,-1.322205719806144e-05
4524.009943072163,83.69792908635715,22.76928691975222,458.6867103313816,12.613412508652484,2,1.0,0.0,9.882634297258214e-06,-2.71762273150268e-07,7.424646359432684e-15,4,0.0045364608648729,0.0045033682656082,0.0470676174626048,0.0470347098692872,2.6052963596893986e-05,8.98175510173929e-06,0.2461241113372002,0.1033058380991624,modal_baffled,lossless,0.0,343.0,1.225,1.4,1.81e-05,0.0257,1006.0,1,9.882634297258214e-06,9.882634297258036e-06,0.0,0.0,True,dirichlet,exp(+iwt)_rms,51383,16,6.219943833827873e-14,0.0005535220391725,0.0001908266359323,0.0001196594250353,-0.0003256571720422,-2.391043511355764e-05,-0.0001120359900173,-4.648463094506419e-05,-7.410824932708697e-05,-2.1527987686464736e-05,-4.9501091197098056e-05,-1.2579462144483333e-05,-3.8310347148965374e-05,-8.740222856508725e-06,-3.222409676213423e-05,-5.137669452956927e-06,-2.7619088434769223e-05,-2.829120929237305e-06,-2.4984465400878328e-05,1.0905994372697757e-07,-2.30022726497391e-05,1.3462727520329193e-06,-2.042107514376345e-05,-4.62257496531945e-07,-1.7786989176921385e-05,2.4713087860930117e-06,-1.6907207151613574e-05,3.941019052982074e-06,-1.6299375454539686e-05,3.572916266060263e-06,-1.537241128655379e-05,2.955693340290885e-06,-1.4019877643696955e-05
4561.581403962398,83.68183697114986,12.511911880352924,460.7417566203959,2.973104678184864,2,1.0,0.0,9.845584672333985e-06,-6.35322356356306e-08,4.08508042534945e-14,4,0.0045364608648729,0.0045033682656082,0.0470676174626048,0.0470347098692872,2.693563073513504e-05,4.246551008514229e-06,0.2580380384056424,0.0572619416184476,modal_baffled,lossless,0.0,343.0,1.225,1.4,1.81e-05,0.0257,1006.0,1,9.845584672333985e-06,9.84558467233436e-06,0.0,0.0,True,dirichlet,exp(+iwt)_rms,51383,16,3.4996283667845393e-13,0.0005722752114345,9.022234898310089e-05,4.928372830507424e-05,-0.0003495412985151,-4.556931037211542e-05,-0.0001105165849683,-6.117986165644501e-05,-5.980196396484279e-05,-3.096212935875961e-05,-4.30040096276052e-05,-2.00327244697977e-05,-3.4210657066021736e-05,-1.5110837084602614e-05,-2.920089153778622e-05,-1.0691359811636323e-05,-2.5438555352088548e-05,-7.898659392350365e-06,-2.342119430806376e-05,-4.618709186751054e-06,-2.211144792764155e-05,-2.8876370862219817e-06,-1.993364259321809e-05,-4.236811260026353e-06,-1.699804269205933e-05,-1.129155382339348e-06,-1.6629801242467126e-05,5.016923499584303e-07,-1.640099785080047e-05,2.423488250719435e-07,-1.5427676329398556e-05,-1.1770778228153428e-07,-1.4038491181421526e-05
4599.4648921671605,83.70880437822672,2.215267705435896,458.2255521109092,-6.072275189410333,2,1.0,0.0,9.898322660214144e-06,1.3116976744205766e-07,8.821993460558273e-15,4,0.0045364608648729,0.0045033682656082,0.0470676174626048,0.0470347098692872,2.7247785920229736e-05,-5.466509840875662e-07,0.2637968519842874,0.0102044517018874,modal_baffled,lossless,0.0,343.0,1.225,1.4,1.81e-05,0.0257,1006.0,1,9.898322660214144e-06,9.898322660214286e-06,0.0,0.0,True,dirichlet,exp(+iwt)_rms,51383,16,6.550768238238797e-14,0.0005789072697779,-1.1614163060662238e-05,-2.6885895964702072e-05,-0.0003550706124837,-6.868649545631833e-05,-0.0001040690536807,-7.114791732852547e-05,-4.307389306791929e-05,-3.838247656627107e-05,-3.5047828112741654e-05,-2.615696165537907e-05,-2.887384569446632e-05,-2.0460581258247505e-05,-2.506084819584524e-05,-1.542347264142882e-05,-2.227845325080465e-05,-1.2318724965709307e-05,-2.092628673955537e-05,-8.859871854360613e-06,-2.0341465080626816e-05,-6.768065063646597e-06,-1.8654018344063483e-05,-7.591124589469613e-06,-1.5460084118724262e-05,-4.383151898945632e-06,-1.5654487331550734e-05,-2.70622228904959e-06,-1.5855500055118617e-05,-2.8443506040638085e-06,-1.4807349189906452e-05,-2.9641316439895423e-06,-1.3417906059769235e-05
4637.662999042832,108.3528274539876,-8.686590960402313,457.8481444899935,-10.725947194979115,2,1.0,0.0,9.902786750228795e-06,2.319912596444176e-07,1.6211700941448753e-13,4,0.0045364608648729,0.0045033682656082,0.0470676174626048,0.0470347098692872,2.6868291252702868e-05,-5.688506538432647e-06,0.2617821840641522,-0.0399956055595297,modal_baffled,lossless,0.0,343.0,1.225,1.4,1.81e-05,0.0257,1006.0,1,9.902786750228795e-06,9.902786750226254e-06,0.0,0.0,True,dirichlet,exp(+iwt)_rms,51383,16,1.3490399363484873e-12,0.0005708445147887,-0.0001208581790432,-9.645083625957816e-05,-0.0003381437986065,-0.0001014556659902,-7.497172077787717e-05,-7.033790577101096e-05,-2.600592443853481e-05,-4.69479187398522e-05,-2.277964901545775e-05,-3.163344926414704e-05,-2.1331716388565277e-05,-2.0718782106347195e-05,-2.213289047299016e-05,-2.129368697663618e-05,-1.611013376000304e-05,-1.7338396377195683e-05,-1.6404559206979955e-05,-1.611075930374007e-05,-1.4498621090288394e-05,-1.470211714474969e-05,-1.3168038537049631e-05,-1.7030052743201697e-05,-8.06762588040185e-06,-1.4405976992523268e-05,-7.909822100921486e-06,-9.299841546866205e-06,-1.147309900434939e-05,-7.90974517712853e-06,-1.1428523975011811e-05,4.560360114216439e-06,-1.8610987644520437e-05
4676.178337466758,83.99899218256301,-19.22708111376431,445.2615817038883,-15.736626679573115,2,1.0,0.0,1.0175594939891131e-05,3.5963026093302324e-07,2.6265282219546483e-14,4,0.0045364608648729,0.0045033682656082,0.0470676174626048,0.0470347098692872,2.5739310373066944e-05,-1.0588401599679131e-05,0.2535401989076551,-0.088426430265475,modal_baffled,lossless,0.0,343.0,1.225,1.4,1.81e-05,0.0257,1006.0,1,1.0175594939891131e-05,1.0175594939890762e-05,0.0,0.0,True,dirichlet,exp(+iwt)_rms,51383,16,1.911075774176989e-13,0.0005468581534537,-0.0002249614951955,-0.0001710626819559,-0.0003100639624563,-0.0001125655714668,-7.335959698123256e-05,-7.763471984700836e-05,-8.340512971500373e-06,-4.7607354016979136e-05,-1.7105321278033098e-05,-3.4492985335840285e-05,-1.611793193262731e-05,-2.796858023992319e-05,-1.4787508289140904e-05,-2.221621858374166e-05,-1.4086726830456144e-05,-1.896872431454368e-05,-1.412295468505984e-05,-1.5529150490993748e-05,-1.4893780260781558e-05,-1.30475375690278e-05,-1.419774661872488e-05,-1.2636810092940454e-05,-1.083405201656336e-05,-9.667175458671512e-06,-1.2305446452530864e-05,-8.196257520396814e-06,-1.3270560161338582e-05,-7.946180859622244e-06,-1.211800587230044e-05,-7.631373650244274e-06,-1.074401993547857e-05
4715.013542015975,83.96393737800615,-30.65833847417023,437.9931213287323,-15.481090529531128,2,1.0,0.0,1.034445586460237e-05,3.6563007481218885e-07,8.432298855873438e-14,4,0.0045364608648729,0.0045033682656082,0.0470676174626048,0.0470347098692872,2.349903690038999e-05,-1.5710689611153877e-05,0.2340331610088063,-0.1387286548775135,modal_baffled,lossless,0.0,343.0,1.225,1.4,1.81e-05,0.0257,1006.0,1,1.034445586460237e-05,1.0344455864602177e-05,0.0,0.0,True,dirichlet,exp(+iwt)_rms,51383,16,6.85682366718205e-13,0.0004992612366466,-0.0003337897785804,-0.0002288880185393,-0.0002648071332952,-0.0001302779978459,-4.89471457561554e-05,-7.521420947680984e-05,7.956338604096076e-06,-4.966635177112096e-05,-7.527653063684204e-06,-3.677069481041609e-05,-8.987526797188378e-06,-3.017294340342945e-05,-8.92489550486793e-06,-2.439710237590069e-05,-9.383603617328782e-06,-2.12529356146201e-05,-1.007898577256638e-05,-1.802678841185617e-05,-1.1499434264327944e-05,-1.5526489177490927e-05,-1.1282395618934886e-05,-1.4372875998674766e-05,-8.06147407425004e-06,-1.166649364708019e-05,-1.0195491525526884e-05,-1.0519684222337046e-05,-1.1495871472242656e-05,-1.0080836158180994e-05,-1.0255131545063102e-05,-9.527903101114904e-06,-8.924537402585871e-06
4754.171269147425,86.44220240535829,-42.68744875071909,434.2058687151194,-12.61743149147727,2,1.0,0.0,1.043890425117628e-05,3.033403478056704e-07,7.49979294043329e-14,4,0.0045364608648729,0.0045033682656082,0.0470676174626048,0.0470347098692872,1.9887576328040543e-05,-2.0450748936071e-05,0.2015196083125656,-0.185875223959272,modal_baffled,lossless,0.0,343.0,1.225,1.4,1.81e-05,0.0257,1006.0,1,1.043890425117628e-05,1.0438904251177477e-05,0.0,0.0,True,dirichlet,exp(+iwt)_rms,51383,16,5.988438152903603e-13,0.0004225320379524,-0.0004344972199266,-0.0002752325934537,-0.000210638102397,-0.0001425770162035,-1.722285353201876e-05,-6.965160635118949e-05,2.320404919264461e-05,-5.010708694592416e-05,2.716432634846479e-06,-3.8032879621718696e-05,-9.835936293986445e-07,-3.144347775717857e-05,-2.415041658690365e-06,-2.600848341724708e-05,-3.86527215309622e-06,-2.334328025528273e-05,-4.911091482960616e-06,-1.9700365499340013e-05,-7.741751521196432e-06,-1.745926350334945e-05,-7.738994715822821e-06,-1.5672157362251534e-05,-4.800366489737678e-06,-1.3297060149481677e-05,-7.693888961131982e-06,-1.2465326991710108e-05,-9.16441144945544e-06,-1.2341538707619062e-05,-7.528676679466881e-06,-1.116626044835611e-05,-6.605355711341441e-06
4793.654197379664,84.00196385404018,-54.76836821973793,426.6130314117159,-7.882582013097807,2,1.0,0.0,1.0630037746384275e-05,1.9641252884592099e-07,1.5301227880602167e-14,4,0.0045364608648729,0.0045033682656082,0.0470676174626048,0.0470347098692872,1.5401688233951804e-05,-2.4641347416804563e-05,0.1607561888351969,-0.2276195346152059,modal_baffled,lossless,0.0,343.0,1.225,1.4,1.81e-05,0.0257,1006.0,1,1.0630037746384275e-05,1.063003774638383e-05,0.0,0.0,True,dirichlet,exp(+iwt)_rms,51383,16,1.1181886229102373e-13,0.0003272247261333,-0.0005235307998409,-0.0003043526861862,-0.0001526544969697,-0.0001469193322276,1.371441431501126e-05,-6.206124237568102e-05,3.516880126634378e-05,-4.9240964935830135e-05,1.1976313425553532e-05,-3.769937910811172e-05,5.895904936264886e-06,-3.150194983456953e-05,3.4249293718045144e-06,-2.6274521550613698e-05,7.516994388637918e-07,-2.3642452047802116e-05,-1.0969628689976545e-06,-2.120080606994841e-05,-3.629001756803957e-06,-1.883096437112984e-05,-4.437996599159036e-06,-1.6405156952269594e-05,-1.932674398875158e-06,-1.4721435453563404e-05,-4.968591625337285e-06,-1.4347868067119083e-05,-6.63119398906578e-06,-1.3155107054611456e-05,-5.743706540445161e-06,-1.2162031905116085e-05,-4.659174574115788e-06
4833.46502747609,84.5962711228141,-67.41684541599717,424.0595842461947,-1.8238785891892584,2,1.0,0.0,1.0697498929223598e-05,4.6009900447288434e-08,2.2387842865138757e-14,4,0.0045364608648729,0.0045033682656082,0.0470676174626048,0.0470347098692872,9.637220756252695e-06,-2.7593393645544087e-05,0.1075779038464062,-0.2586536331563164,modal_baffled,lossless,0.0,343.0,1.225,1.4,1.81e-05,0.0257,1006.0,1,1.0697498929223598e-05,1.069749892922265e-05,0.0,0.0,True,dirichlet,exp(+iwt)_rms,51383,16,1.7344979925942737e-13,0.000204752678716,-0.0005862500617854,-0.0003253209991177,-9.339364239697008e-05,-0.0001429091272606,4.926263533117224e-05,-5.216573880966573e-05,4.581745948440383e-05,-4.641888032029727e-05,2.184191082255134e-05,-3.606498397222445e-05,1.3565322797176168e-05,-3.0449501007325595e-05,9.92207779466528e-06,-2.5765632713907117e-05,6.10658943683807e-06,-2.3525918743734468e-05,3.864682683273853e-06,-2.174724596232933e-05,8.53072942493171e-07,-1.9509693591383067e-05,-4.610650902085976e-07,-1.6647155266830736e-05,1.52556592610956e-06,-1.566206322902521e-05,-1.8458934164328053e-06,-1.5600961239566645e-05,-3.71986141918047e-06,-1.420564716650504e-05,-3.1606120708208798e-06,-1.3002828114939329e-05,-2.077208225450986e-06
4873.606482629661,84.04264840494719,-80.2995024529058,423.6615130243087,5.402687928998156,2,1.0,0.0,1.0706007302767954e-05,-1.3652695523256492e-07,7.245466267555674e-14,4,0.0045364608648729,0.0045033682656082,0.0470676174626048,0.0470347098692872,3.171337467619684e-06,-2.9015758709084395e-05,0.0471615516863586,-0.2758920156991756,modal_baffled,lossless,0.0,343.0,1.225,1.4,1.81e-05,0.0257,1006.0,1,1.0706007302767954e-05,1.07060073027686e-05,0.0,0.0,True,dirichlet,exp(+iwt)_rms,51383,16,5.605449935866489e-13,6.737833012557532e-05,-0.0006164696722143,-0.0003392372428145,-3.349135398620629e-05,-0.0001277448896256,8.36833857316473e-05,-4.093093982064204e-05,5.3683167727447736e-05,-4.157299619365358e-05,3.1534556979431204e-05,-3.2828535252899225e-05,2.124352044657593e-05,-2.8139045950052485e-05,1.6254536552132518e-05,-2.426534125807284e-05,1.162432369574128e-05,-2.2567258497234312e-05,8.846792230812864e-06,-2.130105276884502e-05,5.340899625723877e-06,-1.945912096572377e-05,3.693440061371969e-06,-1.6242188758484955e-05,4.952569575127788e-06,-1.584971103094232e-05,1.4122135146064867e-06,-1.6323447290757265e-05,-1.2154561155548054e-07,-1.4716082611144472e-05,6.418493077044109e-08,-1.3226807720757071e-05,6.723218065135804e-07
4914.081308649202,84.06006193361614,-93.14320891913157,426.4942991165976,11.96439125708035,2,1.0,0.0,1.062826314695997e-05,-2.9815333742286017e-07,5.6718518482935357e-14,4,0.0045364608648729,0.0045033682656082,0.0470676174626048,0.0470347098692872,-3.376673172887008e-06,-2.8681480516739617e-05,-0.0152089466100585,-0.2769571214584457,modal_baffled,lossless,0.0,343.0,1.225,1.4,1.81e-05,0.0257,1006.0,1,1.062826314695997e-05,1.0628263146960464e-05,0.0,0.0,True,dirichlet,exp(+iwt)_rms,51383,16,4.337863650219978e-13,-7.174089862461743e-05,-0.0006093675878012,-0.0003462002066949,3.0146937800931904e-05,-0.0001027207053997,0.0001132706151499,-2.8849355982427155e-05,5.859714665049306e-05,-3.427439213241534e-05,4.021312003514398e-05,-2.7968113436079188e-05,2.808879002619328e-05,-2.396588513281206e-05,2.2197506538729216e-05,-2.134236670726985e-05,1.6769512023890705e-05,-2.043039051315301e-05,1.366952796374114e-05,-1.9867767717542538e-05,9.909201914838468e-06,-1.8222159730114097e-05,7.903236465722925e-06,-1.5024839248217227e-05,8.46403730495247e-06,-1.5487985963723405e-05,4.847311198865023e-06,-1.6120798480965888e-05,3.544690278714819e-06,-1.452752112438438e-05,3.270012151874191e-06,-1.3247520455654231e-05,3.495370972657464e-06
4954.892274147207,84.10704807968384,-105.976750993784,432.21043929980567,18.248443990566443,2,1.0,0.0,1.047727683730736e-05,-4.4236321512502737e-07,3.48140264780167e-14,4,0.0045364608648729,0.0045033682656082,0.0470676174626048,0.0470347098692872,-9.518609947679232e-06,-2.6696377476444054e-05,-0.0751200496148262,-0.2623765151225454,modal_baffled,lossless,0.0,343.0,1.225,1.4,1.81e-05,0.0257,1006.0,1,1.047727683730736e-05,1.0477276837306564e-05,0.0,0.0,True,dirichlet,exp(+iwt)_rms,51383,16,2.6404618259631954e-13,-0.0002022326699506,-0.000567192029587,-0.0003435566670012,0.0001012540195488,-6.93556357369159e-05,0.0001324883707239,-1.676248243675454e-05,6.102289268031831e-05,-2.496208846429569e-05,4.728418937454112e-05,-2.107680272415984e-05,3.3779588690125086e-05,-1.8684104367290715e-05,2.714634696011205e-05,-1.718895365871572e-05,2.122482713352281e-05,-1.691620792891972e-05,1.802254557793434e-05,-1.732814535564693e-05,1.4222010375801376e-05,-1.608913820431324e-05,1.1744504270799849e-05,-1.2885730559023917e-05,1.1743530169731044e-05,-1.413240415429674e-05,8.297705113970742e-06,-1.5038269022598077e-05,7.194438941333469e-06,-1.3427163037145918e-05,6.4558247624596085e-06,-1.2137546645172266e-05,6.403564450968019e-06
4996.042170729228,83.97895732461323,-118.36695970737668,440.2605795182024,22.217621003988143,2,1.0,0.0,1.0277861516994932e-05,-5.186692666555831e-07,1.6161418618455556e-14,4,0.0045364608648729,0.0045033682656082,0.0470676174626048,0.0470347098692872,-1.4683304655402464e-05,-2.3463026493013616e-05,-0.1270523806697505,-0.235302682290392,modal_baffled,lossless,0.0,343.0,1.225,1.4,1.81e-05,0.0257,1006.0,1,1.0277861516994932e-05,1.0277861516991267e-05,0.0,0.0,True,dirichlet,exp(+iwt)_rms,51383,16,1.0749963600941183e-13,-0.0003119619272649,-0.0004984961584608,-0.0003243344936184,0.000177814400399,-3.4170626007801274e-05,0.0001396006404681,-5.923462063522911e-06,6.107513245516838e-05,-1.408945042450908e-05,5.210039353088487e-05,-1.319702488904686e-05,3.794575342488568e-05,-1.2350710958040272e-05,3.08385753991158e-05,-1.2117687266096282e-05,2.46060336826788e-05,-1.2490480828556782e-05,2.1398324766971343e-05,-1.3692817367264704e-05,1.7622901496520854e-05,-1.3241968984507993e-05,1.5355705813523456e-05,-1.0121384627464728e-05,1.4586135406433272e-05,-1.1891435392132998e-05,1.1197759727486164e-05,-1.2828514697018927e-05,1.0417730957539502e-05,-1.2033716583365613e-05,9.60205273317087e-06,-1.0346734261226196e-05,8.994915397523228e-06
5037.533813184827,83.79332436014644,-130.3353086968209,450.2296292987076,21.57764698213345,2,1.0,0.0,1.005279239988007e-05,-4.817888283522371e-07,4.6391492650308697e-14,4,0.0045364608648729,0.0045033682656082,0.0470676174626048,0.0470347098692872,-1.8765366223204286e-05,-1.945637066029302e-05,-0.1695978963699179,-0.1997333214751146,modal_baffled,lossless,0.0,343.0,1.225,1.4,1.81e-05,0.0257,1006.0,1,1.005279239988007e-05,1.0052792399879804e-05,0.0,0.0,True,dirichlet,exp(+iwt)_rms,51383,16,3.514187416038417e-13,-0.0003986895287001,-0.0004133706295151,-0.0002824842311412,0.0002525362574583,-2.5587007114871912e-06,0.000135705596183,3.6291330616293066e-06,6.015964906993353e-05,-2.5551609345622783e-06,5.4240702816554834e-05,-4.647481972068426e-06,3.985975598314004e-05,-5.357381115482085e-06,3.2783766493362814e-05,-6.496624699511525e-06,2.6677150613551615e-05,-7.481279806555895e-06,2.360430091410232e-05,-9.536520393359813e-06,2.034262126928439e-05,-9.584376908192216e-06,1.7905602783508443e-05,-6.601816070375436e-06,1.649819982472465e-05,-9.161910275893722e-06,1.3664789637635849e-05,-1.0167089930293988e-05,1.3067631269981337e-05,-9.522370004207728e-06,1.2050067521147847e-05,-8.17585337787709e-06,1.1211034759609318e-05
5079.370039680117,83.69840615701531,-141.93158979598803,459.60257863463966,16.01840626018638,2,1.0,0.0,9.858423914208032e-06,-3.435930229374461e-07,2.3395654800298012e-14,4,0.0045364608648729,0.0045033682656082,0.0470676174626048,0.0470347098692872,-2.1853401911497043e-05,-1.5040716143859464e-05,-0.2030862139869101,-0.159059198763576,modal_baffled,lossless,0.0,343.0,1.225,1.4,1.81e-05,0.0257,1006.0,1,9.858423914208032e-06,9.858423914207634e-06,0.0,0.0,True,dirichlet,exp(+iwt)_rms,51383,16,1.7435997514858766e-13,-0.0004642980267454,-0.000319555502375,-0.0002186149759757,0.0003158134131266,2.1380144398491504e-05,0.0001260316451247,1.242107232522163e-05,5.927419269772512e-05,9.112735145414152e-06,5.400940362054936e-05,3.929979232987e-06,4.007392897603754e-05,1.749959502176831e-06,3.327604246209197e-05,-6.709517134508591e-07,2.7508201314989183e-05,-2.236233067612006e-06,2.4680335140778726e-05,-4.9001437385306364e-06,2.197122152373916e-05,-5.501604944466028e-06,1.958013013310003e-05,-2.8267863526195824e-06,1.7654988735371772e-05,-5.95902179577363e-06,1.5414131396315684e-05,-6.997329422683112e-06,1.491219615414736e-05,-6.592242609411198e-06,1.3879643493747012e-05,-5.519149123800042e-06,1.27709695564376e-05
5121.553711951908,83.66137225073062,-153.38174786533432,465.5099496033928,6.267732358756947,2,1.0,0.0,9.743376319766644e-06,-1.3118704572260444e-07,9.816695980415785e-14,4,0.0045364608648729,0.0045033682656082,0.0470676174626048,0.0470347098692872,-2.413999154190889e-05,-1.035752431013851e-05,-0.228961053798416,-0.1147463974560258,modal_baffled,lossless,0.0,343.0,1.225,1.4,1.81e-05,0.0257,1006.0,1,9.743376319766644e-06,9.743376319772768e-06,0.0,0.0,True,dirichlet,exp(+iwt)_rms,51383,16,7.550097400300402e-13,-0.0005128789780168,-0.0002200562694376,-0.000138628835513,0.0003591978469631,3.843639638295947e-05,0.0001165551067661,2.17111761157661e-05,5.881665292190468e-05,2.067082082576084e-05,5.1726663898041616e-05,1.238416630920542e-05,3.88051839146022e-05,8.802914848290881e-06,3.25118142054562e-05,5.185374259356965e-06,2.7338727352468983e-05,3.058311574337795e-06,2.480379279201537e-05,-3.3277680999056944e-08,2.2713796141092777e-05,-1.1852986481814229e-06,2.0515291570954327e-05,1.0825378714447154e-06,1.805844376641517e-05,-2.465655151874551e-06,1.6534358186052475e-05,-3.5838180933711645e-06,1.6103978305155264e-05,-3.362345266819417e-06,1.5091666344945764e-05,-2.594140736581088e-06,1.3814839622834424e-05
5164.0877155034495,93.45778343942877,-165.2981575632131,468.72212070186544,-3.513616150903552,2,1.0,0.0,9.67781498704057e-06,7.254645245461075e-08,8.477025271530564e-14,4,0.0045364608648729,0.0045033682656082,0.0470676174626048,0.0470347098692872,-2.553051430788977e-05,-5.164465894741787e-06,-0.2466577098058873,-0.0647179164437422,modal_baffled,lossless,0.0,343.0,1.225,1.4,1.81e-05,0.0257,1006.0,1,9.67781498704057e-06,9.6778149870434e-06,0.0,0.0,True,dirichlet,exp(+iwt)_rms,51383,16,6.413068839970012e-13,-0.0005424220660451,-0.0001097243959468,-4.861481783855483e-05,0.0003821797533366,5.0310411406203874e-05,0.0001105060447856,3.240627499699542e-05,5.955124725349557e-05,3.397863256777891e-05,4.6873167859901424e-05,1.931723502505945e-05,3.667450262024079e-05,1.6142844085679085e-05,3.056889061232594e-05,1.092229695834939e-05,2.6428281396730365e-05,7.521461219964714e-06,2.4550669126104524e-05,9.887540135235628e-06,2.130140588011557e-05,7.77438277281766e-07,2.1518254882260286e-05,2.2438916200818788e-06,1.882191121765853e-05,3.086770096273122e-06,1.699162414657674e-05,7.911403889415415e-07,1.627999941343789e-05,-1.6226855952792935e-06,1.6289110119071352e-05,3.0982518550661986e-06,1.355933998747306e-05
5206.974959801818,83.73530122577094,-176.88161216529036,460.2388353114086,-16.629372756925594,2,1.0,0.0,9.843902286747088e-06,3.5568037277494774e-07,8.879519493980676e-15,4,0.0045364608648729,0.0045033682656082,0.0470676174626048,0.0470347098692872,-2.645716168333224e-05,-2.5153871191692542e-08,-0.2586010537886077,-0.0140885697039837,modal_baffled,lossless,0.0,343.0,1.225,1.4,1.81e-05,0.0257,1006.0,1,9.843902286747088e-06,9.843902286747344e-06,0.0,0.0,True,dirichlet,exp(+iwt)_rms,51383,16,4.9969050915182396e-14,-0.0005621096437344,-5.344198952002881e-07,3.378875163901464e-05,0.0003761893236438,7.17811725316146e-05,0.0001087803707525,4.7092887701098985e-05,5.500100230464463e-05,4.347237795806229e-05,4.03755324613241e-05,2.926039413636736e-05,3.159342609057532e-05,2.290699553000365e-05,2.710828242339872e-05,1.7210850169549977e-05,2.380810897086493e-05,1.4074333218389043e-05,2.216867813541583e-05,1.020171694524985e-05,2.145015874845384e-05,8.332687314617642e-06,1.985706723454578e-05,9.394134964077991e-06,1.6549628016301e-05,5.428757706153308e-06,1.6613204808170672e-05,3.906107532264018e-06,1.664138328929728e-05,3.844043227184616e-06,1.549146357723144e-05,3.946992037744633e-06,1.4254857354364907e-05
5250.218378476928,84.08596835441185,170.6046280478341,449.8502105559488,-23.14424373793255,2,1.0,0.0,1.0057758233395958e-05,5.174593732505603e-07,5.1213045057978586e-14,4,0.0045364608648729,0.0045033682656082,0.0470676174626048,0.0470347098692872,-2.614260529861642e-05,5.679571787557023e-06,-0.2587787322612635,0.0428190659689011,modal_baffled,lossless,0.0,343.0,1.225,1.4,1.81e-05,0.0257,1006.0,1,1.0057758233395958e-05,1.005775823339532e-05,0.0,0.0,True,dirichlet,exp(+iwt)_rms,51383,16,3.036589380443706e-13,-0.0005554265694325,0.0001206683510604,0.0001128212323871,0.000355794174793,9.900093866839252e-05,0.0001041773270628,6.348220474926045e-05,4.716842055832621e-05,5.4113420925355445e-05,2.987953763390869e-05,3.7325425742647055e-05,2.469563864323102e-05,2.976865071125098e-05,2.1713496375577547e-05,2.3334204862616892e-05,1.9718820506212012e-05,1.968404444194391e-05,1.8814302530375968e-05,1.551201960892446e-05,1.8906499261150307e-05,1.321163327421426e-05,1.780310216349001e-05,1.3500671613377276e-05,1.425406567049275e-05,9.685302993300408e-06,1.5089311595844767e-05,8.113051545968972e-06,1.5545499973654096e-05,7.608011282130218e-06,1.4343584698343465e-05,7.556393319776169e-06,1.313638468645795e-05
5293.820929522205,83.97620335277226,157.61004797317614,437.9103081284803,-24.29701902854902,2,1.0,0.0,1.032754483980552e-05,5.73013580254263e-07,3.572346143382196e-14,4,0.0045364608648729,0.0045033682656082,0.0470676174626048,0.0470347098692872,-2.4461046236241857e-05,1.140949133103788e-05,-0.2449794932028285,0.1009230036286505,modal_baffled,lossless,0.0,343.0,1.225,1.4,1.81e-05,0.0257,1006.0,1,1.032754483980552e-05,1.032754483981355e-05,0.0,0.0,True,dirichlet,exp(+iwt)_rms,51383,16,2.398341169621351e-13,-0.000519700115598,0.0002424063920401,0.0001838196439973,0.0003236030164162,0.0001334823468384,8.758941944615112e-05,7.951668914587067e-05,3.197971059343497e-05,6.206784577763718e-05,1.5350934801618986e-05,4.38273544762952e-05,1.4894346860558932e-05,3.551321946782559e-05,1.396453136405494e-05,2.8615409136303087e-05,1.359421212285896e-05,2.4505763574749115e-05,1.3628420662540684e-05,2.034000403100018e-05,1.459923052100424e-05,1.801889417301527e-05,1.4001861159013818e-05,1.7439034160937453e-05,1.0610840387142884e-05,1.3606020598337069e-05,1.228660396003184e-05,1.178101292147262e-05,1.3078971074475354e-05,1.128292759717024e-05,1.2031057261649927e-05,1.102913419105455e-05,1.1024415455236936e-05
5337.785595496919,86.98914992422411,144.2584426582353,425.337863617509,-17.87830172337262,2,1.0,0.0,1.064673621491e-05,4.475161482225576e-07,2.235542150993308e-14,4,0.0045364608648729,0.0045033682656082,0.0470676174626048,0.0470347098692872,-2.1475849748161355e-05,1.683787589225553e-05,-0.2173777994084173,0.1564409970777559,modal_baffled,lossless,0.0,343.0,1.225,1.4,1.81e-05,0.0257,1006.0,1,1.064673621491e-05,1.0646736214910056e-05,0.0,0.0,True,dirichlet,exp(+iwt)_rms,51383,16,1.4700601951238824e-13,-0.000456276542258,0.0003577380118216,0.0002483904353161,0.0002779014313049,0.0001654767831094,5.377517060125425e-05,9.111356994646357e-05,1.0086094863977364e-05,6.555865926039012e-05,-1.918132260949169e-06,4.745435373236219e-05,2.818754627932159e-06,3.856377261536566e-05,4.425049002103725e-06,3.1576758656918744e-05,5.300744495057708e-06,2.78172235245709e-05,7.566286197801216e-06,2.4608848341349834e-05,8.592514730843982e-06,2.122011920834255e-05,8.61177690187142e-06,1.9278269427630428e-05,5.388575164934503e-06,1.6793155797997746e-05,8.0437151900121e-06,1.5528608821415907e-05,1.0187194759399393e-05,1.4978315487238193e-05,8.26917629944422e-06,1.3903305616849104e-05,7.236234210153667e-06
5382.115383730213,84.41408647635994,130.55259846611335,419.9967823128858,-9.329412576327355,2,1.0,0.0,1.079585315795672e-05,2.398089044143962e-07,3.2604119696687454e-14,4,0.0045364608648729,0.0045033682656082,0.0470676174626048,0.0470347098692872,-1.69161123323004e-05,2.126376757393201e-05,-0.1731607328860336,0.2023686866376108,modal_baffled,lossless,0.0,343.0,1.225,1.4,1.81e-05,0.0257,1006.0,1,1.079585315795672e-05,1.0795853157957714e-05,0.0,0.0,True,dirichlet,exp(+iwt)_rms,51383,16,2.189586234897555e-13,-0.0003594002255529,0.0004517706380788,0.0003083062344819,0.0002206653339215,0.0001844089344107,-7.19436094510956e-07,9.199569346434978e-05,-1.75898041348143e-05,6.202871466996903e-05,-2.026157816744775e-05,4.6154589443516e-05,-1.049466206529611e-05,3.844109128465012e-05,-6.746957221784416e-06,3.212974774613112e-05,-3.709647528583057e-06,2.857082461211537e-05,-1.250159646032881e-06,2.517802327729448e-05,1.7535802185624382e-06,2.2724309846940448e-05,2.362963502651928e-06,2.0725755201182703e-05,-2.663193989639707e-07,1.7891180515861585e-05,3.089430996563124e-06,1.6919042376817084e-05,5.009341446906307e-06,1.5894807601492995e-05,4.275407644089497e-06,1.527530541511877e-05,3.2429768359299342e-06
5426.813326526783,84.12887633180623,116.8854205639462,418.60458431598187,1.9318304811227935,2,1.0,0.0,1.0836871886502025e-05,-5.0011395514399324e-08,1.0811605088627803e-14,4,0.0045364608648729,0.0045033682656082,0.0470676174626048,0.0470347098692872,-1.147167889638857e-05,2.451833118080327e-05,-0.1196421729236144,0.2359764076278289,modal_baffled,lossless,0.0,343.0,1.225,1.4,1.81e-05,0.0257,1006.0,1,1.0836871886502025e-05,1.0836871886502043e-05,0.0,0.0,True,dirichlet,exp(+iwt)_rms,51383,16,7.08362011941422e-14,-0.0002437276309025,0.0005209171932333,0.0003544961567172,0.000145499101652,0.0001777513478435,-5.851849131860128e-05,8.393343212689282e-05,-4.362016353020701e-05,5.3339847812774126e-05,-3.581013395148819e-05,4.102920838223595e-05,-2.227816688802423e-05,3.471077108627202e-05,-1.6659357995663452e-05,2.94098713434654e-05,-1.2173740154973674e-05,2.6707544607673625e-05,-8.888702693005829e-06,2.4195363751897748e-05,-5.016104419403617e-06,2.1955443100951658e-05,-3.843985462566429e-06,1.951863182133176e-05,-5.919771486012813e-06,1.7534780100729076e-05,-1.849006587237682e-06,1.7085856542527982e-05,3.127760022174734e-07,1.586033430701688e-05,-2.7664328420695114e-08,1.5109658650664388e-05,-1.0542284602180463e-06
5471.88248137434,84.20391328620406,103.3929988512639,421.77881646876017,11.753767402168805,2,1.0,0.0,1.074719855366054e-05,-2.994936376422003e-07,3.8944821952449104e-14,4,0.0045364608648729,0.0045033682656082,0.0470676174626048,0.0470347098692872,-5.477374229399184e-06,2.6345622122118567e-05,-0.0606903823024604,0.2548897121820549,modal_baffled,lossless,0.0,343.0,1.225,1.4,1.81e-05,0.0257,1006.0,1,1.074719855366054e-05,1.0747198553658548e-05,0.0,0.0,True,dirichlet,exp(+iwt)_rms,51383,16,2.331670647789057e-13,-0.0001163724557282,0.0005597398709006,0.0003805165470077,5.855209925479164e-05,0.0001492095513914,-0.0001080749172469,6.819143485395909e-05,-6.415968216810962e-05,4.106016248484044e-05,-4.710533747681749e-05,3.300914465909174e-05,-3.137845068264276e-05,2.850216194637429e-05,-2.4470856911679487e-05,2.448910641543527e-05,-1.893147066555498e-05,2.2778074490866865e-05,-1.5259809692490723e-05,2.136198564463593e-05,-1.0734035867108275e-05,1.949454163557877e-05,-8.92351550138418e-06,1.673010996233834e-05,-1.055597344373266e-05,1.58174880570096e-05,-6.009914198301333e-06,1.5982081013981697e-05,-3.778328102977081e-06,1.475117621872806e-05,-3.776307030654797e-06,1.3774854188694292e-05,-4.796740892355417e-06
5517.325931152727,89.22935580315664,89.99424152368955,426.35202044791777,16.840171266885218,2,1.0,0.0,1.0623602740239469e-05,-4.1961403027721365e-07,3.5496630171374176e-14,4,0.0045364608648729,0.0045033682656082,0.0470676174626048,0.0470347098692872,7.491268802628079e-07,2.674842189908449e-05,2.6071615094539577e-05,0.2594077711606113,modal_baffled,lossless,0.0,343.0,1.225,1.4,1.81e-05,0.0257,1006.0,1,1.0623602740239469e-05,1.0623602740239582e-05,0.0,0.0,True,dirichlet,exp(+iwt)_rms,51383,16,2.405216165216648e-13,1.591597197070763e-05,0.0005682977669378,0.0003863291666985,-2.87501135919402e-05,0.000105407292363,-0.0001426645391342,4.645738616003383e-05,-7.86277275949275e-05,2.8271149811251757e-05,-5.316237276116162e-05,2.266901548749443e-05,-3.872082032355634e-05,2.0668093201692572e-05,-2.895219805833925e-05,1.899418230135913e-05,-2.364193014127976e-05,1.6697902911254166e-05,-2.018795424183052e-05,1.860519645377676e-05,-1.432501256237953e-05,1.5908447850485352e-05,-1.263129476087168e-05,1.2947409415225004e-05,-1.4547998712253076e-05,1.3161847655717788e-05,-9.859372875337418e-06,1.3757331753680509e-05,-6.663966659569605e-06,1.467294499892642e-05,-5.83647635564113e-06,9.166312439124369e-06,-1.0595722335442228e-05
5563.146784344801,84.38024042566482,76.9176919322517,436.4858159165666,22.41363159951277,2,1.0,0.0,1.0365813105284366e-05,-5.322865204299233e-07,4.36204549664296e-14,4,0.0045364608648729,0.0045033682656082,0.0470676174626048,0.0470347098692872,6.731061643361468e-06,2.575393999797158e-05,0.0582074514375622,0.2504819618712072,modal_baffled,lossless,0.0,343.0,1.225,1.4,1.81e-05,0.0257,1006.0,1,1.0365813105284366e-05,1.0365813105284024e-05,0.0,0.0,True,dirichlet,exp(+iwt)_rms,51383,16,3.0005104694289123e-13,0.0001430083357992,0.0005471689748994,0.0003621208748992,-0.0001187061901552,6.220397145655057e-05,-0.0001562182645169,2.658654977220918e-05,-8.641334853647296e-05,1.3901129457753002e-05,-5.744708846815583e-05,1.402279187709981e-05,-4.078663215421428e-05,1.3034680193044398e-05,-3.3136386333818786e-05,1.2106568936635334e-05,-2.656887892584548e-05,1.2280925083714853e-05,-2.2609414416504327e-05,1.3118582610822898e-05,-1.8253444478765272e-05,1.2315358965460546e-05,-1.6028692974132988e-05,9.301439529413368e-06,-1.6147986524980535e-05,1.05176800876562e-05,-1.1654128631822542e-05,1.1663592527457765e-05,-1.011151557844528e-05,1.0875264610448684e-05,-9.62156069662906e-06,9.289813971878691e-06,-9.805477670814724e-06
5609.348175249064,83.79640826935503,63.640687757016366,445.5514571254142,23.134072163107497,2,1.0,0.0,1.0154301369773856e-05,-5.272350407512346e-07,4.598808897039454e-14,4,0.0045364608648729,0.0045033682656082,0.0470676174626048,0.0470347098692872,1.2431470366212985e-05,2.3412748549545376e-05,0.1133417111786688,0.2287331006624023,modal_baffled,lossless,0.0,343.0,1.225,1.4,1.81e-05,0.0257,1006.0,1,1.0154301369773856e-05,1.0154301369773353e-05,0.0,0.0,True,dirichlet,exp(+iwt)_rms,51383,16,3.1724079553690074e-13,0.0002641193890064,0.000497427951779,0.0003219481172894,-0.0001973974658234,1.9099748002199857e-05,-0.0001556640257253,4.901168861543937e-06,-8.908676914139877e-05,5.533387899137982e-07,-5.801132883509795e-05,4.26766604230081e-06,-4.209940702863495e-05,4.976312197085065e-06,-3.448328043190778e-05,5.497968812075974e-06,-2.7930395374014844e-05,6.555525633719406e-06,-2.4197966931835255e-05,8.336989323459832e-06,-2.0191025604014765e-05,7.958415437735264e-06,-1.7689132201442515e-05,5.059564862310729e-06,-1.7232121876240268e-05,7.417995737395956e-06,-1.3283693485056708e-05,8.762519262216608e-06,-1.2010955148892376e-05,8.05466898587829e-06,-1.1348495024536116e-05,6.484107932073964e-06,-1.1222924819454757e-05
5655.933264194065,84.17869880783141,50.36548121381105,452.72653732020746,20.622799443698334,2,1.0,0.0,9.999562018855285e-06,-4.555044713312658e-07,4.078921978610132e-14,4,0.0045364608648729,0.0045033682656082,0.0470676174626048,0.0470347098692872,1.746543564873014e-05,1.985714018384052e-05,0.1621188120960765,0.1957277686503375,modal_baffled,lossless,0.0,343.0,1.225,1.4,1.81e-05,0.0257,1006.0,1,9.999562018855285e-06,9.999562018855308e-06,0.0,0.0,True,dirichlet,exp(+iwt)_rms,51383,16,2.8135894236948243e-13,0.000371071165066,0.0004218853907278,0.0002676981706703,-0.0002626324804918,-1.3429557102263348e-05,-0.0001454868587548,-1.7022098741339995e-05,-8.823743867121013e-05,-1.2154834103083163e-05,-5.666806925565109e-05,-5.213131582508416e-06,-4.184134482252091e-05,-2.7790295177503456e-06,-3.451914148416744e-05,-9.02875372981451e-07,-2.8320710860771485e-05,1.0005710923030709e-06,-2.487550732883572e-05,3.863553941379583e-06,-2.163659589196192e-05,3.744968537346868e-06,-1.876020094924196e-05,9.16500065519846e-07,-1.7707486831376476e-05,4.166609426419035e-06,-1.476501978948806e-05,5.920427535617386e-06,-1.328259702588628e-05,5.481049898044989e-06,-1.2663694048304748e-05,4.058846446443013e-06,-1.2017970206555403e-05
5702.90523775457,83.67886515030997,36.821023016251786,458.191174973387,15.333496246600316,2,1.0,0.0,9.889727912330307e-06,-3.309625198093855e-07,1.4495798450129117e-13,4,0.0045364608648729,0.0045033682656082,0.0470676174626048,0.0470347098692872,2.16710702879488e-05,1.5174618334431054e-05,0.2032202152598401,0.1521444727449008,modal_baffled,lossless,0.0,343.0,1.225,1.4,1.81e-05,0.0257,1006.0,1,9.889727912330307e-06,9.88972791232933e-06,0.0,0.0,True,dirichlet,exp(+iwt)_rms,51383,16,9.94291790726209e-13,0.0004604242036505,0.000322400392297,0.0002016544063056,-0.0003125817439979,-4.029031559405924e-05,-0.0001304590746568,-3.729119714204863e-05,-8.20675929612969e-05,-2.473385267776534e-05,-5.3027824340025927e-05,-1.44885735699817e-05,-3.9860586192018064e-05,-1.0493088256484577e-05,-3.310564726165098e-05,-7.141364796378837e-06,-2.7369579382253852e-05,-4.624420594340077e-06,-2.4368366692059426e-05,-1.204470622283788e-06,-2.158530644995776e-05,-3.730690912869392e-07,-1.903181717627955e-05,-2.8652194422001405e-06,-1.7387372520548698e-05,9.742297782013223e-07,-1.507977617571329e-05,2.759108683986337e-06,-1.4368914824038345e-05,2.427036028519033e-06,-1.3541663355239213e-05,1.1634629302716748e-06,-1.260377643804435e-05
5750.267308969541,83.7297588278941,23.064903039109524,460.6585064743067,9.17549006561348,2,1.0,0.0,9.843868598500736e-06,-1.960721820248981e-07,4.2691738204118095e-14,4,0.0045364608648729,0.0045033682656082,0.0470676174626048,0.0470347098692872,2.4638870639517417e-05,9.51712650972445e-06,0.2331665982729874,0.0992852132256876,modal_baffled,lossless,0.0,343.0,1.225,1.4,1.81e-05,0.0257,1006.0,1,9.843868598500736e-06,9.843868598501312e-06,0.0,0.0,True,dirichlet,exp(+iwt)_rms,51383,16,2.917255619290682e-13,0.000523478178157,0.0002022011527837,0.0001298560904949,-0.0003489325122058,-5.883614471330263e-05,-0.0001170949717071,-5.7676839173909366e-05,-7.11942807090362e-05,-3.726556837212776e-05,-4.691048443502162e-05,-2.376120655249941e-05,-3.6073920214564255e-05,-1.8066754265092942e-05,-3.020103624754873e-05,-1.3637135212477613e-05,-2.530364309184791e-05,-1.0126800615710171e-05,-2.301840899689785e-05,-6.211525277103572e-06,-2.0939906945613907e-05,-4.817090368899983e-06,-1.8503257719884596e-05,-6.718587132042355e-06,-1.643633534068727e-05,-2.6560529951239456e-06,-1.517323127785227e-05,-5.550485150390208e-07,-1.47621302040518e-05,-7.286475516419139e-07,-1.3934439617766446e-05,-1.8688630227054725e-06,-1.2655176231726528e-05
5798.022717561909,83.8026813393944,9.093920609303584,459.9957906606581,3.5016440799887434,2,1.0,0.0,9.861390244607704e-06,-7.50682494744025e-08,7.7709981276759e-14,4,0.0045364608648729,0.0045033682656082,0.0470676174626048,0.0470347098692872,2.6089789886170056e-05,3.233283013465599e-06,0.2492977782540019,0.0399039044796763,modal_baffled,lossless,0.0,343.0,1.225,1.4,1.81e-05,0.0257,1006.0,1,9.861390244607704e-06,9.86139024460753e-06,0.0,0.0,True,dirichlet,exp(+iwt)_rms,51383,16,5.300107703214027e-13,0.0005543044516093,6.869442703434982e-05,5.079539457375504e-05,-0.0003735316130227,-7.624686524757041e-05,-0.0001062365466853,-7.598864290903468e-05,-5.395801742132538e-05,-4.917844358501161e-05,-3.704743821573564e-05,-3.269238852897996e-05,-2.9731729976246032e-05,-2.5347140351430425e-05,-2.5304551069150256e-05,-1.978375803027435e-05,-2.1553253558701025e-05,-1.587400311691497e-05,-2.0109298376534512e-05,-1.1237512688091933e-05,-1.894776218262896e-05,-9.20838488311891e-06,-1.7113417811661882e-05,-1.0690330264641164e-05,-1.472261057415964e-05,-6.368956758752503e-06,-1.4246927999233671e-05,-4.248949520595082e-06,-1.439379550121183e-05,-4.009696363560607e-06,-1.3493074598356156e-05,-4.919291484898154e-06,-1.203228714619429e-05
5846.174730160194,83.72351729061927,-4.720579234237224,457.34376521064,-2.4408625451510075,2,1.0,0.0,9.91886628184423e-06,5.293739860335492e-08,5.940239651581363e-14,4,0.0045364608648729,0.0045033682656082,0.0470676174626048,0.0470347098692872,2.590510308920993e-05,-3.085407986184369e-06,0.2500885873703998,-0.0206514601472832,modal_baffled,lossless,0.0,343.0,1.225,1.4,1.81e-05,0.0257,1006.0,1,9.91886628184423e-06,9.918866281844344e-06,0.0,0.0,True,dirichlet,exp(+iwt)_rms,51383,16,3.9689073536104004e-13,0.0005503805904301,-6.555266980819075e-05,-3.398102990317951e-05,-0.0003829717155024,-9.599787458497428e-05,-9.685149492447224e-05,-8.859535218753304e-05,-3.044070834640617e-05,-5.862686252268468e-05,-2.3613948913464256e-05,-3.989525573930985e-05,-2.0832111013835656e-05,-3.156587414383866e-05,-1.8433483153430856e-05,-2.5020025396846367e-05,-1.615651277162749e-05,-2.047563396193126e-05,-1.575196030322682e-05,-1.6018781604439236e-05,-1.5678543277047672e-05,-1.3408343633408517e-05,-1.444469358120122e-05,-1.4142838881255049e-05,-1.1803689753320282e-05,-1.0041110475229504e-05,-1.2353578011955202e-05,-7.708848531786959e-06,-1.294855292820561e-05,-7.750197176452404e-06,-1.2108847306747548e-05,-7.874711164660321e-06,-1.0615835872369768e-05
5894.726640521943,84.13184260772138,-18.6614139476005,452.4134194598153,-4.277602847142482,2,1.0,0.0,1.0026350133459176e-05,9.479989326696326e-08,1.439105864531071e-14,4,0.0045364608648729,0.0045033682656082,0.0470676174626048,0.0470347098692872,2.4237575691637555e-05,-9.159574735643798e-06,0.2364120781757772,-0.0798436605595204,modal_baffled,lossless,0.0,343.0,1.225,1.4,1.81e-05,0.0257,1006.0,1,1.0026350133459176e-05,1.0026350133457889e-05,0.0,0.0,True,dirichlet,exp(+iwt)_rms,51383,16,8.75899298079788e-14,0.0005149522537633,-0.0001946045971611,-0.0001276284816655,-0.0003720870783946,-0.0001214494946793,-8.082036044193453e-05,-9.207225187146931e-05,-3.012158878565282e-06,-6.348418737495422e-05,-6.678116233799101e-06,-4.443014014275013e-05,-9.509823435490609e-06,-3.56047448090844e-05,-9.584397248295333e-06,-2.8797735005168378e-05,-8.79004602905739e-06,-2.3866952349295956e-05,-9.874107489080542e-06,-1.942675317596192e-05,-1.0906662977951613e-05,-1.6819879860766605e-05,-1.0532212663655798e-05,-1.68231943161601e-05,-7.878419067701352e-06,-1.283172196571404e-05,-9.214728539699258e-06,-1.0826473983470865e-05,-1.0558915321743951e-05,-1.1071419107745034e-05,-9.890979232371808e-06,-1.0628974670906373e-05,-8.114846219524524e-06
5943.681769759038,83.86734186921029,-32.584713942768644,446.2633647954389,-2.5230086611229607,2,1.0,0.0,1.0165109273964469e-05,5.7469783008582334e-08,1.0085903819154359e-13,4,0.0045364608648729,0.0045033682656082,0.0470676174626048,0.0470347098692872,2.125803867510073e-05,-1.4643274644722633e-05,0.2096675666861867,-0.1340092005784657,modal_baffled,lossless,0.0,343.0,1.225,1.4,1.81e-05,0.0257,1006.0,1,1.0165109273964469e-05,1.0165109273963931e-05,0.0,0.0,True,dirichlet,exp(+iwt)_rms,51383,16,6.546363517797674e-13,0.0004516489217239,-0.0003111114484678,-0.0002216319962961,-0.0003347511110884,-0.0001465679803514,-5.5025704686028825e-05,-8.58307506782913e-05,2.2571229123502497e-05,-6.34332297391806e-05,1.137185196606123e-05,-4.546019943605175e-05,2.5996755932427666e-06,-3.697982463958023e-05,3.070341536984572e-07,-2.9927610707130425e-05,-1.1954369740286525e-06,-2.5977214147425093e-05,-2.929997072396093e-06,-2.1742970288892323e-05,-5.48737371273192e-06,-1.89112097877552e-05,-5.853564241807998e-06,-1.856142676369899e-05,-2.9050585842045483e-06,-1.4901073343041084e-05,-5.31678761904027e-06,-1.3273232690622136e-05,-7.40694778672189e-06,-1.2850709153489328e-05,-6.503675628633335e-06,-1.2351375797634668e-05,-5.133982438000883e-06
5993.043466564872,84.12094402747543,-46.78278692811125,443.4746180451129,2.320680126558607,2,1.0,0.0,1.0229078414747052e-05,-5.3528247219096286e-08,5.266247884840164e-14,4,0.0045364608648729,0.0045033682656082,0.0470676174626048,0.0470347098692872,1.701260468362484e-05,-1.936878602247997e-05,0.1701431378598377,-0.1810749944830196,modal_baffled,lossless,0.0,343.0,1.225,1.4,1.81e-05,0.0257,1006.0,1,1.0229078414747052e-05,1.0229078414746606e-05,0.0,0.0,True,dirichlet,exp(+iwt)_rms,51383,16,3.327600511949298e-13,0.000361450304918,-0.0004115098036961,-0.0003025428813568,-0.0002678767235654,-0.0001656006410313,-1.6472143040877328e-05,-7.148985196258602e-05,4.267242136879204e-05,-5.7532441290688816e-05,2.815187126126713e-05,-4.285247290471495e-05,1.4400326348288595e-05,-3.536289664229435e-05,9.857009228427447e-06,-2.9006503380014985e-05,6.703213121415011e-06,-2.571293263020937e-05,3.766782168252101e-06,-2.226234930427724e-05,2.5392840371893e-07,-1.9724078435293718e-05,-7.357934001073785e-07,-1.860637337934612e-05,2.00043668824526e-06,-1.5545127470813792e-05,-1.0787277102156598e-06,-1.4541407040780918e-05,-3.4774973904197084e-06,-1.3866395657033148e-05,-2.613486282591219e-06,-1.2967342904648984e-05,-1.394919821674445e-06
6042.815107443416,83.96230467616589,-61.23870089682012,443.5502448772177,9.472486644148422,2,1.0,0.0,1.0222951886607446e-05,-2.1832199695091365e-07,2.4116631533483952e-14,4,0.0045364608648729,0.0045033682656082,0.0470676174626048,0.0470347098692872,1.1635241922485162e-05,-2.2967210107403364e-05,0.119334865138167,-0.2174170498594621,modal_baffled,lossless,0.0,343.0,1.225,1.4,1.81e-05,0.0257,1006.0,1,1.0222951886607446e-05,1.0222951886607774e-05,0.0,0.0,True,dirichlet,exp(+iwt)_rms,51383,16,1.4631315821623527e-13,0.0002472026958179,-0.0004879620287908,-0.0003609180948932,-0.0001805069369897,-0.0001710570789476,3.162992593227782e-05,-5.386663205916696e-05,5.44212948327038e-05,-4.713703465264143e-05,4.225391541686878e-05,-3.715811967461984e-05,2.4832172105269752e-05,-3.1237749575926244e-05,1.8509300794218e-05,-2.599744062569468e-05,1.3724395049236883e-05,-2.3438396258577768e-05,1.034599068883041e-05,-2.108728190980233e-05,5.862559141930169e-06,-1.9031243518715644e-05,4.193074549897271e-06,-1.7283845048306826e-05,6.743543306833589e-06,-1.518152687054234e-05,2.845965033966666e-06,-1.4782916946123224e-05,1.0997449024835713e-07,-1.399212178001352e-05,8.384148049253571e-07,-1.2869860051035618e-05,1.7774858024942942e-06
6093.000096940159,84.52557465098462,-75.47823308420234,446.5996891132653,12.186980646100066,2,1.0,0.0,1.0150220406385049e-05,-2.769830402073835e-07,1.6973070966884766e-13,4,0.0045364608648729,0.0045033682656082,0.0470676174626048,0.0470347098692872,5.600794369553763e-06,-2.506939663422913e-05,0.0620428538063936,-0.239526485005872,modal_baffled,lossless,0.0,343.0,1.225,1.4,1.81e-05,0.0257,1006.0,1,1.0150220406385049e-05,1.0150220406350896e-05,0.0,0.0,True,dirichlet,exp(+iwt)_rms,51383,16,5.727761823987637e-13,0.0001189946436953,-0.0005326251462408,-0.0003896962523737,-8.773384221261608e-05,-0.0001621705230105,8.023333603464793e-05,-3.885062294820092e-05,5.903233128656844e-05,-3.4559717686373816e-05,5.26494567799025e-05,-3.0412239079218167e-05,3.318314670666236e-05,-2.5775748427166975e-05,2.5487822948930957e-05,-2.1277367412597064e-05,1.969453878662548e-05,-2.0304191421626967e-05,1.554501809086594e-05,-1.8934366761016036e-05,1.0814038777371508e-05,-1.7768376654248613e-05,9.09937868720886e-06,-1.5670973128492678e-05,1.0782160440817191e-05,-1.3082646814687486e-05,5.913253709526234e-06,-1.5071348802772168e-05,3.955253048083931e-06,-1.3897669974913246e-05,3.989885275422309e-06,-1.2071071421865872e-05,4.7720945821814536e-06
6143.601867875024,83.75790767956249,-90.38876308937004,454.15994017215615,17.153053875706977,2,1.0,0.0,9.974457273182511e-06,-3.767227970899014e-07,8.00761509737911e-14,4,0.0045364608648729,0.0045033682656082,0.0470676174626048,0.0470347098692872,-1.050204578479007e-06,-2.5512036623921973e-05,-0.0016683109001979,-0.245871352495113,modal_baffled,lossless,0.0,343.0,1.225,1.4,1.81e-05,0.0257,1006.0,1,9.974457273182511e-06,9.974457273183174e-06,0.0,0.0,True,dirichlet,exp(+iwt)_rms,51383,16,5.034273534363588e-13,-2.231267769849181e-05,-0.0005420294886222,-0.0003941452918367,1.2712322222836356e-05,-0.0001327664493368,0.0001238258765725,-2.611372093688191e-05,5.998528318453421e-05,-1.8995036935395887e-05,5.921525546501786e-05,-2.072146708557023e-05,3.931743344690074e-05,-1.8372115480870356e-05,3.089487488582687e-05,-1.580254272826256e-05,2.421321572108376e-05,-1.5635278394031e-05,1.998710911055747e-05,-1.5565222504941986e-05,1.506809240222837e-05,-1.453487644468318e-05,1.2973637676798785e-05,-1.2058276152460198e-05,1.408991274965852e-05,-1.1611004070309176e-05,9.20526902158406e-06,-1.298014768044811e-05,7.405164166004411e-06,-1.163979656581158e-05,7.158922324259077e-06,-1.02996280478782e-05,7.536969523050096e-06
6194.623881577165,83.6644651368724,-105.27170390927658,462.8975711089385,17.38858565967207,2,1.0,0.0,9.786330182773628e-06,-3.676200768764576e-07,7.755147684222214e-14,4,0.0045364608648729,0.0045033682656082,0.0470676174626048,0.0470347098692872,-7.5191554139741555e-06,-2.4135441111269285e-05,-0.0641715112111746,-0.235027512802851,modal_baffled,lossless,0.0,343.0,1.225,1.4,1.81e-05,0.0257,1006.0,1,9.786330182773628e-06,9.786330182774852e-06,0.0,0.0,True,dirichlet,exp(+iwt)_rms,51383,16,4.916969079243084e-13,-0.0001597521994808,-0.0005127822994321,-0.0003761973571949,0.0001046547115032,-9.254248240713272e-05,0.0001561466263479,-1.7880985183110443e-05,6.147658779569774e-05,-2.5238557088700023e-06,6.186334624399632e-05,-1.038215206375149e-05,4.336251515847164e-05,-1.0201488234123575e-05,3.457469627152278e-05,-9.413255991240754e-06,2.7420294863156476e-05,-1.0096548425034474e-05,2.327241535733629e-05,-1.1404453534061402e-05,1.8505382905753816e-05,-1.0818101250996106e-05,1.624097473086413e-05,-8.209577885953251e-06,1.6676932806230622e-05,-9.04101589262837e-06,1.1813111026613578e-05,-1.0711083129537069e-05,1.0504659919707857e-05,-9.658632011950624e-06,9.91016600806468e-06,-8.081016155674567e-06,9.82927821995127e-06
6246.069628121732,83.67373849668442,-120.1056754467443,471.49405049762265,13.08161393082516,2,1.0,0.0,9.61405863004337e-06,-2.667422911780291e-07,6.10304738524226e-14,4,0.0045364608648729,0.0045033682656082,0.0470676174626048,0.0470347098692872,-1.3259089656324333e-05,-2.1064813293018147e-05,-0.1205672130716822,-0.2079418810613768,modal_baffled,lossless,0.0,343.0,1.225,1.4,1.81e-05,0.0257,1006.0,1,9.61405863004337e-06,9.614058630045109e-06,0.0,0.0,True,dirichlet,exp(+iwt)_rms,51383,16,3.821901441935178e-13,-0.0002817030130505,-0.0004475436495113,-0.0003422581489069,0.0001893244219953,-4.615076534260274e-05,0.0001732173083353,-1.030494807034618e-05,6.67895651517427e-05,1.455700007020196e-05,6.005293753623223e-05,8.428230556882644e-07,4.523130868729738e-05,-1.1786510318109182e-06,3.636071999813045e-05,-2.143296242250188e-06,2.921961801965333e-05,-4.040472714813548e-06,2.5356825096814232e-05,-6.193805682496665e-06,2.0852273440620383e-05,-6.469557965473873e-06,1.8776155972322054e-05,-3.963974856482969e-06,1.857365585213857e-05,-5.74149554078897e-06,1.3777537559248344e-05,-7.750101658225546e-06,1.3116928049716558e-05,-6.7901948892638205e-06,1.2031621384586266e-05,-5.445954804959671e-06,1.1766075455785895e-05
6297.942626568615,100.96826052658848,-135.54228495695787,488.1234551763216,6.132882739461681,2,1.0,0.0,9.292208369833574e-06,-1.1674920292909973e-07,6.044687634333643e-14,4,0.0045364608648729,0.0045033682656082,0.0470676174626048,0.0470347098692872,-1.766311892239685e-05,-1.6118852059437828e-05,-0.1655542991522513,-0.1624497602115253,modal_baffled,lossless,0.0,343.0,1.225,1.4,1.81e-05,0.0257,1006.0,1,9.292208369833574e-06,9.292208369833911e-06,0.0,0.0,True,dirichlet,exp(+iwt)_rms,51383,16,3.8089605541947145e-13,-0.0003752711497757,-0.0003424616100919,-0.0002941566379344,0.0002706893439091,2.48993236748875e-06,0.0001729814043126,8.976907981846363e-06,7.0475812262964e-05,3.0005202603524383e-05,5.214861287662406e-05,1.271050005281054e-05,4.4162297035494496e-05,9.44774756967028e-06,3.5156372159433635e-05,6.283786348390259e-06,2.9110655187344016e-05,6.85085571139573e-06,2.2039015828293364e-05,7.136116145854034e-06,1.4726772474324575e-05,1.5676544884043148e-06,1.6542295675071807e-05,4.060578563548162e-06,1.611772319931278e-05,3.544975068843189e-06,1.0448033590732855e-05,-1.7751827044554578e-06,1.3180089620845353e-05,-4.315105771501137e-06,1.5231194722870354e-05,-7.242670891923722e-06,1.84553347984912e-05
6350.246425203149,83.71929692069166,-148.87819194023592,477.2854265370032,-5.2206050964097,2,1.0,0.0,9.503575689225308e-06,1.0395124786706309e-07,1.676650749212436e-13,4,0.0045364608648729,0.0045033682656082,0.0470676174626048,0.0470347098692872,-2.1011290706077503e-05,-1.1714145236851634e-05,-0.2000299245646847,-0.120769630333621,modal_baffled,lossless,0.0,343.0,1.225,1.4,1.81e-05,0.0257,1006.0,1,9.503575689225308e-06,9.503575689226486e-06,0.0,0.0,True,dirichlet,exp(+iwt)_rms,51383,16,1.058914287831089e-12,-0.0004464065070379,-0.0002488790779809,-0.0002236486626469,0.0003384761866056,4.415964632943221e-05,0.0001663231890963,2.1780679995462467e-05,8.351104323798113e-05,4.381074434633994e-05,4.1346920023940434e-05,2.421561371818011e-05,3.9867766183513806e-05,1.7689469375884266e-05,3.306032442804659e-05,1.313903201194108e-05,2.7380212808104e-05,9.604951782036836e-06,2.4731935205772287e-05,5.296632446081137e-06,2.2219958335389383e-05,4.264890356835876e-06,1.969688644485469e-05,6.323613269352799e-06,1.8419561043595365e-05,2.048760852395217e-06,1.5745034882106317e-05,3.847973191622522e-07,1.5325381176620063e-05,3.8135598106584045e-07,1.407729937207312e-05,1.3438887625442537e-06,1.3094248115656473e-05
6402.98460177883,113.85327910125164,-163.31916743011564,450.4597177838747,-39.07990620717616,2,1.0,0.0,9.995504412815346e-06,8.671660517570532e-07,1.6056336809266546e-13,4,0.0045364608648729,0.0045033682656082,0.0470676174626048,0.0470347098692872,-2.1680787285273363e-05,-5.373628596467977e-06,-0.2093445598190929,-0.0627300489111353,modal_baffled,lossless,0.0,343.0,1.225,1.4,1.81e-05,0.0257,1006.0,1,9.995504412815346e-06,9.995504412835207e-06,0.0,0.0,True,dirichlet,exp(+iwt)_rms,51383,16,7.992194977716398e-13,-0.0004606306512646,-0.0001141682729264,-0.0002208919325411,0.0004140202737478,7.495621369414736e-05,0.000173781616559,5.030534166929989e-05,9.952557859043286e-05,3.269770849871983e-05,1.885840852373302e-05,1.7684184139664066e-05,3.600416683189656e-05,6.987749382653687e-06,3.1352409230992884e-05,-8.274056403856253e-06,2.8192866498290844e-05,-6.158641041712741e-06,2.544866886692149e-05,1.101367273959863e-05,2.116568587580774e-05,2.320439403488493e-06,2.014160968714884e-05,-1.6296232772489927e-05,2.227322852327365e-05,1.0787527218190371e-05,1.5304576805013903e-05,5.415825726639041e-05,8.21072044015842e-06,4.367211148210757e-05,8.844998189864665e-06,1.320566840468546e-05,1.1679209011796377e-05
6456.160763762053,83.74123706977969,-177.38907541436834,463.2744474002153,-23.47878126698465,2,1.0,0.0,9.76708078676822e-06,4.949963346702656e-07,6.959615748868188e-14,4,0.0045364608648729,0.0045033682656082,0.0470676174626048,0.0470347098692872,-2.396431289729419e-05,-3.8275269881586246e-07,-0.233188531757952,-0.0106335833883522,modal_baffled,lossless,0.0,343.0,1.225,1.4,1.81e-05,0.0257,1006.0,1,9.76708078676822e-06,9.767080786767057e-06,0.0,0.0,True,dirichlet,exp(+iwt)_rms,51383,16,4.2189596380268733e-13,-0.0005091465043101,-8.131975218842525e-06,-2.787456571378735e-05,0.0004174189686513,0.0001136265992238,0.0001288443248138,7.925662516176666e-05,6.928338978270285e-05,5.496364240996205e-05,1.1113134164961105e-05,4.234678863005292e-05,2.259789663393354e-05,3.300574344798343e-05,1.9942978937342284e-05,2.606987968609626e-05,1.727368208787063e-05,2.143255039028927e-05,1.6654647376296884e-05,1.6399235976322297e-05,1.6707770256599803e-05,1.380862894227466e-05,1.4974285689629466e-05,1.5342405169598396e-05,1.3080754304027138e-05,1.0495689377749373e-05,1.2624503661786792e-05,8.253769433886177e-06,1.2895652392966389e-05,7.855413368389177e-06,1.233183805953415e-05,8.300547562231263e-06,1.0935571177854649e-05
6509.7785485788645,101.82887776043135,167.54420175389012,453.9153316145778,-21.317089604087396,2,1.0,0.0,9.97207502074702e-06,4.683155688965471e-07,9.817388987422363e-14,4,0.0045364608648729,0.0045033682656082,0.0470676174626048,0.0470347098692872,-2.34622541012381e-05,5.914680662135042e-06,-0.2298877766945217,0.05077885772301,modal_baffled,lossless,0.0,343.0,1.225,1.4,1.81e-05,0.0257,1006.0,1,9.97207502074702e-06,9.972075020747852e-06,0.0,0.0,True,dirichlet,exp(+iwt)_rms,51383,16,5.872444589794209e-13,-0.0004984797482022,0.0001256634811998,8.174483842418321e-05,0.0004165965563345,0.0001410277460214,9.901602145087346e-05,9.660449979177764e-05,4.0158233163635e-05,5.365042393908888e-05,-3.6619521580601e-06,4.6990077458289697e-05,9.709506259137993e-06,3.797012912132056e-05,1.1734165837365516e-05,3.156687679233015e-05,1.3132700163868312e-05,2.642235930535084e-05,1.3282437950306916e-05,2.1837610569463733e-05,1.559393062294325e-05,1.830796636730809e-05,1.2389013329489035e-05,1.811021237177404e-05,7.062959078305452e-06,1.2841254305913656e-05,7.186358996116007e-06,9.61918757170526e-06,5.09635592937096e-06,9.468657497459557e-06,6.560319315639135e-06,1.1410592289849962e-05,1.1489829348803608e-05
6563.841623863782,83.97765485164487,152.2001436181043,441.7853288271042,-18.150147165689592,2,1.0,0.0,1.0251170733093372e-05,4.211553559739662e-07,4.6522645219694036e-14,4,0.0045364608648729,0.0045033682656082,0.0470676174626048,0.0470347098692872,-2.128934182995397e-05,1.1914212380482656e-05,-0.2101333281523265,0.110790062457852,modal_baffled,lossless,0.0,343.0,1.225,1.4,1.81e-05,0.0257,1006.0,1,1.0251170733093372e-05,1.0251170733094582e-05,0.0,0.0,True,dirichlet,exp(+iwt)_rms,51383,16,2.707880348597071e-13,-0.0004523139894826,0.0002531297104627,0.0001961246289825,0.0003784223473923,0.0001724396266634,6.652383690028287e-05,0.0001163196605453,1.754135496361048e-06,4.796054581309669e-05,-1.5678422075506688e-05,4.975271926953654e-05,-3.1975161401030284e-06,3.978231638908023e-05,-5.406614955029413e-07,3.239000498357837e-05,5.472000524627953e-07,2.773940818162114e-05,2.622986251280847e-06,2.329925323361989e-05,5.309627980615782e-06,2.030597580323081e-05,5.366256297942446e-06,2.0723908972126763e-05,2.760248668838926e-06,1.611961983713966e-05,4.885937358700418e-06,1.3923744278921431e-05,6.5308993960108034e-06,1.353866889957052e-05,5.997729130923718e-06,1.3047778405903634e-05,4.856732907876464e-06
6618.353687710669,89.47724347718294,136.47486373321198,439.0735568046593,-5.656804131929743,2,1.0,0.0,1.0330178023786882e-05,1.330888476951144e-07,6.636615412280681e-14,4,0.0045364608648729,0.0045033682656082,0.0470676174626048,0.0470347098692872,-1.752531453782903e-05,1.743858989494259e-05,-0.1740820080635203,0.1653428646681217,modal_baffled,lossless,0.0,343.0,1.225,1.4,1.81e-05,0.0257,1006.0,1,1.0330178023786882e-05,1.0330178023785588e-05,0.0,0.0,True,dirichlet,exp(+iwt)_rms,51383,16,3.774657829598933e-13,-0.000372343353724,0.0003705007993828,0.0002876545427834,0.0003027848649513,0.0001978376236952,1.7390586850746395e-05,0.000104654336559,-3.775519213952682e-05,4.0016607396446674e-05,-2.4238223129565786e-05,4.719358051007752e-05,-1.6663031911621538e-05,3.7316564760605896e-05,-1.1676686985902052e-05,3.147479361343393e-05,-8.259188583929212e-06,2.7749859293186253e-05,-5.243122310522263e-06,2.3048938083945413e-05,-1.7119234395273429e-06,2.0576030055279863e-05,-1.0000268365700251e-06,1.997568524017623e-05,-2.499652699788284e-06,1.5459134570882377e-05,3.742780717050135e-07,1.3059130091857235e-05,1.7177871482208048e-06,1.3421837663777473e-05,2.487580626284002e-06,1.2223563468716962e-05,9.6473177588832e-07
6673.318468925703,86.62830973981917,120.10565825273116,433.6513164592138,3.496979971480514,2,1.0,0.0,1.046039920049684e-05,-8.435303920325734e-08,1.012777135941993e-13,4,0.0045364608648729,0.0045033682656082,0.0470676174626048,0.0470347098692872,-1.1843526608188202e-05,2.15359492011486e-05,-0.1199744196942273,0.2069196353456519,modal_baffled,lossless,0.0,343.0,1.225,1.4,1.81e-05,0.0257,1006.0,1,1.046039920049684e-05,1.0460399200497276e-05,0.0,0.0,True,dirichlet,exp(+iwt)_rms,51383,16,5.579208100581173e-13,-0.000251627918443,0.000457553417023,0.0003632999263605,0.0002231971096477,0.0001957261733047,-3.473867225969396e-05,9.092195739630655e-05,-7.145852881505424e-05,3.5989943081399694e-05,-3.2384665767583574e-05,4.1930233351603137e-05,-3.0457519258454648e-05,3.386893232512828e-05,-2.2164071678100707e-05,2.803834261017972e-05,-1.7301138709842345e-05,2.543540918042526e-05,-1.298175404945772e-05,2.296284679595366e-05,-8.91947363264261e-06,2.0425575594381177e-05,-7.141036620579148e-06,1.973820083245141e-05,-9.53755227566016e-06,1.6792030826976074e-05,-5.371820765385524e-06,1.5547572794132155e-05,-2.074894925884927e-06,1.4938142154574809e-05,-2.444879393366169e-06,1.4515062392389202e-05,-3.5205521988587447e-06
6728.739727282414,83.96608169308101,103.58522011221874,441.2656885464337,12.049951054167993,2,1.0,0.0,1.0272905002352197e-05,-2.805294081899492e-07,2.127721615563453e-14,4,0.0045364608648729,0.0045033682656082,0.0470676174626048,0.0470347098692872,-5.181539781313072e-06,2.3827747083829527e-05,-0.0556728786930341,0.2303841116221792,modal_baffled,lossless,0.0,343.0,1.225,1.4,1.81e-05,0.0257,1006.0,1,1.0272905002352197e-05,1.0272905002352148e-05,0.0,0.0,True,dirichlet,exp(+iwt)_rms,51383,16,1.1892294326346977e-13,-0.0001100871482485,0.000506245022977,0.0004038843716946,0.0001183197330723,0.0001782340404338,-9.841490973472208e-05,5.654413471767894e-05,-9.03140243670424e-05,2.894625264036164e-05,-3.6865296046441024e-05,3.2363290615700296e-05,-4.1541736903715465e-05,2.6595328116944143e-05,-3.105377202066174e-05,2.2097071990476597e-05,-2.4663862151125683e-05,2.068859245621282e-05,-1.9550516060311984e-05,1.938451164447355e-05,-1.450511755352441e-05,1.748212829040615e-05,-1.2192708675774196e-05,1.6007530474838153e-05,-1.4110816513499588e-05,1.416421096969174e-05,-9.355063167763212e-06,1.4269809034233626e-05,-6.194114032186276e-06,1.3476776826400674e-05,-6.347460910023774e-06,1.2413231011242516e-05,-6.99965440131616e-06
6784.621253778902,86.01348004305494,87.52810100231774,453.5176413892684,16.13321789765944,2,1.0,0.0,9.990189859076434e-06,-3.553861969773457e-07,4.545786723551944e-14,4,0.0045364608648729,0.0045033682656082,0.0470676174626048,0.0470347098692872,1.5936568116223511e-06,2.3787756737621284e-05,0.0100169473893056,0.2320372640451056,modal_baffled,lossless,0.0,343.0,1.225,1.4,1.81e-05,0.0257,1006.0,1,9.990189859076434e-06,9.99018985907687e-06,0.0,0.0,True,dirichlet,exp(+iwt)_rms,51383,16,2.5769926104486953e-13,3.385888000148953e-05,0.0005053953868924,0.0004194518911547,1.45619078762988e-05,0.0001404353812992,-0.0001470248580549,2.7351949656432583e-05,-9.296721392798106e-05,2.6499178067185344e-05,-4.268823574908174e-05,2.0296520853723287e-05,-5.089621286279892e-05,1.785742706449273e-05,-3.75135270705556e-05,1.4758915389605978e-05,-3.0469817264901244e-05,1.4468703295601326e-05,-2.458087099949312e-05,1.5039148188676078e-05,-1.9984546588542016e-05,1.3195094165537352e-05,-1.6807581951020898e-05,1.137238264227027e-05,-1.8188202353807063e-05,1.097484739577368e-05,-1.3019864748155253e-05,1.2933548305776374e-05,-9.677855354890824e-06,1.3239817722955685e-05,-9.554639082329051e-06,9.517888595235253e-06,-1.0477403971127528e-05
6840.966870897134,84.4376705623776,71.14537432333164,462.7762881244472,17.00871603667726,2,1.0,0.0,9.789484159075054e-06,-3.597992388116521e-07,3.9504867923322464e-14,4,0.0045364608648729,0.0045033682656082,0.0470676174626048,0.0470347098692872,8.086399477139666e-06,2.2009707817246257e-05,0.0738453960121232,0.2162434126414711,modal_baffled,lossless,0.0,343.0,1.225,1.4,1.81e-05,0.0257,1006.0,1,9.789484159075054e-06,9.78948415907669e-06,0.0,0.0,True,dirichlet,exp(+iwt)_rms,51383,16,2.249846222530507e-13,0.0001718038837118,0.0004676189066662,0.0004075113876647,-9.79759426930354e-05,9.116428629809096e-05,-0.0001796973626557,1.6260028828694438e-06,-9.072268249253454e-05,1.5503696570577996e-05,-5.153579226146599e-05,4.401608827694976e-06,-5.543656607900282e-05,6.099497109066875e-06,-4.188059959954086e-05,5.3021258800711214e-06,-3.365187140502718e-05,7.0175654345737176e-06,-2.8290575649136e-05,8.37181724077799e-06,-2.322389280814892e-05,8.052955988469366e-06,-2.005810266888919e-05,5.731549189212044e-06,-2.0520177560184187e-05,6.7215100446247e-06,-1.5932255979369587e-05,9.321356722970649e-06,-1.3455581063109123e-05,7.672193188729491e-06,-1.2601764986975187e-05,6.975464661136777e-06,-1.287833450151467e-05
6897.780432864412,85.88329052522498,54.80374819103811,476.0413505544843,12.17825753570736,2,1.0,0.0,9.523319526593508e-06,-2.436289151238606e-07,7.010156941945538e-14,4,0.0045364608648729,0.0045033682656082,0.0470676174626048,0.0470347098692872,1.3657861436023173e-05,1.8477607152100263e-05,0.1293444075865468,0.1833828538921663,modal_baffled,lossless,0.0,343.0,1.225,1.4,1.81e-05,0.0257,1006.0,1,9.523319526593508e-06,9.52331952659241e-06,0.0,0.0,True,dirichlet,exp(+iwt)_rms,51383,16,3.984238472119325e-13,0.000290175330138,0.0003925757909199,0.0003642444606198,-0.0002003800503406,3.894450351795773e-05,-0.0001928299440524,-1.3382045266681006e-05,-8.673067735639839e-05,1.386078086930614e-06,-6.25039583166515e-05,-1.3009845253332384e-05,-5.6387241836119626e-05,-6.623525728298245e-06,-4.274167055070546e-05,-4.774184587663428e-06,-3.413262419339346e-05,-1.6821468303966348e-06,-2.9555657651363357e-05,1.3908296596692664e-06,-2.5183627435401123e-05,2.6568300694843684e-06,-2.2927958893697862e-05,5.203168979822403e-07,-2.31236769382392e-05,2.2442457243685443e-06,-1.7562828315383814e-05,4.564756948820567e-06,-1.5832188427249457e-05,3.414080784557394e-06,-1.468898471163904e-05,2.39045350869503e-06,-1.3969742181338273e-05
6955.06582591702,84.65150185500448,39.460196533651526,472.6217173888555,6.4540179179989146,2,1.0,0.0,9.596713174803888e-06,-1.3105059819568298e-07,2.0706780438125332e-14,4,0.0045364608648729,0.0045033682656082,0.0470676174626048,0.0470347098692872,1.7639168454275714e-05,1.3977591161139187e-05,0.170095098321327,0.1400172298834534,modal_baffled,lossless,0.0,343.0,1.225,1.4,1.81e-05,0.0257,1006.0,1,9.596713174803888e-06,9.596713174803985e-06,0.0,0.0,True,dirichlet,exp(+iwt)_rms,51383,16,1.1403263929156148e-13,0.0003747622974179,0.0002969683173839,0.000308019677289,-0.0002987003120051,-1.6421360010463438e-05,-0.0001950060158597,-3.2632971702696275e-05,-8.4118380734727e-05,-1.9855202333478184e-05,-6.530161107604696e-05,-3.147349012037623e-05,-5.06084360609621e-05,-1.980266065068385e-05,-3.964146859325502e-05,-1.5119456635013956e-05,-3.211873929972644e-05,-1.0635682245430078e-05,-2.8647516387935933e-05,-6.238438650406529e-06,-2.465158059882205e-05,-4.679386571826536e-06,-2.1522497246422275e-05,-6.882455377898084e-06,-2.1766874714151596e-05,-3.485130049098112e-06,-1.7512240701434995e-05,-9.390763326433596e-07,-1.658813549987007e-05,-1.5648071098845869e-06,-1.548724223342213e-05,-2.3678745479775644e-06,-1.480282463452611e-05
7012.826968566058,99.76905893110852,22.9288907941263,490.11703271606376,7.57895042509678,2,1.0,0.0,9.253659955364516e-06,-1.4309445575428645e-07,2.1155237247404979e-13,4,0.0045364608648729,0.0045033682656082,0.0470676174626048,0.0470347098692872,2.0421028500427773e-05,8.248775361867747e-06,0.1978117392066655,0.0836765176296416,modal_baffled,lossless,0.0,343.0,1.225,1.4,1.81e-05,0.0257,1006.0,1,9.253659955364516e-06,9.253659955348792e-06,0.0,0.0,True,dirichlet,exp(+iwt)_rms,51383,16,1.1844699978385913e-12,0.0004338657786673,0.0001752537265864,0.0002068552293247,-0.0003674618846753,-7.747389056210908e-05,-0.0001783961205992,-6.610368033732134e-05,-7.06433925963562e-05,-3.493263222544435e-05,-5.410612725337769e-05,-4.219015990401085e-05,-3.629535147478666e-05,-2.8684722073600367e-05,-3.065413575954111e-05,-2.287923050945201e-05,-2.455560331929786e-05,-1.5212595003700028e-05,-2.4078014527547018e-05,-1.4731501192122652e-05,-1.959540690894557e-05,-1.127165323390382e-05,-1.8233096812640407e-05,-8.877128633532108e-06,-2.0217658568075165e-05,-1.0771170034309851e-05,-1.3084286873130584e-05,-1.1406743669661364e-05,-1.1334950778159105e-05,-1.2888035700223142e-05,-9.971845263402964e-06,-1.65148112186342e-05,-6.805262597910743e-06
7071.067811865476,83.83371403084185,8.468256396798823,465.639268734204,-9.876745878461078,2,1.0,0.0,9.738054915881472e-06,2.0655537497109497e-07,1.1070085273230417e-13,4,0.0045364608648729,0.0045033682656082,0.0470676174626048,0.0470347098692872,2.1914816865826236e-05,3.0068371671235e-06,0.2143004375252905,0.0319060441766972,modal_baffled,lossless,0.0,343.0,1.225,1.4,1.81e-05,0.0257,1006.0,1,9.738054915881472e-06,9.738054915879484e-06,0.0,0.0,True,dirichlet,exp(+iwt)_rms,51383,16,6.180070675567227e-13,0.000465602850691,6.38833518503975e-05,0.0001098161800171,-0.0004220546862143,-0.0001105821950243,-0.0001675745917157,-7.968733997455382e-05,-6.907778949918863e-05,-6.552966011623425e-05,-4.337047870694787e-05,-5.759826961712129e-05,-2.111211475995259e-05,-4.039520986823805e-05,-2.09034922539337e-05,-3.203903311508244e-05,-1.7752420399878916e-05,-2.5993352109076847e-05,-1.7234755994227433e-05,-1.992555395616528e-05,-1.6450444717758587e-05,-1.76313676184916e-05,-1.472068191179836e-05,-1.898546702817956e-05,-1.3867327015980633e-05,-1.2934607539378464e-05,-1.2256695298486484e-05,-1.0904173587921133e-05,-1.2642045684462027e-05,-1.0495016520160454e-05,-1.205300746335845e-05,-1.003340027638216e-05,-1.13690566088163e-05
