ISO-10303-21;
HEADER;
FILE_NAME('Open CASCADE Shape Model','2026-09-10T14:49:10',('Author'),(
    'Open CASCADE'),'Open CASCADE STEP processor 7.5','Open CASCADE 7.5'
  ,'Unknown');
FILE_DESCRIPTION(('Open CASCADE Model'),'2;1');
FILE_SCHEMA(('AUTOMOTIVE_DESIGN { 1 0 10303 214 1 1 1 1 }'));
ENDSEC;
DATA;
#1 = APPLICATION_PROTOCOL_DEFINITION('international standard',
  'automotive_design',2000,#2);
#2 = APPLICATION_CONTEXT(
  'core data for automotive mechanical design processes');
#3 = SHAPE_DEFINITION_REPRESENTATION(#4,#10);
#4 = PRODUCT_DEFINITION_SHAPE('','',#5);
#5 = PRODUCT_DEFINITION('design','',#6,#9);
#6 = PRODUCT_DEFINITION_FORMATION('','',#7);
#7 = PRODUCT('Open CASCADE STEP translator 7.5 4',
  'Open CASCADE STEP translator 7.5 4','',(#8));
#8 = PRODUCT_CONTEXT('',#2,'mechanical');
#9 = PRODUCT_DEFINITION_CONTEXT('part definition',#2,'design');
#10 = SHAPE_REPRESENTATION('',(#11,#15,#19,#23,#27,#31,#35,#39,#43,#47,
    #51,#55,#59,#63,#67,#71,#75,#79,#83,#87,#91,#95,#99,#103,#107,#111,
    #115,#119,#123,#127,#131,#135,#139,#143,#147,#151,#155,#159,#163,
    #167,#171,#175),#179);
#11 = AXIS2_PLACEMENT_3D('',#12,#13,#14);
#12 = CARTESIAN_POINT('',(0.,0.,0.));
#13 = DIRECTION('',(0.,0.,1.));
#14 = DIRECTION('',(1.,0.,-0.));
#15 = AXIS2_PLACEMENT_3D('',#16,#17,#18);
#16 = CARTESIAN_POINT('',(0.,0.,0.));
#17 = DIRECTION('',(0.,0.,1.));
#18 = DIRECTION('',(1.,0.,-0.));
#19 = AXIS2_PLACEMENT_3D('',#20,#21,#22);
#20 = CARTESIAN_POINT('',(0.,0.,0.));
#21 = DIRECTION('',(0.,0.,1.));
#22 = DIRECTION('',(1.,0.,-0.));
#23 = AXIS2_PLACEMENT_3D('',#24,#25,#26);
#24 = CARTESIAN_POINT('',(0.,0.,0.));
#25 = DIRECTION('',(0.,0.,1.));
#26 = DIRECTION('',(1.,0.,-0.));
#27 = AXIS2_PLACEMENT_3D('',#28,#29,#30);
#28 = CARTESIAN_POINT('',(0.,0.,0.));
#29 = DIRECTION('',(0.,0.,1.));
#30 = DIRECTION('',(1.,0.,-0.));
#31 = AXIS2_PLACEMENT_3D('',#32,#33,#34);
#32 = CARTESIAN_POINT('',(0.,0.,0.));
#33 = DIRECTION('',(0.,0.,1.));
#34 = DIRECTION('',(1.,0.,-0.));
#35 = AXIS2_PLACEMENT_3D('',#36,#37,#38);
#36 = CARTESIAN_POINT('',(0.,0.,0.));
#37 = DIRECTION('',(0.,0.,1.));
#38 = DIRECTION('',(1.,0.,-0.));
#39 = AXIS2_PLACEMENT_3D('',#40,#41,#42);
#40 = CARTESIAN_POINT('',(0.,0.,0.));
#41 = DIRECTION('',(0.,0.,1.));
#42 = DIRECTION('',(1.,0.,-0.));
#43 = AXIS2_PLACEMENT_3D('',#44,#45,#46);
#44 = CARTESIAN_POINT('',(0.,0.,0.));
#45 = DIRECTION('',(0.,0.,1.));
#46 = DIRECTION('',(1.,0.,-0.));
#47 = AXIS2_PLACEMENT_3D('',#48,#49,#50);
#48 = CARTESIAN_POINT('',(0.,0.,0.));
#49 = DIRECTION('',(0.,0.,1.));
#50 = DIRECTION('',(1.,0.,-0.));
#51 = AXIS2_PLACEMENT_3D('',#52,#53,#54);
#52 = CARTESIAN_POINT('',(0.,0.,0.));
#53 = DIRECTION('',(0.,0.,1.));
#54 = DIRECTION('',(1.,0.,-0.));
#55 = AXIS2_PLACEMENT_3D('',#56,#57,#58);
#56 = CARTESIAN_POINT('',(0.,0.,0.));
#57 = DIRECTION('',(0.,0.,1.));
#58 = DIRECTION('',(1.,0.,-0.));
#59 = AXIS2_PLACEMENT_3D('',#60,#61,#62);
#60 = CARTESIAN_POINT('',(0.,0.,0.));
#61 = DIRECTION('',(0.,0.,1.));
#62 = DIRECTION('',(1.,0.,-0.));
#63 = AXIS2_PLACEMENT_3D('',#64,#65,#66);
#64 = CARTESIAN_POINT('',(0.,0.,0.));
#65 = DIRECTION('',(0.,0.,1.));
#66 = DIRECTION('',(1.,0.,-0.));
#67 = AXIS2_PLACEMENT_3D('',#68,#69,#70);
#68 = CARTESIAN_POINT('',(0.,0.,0.));
#69 = DIRECTION('',(0.,0.,1.));
#70 = DIRECTION('',(1.,0.,-0.));
#71 = AXIS2_PLACEMENT_3D('',#72,#73,#74);
#72 = CARTESIAN_POINT('',(0.,0.,0.));
#73 = DIRECTION('',(0.,0.,1.));
#74 = DIRECTION('',(1.,0.,-0.));
#75 = AXIS2_PLACEMENT_3D('',#76,#77,#78);
#76 = CARTESIAN_POINT('',(0.,0.,0.));
#77 = DIRECTION('',(0.,0.,1.));
#78 = DIRECTION('',(1.,0.,-0.));
#79 = AXIS2_PLACEMENT_3D('',#80,#81,#82);
#80 = CARTESIAN_POINT('',(0.,0.,0.));
#81 = DIRECTION('',(0.,0.,1.));
#82 = DIRECTION('',(1.,0.,-0.));
#83 = AXIS2_PLACEMENT_3D('',#84,#85,#86);
#84 = CARTESIAN_POINT('',(0.,0.,0.));
#85 = DIRECTION('',(0.,0.,1.));
#86 = DIRECTION('',(1.,0.,-0.));
#87 = AXIS2_PLACEMENT_3D('',#88,#89,#90);
#88 = CARTESIAN_POINT('',(0.,0.,0.));
#89 = DIRECTION('',(0.,0.,1.));
#90 = DIRECTION('',(1.,0.,-0.));
#91 = AXIS2_PLACEMENT_3D('',#92,#93,#94);
#92 = CARTESIAN_POINT('',(0.,0.,0.));
#93 = DIRECTION('',(0.,0.,1.));
#94 = DIRECTION('',(1.,0.,-0.));
#95 = AXIS2_PLACEMENT_3D('',#96,#97,#98);
#96 = CARTESIAN_POINT('',(0.,0.,0.));
#97 = DIRECTION('',(0.,0.,1.));
#98 = DIRECTION('',(1.,0.,-0.));
#99 = AXIS2_PLACEMENT_3D('',#100,#101,#102);
#100 = CARTESIAN_POINT('',(0.,0.,0.));
#101 = DIRECTION('',(0.,0.,1.));
#102 = DIRECTION('',(1.,0.,-0.));
#103 = AXIS2_PLACEMENT_3D('',#104,#105,#106);
#104 = CARTESIAN_POINT('',(0.,0.,0.));
#105 = DIRECTION('',(0.,0.,1.));
#106 = DIRECTION('',(1.,0.,-0.));
#107 = AXIS2_PLACEMENT_3D('',#108,#109,#110);
#108 = CARTESIAN_POINT('',(0.,0.,0.));
#109 = DIRECTION('',(0.,0.,1.));
#110 = DIRECTION('',(1.,0.,-0.));
#111 = AXIS2_PLACEMENT_3D('',#112,#113,#114);
#112 = CARTESIAN_POINT('',(0.,0.,0.));
#113 = DIRECTION('',(0.,0.,1.));
#114 = DIRECTION('',(1.,0.,-0.));
#115 = AXIS2_PLACEMENT_3D('',#116,#117,#118);
#116 = CARTESIAN_POINT('',(0.,0.,0.));
#117 = DIRECTION('',(0.,0.,1.));
#118 = DIRECTION('',(1.,0.,-0.));
#119 = AXIS2_PLACEMENT_3D('',#120,#121,#122);
#120 = CARTESIAN_POINT('',(0.,0.,0.));
#121 = DIRECTION('',(0.,0.,1.));
#122 = DIRECTION('',(1.,0.,-0.));
#123 = AXIS2_PLACEMENT_3D('',#124,#125,#126);
#124 = CARTESIAN_POINT('',(0.,0.,0.));
#125 = DIRECTION('',(0.,0.,1.));
#126 = DIRECTION('',(1.,0.,-0.));
#127 = AXIS2_PLACEMENT_3D('',#128,#129,#130);
#128 = CARTESIAN_POINT('',(0.,0.,0.));
#129 = DIRECTION('',(0.,0.,1.));
#130 = DIRECTION('',(1.,0.,-0.));
#131 = AXIS2_PLACEMENT_3D('',#132,#133,#134);
#132 = CARTESIAN_POINT('',(0.,0.,0.));
#133 = DIRECTION('',(0.,0.,1.));
#134 = DIRECTION('',(1.,0.,-0.));
#135 = AXIS2_PLACEMENT_3D('',#136,#137,#138);
#136 = CARTESIAN_POINT('',(0.,0.,0.));
#137 = DIRECTION('',(0.,0.,1.));
#138 = DIRECTION('',(1.,0.,-0.));
#139 = AXIS2_PLACEMENT_3D('',#140,#141,#142);
#140 = CARTESIAN_POINT('',(0.,0.,0.));
#141 = DIRECTION('',(0.,0.,1.));
#142 = DIRECTION('',(1.,0.,-0.));
#143 = AXIS2_PLACEMENT_3D('',#144,#145,#146);
#144 = CARTESIAN_POINT('',(0.,0.,0.));
#145 = DIRECTION('',(0.,0.,1.));
#146 = DIRECTION('',(1.,0.,-0.));
#147 = AXIS2_PLACEMENT_3D('',#148,#149,#150);
#148 = CARTESIAN_POINT('',(0.,0.,0.));
#149 = DIRECTION('',(0.,0.,1.));
#150 = DIRECTION('',(1.,0.,-0.));
#151 = AXIS2_PLACEMENT_3D('',#152,#153,#154);
#152 = CARTESIAN_POINT('',(0.,0.,0.));
#153 = DIRECTION('',(0.,0.,1.));
#154 = DIRECTION('',(1.,0.,-0.));
#155 = AXIS2_PLACEMENT_3D('',#156,#157,#158);
#156 = CARTESIAN_POINT('',(0.,0.,0.));
#157 = DIRECTION('',(0.,0.,1.));
#158 = DIRECTION('',(1.,0.,-0.));
#159 = AXIS2_PLACEMENT_3D('',#160,#161,#162);
#160 = CARTESIAN_POINT('',(0.,0.,0.));
#161 = DIRECTION('',(0.,0.,1.));
#162 = DIRECTION('',(1.,0.,-0.));
#163 = AXIS2_PLACEMENT_3D('',#164,#165,#166);
#164 = CARTESIAN_POINT('',(0.,0.,0.));
#165 = DIRECTION('',(0.,0.,1.));
#166 = DIRECTION('',(1.,0.,-0.));
#167 = AXIS2_PLACEMENT_3D('',#168,#169,#170);
#168 = CARTESIAN_POINT('',(0.,0.,0.));
#169 = DIRECTION('',(0.,0.,1.));
#170 = DIRECTION('',(1.,0.,-0.));
#171 = AXIS2_PLACEMENT_3D('',#172,#173,#174);
#172 = CARTESIAN_POINT('',(0.,0.,0.));
#173 = DIRECTION('',(0.,0.,1.));
#174 = DIRECTION('',(1.,0.,-0.));
#175 = AXIS2_PLACEMENT_3D('',#176,#177,#178);
#176 = CARTESIAN_POINT('',(0.,0.,0.));
#177 = DIRECTION('',(0.,0.,1.));
#178 = DIRECTION('',(1.,0.,-0.));
#179 = ( GEOMETRIC_REPRESENTATION_CONTEXT(3) 
GLOBAL_UNCERTAINTY_ASSIGNED_CONTEXT((#183)) GLOBAL_UNIT_ASSIGNED_CONTEXT
((#180,#181,#182)) REPRESENTATION_CONTEXT('Context #1',
  '3D Context with UNIT and UNCERTAINTY') );
#180 = ( LENGTH_UNIT() NAMED_UNIT(*) SI_UNIT($,.METRE.) );
#181 = ( NAMED_UNIT(*) PLANE_ANGLE_UNIT() SI_UNIT($,.RADIAN.) );
#182 = ( NAMED_UNIT(*) SI_UNIT($,.STERADIAN.) SOLID_ANGLE_UNIT() );
#183 = UNCERTAINTY_MEASURE_WITH_UNIT(LENGTH_MEASURE(1.E-07),#180,
  'distance_accuracy_value','confusion accuracy');
#184 = PRODUCT_RELATED_PRODUCT_CATEGORY('part',$,(#7));
#185 = ADVANCED_BREP_SHAPE_REPRESENTATION('',(#11,#186),#861);
#186 = MANIFOLD_SOLID_BREP('',#187);
#187 = CLOSED_SHELL('',(#188,#853,#857));
#188 = ADVANCED_FACE('',(#189),#211,.T.);
#189 = FACE_BOUND('',#190,.T.);
#190 = EDGE_LOOP('',(#191,#747,#806,#852));
#191 = ORIENTED_EDGE('',*,*,#192,.T.);
#192 = EDGE_CURVE('',#193,#193,#195,.T.);
#193 = VERTEX_POINT('',#194);
#194 = CARTESIAN_POINT('',(3.8E-02,0.,0.));
#195 = SURFACE_CURVE('',#196,(#210,#725),.PCURVE_S1.);
#196 = B_SPLINE_CURVE_WITH_KNOTS('',12,(#197,#198,#199,#200,#201,#202,
    #203,#204,#205,#206,#207,#208,#209),.UNSPECIFIED.,.T.,.F.,(13,13),(
    0.,1.),.PIECEWISE_BEZIER_KNOTS.);
#197 = CARTESIAN_POINT('',(3.8E-02,1.999431285256E-17,0.));
#198 = CARTESIAN_POINT('',(3.8E-02,1.989675347273E-02,0.));
#199 = CARTESIAN_POINT('',(2.663744543609E-02,3.979309703226E-02,0.));
#200 = CARTESIAN_POINT('',(3.891120960865E-03,5.255239181663E-02,0.));
#201 = CARTESIAN_POINT('',(-2.516627747875E-02,5.101240529699E-02,0.));
#202 = CARTESIAN_POINT('',(-5.078788474778E-02,3.201963093423E-02,0.));
#203 = CARTESIAN_POINT('',(-6.114874925469E-02,-1.180190204823E-15,0.));
#204 = CARTESIAN_POINT('',(-5.078788474779E-02,-3.201963093422E-02,0.));
#205 = CARTESIAN_POINT('',(-2.516627747873E-02,-5.101240529699E-02,0.));
#206 = CARTESIAN_POINT('',(3.891120960855E-03,-5.255239181663E-02,0.));
#207 = CARTESIAN_POINT('',(2.66374454361E-02,-3.979309703226E-02,0.));
#208 = CARTESIAN_POINT('',(3.8E-02,-1.989675347273E-02,0.));
#209 = CARTESIAN_POINT('',(3.8E-02,-2.163903691673E-17,0.));
#210 = PCURVE('',#211,#719);
#211 = ( BOUNDED_SURFACE() B_SPLINE_SURFACE(12,8,(
    (#212,#213,#214,#215,#216,#217,#218,#219,#220,#221,#222,#223,#224
      ,#225,#226,#227,#228,#229,#230,#231,#232,#233,#234,#235,#236,#237
      ,#238,#239,#240,#241,#242,#243,#244,#245,#246,#247,#248,#249,#250)
    ,(#251,#252,#253,#254,#255,#256,#257,#258,#259,#260,#261,#262,#263
      ,#264,#265,#266,#267,#268,#269,#270,#271,#272,#273,#274,#275,#276
      ,#277,#278,#279,#280,#281,#282,#283,#284,#285,#286,#287,#288,#289)
    ,(#290,#291,#292,#293,#294,#295,#296,#297,#298,#299,#300,#301,#302
      ,#303,#304,#305,#306,#307,#308,#309,#310,#311,#312,#313,#314,#315
      ,#316,#317,#318,#319,#320,#321,#322,#323,#324,#325,#326,#327,#328)
    ,(#329,#330,#331,#332,#333,#334,#335,#336,#337,#338,#339,#340,#341
      ,#342,#343,#344,#345,#346,#347,#348,#349,#350,#351,#352,#353,#354
      ,#355,#356,#357,#358,#359,#360,#361,#362,#363,#364,#365,#366,#367)
    ,(#368,#369,#370,#371,#372,#373,#374,#375,#376,#377,#378,#379,#380
      ,#381,#382,#383,#384,#385,#386,#387,#388,#389,#390,#391,#392,#393
      ,#394,#395,#396,#397,#398,#399,#400,#401,#402,#403,#404,#405,#406)
    ,(#407,#408,#409,#410,#411,#412,#413,#414,#415,#416,#417,#418,#419
      ,#420,#421,#422,#423,#424,#425,#426,#427,#428,#429,#430,#431,#432
      ,#433,#434,#435,#436,#437,#438,#439,#440,#441,#442,#443,#444,#445)
    ,(#446,#447,#448,#449,#450,#451,#452,#453,#454,#455,#456,#457,#458
      ,#459,#460,#461,#462,#463,#464,#465,#466,#467,#468,#469,#470,#471
      ,#472,#473,#474,#475,#476,#477,#478,#479,#480,#481,#482,#483,#484)
    ,(#485,#486,#487,#488,#489,#490,#491,#492,#493,#494,#495,#496,#497
      ,#498,#499,#500,#501,#502,#503,#504,#505,#506,#507,#508,#509,#510
      ,#511,#512,#513,#514,#515,#516,#517,#518,#519,#520,#521,#522,#523)
    ,(#524,#525,#526,#527,#528,#529,#530,#531,#532,#533,#534,#535,#536
      ,#537,#538,#539,#540,#541,#542,#543,#544,#545,#546,#547,#548,#549
      ,#550,#551,#552,#553,#554,#555,#556,#557,#558,#559,#560,#561,#562)
    ,(#563,#564,#565,#566,#567,#568,#569,#570,#571,#572,#573,#574,#575
      ,#576,#577,#578,#579,#580,#581,#582,#583,#584,#585,#586,#587,#588
      ,#589,#590,#591,#592,#593,#594,#595,#596,#597,#598,#599,#600,#601)
    ,(#602,#603,#604,#605,#606,#607,#608,#609,#610,#611,#612,#613,#614
      ,#615,#616,#617,#618,#619,#620,#621,#622,#623,#624,#625,#626,#627
      ,#628,#629,#630,#631,#632,#633,#634,#635,#636,#637,#638,#639,#640)
    ,(#641,#642,#643,#644,#645,#646,#647,#648,#649,#650,#651,#652,#653
      ,#654,#655,#656,#657,#658,#659,#660,#661,#662,#663,#664,#665,#666
      ,#667,#668,#669,#670,#671,#672,#673,#674,#675,#676,#677,#678,#679)
    ,(#680,#681,#682,#683,#684,#685,#686,#687,#688,#689,#690,#691,#692
      ,#693,#694,#695,#696,#697,#698,#699,#700,#701,#702,#703,#704,#705
      ,#706,#707,#708,#709,#710,#711,#712,#713,#714,#715,#716,#717,#718
)),.UNSPECIFIED.,.T.,.F.,.F.) B_SPLINE_SURFACE_WITH_KNOTS((13,13),(9,6,6
    ,6,6,6,9),(0.,1.),(0.,0.218700679567,0.387476681428,0.545212599253,
    0.698669816964,0.849952815145,1.),.UNSPECIFIED.) 
GEOMETRIC_REPRESENTATION_ITEM() RATIONAL_B_SPLINE_SURFACE((
    (1.,1.000000000002,0.999999999997,1.000000000004,0.999999999997
      ,1.000000000001,1.,1.,1.,1.,0.999999999999,1.,1.,1.,1.,1.
      ,0.999999999999,1.,1.,1.,1.,1.,1.,1.,1.,1.,1.,0.999999999999
      ,1.000000000002,0.999999999999,1.000000000001,0.999999999999
      ,1.000000000001,0.999999999998,1.000000000003,0.999999999996
      ,1.000000000002,0.999999999999,1.)
    ,(1.,1.000000000002,0.999999999997,1.000000000004,0.999999999997
      ,1.000000000001,1.,1.,1.,1.,0.999999999999,1.,1.,1.,1.,1.
      ,0.999999999999,1.,1.,1.,1.,1.,1.,1.,1.,1.,1.,0.999999999999
      ,1.000000000002,0.999999999999,1.000000000001,0.999999999999
      ,1.000000000001,0.999999999998,1.000000000003,0.999999999996
      ,1.000000000002,0.999999999999,1.)
    ,(1.,1.000000000002,0.999999999997,1.000000000004,0.999999999997
      ,1.000000000001,1.,1.,1.,1.,0.999999999999,1.,1.,1.,1.,1.
      ,0.999999999999,1.,1.,1.,1.,1.,1.,1.,1.,1.,1.,0.999999999999
      ,1.000000000002,0.999999999999,1.000000000001,0.999999999999
      ,1.000000000001,0.999999999998,1.000000000003,0.999999999996
      ,1.000000000002,0.999999999999,1.)
    ,(1.,1.000000000002,0.999999999997,1.000000000004,0.999999999997
      ,1.000000000001,1.,1.,1.,1.,0.999999999999,1.,1.,1.,1.,1.
      ,0.999999999999,1.,1.,1.,1.,1.,1.,1.,1.,1.,1.,0.999999999999
      ,1.000000000002,0.999999999999,1.000000000001,0.999999999999
      ,1.000000000001,0.999999999998,1.000000000003,0.999999999996
      ,1.000000000002,0.999999999999,1.)
    ,(1.,1.000000000002,0.999999999997,1.000000000004,0.999999999997
      ,1.000000000001,1.,1.,1.,1.,0.999999999999,1.,1.,1.,1.,1.
      ,0.999999999999,1.,1.,1.,1.,1.,1.,1.,1.,1.,1.,0.999999999999
      ,1.000000000002,0.999999999999,1.000000000001,0.999999999999
      ,1.000000000001,0.999999999998,1.000000000003,0.999999999996
      ,1.000000000002,0.999999999999,1.)
    ,(1.,1.000000000002,0.999999999997,1.000000000004,0.999999999997
      ,1.000000000001,1.,1.,1.,1.,0.999999999999,1.,1.,1.,1.,1.
      ,0.999999999999,1.,1.,1.,1.,1.,1.,1.,1.,1.,1.,0.999999999999
      ,1.000000000002,0.999999999999,1.000000000001,0.999999999999
      ,1.000000000001,0.999999999998,1.000000000003,0.999999999996
      ,1.000000000002,0.999999999999,1.)
    ,(1.,1.000000000002,0.999999999997,1.000000000004,0.999999999997
      ,1.000000000001,1.,1.,1.,1.,0.999999999999,1.,1.,1.,1.,1.
      ,0.999999999999,1.,1.,1.,1.,1.,1.,1.,1.,1.,1.,0.999999999999
      ,1.000000000002,0.999999999999,1.000000000001,0.999999999999
      ,1.000000000001,0.999999999998,1.000000000003,0.999999999996
      ,1.000000000002,0.999999999999,1.)
    ,(1.,1.000000000002,0.999999999997,1.000000000004,0.999999999997
      ,1.000000000001,1.,1.,1.,1.,0.999999999999,1.,1.,1.,1.,1.
      ,0.999999999999,1.,1.,1.,1.,1.,1.,1.,1.,1.,1.,0.999999999999
      ,1.000000000002,0.999999999999,1.000000000001,0.999999999999
      ,1.000000000001,0.999999999998,1.000000000003,0.999999999996
      ,1.000000000002,0.999999999999,1.)
    ,(1.,1.000000000002,0.999999999997,1.000000000004,0.999999999997
      ,1.000000000001,1.,1.,1.,1.,0.999999999999,1.,1.,1.,1.,1.
      ,0.999999999999,1.,1.,1.,1.,1.,1.,1.,1.,1.,1.,0.999999999999
      ,1.000000000002,0.999999999999,1.000000000001,0.999999999999
      ,1.000000000001,0.999999999998,1.000000000003,0.999999999996
      ,1.000000000002,0.999999999999,1.)
    ,(1.,1.000000000002,0.999999999997,1.000000000004,0.999999999997
      ,1.000000000001,1.,1.,1.,1.,0.999999999999,1.,1.,1.,1.,1.
      ,0.999999999999,1.,1.,1.,1.,1.,1.,1.,1.,1.,1.,0.999999999999
      ,1.000000000002,0.999999999999,1.000000000001,0.999999999999
      ,1.000000000001,0.999999999998,1.000000000003,0.999999999996
      ,1.000000000002,0.999999999999,1.)
    ,(1.,1.000000000002,0.999999999997,1.000000000004,0.999999999997
      ,1.000000000001,1.,1.,1.,1.,0.999999999999,1.,1.,1.,1.,1.
      ,0.999999999999,1.,1.,1.,1.,1.,1.,1.,1.,1.,1.,0.999999999999
      ,1.000000000002,0.999999999999,1.000000000001,0.999999999999
      ,1.000000000001,0.999999999998,1.000000000003,0.999999999996
      ,1.000000000002,0.999999999999,1.)
    ,(1.,1.000000000002,0.999999999997,1.000000000004,0.999999999997
      ,1.000000000001,1.,1.,1.,1.,0.999999999999,1.,1.,1.,1.,1.
      ,0.999999999999,1.,1.,1.,1.,1.,1.,1.,1.,1.,1.,0.999999999999
      ,1.000000000002,0.999999999999,1.000000000001,0.999999999999
      ,1.000000000001,0.999999999998,1.000000000003,0.999999999996
      ,1.000000000002,0.999999999999,1.)
    ,(1.,1.000000000002,0.999999999997,1.000000000004,0.999999999997
      ,1.000000000001,1.,1.,1.,1.,0.999999999999,1.,1.,1.,1.,1.
      ,0.999999999999,1.,1.,1.,1.,1.,1.,1.,1.,1.,1.,0.999999999999
      ,1.000000000002,0.999999999999,1.000000000001,0.999999999999
      ,1.000000000001,0.999999999998,1.000000000003,0.999999999996
,1.000000000002,0.999999999999,1.
  ))) REPRESENTATION_ITEM('') SURFACE() );
#212 = CARTESIAN_POINT('',(3.8E-02,1.999431285256E-17,0.));
#213 = CARTESIAN_POINT('',(3.800369311963E-02,1.097182118418E-14,
    8.848717934843E-03));
#214 = CARTESIAN_POINT('',(3.834532649227E-02,-2.280481265253E-14,
    1.764073847671E-02));
#215 = CARTESIAN_POINT('',(3.906840544652E-02,2.590143958625E-14,
    2.650737168133E-02));
#216 = CARTESIAN_POINT('',(4.008675354805E-02,-1.876691463496E-14,
    3.519105652854E-02));
#217 = CARTESIAN_POINT('',(4.140762724306E-02,8.529471882615E-15,
    4.389660430022E-02));
#218 = CARTESIAN_POINT('',(4.294587111649E-02,-2.227597743394E-15,
    5.247258238511E-02));
#219 = CARTESIAN_POINT('',(4.602233902154E-02,1.940141901984E-15,
    6.757488174873E-02));
#220 = CARTESIAN_POINT('',(4.960064184978E-02,-1.339164805261E-15,
    8.245940622868E-02));
#221 = CARTESIAN_POINT('',(5.124268142406E-02,2.371162579685E-15,
    8.89150845701E-02));
#222 = CARTESIAN_POINT('',(5.294943559334E-02,-1.372964503853E-15,
    9.532268073874E-02));
#223 = CARTESIAN_POINT('',(5.471906268348E-02,-1.695322646657E-16,
    0.101715502568));
#224 = CARTESIAN_POINT('',(5.653741703036E-02,2.704680270872E-16,
    0.10807387383));
#225 = CARTESIAN_POINT('',(6.014202211119E-02,-2.38600573795E-16,
    0.120333498572));
#226 = CARTESIAN_POINT('',(6.389148738996E-02,2.287068221327E-16,
    0.132512895496));
#227 = CARTESIAN_POINT('',(6.573230422034E-02,-3.088581070029E-16,
    0.138380518367));
#228 = CARTESIAN_POINT('',(6.759871992536E-02,5.063394136791E-16,
    0.144232791141));
#229 = CARTESIAN_POINT('',(6.94880041043E-02,-7.740539406498E-16,
    0.150072190963));
#230 = CARTESIAN_POINT('',(7.139745239472E-02,5.790789473859E-16,
    0.155899269828));
#231 = CARTESIAN_POINT('',(7.520035479501E-02,-6.768719816313E-16,
    0.167374049965));
#232 = CARTESIAN_POINT('',(7.90666936459E-02,7.692655981159E-16,
    0.178810126822));
#233 = CARTESIAN_POINT('',(8.098706171473E-02,-1.620573889565E-15,
    0.184441129737));
#234 = CARTESIAN_POINT('',(8.291976397639E-02,1.15731056863E-15,
    0.190064316165));
#235 = CARTESIAN_POINT('',(8.486367665852E-02,-5.440145643032E-16,
    0.195680600566));
#236 = CARTESIAN_POINT('',(8.681772703633E-02,-7.598227616171E-18,
    0.201290384006));
#237 = CARTESIAN_POINT('',(9.071656579701E-02,1.830786131373E-16,
    0.212418799194));
#238 = CARTESIAN_POINT('',(9.464889728191E-02,-2.961525136413E-16,
    0.223525754058));
#239 = CARTESIAN_POINT('',(9.660854792147E-02,1.815192428962E-15,
    0.229034775609));
#240 = CARTESIAN_POINT('',(9.857506591462E-02,-3.270755451145E-15,
    0.234539330791));
#241 = CARTESIAN_POINT('',(0.100547900757,2.357423698265E-15,
    0.240039788703));
#242 = CARTESIAN_POINT('',(0.102526555233,-8.239088537336E-16,
    0.245536427868));
#243 = CARTESIAN_POINT('',(0.106478435094,9.572256370991E-16,
    0.25647776975));
#244 = CARTESIAN_POINT('',(0.110450151746,-7.887175001069E-16,
    0.267406039701));
#245 = CARTESIAN_POINT('',(0.112432407858,2.35316041435E-15,
    0.272844767744));
#246 = CARTESIAN_POINT('',(0.114418869075,-7.066121346378E-15,
    0.278280691884));
#247 = CARTESIAN_POINT('',(0.116409247807,1.169749106758E-14,
    0.283714029388));
#248 = CARTESIAN_POINT('',(0.118403270677,-1.019974249606E-14,
    0.289144915004));
#249 = CARTESIAN_POINT('',(0.120400707909,4.304777906798E-15,
    0.294573531333));
#250 = CARTESIAN_POINT('',(0.12240134,1.490270843942E-17,0.3));
#251 = CARTESIAN_POINT('',(3.8E-02,1.989675347273E-02,0.));
#252 = CARTESIAN_POINT('',(3.800369311993E-02,1.98986871846E-02,
    8.848717933626E-03));
#253 = CARTESIAN_POINT('',(3.834532649166E-02,2.007756600348E-02,
    1.764073847928E-02));
#254 = CARTESIAN_POINT('',(3.906840544717E-02,2.04561692538E-02,
    2.650737167835E-02));
#255 = CARTESIAN_POINT('',(4.008675354763E-02,2.098937507741E-02,
    3.519105653076E-02));
#256 = CARTESIAN_POINT('',(4.140762724322E-02,2.168098292395E-02,
    4.389660429916E-02));
#257 = CARTESIAN_POINT('',(4.294587111646E-02,2.248640553385E-02,
    5.247258238538E-02));
#258 = CARTESIAN_POINT('',(4.602233902156E-02,2.409724036163E-02,
    6.75748817485E-02));
#259 = CARTESIAN_POINT('',(4.960064184978E-02,2.597083534157E-02,
    8.245940622882E-02));
#260 = CARTESIAN_POINT('',(5.124268142406E-02,2.683060525172E-02,
    8.891508456983E-02));
#261 = CARTESIAN_POINT('',(5.294943559337E-02,2.772425964557E-02,
    9.532268073895E-02));
#262 = CARTESIAN_POINT('',(5.471906268344E-02,2.865083422284E-02,
    0.101715502568));
#263 = CARTESIAN_POINT('',(5.653741703037E-02,2.96029223326E-02,
    0.10807387383));
#264 = CARTESIAN_POINT('',(6.014202211119E-02,3.149028913943E-02,
    0.120333498572));
#265 = CARTESIAN_POINT('',(6.389148738997E-02,3.345350456853E-02,
    0.132512895496));
#266 = CARTESIAN_POINT('',(6.573230422033E-02,3.441735400711E-02,
    0.138380518368));
#267 = CARTESIAN_POINT('',(6.759871992538E-02,3.539460698479E-02,
    0.144232791141));
#268 = CARTESIAN_POINT('',(6.948800410428E-02,3.638383386792E-02,
    0.150072190963));
#269 = CARTESIAN_POINT('',(7.139745239473E-02,3.738361865466E-02,
    0.155899269828));
#270 = CARTESIAN_POINT('',(7.520035479499E-02,3.937481369529E-02,
    0.167374049965));
#271 = CARTESIAN_POINT('',(7.90666936459E-02,4.139922398356E-02,
    0.178810126822));
#272 = CARTESIAN_POINT('',(8.098706171476E-02,4.240472635324E-02,
    0.184441129737));
#273 = CARTESIAN_POINT('',(8.291976397631E-02,4.341668689084E-02,
    0.190064316165));
#274 = CARTESIAN_POINT('',(8.48636766586E-02,4.443451719124E-02,
    0.195680600566));
#275 = CARTESIAN_POINT('',(8.681772703629E-02,4.545765557644E-02,
    0.201290384006));
#276 = CARTESIAN_POINT('',(9.071656579705E-02,4.749908277781E-02,
    0.212418799194));
#277 = CARTESIAN_POINT('',(9.464889728188E-02,4.955804672853E-02,
    0.223525754059));
#278 = CARTESIAN_POINT('',(9.660854792147E-02,5.058411740406E-02,
    0.229034775608));
#279 = CARTESIAN_POINT('',(9.857506591472E-02,5.161378381733E-02,
    0.234539330792));
#280 = CARTESIAN_POINT('',(0.100547900757,5.26467577254E-02,
    0.240039788703));
#281 = CARTESIAN_POINT('',(0.102526555233,5.368277878623E-02,
    0.245536427869));
#282 = CARTESIAN_POINT('',(0.106478435094,5.575197824306E-02,
    0.256477769749));
#283 = CARTESIAN_POINT('',(0.110450151746,5.783156421858E-02,
    0.267406039701));
#284 = CARTESIAN_POINT('',(0.112432407858,5.886947109214E-02,
    0.272844767744));
#285 = CARTESIAN_POINT('',(0.114418869076,5.990957975279E-02,
    0.278280691885));
#286 = CARTESIAN_POINT('',(0.116409247807,6.095173962077E-02,
    0.283714029387));
#287 = CARTESIAN_POINT('',(0.118403270677,6.199580755274E-02,
    0.289144915005));
#288 = CARTESIAN_POINT('',(0.120400707909,6.304166324252E-02,
    0.294573531333));
#289 = CARTESIAN_POINT('',(0.12240134,6.40891917556E-02,0.3));
#290 = CARTESIAN_POINT('',(2.663744543609E-02,3.979309703226E-02,0.));
#291 = CARTESIAN_POINT('',(2.687927004763E-02,3.979696441978E-02,
    8.848717939022E-03));
#292 = CARTESIAN_POINT('',(2.637253677991E-02,4.015471836101E-02,
    1.764073846791E-02));
#293 = CARTESIAN_POINT('',(2.797878232702E-02,4.091191707822E-02,
    2.650737169148E-02));
#294 = CARTESIAN_POINT('',(2.764994657832E-02,4.197831772465E-02,
    3.519105652105E-02));
#295 = CARTESIAN_POINT('',(2.924935550705E-02,4.336151917929E-02,
    4.389660430377E-02));
#296 = CARTESIAN_POINT('',(3.004170170207E-02,4.497234780154E-02,
    5.24725823842E-02));
#297 = CARTESIAN_POINT('',(3.231491785556E-02,4.819398427233E-02,
    6.757488174949E-02));
#298 = CARTESIAN_POINT('',(3.473314405881E-02,5.194113563112E-02,
    8.245940622823E-02));
#299 = CARTESIAN_POINT('',(3.599891250959E-02,5.366065773998E-02,
    8.891508457096E-02));
#300 = CARTESIAN_POINT('',(3.70401501619E-02,5.544794811453E-02,
    9.532268073813E-02));
#301 = CARTESIAN_POINT('',(3.838559390329E-02,5.730107818112E-02,
    0.101715502568));
#302 = CARTESIAN_POINT('',(3.962299725194E-02,5.920523478531E-02,
    0.10807387383));
#303 = CARTESIAN_POINT('',(4.215811274953E-02,6.297992951538E-02,
    0.120333498571));
#304 = CARTESIAN_POINT('',(4.478094976914E-02,6.690631992751E-02,
    0.132512895496));
#305 = CARTESIAN_POINT('',(4.607560676186E-02,6.883399894693E-02,
    0.138380518367));
#306 = CARTESIAN_POINT('',(4.737904293069E-02,7.078848477003E-02,
    0.144232791141));
#307 = CARTESIAN_POINT('',(4.870668905651E-02,7.276691815487E-02,
    0.150072190964));
#308 = CARTESIAN_POINT('',(5.004351261204E-02,7.476646713166E-02,
    0.155899269828));
#309 = CARTESIAN_POINT('',(5.270975230955E-02,7.874881618978E-02,
    0.167374049965));
#310 = CARTESIAN_POINT('',(5.541909661402E-02,8.279759505983E-02,
    0.178810126822));
#311 = CARTESIAN_POINT('',(5.676598693325E-02,8.480857908329E-02,
    0.184441129737));
#312 = CARTESIAN_POINT('',(5.81194768157E-02,8.683247931074E-02,
    0.190064316165));
#313 = CARTESIAN_POINT('',(5.948292470654E-02,8.886811894162E-02,
    0.195680600565));
#314 = CARTESIAN_POINT('',(6.08521634052E-02,9.091437463356E-02,
    0.201290384006));
#315 = CARTESIAN_POINT('',(6.358505640651E-02,9.499718697873E-02,
    0.212418799194));
#316 = CARTESIAN_POINT('',(6.634121850222E-02,9.911507246148E-02,
    0.223525754058));
#317 = CARTESIAN_POINT('',(6.771487089061E-02,0.101167192673,
    0.229034775609));
#318 = CARTESIAN_POINT('',(6.909310937911E-02,0.103226504287,
    0.234539330791));
#319 = CARTESIAN_POINT('',(7.047602770778E-02,0.105292430821,
    0.240039788704));
#320 = CARTESIAN_POINT('',(7.1862836392E-02,0.107364451599,
    0.245536427868));
#321 = CARTESIAN_POINT('',(7.463282658637E-02,0.111502807882,
    0.25647776975));
#322 = CARTESIAN_POINT('',(7.741663928467E-02,0.115661936991,
    0.267406039701));
#323 = CARTESIAN_POINT('',(7.880611301801E-02,0.117737729353,
    0.272844767742));
#324 = CARTESIAN_POINT('',(8.019832616373E-02,0.119817925251,
    0.278280691888));
#325 = CARTESIAN_POINT('',(8.159358886281E-02,0.121902223509,
    0.283714029383));
#326 = CARTESIAN_POINT('',(8.299109900134E-02,0.12399033787,
    0.289144915008));
#327 = CARTESIAN_POINT('',(8.439121585019E-02,0.126082027698,
    0.294573531331));
#328 = CARTESIAN_POINT('',(8.579347839699E-02,0.128177063145,0.3));
#329 = CARTESIAN_POINT('',(3.891120960865E-03,5.255239181663E-02,0.));
#330 = CARTESIAN_POINT('',(2.513500992504E-03,5.255749924054E-02,
    8.848717929542E-03));
#331 = CARTESIAN_POINT('',(6.84667199123E-03,5.302996374999E-02,
    1.764073848786E-02));
#332 = CARTESIAN_POINT('',(5.882979456015E-04,5.402995132311E-02,
    2.650737166847E-02));
#333 = CARTESIAN_POINT('',(6.698428185467E-03,5.543828366886E-02,
    3.519105653797E-02));
#334 = CARTESIAN_POINT('',(2.954347431595E-03,5.726499607697E-02,
    4.389660429582E-02));
#335 = CARTESIAN_POINT('',(4.758876590302E-03,5.939232225951E-02,
    5.247258238619E-02));
#336 = CARTESIAN_POINT('',(4.401955904079E-03,6.36469471722E-02,
    6.757488174784E-02));
#337 = CARTESIAN_POINT('',(5.287410972161E-03,6.859558854918E-02,
    8.245940622919E-02));
#338 = CARTESIAN_POINT('',(4.794749817731E-03,7.086645978641E-02,
    8.891508456925E-02));
#339 = CARTESIAN_POINT('',(5.863309256023E-03,7.322682857413E-02,
    9.5322680739E-02));
#340 = CARTESIAN_POINT('',(5.439940168137E-03,7.567414794648E-02,
    0.101715502568));
#341 = CARTESIAN_POINT('',(5.840618176914E-03,7.818885505477E-02,
    0.10807387383));
#342 = CARTESIAN_POINT('',(6.161684181689E-03,8.317387133257E-02,
    0.120333498572));
#343 = CARTESIAN_POINT('',(6.577206137089E-03,8.835922313319E-02,
    0.132512895496));
#344 = CARTESIAN_POINT('',(6.741099499901E-03,9.09049949059E-02,
    0.138380518368));
#345 = CARTESIAN_POINT('',(6.960406038163E-03,9.348616883635E-02,
    0.144232791142));
#346 = CARTESIAN_POINT('',(7.134940397772E-03,9.609896890226E-02,
    0.150072190963));
#347 = CARTESIAN_POINT('',(7.34009367076E-03,9.873965507751E-02,
    0.155899269828));
#348 = CARTESIAN_POINT('',(7.726849832682E-03,0.103998908157,
    0.167374049965));
#349 = CARTESIAN_POINT('',(8.127955047988E-03,0.109345891161,
    0.178810126822));
#350 = CARTESIAN_POINT('',(8.320332452582E-03,0.11200167893,
    0.184441129738));
#351 = CARTESIAN_POINT('',(8.525760842315E-03,0.114674524364,
    0.190064316163));
#352 = CARTESIAN_POINT('',(8.720243070903E-03,0.117362873336,
    0.195680600567));
#353 = CARTESIAN_POINT('',(8.923341057763E-03,0.120065242312,
    0.201290384006));
#354 = CARTESIAN_POINT('',(9.323357805744E-03,0.125457171316,
    0.212418799194));
#355 = CARTESIAN_POINT('',(9.728006924485E-03,0.130895419341,
    0.223525754059));
#356 = CARTESIAN_POINT('',(9.928867552798E-03,0.133605533243,
    0.229034775609));
#357 = CARTESIAN_POINT('',(1.013174359963E-02,0.136325144402,
    0.234539330793));
#358 = CARTESIAN_POINT('',(1.03338159849E-02,0.139053491499,
    0.240039788702));
#359 = CARTESIAN_POINT('',(1.053757363849E-02,0.1417898869,
    0.245536427868));
#360 = CARTESIAN_POINT('',(1.09435046296E-02,0.147255169503,
    0.256477769751));
#361 = CARTESIAN_POINT('',(1.135194377457E-02,0.152747885545,
    0.2674060397));
#362 = CARTESIAN_POINT('',(1.155526178254E-02,0.15548926186,
    0.27284476775));
#363 = CARTESIAN_POINT('',(1.176021022762E-02,0.158236453651,
    0.278280691873));
#364 = CARTESIAN_POINT('',(1.196381203409E-02,0.160989063211,
    0.283714029402));
#365 = CARTESIAN_POINT('',(1.216955559918E-02,0.163746712443,
    0.289144914994));
#366 = CARTESIAN_POINT('',(1.237442021913E-02,0.166509083608,
    0.294573531337));
#367 = CARTESIAN_POINT('',(1.258015257306E-02,0.16927587312,0.3));
#368 = CARTESIAN_POINT('',(-2.516627747875E-02,5.101240529699E-02,0.));
#369 = CARTESIAN_POINT('',(-2.123887679075E-02,5.101736306665E-02,
    8.848717940527E-03));
#370 = CARTESIAN_POINT('',(-3.37229271642E-02,5.147598251498E-02,
    1.764073846479E-02));
#371 = CARTESIAN_POINT('',(-1.61426892149E-02,5.244666667784E-02,
    2.650737169496E-02));
#372 = CARTESIAN_POINT('',(-3.394491552143E-02,5.381372943215E-02,
    3.519105651868E-02));
#373 = CARTESIAN_POINT('',(-2.375640111256E-02,5.558691220022E-02,
    4.389660430472E-02));
#374 = CARTESIAN_POINT('',(-2.947218074285E-02,5.765189955646E-02,
    5.247258238405E-02));
#375 = CARTESIAN_POINT('',(-2.959334810619E-02,6.178184765659E-02,
    6.757488174958E-02));
#376 = CARTESIAN_POINT('',(-3.344338981577E-02,6.658547486809E-02,
    8.245940622822E-02));
#377 = CARTESIAN_POINT('',(-3.264635302866E-02,6.878980087903E-02,
    8.891508457066E-02));
#378 = CARTESIAN_POINT('',(-3.632564644221E-02,7.108100180638E-02,
    9.532268073913E-02));
#379 = CARTESIAN_POINT('',(-3.577345922893E-02,7.345660534514E-02,
    0.101715502567));
#380 = CARTESIAN_POINT('',(-3.758937335785E-02,7.589762189455E-02,
    0.108073873831));
#381 = CARTESIAN_POINT('',(-3.983959939859E-02,8.07365580871E-02,
    0.120333498571));
#382 = CARTESIAN_POINT('',(-4.241283383538E-02,8.576995920445E-02,
    0.132512895496));
#383 = CARTESIAN_POINT('',(-4.356178989716E-02,8.824113010394E-02,
    0.138380518367));
#384 = CARTESIAN_POINT('',(-4.48782540254E-02,9.074666574888E-02,
    0.144232791141));
#385 = CARTESIAN_POINT('',(-4.607550151267E-02,9.328290075199E-02,
    0.150072190964));
#386 = CARTESIAN_POINT('',(-4.73675353007E-02,9.584620470404E-02,
    0.155899269827));
#387 = CARTESIAN_POINT('',(-4.9878518878E-02,0.100951341507,
    0.167374049965));
#388 = CARTESIAN_POINT('',(-5.245391096959E-02,0.106141637415,
    0.178810126822));
#389 = CARTESIAN_POINT('',(-5.371355288656E-02,0.10871960042,
    0.184441129736));
#390 = CARTESIAN_POINT('',(-5.501498097577E-02,0.11131412124,
    0.190064316168));
#391 = CARTESIAN_POINT('',(-5.628934285427E-02,0.113923691281,
    0.195680600563));
#392 = CARTESIAN_POINT('',(-5.759202905101E-02,0.116546870488,
    0.201290384006));
#393 = CARTESIAN_POINT('',(-6.017634998052E-02,0.121780795305,
    0.212418799193));
#394 = CARTESIAN_POINT('',(-6.278628232028E-02,0.127059681817,
    0.223525754058));
#395 = CARTESIAN_POINT('',(-6.408466137749E-02,0.129690378993,
    0.229034775609));
#396 = CARTESIAN_POINT('',(-6.539133072951E-02,0.132330295122,
    0.23453933079));
#397 = CARTESIAN_POINT('',(-6.669804694605E-02,0.134978691188,
    0.240039788704));
#398 = CARTESIAN_POINT('',(-6.801172400206E-02,0.137634899717,
    0.245536427868));
#399 = CARTESIAN_POINT('',(-7.063254977307E-02,0.142940028589,
    0.256477769748));
#400 = CARTESIAN_POINT('',(-7.326787293609E-02,0.148271786999,
    0.267406039704));
#401 = CARTESIAN_POINT('',(-7.458162967879E-02,0.150932830476,
    0.272844767732));
#402 = CARTESIAN_POINT('',(-7.590159311975E-02,0.153599519028,
    0.278280691907));
#403 = CARTESIAN_POINT('',(-7.72191665836E-02,0.156271466558,
    0.283714029359));
#404 = CARTESIAN_POINT('',(-7.854419726675E-02,0.158948306117,
    0.289144915025));
#405 = CARTESIAN_POINT('',(-7.986798547778E-02,0.161629729206,
    0.294573531324));
#406 = CARTESIAN_POINT('',(-8.119543122677E-02,0.164315441183,0.3));
#407 = CARTESIAN_POINT('',(-5.078788474778E-02,3.201963093423E-02,0.));
#408 = CARTESIAN_POINT('',(-5.781040377791E-02,3.202274282999E-02,
    8.848717932918E-03));
#409 = CARTESIAN_POINT('',(-3.637808209712E-02,3.231061060385E-02,
    1.764073848069E-02));
#410 = CARTESIAN_POINT('',(-6.959290783418E-02,3.29198927072E-02,
    2.65073716769E-02));
#411 = CARTESIAN_POINT('',(-4.036858872374E-02,3.377797511844E-02,
    3.519105653153E-02));
#412 = CARTESIAN_POINT('',(-6.188984222932E-02,3.489097215575E-02,
    4.389660429904E-02));
#413 = CARTESIAN_POINT('',(-5.555815856984E-02,3.618713008875E-02,
    5.247258238529E-02));
#414 = CARTESIAN_POINT('',(-6.309186964334E-02,3.877942921415E-02,
    6.757488174863E-02));
#415 = CARTESIAN_POINT('',(-6.523107352781E-02,4.179458542558E-02,
    8.245940622867E-02));
#416 = CARTESIAN_POINT('',(-7.079089602541E-02,4.317820387344E-02,
    8.891508457066E-02));
#417 = CARTESIAN_POINT('',(-6.852029745511E-02,4.461635226211E-02,
    9.532268073707E-02));
#418 = CARTESIAN_POINT('',(-7.396430054656E-02,4.610747874111E-02,
    0.10171550257));
#419 = CARTESIAN_POINT('',(-7.530230247019E-02,4.763966387602E-02,
    0.10807387383));
#420 = CARTESIAN_POINT('',(-8.03645793432E-02,5.067698293812E-02,
    0.120333498572));
#421 = CARTESIAN_POINT('',(-8.521497994743E-02,5.383636436994E-02,
    0.132512895495));
#422 = CARTESIAN_POINT('',(-8.780056476323E-02,5.538747688556E-02,
    0.138380518369));
#423 = CARTESIAN_POINT('',(-9.015151541455E-02,5.696015956674E-02,
    0.144232791141));
#424 = CARTESIAN_POINT('',(-9.277296201959E-02,5.855211173374E-02,
    0.150072190963));
#425 = CARTESIAN_POINT('',(-9.527594377725E-02,6.016105461283E-02,
    0.155899269829));
#426 = CARTESIAN_POINT('',(-0.100372122707,6.336546333439E-02,
    0.167374049965));
#427 = CARTESIAN_POINT('',(-0.105513092311,6.662332499225E-02,
    0.178810126823));
#428 = CARTESIAN_POINT('',(-0.108101425245,6.824146912122E-02,
    0.18444112974));
#429 = CARTESIAN_POINT('',(-0.110646211685,6.987000630629E-02,
    0.19006431616));
#430 = CARTESIAN_POINT('',(-0.113267571366,7.150798964099E-02,
    0.19568060057));
#431 = CARTESIAN_POINT('',(-0.115863890273,7.315451521735E-02,
    0.201290384006));
#432 = CARTESIAN_POINT('',(-0.121070787642,7.643976201159E-02,
    0.212418799195));
#433 = CARTESIAN_POINT('',(-0.126316323515,7.975323050795E-02,
    0.223525754059));
#434 = CARTESIAN_POINT('',(-0.128934441639,8.140447498781E-02,
    0.229034775608));
#435 = CARTESIAN_POINT('',(-0.13155505555,8.306150605003E-02,
    0.234539330795));
#436 = CARTESIAN_POINT('',(-0.134191498861,8.472385982846E-02,
    0.240039788701));
#437 = CARTESIAN_POINT('',(-0.136830172626,8.63911173554E-02,
    0.245536427868));
#438 = CARTESIAN_POINT('',(-0.142105501219,8.972105774206E-02,
    0.256477769753));
#439 = CARTESIAN_POINT('',(-0.147404913443,9.306771303972E-02,
    0.267406039697));
#440 = CARTESIAN_POINT('',(-0.15005251797,9.473800538792E-02,
    0.272844767762));
#441 = CARTESIAN_POINT('',(-0.152699632392,9.641184103963E-02,
    0.278280691851));
#442 = CARTESIAN_POINT('',(-0.155360883437,9.808897769567E-02,
    0.28371402943));
#443 = CARTESIAN_POINT('',(-0.15801799814,9.976918495311E-02,
    0.289144914974));
#444 = CARTESIAN_POINT('',(-0.160685932836,0.101452269252,0.294573531345
    ));
#445 = CARTESIAN_POINT('',(-0.163355384538,0.103138045596,0.3));
#446 = CARTESIAN_POINT('',(-6.114874925469E-02,-1.180190204823E-15,0.));
#447 = CARTESIAN_POINT('',(-5.269599823535E-02,5.427883643875E-12,
    8.84871792771E-03));
#448 = CARTESIAN_POINT('',(-7.96297162666E-02,-1.151145128211E-11,
    1.764073849181E-02));
#449 = CARTESIAN_POINT('',(-4.192242270784E-02,1.344476027096E-11,
    2.650737166369E-02));
#450 = CARTESIAN_POINT('',(-8.042741392106E-02,-1.02156631823E-11,
    3.519105654192E-02));
#451 = CARTESIAN_POINT('',(-5.874004917992E-02,5.051834104515E-12,
    4.389660429361E-02));
#452 = CARTESIAN_POINT('',(-7.132538915469E-02,-1.416123769295E-12,
    5.247258238695E-02));
#453 = CARTESIAN_POINT('',(-7.215131250167E-02,1.209735714248E-12,
    6.757488174714E-02));
#454 = CARTESIAN_POINT('',(-8.109553512702E-02,-8.137403683268E-13,
    8.245940622975E-02));
#455 = CARTESIAN_POINT('',(-7.968160254883E-02,1.764845379496E-12,
    8.891508456739E-02));
#456 = CARTESIAN_POINT('',(-8.79145156432E-02,-1.728520684166E-12,
    9.532268074246E-02));
#457 = CARTESIAN_POINT('',(-8.705103973007E-02,5.631746583813E-13,
    0.101715502565));
#458 = CARTESIAN_POINT('',(-9.129367148445E-02,8.979055734377E-16,
    0.108073873831));
#459 = CARTESIAN_POINT('',(-9.679924480995E-02,-2.607724907318E-13,
    0.12033349857));
#460 = CARTESIAN_POINT('',(-0.103026678521,2.386162090976E-13,
    0.132512895496));
#461 = CARTESIAN_POINT('',(-0.105837860239,-1.668069368665E-12,
    0.138380518366));
#462 = CARTESIAN_POINT('',(-0.109014292536,3.032666071872E-12,
    0.144232791142));
#463 = CARTESIAN_POINT('',(-0.111938320875,-3.198302091436E-12,
    0.150072190963));
#464 = CARTESIAN_POINT('',(-0.115070073438,1.157397463579E-12,
    0.155899269827));
#465 = CARTESIAN_POINT('',(-0.121173332864,-1.437236650073E-12,
    0.167374049965));
#466 = CARTESIAN_POINT('',(-0.1274268794,8.498851368227E-13,
    0.178810126822));
#467 = CARTESIAN_POINT('',(-0.130490916808,-1.530080182725E-12,
    0.184441129734));
#468 = CARTESIAN_POINT('',(-0.133647161436,1.106688753161E-12,
    0.19006431617));
#469 = CARTESIAN_POINT('',(-0.136747207369,-7.430530910757E-13,
    0.195680600561));
#470 = CARTESIAN_POINT('',(-0.139910081437,-2.407472497747E-13,
    0.201290384007));
#471 = CARTESIAN_POINT('',(-0.146188816558,1.6842972942E-13,
    0.212418799193));
#472 = CARTESIAN_POINT('',(-0.152528830598,-1.793757860771E-13,
    0.223525754058));
#473 = CARTESIAN_POINT('',(-0.155683462593,6.249845325722E-13,
    0.22903477561));
#474 = CARTESIAN_POINT('',(-0.158857200289,-9.020164207824E-13,
    0.234539330788));
#475 = CARTESIAN_POINT('',(-0.162032199203,2.953922938847E-15,
    0.240039788706));
#476 = CARTESIAN_POINT('',(-0.165223249809,-8.18435620391E-14,
    0.245536427868));
#477 = CARTESIAN_POINT('',(-0.171590301988,-1.372723450828E-13,
    0.256477769746));
#478 = CARTESIAN_POINT('',(-0.177992202537,-2.716956456223E-15,
    0.267406039706));
#479 = CARTESIAN_POINT('',(-0.181184086249,-1.191816523724E-12,
    0.272844767722));
#480 = CARTESIAN_POINT('',(-0.184390101847,3.723046423781E-12,
    0.278280691925));
#481 = CARTESIAN_POINT('',(-0.187591692811,-6.782674666894E-12,
    0.283714029338));
#482 = CARTESIAN_POINT('',(-0.190810004269,5.907572837519E-12,
    0.289144915041));
#483 = CARTESIAN_POINT('',(-0.194026268586,-2.6646181791E-12,
    0.294573531319));
#484 = CARTESIAN_POINT('',(-0.197250992342,-2.254004875287E-14,0.3));
#485 = CARTESIAN_POINT('',(-5.078788474779E-02,-3.201963093422E-02,0.));
#486 = CARTESIAN_POINT('',(-5.781040378117E-02,-3.202274284052E-02,
    8.848717946518E-03));
#487 = CARTESIAN_POINT('',(-3.637808209044E-02,-3.231061058153E-02,
    1.764073845205E-02));
#488 = CARTESIAN_POINT('',(-6.959290784154E-02,-3.291989273327E-02,
    2.650737170995E-02));
#489 = CARTESIAN_POINT('',(-4.036858871864E-02,-3.377797509864E-02,
    3.519105650712E-02));
#490 = CARTESIAN_POINT('',(-6.188984223154E-02,-3.489097216555E-02,
    4.389660431058E-02));
#491 = CARTESIAN_POINT('',(-5.555815856934E-02,-3.6187130086E-02,
    5.247258238233E-02));
#492 = CARTESIAN_POINT('',(-6.309186964375E-02,-3.877942921651E-02,
    6.757488175109E-02));
#493 = CARTESIAN_POINT('',(-6.523107352756E-02,-4.1794585424E-02,
    8.245940622716E-02));
#494 = CARTESIAN_POINT('',(-7.079089602605E-02,-4.317820387686E-02,
    8.891508457362E-02));
#495 = CARTESIAN_POINT('',(-6.852029745441E-02,-4.461635225876E-02,
    9.532268073454E-02));
#496 = CARTESIAN_POINT('',(-7.396430054694E-02,-4.610747874225E-02,
    0.101715502571));
#497 = CARTESIAN_POINT('',(-7.530230247009E-02,-4.7639663876E-02,
    0.10807387383));
#498 = CARTESIAN_POINT('',(-8.036457934328E-02,-5.067698293766E-02,
    0.120333498572));
#499 = CARTESIAN_POINT('',(-8.521497994738E-02,-5.383636437036E-02,
    0.132512895495));
#500 = CARTESIAN_POINT('',(-8.780056476321E-02,-5.538747688255E-02,
    0.138380518369));
#501 = CARTESIAN_POINT('',(-9.015151541454E-02,-5.696015957221E-02,
    0.144232791141));
#502 = CARTESIAN_POINT('',(-9.277296201956E-02,-5.855211172796E-02,
    0.150072190964));
#503 = CARTESIAN_POINT('',(-9.527594377727E-02,-6.016105461492E-02,
    0.155899269828));
#504 = CARTESIAN_POINT('',(-0.100372122707,-6.336546333179E-02,
    0.167374049965));
#505 = CARTESIAN_POINT('',(-0.105513092311,-6.662332499379E-02,
    0.178810126822));
#506 = CARTESIAN_POINT('',(-0.108101425245,-6.824146911842E-02,
    0.184441129741));
#507 = CARTESIAN_POINT('',(-0.110646211685,-6.987000630834E-02,
    0.19006431616));
#508 = CARTESIAN_POINT('',(-0.113267571367,-7.15079896396E-02,
    0.19568060057));
#509 = CARTESIAN_POINT('',(-0.115863890273,-7.315451521693E-02,
    0.201290384005));
#510 = CARTESIAN_POINT('',(-0.121070787642,-7.643976201187E-02,
    0.212418799195));
#511 = CARTESIAN_POINT('',(-0.126316323515,-7.975323050765E-02,
    0.223525754059));
#512 = CARTESIAN_POINT('',(-0.128934441639,-8.140447498882E-02,
    0.229034775608));
#513 = CARTESIAN_POINT('',(-0.13155505555,-8.306150604858E-02,
    0.234539330794));
#514 = CARTESIAN_POINT('',(-0.13419149886,-8.472385982832E-02,
    0.240039788701));
#515 = CARTESIAN_POINT('',(-0.136830172626,-8.63911173553E-02,
    0.245536427868));
#516 = CARTESIAN_POINT('',(-0.142105501219,-8.972105774174E-02,
    0.256477769754));
#517 = CARTESIAN_POINT('',(-0.147404913443,-9.306771303977E-02,
    0.267406039696));
#518 = CARTESIAN_POINT('',(-0.150052517969,-9.473800538566E-02,
    0.272844767766));
#519 = CARTESIAN_POINT('',(-0.152699632394,-9.641184104645E-02,
    0.278280691844));
#520 = CARTESIAN_POINT('',(-0.155360883434,-9.808897768338E-02,
    0.283714029436));
#521 = CARTESIAN_POINT('',(-0.158017998142,-9.976918496378E-02,
    0.289144914969));
#522 = CARTESIAN_POINT('',(-0.160685932835,-0.101452269247,
    0.294573531346));
#523 = CARTESIAN_POINT('',(-0.163355384538,-0.103138045596,0.3));
#524 = CARTESIAN_POINT('',(-2.516627747873E-02,-5.101240529699E-02,0.));
#525 = CARTESIAN_POINT('',(-2.123887678803E-02,-5.101736305963E-02,
    8.848717922403E-03));
#526 = CARTESIAN_POINT('',(-3.372292716967E-02,-5.147598252983E-02,
    1.764073850295E-02));
#527 = CARTESIAN_POINT('',(-1.614268920906E-02,-5.244666666046E-02,
    2.650737165095E-02));
#528 = CARTESIAN_POINT('',(-3.394491552526E-02,-5.381372944538E-02,
    3.519105655114E-02));
#529 = CARTESIAN_POINT('',(-2.375640111102E-02,-5.558691219363E-02,
    4.389660428941E-02));
#530 = CARTESIAN_POINT('',(-2.947218074314E-02,-5.765189955832E-02,
    5.247258238796E-02));
#531 = CARTESIAN_POINT('',(-2.959334810595E-02,-6.178184765498E-02,
    6.757488174633E-02));
#532 = CARTESIAN_POINT('',(-3.344338981591E-02,-6.658547486917E-02,
    8.24594062302E-02));
#533 = CARTESIAN_POINT('',(-3.26463530282E-02,-6.878980087665E-02,
    8.891508456676E-02));
#534 = CARTESIAN_POINT('',(-3.632564644273E-02,-7.108100180868E-02,
    9.532268074242E-02));
#535 = CARTESIAN_POINT('',(-3.577345922865E-02,-7.345660534439E-02,
    0.101715502566));
#536 = CARTESIAN_POINT('',(-3.758937335795E-02,-7.589762189455E-02,
    0.108073873831));
#537 = CARTESIAN_POINT('',(-3.983959939851E-02,-8.073655808744E-02,
    0.120333498571));
#538 = CARTESIAN_POINT('',(-4.241283383544E-02,-8.576995920414E-02,
    0.132512895496));
#539 = CARTESIAN_POINT('',(-4.356178989716E-02,-8.824113010611E-02,
    0.138380518366));
#540 = CARTESIAN_POINT('',(-4.487825402548E-02,-9.074666574496E-02,
    0.144232791142));
#541 = CARTESIAN_POINT('',(-4.607550151263E-02,-9.328290075612E-02,
    0.150072190963));
#542 = CARTESIAN_POINT('',(-4.736753530072E-02,-9.584620470255E-02,
    0.155899269828));
#543 = CARTESIAN_POINT('',(-4.987851887801E-02,-0.100951341508,
    0.167374049965));
#544 = CARTESIAN_POINT('',(-5.245391096961E-02,-0.106141637414,
    0.178810126822));
#545 = CARTESIAN_POINT('',(-5.371355288651E-02,-0.108719600422,
    0.184441129735));
#546 = CARTESIAN_POINT('',(-5.501498097599E-02,-0.111314121238,
    0.190064316169));
#547 = CARTESIAN_POINT('',(-5.628934285388E-02,-0.113923691282,
    0.195680600563));
#548 = CARTESIAN_POINT('',(-5.759202905127E-02,-0.116546870488,
    0.201290384007));
#549 = CARTESIAN_POINT('',(-6.017634998025E-02,-0.121780795305,
    0.212418799193));
#550 = CARTESIAN_POINT('',(-6.278628232053E-02,-0.127059681817,
    0.223525754058));
#551 = CARTESIAN_POINT('',(-6.408466137722E-02,-0.129690378992,
    0.229034775609));
#552 = CARTESIAN_POINT('',(-6.539133072945E-02,-0.132330295123,
    0.234539330789));
#553 = CARTESIAN_POINT('',(-6.669804694641E-02,-0.134978691188,
    0.240039788705));
#554 = CARTESIAN_POINT('',(-6.801172400189E-02,-0.137634899718,
    0.245536427869));
#555 = CARTESIAN_POINT('',(-7.063254977326E-02,-0.142940028589,
    0.256477769747));
#556 = CARTESIAN_POINT('',(-7.326787293598E-02,-0.148271786999,
    0.267406039705));
#557 = CARTESIAN_POINT('',(-7.45816296794E-02,-0.150932830477,
    0.272844767728));
#558 = CARTESIAN_POINT('',(-7.590159311829E-02,-0.153599519024,
    0.278280691914));
#559 = CARTESIAN_POINT('',(-7.721916658572E-02,-0.156271466566,
    0.283714029352));
#560 = CARTESIAN_POINT('',(-7.854419726511E-02,-0.15894830611,
    0.289144915031));
#561 = CARTESIAN_POINT('',(-7.98679854785E-02,-0.161629729209,
    0.294573531323));
#562 = CARTESIAN_POINT('',(-8.11954312268E-02,-0.164315441183,0.3));
#563 = CARTESIAN_POINT('',(3.891120960855E-03,-5.255239181663E-02,0.));
#564 = CARTESIAN_POINT('',(2.513500990477E-03,-5.255749924391E-02,
    8.848717943983E-03));
#565 = CARTESIAN_POINT('',(6.846671995284E-03,-5.302996374288E-02,
    1.764073845745E-02));
#566 = CARTESIAN_POINT('',(5.882979413013E-04,-5.402995133146E-02,
    2.650737170356E-02));
#567 = CARTESIAN_POINT('',(6.698428188257E-03,-5.54382836625E-02,
    3.519105651207E-02));
#568 = CARTESIAN_POINT('',(2.954347430503E-03,-5.726499608017E-02,
    4.389660430805E-02));
#569 = CARTESIAN_POINT('',(4.758876590494E-03,-5.939232225859E-02,
    5.247258238307E-02));
#570 = CARTESIAN_POINT('',(4.401955903917E-03,-6.364694717302E-02,
    6.757488175044E-02));
#571 = CARTESIAN_POINT('',(5.287410972246E-03,-6.859558854864E-02,
    8.245940622761E-02));
#572 = CARTESIAN_POINT('',(4.794749817419E-03,-7.086645978766E-02,
    8.891508457241E-02));
#573 = CARTESIAN_POINT('',(5.863309256376E-03,-7.322682857293E-02,
    9.532268073631E-02));
#574 = CARTESIAN_POINT('',(5.439940167948E-03,-7.567414794685E-02,
    0.101715502569));
#575 = CARTESIAN_POINT('',(5.840618176982E-03,-7.818885505478E-02,
    0.10807387383));
#576 = CARTESIAN_POINT('',(6.161684181635E-03,-8.317387133237E-02,
    0.120333498572));
#577 = CARTESIAN_POINT('',(6.577206137127E-03,-8.835922313336E-02,
    0.132512895495));
#578 = CARTESIAN_POINT('',(6.741099499901E-03,-9.09049949047E-02,
    0.138380518368));
#579 = CARTESIAN_POINT('',(6.960406038236E-03,-9.348616883852E-02,
    0.144232791141));
#580 = CARTESIAN_POINT('',(7.134940397729E-03,-9.609896889998E-02,
    0.150072190964));
#581 = CARTESIAN_POINT('',(7.340093670781E-03,-9.873965507833E-02,
    0.155899269828));
#582 = CARTESIAN_POINT('',(7.726849832685E-03,-0.103998908156,
    0.167374049965));
#583 = CARTESIAN_POINT('',(8.127955048008E-03,-0.109345891162,
    0.178810126822));
#584 = CARTESIAN_POINT('',(8.320332452534E-03,-0.112001678929,
    0.184441129739));
#585 = CARTESIAN_POINT('',(8.525760842513E-03,-0.114674524364,
    0.190064316163));
#586 = CARTESIAN_POINT('',(8.720243070582E-03,-0.117362873336,
    0.195680600568));
#587 = CARTESIAN_POINT('',(8.923341057983E-03,-0.120065242312,
    0.201290384006));
#588 = CARTESIAN_POINT('',(9.32335780551E-03,-0.125457171317,
    0.212418799194));
#589 = CARTESIAN_POINT('',(9.728006924702E-03,-0.130895419341,
    0.223525754059));
#590 = CARTESIAN_POINT('',(9.928867552474E-03,-0.133605533243,
    0.229034775608));
#591 = CARTESIAN_POINT('',(1.013174359979E-02,-0.136325144401,
    0.234539330793));
#592 = CARTESIAN_POINT('',(1.033381598498E-02,-0.139053491499,
    0.240039788702));
#593 = CARTESIAN_POINT('',(1.053757363845E-02,-0.1417898869,
    0.245536427868));
#594 = CARTESIAN_POINT('',(1.094350462964E-02,-0.147255169503,
    0.256477769751));
#595 = CARTESIAN_POINT('',(1.135194377458E-02,-0.152747885545,
    0.267406039699));
#596 = CARTESIAN_POINT('',(1.155526178273E-02,-0.15548926186,
    0.272844767753));
#597 = CARTESIAN_POINT('',(1.176021022696E-02,-0.158236453653,
    0.278280691868));
#598 = CARTESIAN_POINT('',(1.196381203522E-02,-0.160989063207,
    0.283714029407));
#599 = CARTESIAN_POINT('',(1.216955559826E-02,-0.163746712447,
    0.28914491499));
#600 = CARTESIAN_POINT('',(1.237442021955E-02,-0.166509083606,
    0.294573531338));
#601 = CARTESIAN_POINT('',(1.258015257308E-02,-0.16927587312,0.3));
#602 = CARTESIAN_POINT('',(2.66374454361E-02,-3.979309703226E-02,0.));
#603 = CARTESIAN_POINT('',(2.687927004861E-02,-3.979696441798E-02,
    8.848717930337E-03));
#604 = CARTESIAN_POINT('',(2.637253677795E-02,-4.01547183648E-02,
    1.76407384862E-02));
#605 = CARTESIAN_POINT('',(2.797878232909E-02,-4.091191707379E-02,
    2.650737167037E-02));
#606 = CARTESIAN_POINT('',(2.764994657698E-02,-4.197831772801E-02,
    3.519105653665E-02));
#607 = CARTESIAN_POINT('',(2.924935550756E-02,-4.336151917761E-02,
    4.389660429638E-02));
#608 = CARTESIAN_POINT('',(3.004170170198E-02,-4.497234780201E-02,
    5.24725823861E-02));
#609 = CARTESIAN_POINT('',(3.231491785563E-02,-4.819398427191E-02,
    6.75748817479E-02));
#610 = CARTESIAN_POINT('',(3.473314405878E-02,-5.19411356314E-02,
    8.24594062292E-02));
#611 = CARTESIAN_POINT('',(3.599891250973E-02,-5.366065773934E-02,
    8.8915084569E-02));
#612 = CARTESIAN_POINT('',(3.704015016174E-02,-5.544794811515E-02,
    9.532268073985E-02));
#613 = CARTESIAN_POINT('',(3.838559390337E-02,-5.73010781809E-02,
    0.101715502567));
#614 = CARTESIAN_POINT('',(3.962299725191E-02,-5.920523478533E-02,
    0.108073873831));
#615 = CARTESIAN_POINT('',(4.215811274955E-02,-6.297992951544E-02,
    0.120333498571));
#616 = CARTESIAN_POINT('',(4.478094976913E-02,-6.690631992747E-02,
    0.132512895496));
#617 = CARTESIAN_POINT('',(4.607560676186E-02,-6.883399894735E-02,
    0.138380518367));
#618 = CARTESIAN_POINT('',(4.737904293065E-02,-7.078848476925E-02,
    0.144232791142));
#619 = CARTESIAN_POINT('',(4.870668905654E-02,-7.276691815572E-02,
    0.150072190963));
#620 = CARTESIAN_POINT('',(5.004351261203E-02,-7.476646713136E-02,
    0.155899269828));
#621 = CARTESIAN_POINT('',(5.270975230955E-02,-7.874881619015E-02,
    0.167374049965));
#622 = CARTESIAN_POINT('',(5.541909661401E-02,-8.279759505962E-02,
    0.178810126822));
#623 = CARTESIAN_POINT('',(5.676598693327E-02,-8.480857908368E-02,
    0.184441129737));
#624 = CARTESIAN_POINT('',(5.81194768156E-02,-8.683247931046E-02,
    0.190064316166));
#625 = CARTESIAN_POINT('',(5.948292470669E-02,-8.886811894183E-02,
    0.195680600565));
#626 = CARTESIAN_POINT('',(6.085216340509E-02,-9.091437463363E-02,
    0.201290384006));
#627 = CARTESIAN_POINT('',(6.358505640662E-02,-9.499718697871E-02,
    0.212418799194));
#628 = CARTESIAN_POINT('',(6.634121850212E-02,-9.911507246149E-02,
    0.223525754058));
#629 = CARTESIAN_POINT('',(6.771487089074E-02,-0.101167192673,
    0.229034775609));
#630 = CARTESIAN_POINT('',(6.909310937908E-02,-0.103226504287,
    0.234539330791));
#631 = CARTESIAN_POINT('',(7.04760277077E-02,-0.105292430821,
    0.240039788704));
#632 = CARTESIAN_POINT('',(7.186283639205E-02,-0.107364451599,
    0.245536427868));
#633 = CARTESIAN_POINT('',(7.463282658633E-02,-0.111502807883,
    0.256477769749));
#634 = CARTESIAN_POINT('',(7.74166392847E-02,-0.115661936991,
    0.267406039702));
#635 = CARTESIAN_POINT('',(7.880611301784E-02,-0.117737729354,
    0.272844767741));
#636 = CARTESIAN_POINT('',(8.019832616418E-02,-0.119817925248,
    0.27828069189));
#637 = CARTESIAN_POINT('',(8.159358886213E-02,-0.121902223512,
    0.283714029381));
#638 = CARTESIAN_POINT('',(8.299109900186E-02,-0.123990337868,
    0.28914491501));
#639 = CARTESIAN_POINT('',(8.439121584996E-02,-0.1260820277,
    0.294573531331));
#640 = CARTESIAN_POINT('',(8.579347839698E-02,-0.128177063145,0.3));
#641 = CARTESIAN_POINT('',(3.8E-02,-1.989675347273E-02,0.));
#642 = CARTESIAN_POINT('',(3.800369311949E-02,-1.989868718564E-02,
    8.848717935641E-03));
#643 = CARTESIAN_POINT('',(3.834532649256E-02,-2.007756600129E-02,
    1.764073847502E-02));
#644 = CARTESIAN_POINT('',(3.906840544621E-02,-2.045616925636E-02,
    2.650737168328E-02));
#645 = CARTESIAN_POINT('',(4.008675354827E-02,-2.098937507549E-02,
    3.519105652709E-02));
#646 = CARTESIAN_POINT('',(4.140762724296E-02,-2.168098292489E-02,
    4.389660430092E-02));
#647 = CARTESIAN_POINT('',(4.294587111651E-02,-2.248640553359E-02,
    5.247258238492E-02));
#648 = CARTESIAN_POINT('',(4.602233902152E-02,-2.409724036186E-02,
    6.757488174889E-02));
#649 = CARTESIAN_POINT('',(4.96006418498E-02,-2.597083534143E-02,
    8.245940622858E-02));
#650 = CARTESIAN_POINT('',(5.124268142399E-02,-2.683060525204E-02,
    8.891508457033E-02));
#651 = CARTESIAN_POINT('',(5.294943559344E-02,-2.772425964525E-02,
    9.532268073851E-02));
#652 = CARTESIAN_POINT('',(5.471906268342E-02,-2.865083422298E-02,
    0.101715502568));
#653 = CARTESIAN_POINT('',(5.653741703037E-02,-2.960292233258E-02,
    0.10807387383));
#654 = CARTESIAN_POINT('',(6.014202211119E-02,-3.149028913943E-02,
    0.120333498572));
#655 = CARTESIAN_POINT('',(6.389148738996E-02,-3.345350456853E-02,
    0.132512895496));
#656 = CARTESIAN_POINT('',(6.573230422037E-02,-3.441735400702E-02,
    0.138380518368));
#657 = CARTESIAN_POINT('',(6.759871992532E-02,-3.539460698498E-02,
    0.144232791141));
#658 = CARTESIAN_POINT('',(6.948800410434E-02,-3.638383386771E-02,
    0.150072190964));
#659 = CARTESIAN_POINT('',(7.13974523947E-02,-3.738361865474E-02,
    0.155899269828));
#660 = CARTESIAN_POINT('',(7.520035479503E-02,-3.937481369519E-02,
    0.167374049965));
#661 = CARTESIAN_POINT('',(7.906669364587E-02,-4.139922398362E-02,
    0.178810126822));
#662 = CARTESIAN_POINT('',(8.098706171484E-02,-4.240472635314E-02,
    0.184441129738));
#663 = CARTESIAN_POINT('',(8.291976397622E-02,-4.34166868909E-02,
    0.190064316165));
#664 = CARTESIAN_POINT('',(8.486367665865E-02,-4.443451719121E-02,
    0.195680600566));
#665 = CARTESIAN_POINT('',(8.681772703628E-02,-4.545765557641E-02,
    0.201290384006));
#666 = CARTESIAN_POINT('',(9.071656579708E-02,-4.749908277784E-02,
    0.212418799194));
#667 = CARTESIAN_POINT('',(9.464889728184E-02,-4.955804672849E-02,
    0.223525754058));
#668 = CARTESIAN_POINT('',(9.660854792174E-02,-5.058411740419E-02,
    0.229034775609));
#669 = CARTESIAN_POINT('',(9.857506591418E-02,-5.161378381712E-02,
    0.234539330792));
#670 = CARTESIAN_POINT('',(0.100547900757,-5.264675772554E-02,
    0.240039788703));
#671 = CARTESIAN_POINT('',(0.102526555233,-5.368277878615E-02,
    0.245536427868));
#672 = CARTESIAN_POINT('',(0.106478435095,-5.575197824314E-02,
    0.25647776975));
#673 = CARTESIAN_POINT('',(0.110450151745,-5.78315642185E-02,
    0.267406039701));
#674 = CARTESIAN_POINT('',(0.112432407859,-5.886947109233E-02,
    0.272844767744));
#675 = CARTESIAN_POINT('',(0.114418869074,-5.990957975256E-02,
    0.278280691884));
#676 = CARTESIAN_POINT('',(0.116409247809,-6.095173962084E-02,
    0.283714029389));
#677 = CARTESIAN_POINT('',(0.118403270676,-6.199580755278E-02,
    0.289144915004));
#678 = CARTESIAN_POINT('',(0.120400707909,-6.304166324247E-02,
    0.294573531333));
#679 = CARTESIAN_POINT('',(0.12240134,-6.408919175559E-02,0.3));
#680 = CARTESIAN_POINT('',(3.8E-02,-2.163903691673E-17,0.));
#681 = CARTESIAN_POINT('',(3.800369311995E-02,-1.712046365501E-14,
    8.848717934922E-03));
#682 = CARTESIAN_POINT('',(3.83453264916E-02,3.535218650683E-14,
    1.764073847654E-02));
#683 = CARTESIAN_POINT('',(3.906840544728E-02,-3.961076393239E-14,
    2.650737168153E-02));
#684 = CARTESIAN_POINT('',(4.00867535475E-02,2.791612812169E-14,
    3.519105652839E-02));
#685 = CARTESIAN_POINT('',(4.140762724331E-02,-1.241158655348E-14,
    4.38966043003E-02));
#686 = CARTESIAN_POINT('',(4.294587111643E-02,3.174355579977E-15,
    5.247258238508E-02));
#687 = CARTESIAN_POINT('',(4.60223390216E-02,-2.787118314006E-15,
    6.757488174875E-02));
#688 = CARTESIAN_POINT('',(4.960064184975E-02,1.8975864927E-15,
    8.245940622867E-02));
#689 = CARTESIAN_POINT('',(5.124268142412E-02,-4.01020589715E-15,
    8.891508457013E-02));
#690 = CARTESIAN_POINT('',(5.294943559328E-02,3.379506544226E-15,
    9.532268073871E-02));
#691 = CARTESIAN_POINT('',(5.471906268351E-02,-1.299375611415E-15,
    0.101715502568));
#692 = CARTESIAN_POINT('',(5.653741703035E-02,2.475828845441E-16,
    0.10807387383));
#693 = CARTESIAN_POINT('',(6.01420221112E-02,-2.227425302022E-16,
    0.120333498572));
#694 = CARTESIAN_POINT('',(6.389148738996E-02,2.276107552537E-16,
    0.132512895496));
#695 = CARTESIAN_POINT('',(6.573230422035E-02,-1.36905252812E-15,
    0.138380518367));
#696 = CARTESIAN_POINT('',(6.759871992534E-02,2.143456108406E-15,
    0.144232791141));
#697 = CARTESIAN_POINT('',(6.948800410432E-02,-1.37507386858E-15,
    0.150072190963));
#698 = CARTESIAN_POINT('',(7.139745239471E-02,1.748230201205E-16,
    0.155899269828));
#699 = CARTESIAN_POINT('',(7.520035479502E-02,1.219034354624E-18,
    0.167374049965));
#700 = CARTESIAN_POINT('',(7.906669364589E-02,-2.860578567754E-16,
    0.178810126822));
#701 = CARTESIAN_POINT('',(8.098706171476E-02,1.103939300601E-15,
    0.184441129737));
#702 = CARTESIAN_POINT('',(8.291976397634E-02,-1.402395920933E-15,
    0.190064316165));
#703 = CARTESIAN_POINT('',(8.486367665855E-02,8.616255058003E-16,
    0.195680600566));
#704 = CARTESIAN_POINT('',(8.681772703631E-02,-3.074997543853E-16,
    0.201290384006));
#705 = CARTESIAN_POINT('',(9.071656579702E-02,-1.597676843642E-17,
    0.212418799194));
#706 = CARTESIAN_POINT('',(9.464889728189E-02,1.57440598127E-16,
    0.223525754058));
#707 = CARTESIAN_POINT('',(9.660854792154E-02,-1.476231940315E-15,
    0.229034775609));
#708 = CARTESIAN_POINT('',(9.857506591451E-02,1.796940690203E-15,
    0.234539330791));
#709 = CARTESIAN_POINT('',(0.100547900757,-5.525831448624E-16,
    0.240039788703));
#710 = CARTESIAN_POINT('',(0.102526555233,-3.156781404625E-16,
    0.245536427868));
#711 = CARTESIAN_POINT('',(0.106478435094,3.467583872761E-16,
    0.25647776975));
#712 = CARTESIAN_POINT('',(0.110450151746,-4.373182945612E-16,
    0.267406039701));
#713 = CARTESIAN_POINT('',(0.112432407858,2.13677720634E-15,
    0.272844767744));
#714 = CARTESIAN_POINT('',(0.114418869075,-3.961233322614E-15,
    0.278280691884));
#715 = CARTESIAN_POINT('',(0.116409247807,2.927769342385E-15,
    0.283714029388));
#716 = CARTESIAN_POINT('',(0.118403270677,-1.344008933481E-15,
    0.289144915004));
#717 = CARTESIAN_POINT('',(0.120400707909,3.294362367636E-16,
    0.294573531333));
#718 = CARTESIAN_POINT('',(0.12240134,-9.61195940231E-17,0.3));
#719 = DEFINITIONAL_REPRESENTATION('',(#720),#724);
#720 = LINE('',#721,#722);
#721 = CARTESIAN_POINT('',(0.,0.));
#722 = VECTOR('',#723,1.);
#723 = DIRECTION('',(1.,0.));
#724 = ( GEOMETRIC_REPRESENTATION_CONTEXT(2) 
PARAMETRIC_REPRESENTATION_CONTEXT() REPRESENTATION_CONTEXT('2D SPACE',''
  ) );
#725 = PCURVE('',#726,#731);
#726 = PLANE('',#727);
#727 = AXIS2_PLACEMENT_3D('',#728,#729,#730);
#728 = CARTESIAN_POINT('',(3.8E-02,1.999431285256E-17,0.));
#729 = DIRECTION('',(0.,0.,1.));
#730 = DIRECTION('',(-1.,-5.765531483428E-17,0.));
#731 = DEFINITIONAL_REPRESENTATION('',(#732),#746);
#732 = B_SPLINE_CURVE_WITH_KNOTS('',12,(#733,#734,#735,#736,#737,#738,
    #739,#740,#741,#742,#743,#744,#745),.UNSPECIFIED.,.F.,.F.,(13,13),(
    0.,1.),.PIECEWISE_BEZIER_KNOTS.);
#733 = CARTESIAN_POINT('',(0.,0.));
#734 = CARTESIAN_POINT('',(-8.881784197001E-16,-1.989675347273E-02));
#735 = CARTESIAN_POINT('',(1.136255456391E-02,-3.979309703226E-02));
#736 = CARTESIAN_POINT('',(3.410887903914E-02,-5.255239181663E-02));
#737 = CARTESIAN_POINT('',(6.316627747875E-02,-5.101240529699E-02));
#738 = CARTESIAN_POINT('',(8.878788474778E-02,-3.201963093423E-02));
#739 = CARTESIAN_POINT('',(9.914874925469E-02,1.194468065322E-15));
#740 = CARTESIAN_POINT('',(8.878788474779E-02,3.201963093422E-02));
#741 = CARTESIAN_POINT('',(6.316627747873E-02,5.101240529699E-02));
#742 = CARTESIAN_POINT('',(3.410887903914E-02,5.255239181663E-02));
#743 = CARTESIAN_POINT('',(1.13625545639E-02,3.979309703226E-02));
#744 = CARTESIAN_POINT('',(2.498001805407E-16,1.989675347273E-02));
#745 = CARTESIAN_POINT('',(2.081668171172E-17,4.163334976929E-17));
#746 = ( GEOMETRIC_REPRESENTATION_CONTEXT(2) 
PARAMETRIC_REPRESENTATION_CONTEXT() REPRESENTATION_CONTEXT('2D SPACE',''
  ) );
#747 = ORIENTED_EDGE('',*,*,#748,.T.);
#748 = EDGE_CURVE('',#193,#749,#751,.T.);
#749 = VERTEX_POINT('',#750);
#750 = CARTESIAN_POINT('',(0.12240134,0.,0.3));
#751 = SEAM_CURVE('',#752,(#792,#799),.PCURVE_S1.);
#752 = ( BOUNDED_CURVE() B_SPLINE_CURVE(8,(#753,#754,#755,#756,#757,#758
    ,#759,#760,#761,#762,#763,#764,#765,#766,#767,#768,#769,#770,#771,
    #772,#773,#774,#775,#776,#777,#778,#779,#780,#781,#782,#783,#784,
    #785,#786,#787,#788,#789,#790,#791),.UNSPECIFIED.,.F.,.F.) 
B_SPLINE_CURVE_WITH_KNOTS((9,6,6,6,6,6,9),(0.,0.218700679567,
    0.387476681428,0.545212599253,0.698669816964,0.849952815145,1.),
.UNSPECIFIED.) CURVE() GEOMETRIC_REPRESENTATION_ITEM() 
RATIONAL_B_SPLINE_CURVE((1.,1.000000000002,0.999999999997,1.000000000004
    ,0.999999999997,1.000000000001,1.,1.,1.,1.,0.999999999999,1.,1.,1.,
    1.,1.,0.999999999999,1.,1.,1.,1.,1.,1.,1.,1.,1.,1.,0.999999999999,
    1.000000000002,0.999999999999,1.000000000001,0.999999999999,
    1.000000000001,0.999999999998,1.000000000003,0.999999999996,
1.000000000002,0.999999999999,1.)) REPRESENTATION_ITEM('') );
#753 = CARTESIAN_POINT('',(3.8E-02,1.999431285256E-17,0.));
#754 = CARTESIAN_POINT('',(3.800369311963E-02,1.097182118418E-14,
    8.848717934843E-03));
#755 = CARTESIAN_POINT('',(3.834532649227E-02,-2.280481265253E-14,
    1.764073847671E-02));
#756 = CARTESIAN_POINT('',(3.906840544652E-02,2.590143958625E-14,
    2.650737168133E-02));
#757 = CARTESIAN_POINT('',(4.008675354805E-02,-1.876691463496E-14,
    3.519105652854E-02));
#758 = CARTESIAN_POINT('',(4.140762724306E-02,8.529471882615E-15,
    4.389660430022E-02));
#759 = CARTESIAN_POINT('',(4.294587111649E-02,-2.227597743394E-15,
    5.247258238511E-02));
#760 = CARTESIAN_POINT('',(4.602233902154E-02,1.940141901984E-15,
    6.757488174873E-02));
#761 = CARTESIAN_POINT('',(4.960064184978E-02,-1.339164805261E-15,
    8.245940622868E-02));
#762 = CARTESIAN_POINT('',(5.124268142406E-02,2.371162579685E-15,
    8.89150845701E-02));
#763 = CARTESIAN_POINT('',(5.294943559334E-02,-1.372964503853E-15,
    9.532268073874E-02));
#764 = CARTESIAN_POINT('',(5.471906268348E-02,-1.695322646657E-16,
    0.101715502568));
#765 = CARTESIAN_POINT('',(5.653741703036E-02,2.704680270872E-16,
    0.10807387383));
#766 = CARTESIAN_POINT('',(6.014202211119E-02,-2.38600573795E-16,
    0.120333498572));
#767 = CARTESIAN_POINT('',(6.389148738996E-02,2.287068221327E-16,
    0.132512895496));
#768 = CARTESIAN_POINT('',(6.573230422034E-02,-3.088581070029E-16,
    0.138380518367));
#769 = CARTESIAN_POINT('',(6.759871992536E-02,5.063394136791E-16,
    0.144232791141));
#770 = CARTESIAN_POINT('',(6.94880041043E-02,-7.740539406498E-16,
    0.150072190963));
#771 = CARTESIAN_POINT('',(7.139745239472E-02,5.790789473859E-16,
    0.155899269828));
#772 = CARTESIAN_POINT('',(7.520035479501E-02,-6.768719816313E-16,
    0.167374049965));
#773 = CARTESIAN_POINT('',(7.90666936459E-02,7.692655981159E-16,
    0.178810126822));
#774 = CARTESIAN_POINT('',(8.098706171473E-02,-1.620573889565E-15,
    0.184441129737));
#775 = CARTESIAN_POINT('',(8.291976397639E-02,1.15731056863E-15,
    0.190064316165));
#776 = CARTESIAN_POINT('',(8.486367665852E-02,-5.440145643032E-16,
    0.195680600566));
#777 = CARTESIAN_POINT('',(8.681772703633E-02,-7.598227616171E-18,
    0.201290384006));
#778 = CARTESIAN_POINT('',(9.071656579701E-02,1.830786131373E-16,
    0.212418799194));
#779 = CARTESIAN_POINT('',(9.464889728191E-02,-2.961525136413E-16,
    0.223525754058));
#780 = CARTESIAN_POINT('',(9.660854792147E-02,1.815192428962E-15,
    0.229034775609));
#781 = CARTESIAN_POINT('',(9.857506591462E-02,-3.270755451145E-15,
    0.234539330791));
#782 = CARTESIAN_POINT('',(0.100547900757,2.357423698265E-15,
    0.240039788703));
#783 = CARTESIAN_POINT('',(0.102526555233,-8.239088537336E-16,
    0.245536427868));
#784 = CARTESIAN_POINT('',(0.106478435094,9.572256370991E-16,
    0.25647776975));
#785 = CARTESIAN_POINT('',(0.110450151746,-7.887175001069E-16,
    0.267406039701));
#786 = CARTESIAN_POINT('',(0.112432407858,2.35316041435E-15,
    0.272844767744));
#787 = CARTESIAN_POINT('',(0.114418869075,-7.066121346378E-15,
    0.278280691884));
#788 = CARTESIAN_POINT('',(0.116409247807,1.169749106758E-14,
    0.283714029388));
#789 = CARTESIAN_POINT('',(0.118403270677,-1.019974249606E-14,
    0.289144915004));
#790 = CARTESIAN_POINT('',(0.120400707909,4.304777906798E-15,
    0.294573531333));
#791 = CARTESIAN_POINT('',(0.12240134,1.490270843942E-17,0.3));
#792 = PCURVE('',#211,#793);
#793 = DEFINITIONAL_REPRESENTATION('',(#794),#798);
#794 = LINE('',#795,#796);
#795 = CARTESIAN_POINT('',(1.,0.));
#796 = VECTOR('',#797,1.);
#797 = DIRECTION('',(0.,1.));
#798 = ( GEOMETRIC_REPRESENTATION_CONTEXT(2) 
PARAMETRIC_REPRESENTATION_CONTEXT() REPRESENTATION_CONTEXT('2D SPACE',''
  ) );
#799 = PCURVE('',#211,#800);
#800 = DEFINITIONAL_REPRESENTATION('',(#801),#805);
#801 = LINE('',#802,#803);
#802 = CARTESIAN_POINT('',(0.,0.));
#803 = VECTOR('',#804,1.);
#804 = DIRECTION('',(0.,1.));
#805 = ( GEOMETRIC_REPRESENTATION_CONTEXT(2) 
PARAMETRIC_REPRESENTATION_CONTEXT() REPRESENTATION_CONTEXT('2D SPACE',''
  ) );
#806 = ORIENTED_EDGE('',*,*,#807,.F.);
#807 = EDGE_CURVE('',#749,#749,#808,.T.);
#808 = SURFACE_CURVE('',#809,(#823,#830),.PCURVE_S1.);
#809 = B_SPLINE_CURVE_WITH_KNOTS('',12,(#810,#811,#812,#813,#814,#815,
    #816,#817,#818,#819,#820,#821,#822),.UNSPECIFIED.,.T.,.F.,(13,13),(
    0.,1.),.PIECEWISE_BEZIER_KNOTS.);
#810 = CARTESIAN_POINT('',(0.12240134,1.490270843942E-17,0.3));
#811 = CARTESIAN_POINT('',(0.12240134,6.40891917556E-02,0.3));
#812 = CARTESIAN_POINT('',(8.579347839699E-02,0.128177063145,0.3));
#813 = CARTESIAN_POINT('',(1.258015257306E-02,0.16927587312,0.3));
#814 = CARTESIAN_POINT('',(-8.119543122677E-02,0.164315441183,0.3));
#815 = CARTESIAN_POINT('',(-0.163355384538,0.103138045596,0.3));
#816 = CARTESIAN_POINT('',(-0.197250992342,-2.254004875287E-14,0.3));
#817 = CARTESIAN_POINT('',(-0.163355384538,-0.103138045596,0.3));
#818 = CARTESIAN_POINT('',(-8.11954312268E-02,-0.164315441183,0.3));
#819 = CARTESIAN_POINT('',(1.258015257308E-02,-0.16927587312,0.3));
#820 = CARTESIAN_POINT('',(8.579347839698E-02,-0.128177063145,0.3));
#821 = CARTESIAN_POINT('',(0.12240134,-6.408919175559E-02,0.3));
#822 = CARTESIAN_POINT('',(0.12240134,-9.61195940231E-17,0.3));
#823 = PCURVE('',#211,#824);
#824 = DEFINITIONAL_REPRESENTATION('',(#825),#829);
#825 = LINE('',#826,#827);
#826 = CARTESIAN_POINT('',(0.,1.));
#827 = VECTOR('',#828,1.);
#828 = DIRECTION('',(1.,0.));
#829 = ( GEOMETRIC_REPRESENTATION_CONTEXT(2) 
PARAMETRIC_REPRESENTATION_CONTEXT() REPRESENTATION_CONTEXT('2D SPACE',''
  ) );
#830 = PCURVE('',#831,#836);
#831 = PLANE('',#832);
#832 = AXIS2_PLACEMENT_3D('',#833,#834,#835);
#833 = CARTESIAN_POINT('',(0.12240134,1.490270843942E-17,0.3));
#834 = DIRECTION('',(-2.26758757741E-16,6.802763083317E-16,1.));
#835 = DIRECTION('',(-1.,2.415812323824E-17,-2.26758757741E-16));
#836 = DEFINITIONAL_REPRESENTATION('',(#837),#851);
#837 = B_SPLINE_CURVE_WITH_KNOTS('',12,(#838,#839,#840,#841,#842,#843,
    #844,#845,#846,#847,#848,#849,#850),.UNSPECIFIED.,.F.,.F.,(13,13),(
    0.,1.),.PIECEWISE_BEZIER_KNOTS.);
#838 = CARTESIAN_POINT('',(0.,0.));
#839 = CARTESIAN_POINT('',(-3.885780586188E-16,-6.40891917556E-02));
#840 = CARTESIAN_POINT('',(3.660786160301E-02,-0.128177063145));
#841 = CARTESIAN_POINT('',(0.109821187427,-0.16927587312));
#842 = CARTESIAN_POINT('',(0.203596771227,-0.164315441183));
#843 = CARTESIAN_POINT('',(0.285756724538,-0.103138045596));
#844 = CARTESIAN_POINT('',(0.319652332342,2.256267366174E-14));
#845 = CARTESIAN_POINT('',(0.285756724538,0.103138045596));
#846 = CARTESIAN_POINT('',(0.203596771227,0.164315441183));
#847 = CARTESIAN_POINT('',(0.109821187427,0.16927587312));
#848 = CARTESIAN_POINT('',(3.660786160302E-02,0.128177063145));
#849 = CARTESIAN_POINT('',(-3.330669073875E-15,6.408919175559E-02));
#850 = CARTESIAN_POINT('',(0.,1.110223024625E-16));
#851 = ( GEOMETRIC_REPRESENTATION_CONTEXT(2) 
PARAMETRIC_REPRESENTATION_CONTEXT() REPRESENTATION_CONTEXT('2D SPACE',''
  ) );
#852 = ORIENTED_EDGE('',*,*,#748,.F.);
#853 = ADVANCED_FACE('',(#854),#726,.F.);
#854 = FACE_BOUND('',#855,.T.);
#855 = EDGE_LOOP('',(#856));
#856 = ORIENTED_EDGE('',*,*,#192,.F.);
#857 = ADVANCED_FACE('',(#858),#831,.T.);
#858 = FACE_BOUND('',#859,.T.);
#859 = EDGE_LOOP('',(#860));
#860 = ORIENTED_EDGE('',*,*,#807,.T.);
#861 = ( GEOMETRIC_REPRESENTATION_CONTEXT(3) 
GLOBAL_UNCERTAINTY_ASSIGNED_CONTEXT((#865)) GLOBAL_UNIT_ASSIGNED_CONTEXT
((#862,#863,#864)) REPRESENTATION_CONTEXT('Context #1',
  '3D Context with UNIT and UNCERTAINTY') );
#862 = ( LENGTH_UNIT() NAMED_UNIT(*) SI_UNIT($,.METRE.) );
#863 = ( NAMED_UNIT(*) PLANE_ANGLE_UNIT() SI_UNIT($,.RADIAN.) );
#864 = ( NAMED_UNIT(*) SI_UNIT($,.STERADIAN.) SOLID_ANGLE_UNIT() );
#865 = UNCERTAINTY_MEASURE_WITH_UNIT(LENGTH_MEASURE(1.E-07),#862,
  'distance_accuracy_value','confusion accuracy');
#866 = SHAPE_DEFINITION_REPRESENTATION(#867,#185);
#867 = PRODUCT_DEFINITION_SHAPE('','',#868);
#868 = PRODUCT_DEFINITION('design','',#869,#872);
#869 = PRODUCT_DEFINITION_FORMATION('','',#870);
#870 = PRODUCT('Open CASCADE STEP translator 7.5 4.1',
  'Open CASCADE STEP translator 7.5 4.1','',(#871));
#871 = PRODUCT_CONTEXT('',#2,'mechanical');
#872 = PRODUCT_DEFINITION_CONTEXT('part definition',#2,'design');
#873 = CONTEXT_DEPENDENT_SHAPE_REPRESENTATION(#874,#876);
#874 = ( REPRESENTATION_RELATIONSHIP('','',#185,#10) 
REPRESENTATION_RELATIONSHIP_WITH_TRANSFORMATION(#875) 
SHAPE_REPRESENTATION_RELATIONSHIP() );
#875 = ITEM_DEFINED_TRANSFORMATION('','',#11,#15);
#876 = PRODUCT_DEFINITION_SHAPE('Placement','Placement of an item',#877
  );
#877 = NEXT_ASSEMBLY_USAGE_OCCURRENCE('165','','',#5,#868,$);
#878 = PRODUCT_RELATED_PRODUCT_CATEGORY('part',$,(#870));
#879 = MANIFOLD_SURFACE_SHAPE_REPRESENTATION('',(#11,#880),#907);
#880 = SHELL_BASED_SURFACE_MODEL('',(#881));
#881 = OPEN_SHELL('',(#882));
#882 = ADVANCED_FACE('',(#883),#896,.T.);
#883 = FACE_BOUND('',#884,.T.);
#884 = EDGE_LOOP('',(#885));
#885 = ORIENTED_EDGE('',*,*,#886,.T.);
#886 = EDGE_CURVE('',#887,#887,#889,.T.);
#887 = VERTEX_POINT('',#888);
#888 = CARTESIAN_POINT('',(3.8E-02,0.,0.));
#889 = SURFACE_CURVE('',#890,(#895),.PCURVE_S1.);
#890 = CIRCLE('',#891,3.8E-02);
#891 = AXIS2_PLACEMENT_3D('',#892,#893,#894);
#892 = CARTESIAN_POINT('',(0.,0.,0.));
#893 = DIRECTION('',(0.,0.,1.));
#894 = DIRECTION('',(1.,0.,-0.));
#895 = PCURVE('',#896,#901);
#896 = PLANE('',#897);
#897 = AXIS2_PLACEMENT_3D('',#898,#899,#900);
#898 = CARTESIAN_POINT('',(-2.012089226037E-19,-8.643139135819E-19,0.));
#899 = DIRECTION('',(0.,0.,1.));
#900 = DIRECTION('',(1.,0.,-0.));
#901 = DEFINITIONAL_REPRESENTATION('',(#902),#906);
#902 = CIRCLE('',#903,3.8E-02);
#903 = AXIS2_PLACEMENT_2D('',#904,#905);
#904 = CARTESIAN_POINT('',(2.012089226037E-19,8.643139135819E-19));
#905 = DIRECTION('',(1.,0.));
#906 = ( GEOMETRIC_REPRESENTATION_CONTEXT(2) 
PARAMETRIC_REPRESENTATION_CONTEXT() REPRESENTATION_CONTEXT('2D SPACE',''
  ) );
#907 = ( GEOMETRIC_REPRESENTATION_CONTEXT(3) 
GLOBAL_UNCERTAINTY_ASSIGNED_CONTEXT((#911)) GLOBAL_UNIT_ASSIGNED_CONTEXT
((#908,#909,#910)) REPRESENTATION_CONTEXT('Context #1',
  '3D Context with UNIT and UNCERTAINTY') );
#908 = ( LENGTH_UNIT() NAMED_UNIT(*) SI_UNIT($,.METRE.) );
#909 = ( NAMED_UNIT(*) PLANE_ANGLE_UNIT() SI_UNIT($,.RADIAN.) );
#910 = ( NAMED_UNIT(*) SI_UNIT($,.STERADIAN.) SOLID_ANGLE_UNIT() );
#911 = UNCERTAINTY_MEASURE_WITH_UNIT(LENGTH_MEASURE(1.E-07),#908,
  'distance_accuracy_value','confusion accuracy');
#912 = SHAPE_DEFINITION_REPRESENTATION(#913,#879);
#913 = PRODUCT_DEFINITION_SHAPE('','',#914);
#914 = PRODUCT_DEFINITION('design','',#915,#918);
#915 = PRODUCT_DEFINITION_FORMATION('','',#916);
#916 = PRODUCT('Open CASCADE STEP translator 7.5 4.2',
  'Open CASCADE STEP translator 7.5 4.2','',(#917));
#917 = PRODUCT_CONTEXT('',#2,'mechanical');
#918 = PRODUCT_DEFINITION_CONTEXT('part definition',#2,'design');
#919 = CONTEXT_DEPENDENT_SHAPE_REPRESENTATION(#920,#922);
#920 = ( REPRESENTATION_RELATIONSHIP('','',#879,#10) 
REPRESENTATION_RELATIONSHIP_WITH_TRANSFORMATION(#921) 
SHAPE_REPRESENTATION_RELATIONSHIP() );
#921 = ITEM_DEFINED_TRANSFORMATION('','',#11,#19);
#922 = PRODUCT_DEFINITION_SHAPE('Placement','Placement of an item',#923
  );
#923 = NEXT_ASSEMBLY_USAGE_OCCURRENCE('166','','',#5,#914,$);
#924 = PRODUCT_RELATED_PRODUCT_CATEGORY('part',$,(#916));
#925 = MANIFOLD_SURFACE_SHAPE_REPRESENTATION('',(#11,#926),#953);
#926 = SHELL_BASED_SURFACE_MODEL('',(#927));
#927 = OPEN_SHELL('',(#928));
#928 = ADVANCED_FACE('',(#929),#942,.T.);
#929 = FACE_BOUND('',#930,.T.);
#930 = EDGE_LOOP('',(#931));
#931 = ORIENTED_EDGE('',*,*,#932,.T.);
#932 = EDGE_CURVE('',#933,#933,#935,.T.);
#933 = VERTEX_POINT('',#934);
#934 = CARTESIAN_POINT('',(0.12240134,0.,0.3));
#935 = SURFACE_CURVE('',#936,(#941),.PCURVE_S1.);
#936 = CIRCLE('',#937,0.12240134);
#937 = AXIS2_PLACEMENT_3D('',#938,#939,#940);
#938 = CARTESIAN_POINT('',(0.,0.,0.3));
#939 = DIRECTION('',(0.,0.,1.));
#940 = DIRECTION('',(1.,0.,-0.));
#941 = PCURVE('',#942,#947);
#942 = PLANE('',#943);
#943 = AXIS2_PLACEMENT_3D('',#944,#945,#946);
#944 = CARTESIAN_POINT('',(-3.04006922428E-18,5.366952923328E-18,0.3));
#945 = DIRECTION('',(0.,0.,1.));
#946 = DIRECTION('',(1.,0.,-0.));
#947 = DEFINITIONAL_REPRESENTATION('',(#948),#952);
#948 = CIRCLE('',#949,0.12240134);
#949 = AXIS2_PLACEMENT_2D('',#950,#951);
#950 = CARTESIAN_POINT('',(3.04006922428E-18,-5.366952923328E-18));
#951 = DIRECTION('',(1.,0.));
#952 = ( GEOMETRIC_REPRESENTATION_CONTEXT(2) 
PARAMETRIC_REPRESENTATION_CONTEXT() REPRESENTATION_CONTEXT('2D SPACE',''
  ) );
#953 = ( GEOMETRIC_REPRESENTATION_CONTEXT(3) 
GLOBAL_UNCERTAINTY_ASSIGNED_CONTEXT((#957)) GLOBAL_UNIT_ASSIGNED_CONTEXT
((#954,#955,#956)) REPRESENTATION_CONTEXT('Context #1',
  '3D Context with UNIT and UNCERTAINTY') );
#954 = ( LENGTH_UNIT() NAMED_UNIT(*) SI_UNIT($,.METRE.) );
#955 = ( NAMED_UNIT(*) PLANE_ANGLE_UNIT() SI_UNIT($,.RADIAN.) );
#956 = ( NAMED_UNIT(*) SI_UNIT($,.STERADIAN.) SOLID_ANGLE_UNIT() );
#957 = UNCERTAINTY_MEASURE_WITH_UNIT(LENGTH_MEASURE(1.E-07),#954,
  'distance_accuracy_value','confusion accuracy');
#958 = SHAPE_DEFINITION_REPRESENTATION(#959,#925);
#959 = PRODUCT_DEFINITION_SHAPE('','',#960);
#960 = PRODUCT_DEFINITION('design','',#961,#964);
#961 = PRODUCT_DEFINITION_FORMATION('','',#962);
#962 = PRODUCT('Open CASCADE STEP translator 7.5 4.3',
  'Open CASCADE STEP translator 7.5 4.3','',(#963));
#963 = PRODUCT_CONTEXT('',#2,'mechanical');
#964 = PRODUCT_DEFINITION_CONTEXT('part definition',#2,'design');
#965 = CONTEXT_DEPENDENT_SHAPE_REPRESENTATION(#966,#968);
#966 = ( REPRESENTATION_RELATIONSHIP('','',#925,#10) 
REPRESENTATION_RELATIONSHIP_WITH_TRANSFORMATION(#967) 
SHAPE_REPRESENTATION_RELATIONSHIP() );
#967 = ITEM_DEFINED_TRANSFORMATION('','',#11,#23);
#968 = PRODUCT_DEFINITION_SHAPE('Placement','Placement of an item',#969
  );
#969 = NEXT_ASSEMBLY_USAGE_OCCURRENCE('167','','',#5,#960,$);
#970 = PRODUCT_RELATED_PRODUCT_CATEGORY('part',$,(#962));
#971 = GEOMETRICALLY_BOUNDED_WIREFRAME_SHAPE_REPRESENTATION('',(#11,#972
    ),#981);
#972 = GEOMETRIC_CURVE_SET('',(#973));
#973 = TRIMMED_CURVE('',#974,(#979,PARAMETER_VALUE(0.)),(#980,
    PARAMETER_VALUE(6.28318530718)),.T.,.PARAMETER.);
#974 = CIRCLE('',#975,3.838655599285E-02);
#975 = AXIS2_PLACEMENT_3D('',#976,#977,#978);
#976 = CARTESIAN_POINT('',(0.,0.,1.401061689451E-02));
#977 = DIRECTION('',(0.,0.,1.));
#978 = DIRECTION('',(1.,0.,-0.));
#979 = CARTESIAN_POINT('',(3.838655599285E-02,0.,1.401061689451E-02));
#980 = CARTESIAN_POINT('',(3.838655599285E-02,0.,1.401061689451E-02));
#981 = ( GEOMETRIC_REPRESENTATION_CONTEXT(3) 
GLOBAL_UNCERTAINTY_ASSIGNED_CONTEXT((#985)) GLOBAL_UNIT_ASSIGNED_CONTEXT
((#982,#983,#984)) REPRESENTATION_CONTEXT('Context #1',
  '3D Context with UNIT and UNCERTAINTY') );
#982 = ( LENGTH_UNIT() NAMED_UNIT(*) SI_UNIT($,.METRE.) );
#983 = ( NAMED_UNIT(*) PLANE_ANGLE_UNIT() SI_UNIT($,.RADIAN.) );
#984 = ( NAMED_UNIT(*) SI_UNIT($,.STERADIAN.) SOLID_ANGLE_UNIT() );
#985 = UNCERTAINTY_MEASURE_WITH_UNIT(LENGTH_MEASURE(1.E-07),#982,
  'distance_accuracy_value','confusion accuracy');
#986 = SHAPE_DEFINITION_REPRESENTATION(#987,#971);
#987 = PRODUCT_DEFINITION_SHAPE('','',#988);
#988 = PRODUCT_DEFINITION('design','',#989,#992);
#989 = PRODUCT_DEFINITION_FORMATION('','',#990);
#990 = PRODUCT('Open CASCADE STEP translator 7.5 4.4',
  'Open CASCADE STEP translator 7.5 4.4','',(#991));
#991 = PRODUCT_CONTEXT('',#2,'mechanical');
#992 = PRODUCT_DEFINITION_CONTEXT('part definition',#2,'design');
#993 = CONTEXT_DEPENDENT_SHAPE_REPRESENTATION(#994,#996);
#994 = ( REPRESENTATION_RELATIONSHIP('','',#971,#10) 
REPRESENTATION_RELATIONSHIP_WITH_TRANSFORMATION(#995) 
SHAPE_REPRESENTATION_RELATIONSHIP() );
#995 = ITEM_DEFINED_TRANSFORMATION('','',#11,#27);
#996 = PRODUCT_DEFINITION_SHAPE('Placement','Placement of an item',#997
  );
#997 = NEXT_ASSEMBLY_USAGE_OCCURRENCE('168','','',#5,#988,$);
#998 = PRODUCT_RELATED_PRODUCT_CATEGORY('part',$,(#990));
#999 = GEOMETRICALLY_BOUNDED_WIREFRAME_SHAPE_REPRESENTATION('',(#11,
    #1000),#1009);
#1000 = GEOMETRIC_CURVE_SET('',(#1001));
#1001 = TRIMMED_CURVE('',#1002,(#1007,PARAMETER_VALUE(0.)),(#1008,
    PARAMETER_VALUE(6.28318530718)),.T.,.PARAMETER.);
#1002 = CIRCLE('',#1003,3.932215602295E-02);
#1003 = AXIS2_PLACEMENT_3D('',#1004,#1005,#1006);
#1004 = CARTESIAN_POINT('',(0.,0.,2.606969314327E-02));
#1005 = DIRECTION('',(0.,0.,1.));
#1006 = DIRECTION('',(1.,0.,-0.));
#1007 = CARTESIAN_POINT('',(3.932215602295E-02,0.,2.606969314327E-02));
#1008 = CARTESIAN_POINT('',(3.932215602295E-02,0.,2.606969314327E-02));
#1009 = ( GEOMETRIC_REPRESENTATION_CONTEXT(3) 
GLOBAL_UNCERTAINTY_ASSIGNED_CONTEXT((#1013)) 
GLOBAL_UNIT_ASSIGNED_CONTEXT((#1010,#1011,#1012)) REPRESENTATION_CONTEXT
('Context #1','3D Context with UNIT and UNCERTAINTY') );
#1010 = ( LENGTH_UNIT() NAMED_UNIT(*) SI_UNIT($,.METRE.) );
#1011 = ( NAMED_UNIT(*) PLANE_ANGLE_UNIT() SI_UNIT($,.RADIAN.) );
#1012 = ( NAMED_UNIT(*) SI_UNIT($,.STERADIAN.) SOLID_ANGLE_UNIT() );
#1013 = UNCERTAINTY_MEASURE_WITH_UNIT(LENGTH_MEASURE(1.E-07),#1010,
  'distance_accuracy_value','confusion accuracy');
#1014 = SHAPE_DEFINITION_REPRESENTATION(#1015,#999);
#1015 = PRODUCT_DEFINITION_SHAPE('','',#1016);
#1016 = PRODUCT_DEFINITION('design','',#1017,#1020);
#1017 = PRODUCT_DEFINITION_FORMATION('','',#1018);
#1018 = PRODUCT('Open CASCADE STEP translator 7.5 4.5',
  'Open CASCADE STEP translator 7.5 4.5','',(#1019));
#1019 = PRODUCT_CONTEXT('',#2,'mechanical');
#1020 = PRODUCT_DEFINITION_CONTEXT('part definition',#2,'design');
#1021 = CONTEXT_DEPENDENT_SHAPE_REPRESENTATION(#1022,#1024);
#1022 = ( REPRESENTATION_RELATIONSHIP('','',#999,#10) 
REPRESENTATION_RELATIONSHIP_WITH_TRANSFORMATION(#1023) 
SHAPE_REPRESENTATION_RELATIONSHIP() );
#1023 = ITEM_DEFINED_TRANSFORMATION('','',#11,#31);
#1024 = PRODUCT_DEFINITION_SHAPE('Placement','Placement of an item',
  #1025);
#1025 = NEXT_ASSEMBLY_USAGE_OCCURRENCE('169','','',#5,#1016,$);
#1026 = PRODUCT_RELATED_PRODUCT_CATEGORY('part',$,(#1018));
#1027 = GEOMETRICALLY_BOUNDED_WIREFRAME_SHAPE_REPRESENTATION('',(#11,
    #1028),#1037);
#1028 = GEOMETRIC_CURVE_SET('',(#1029));
#1029 = TRIMMED_CURVE('',#1030,(#1035,PARAMETER_VALUE(0.)),(#1036,
    PARAMETER_VALUE(6.28318530718)),.T.,.PARAMETER.);
#1030 = CIRCLE('',#1031,4.060492358237E-02);
#1031 = AXIS2_PLACEMENT_3D('',#1032,#1033,#1034);
#1032 = CARTESIAN_POINT('',(0.,0.,3.689478266673E-02));
#1033 = DIRECTION('',(0.,0.,1.));
#1034 = DIRECTION('',(1.,0.,-0.));
#1035 = CARTESIAN_POINT('',(4.060492358237E-02,0.,3.689478266673E-02));
#1036 = CARTESIAN_POINT('',(4.060492358237E-02,0.,3.689478266673E-02));
#1037 = ( GEOMETRIC_REPRESENTATION_CONTEXT(3) 
GLOBAL_UNCERTAINTY_ASSIGNED_CONTEXT((#1041)) 
GLOBAL_UNIT_ASSIGNED_CONTEXT((#1038,#1039,#1040)) REPRESENTATION_CONTEXT
('Context #1','3D Context with UNIT and UNCERTAINTY') );
#1038 = ( LENGTH_UNIT() NAMED_UNIT(*) SI_UNIT($,.METRE.) );
#1039 = ( NAMED_UNIT(*) PLANE_ANGLE_UNIT() SI_UNIT($,.RADIAN.) );
#1040 = ( NAMED_UNIT(*) SI_UNIT($,.STERADIAN.) SOLID_ANGLE_UNIT() );
#1041 = UNCERTAINTY_MEASURE_WITH_UNIT(LENGTH_MEASURE(1.E-07),#1038,
  'distance_accuracy_value','confusion accuracy');
#1042 = SHAPE_DEFINITION_REPRESENTATION(#1043,#1027);
#1043 = PRODUCT_DEFINITION_SHAPE('','',#1044);
#1044 = PRODUCT_DEFINITION('design','',#1045,#1048);
#1045 = PRODUCT_DEFINITION_FORMATION('','',#1046);
#1046 = PRODUCT('Open CASCADE STEP translator 7.5 4.6',
  'Open CASCADE STEP translator 7.5 4.6','',(#1047));
#1047 = PRODUCT_CONTEXT('',#2,'mechanical');
#1048 = PRODUCT_DEFINITION_CONTEXT('part definition',#2,'design');
#1049 = CONTEXT_DEPENDENT_SHAPE_REPRESENTATION(#1050,#1052);
#1050 = ( REPRESENTATION_RELATIONSHIP('','',#1027,#10) 
REPRESENTATION_RELATIONSHIP_WITH_TRANSFORMATION(#1051) 
SHAPE_REPRESENTATION_RELATIONSHIP() );
#1051 = ITEM_DEFINED_TRANSFORMATION('','',#11,#35);
#1052 = PRODUCT_DEFINITION_SHAPE('Placement','Placement of an item',
  #1053);
#1053 = NEXT_ASSEMBLY_USAGE_OCCURRENCE('170','','',#5,#1044,$);
#1054 = PRODUCT_RELATED_PRODUCT_CATEGORY('part',$,(#1046));
#1055 = GEOMETRICALLY_BOUNDED_WIREFRAME_SHAPE_REPRESENTATION('',(#11,
    #1056),#1065);
#1056 = GEOMETRIC_CURVE_SET('',(#1057));
#1057 = TRIMMED_CURVE('',#1058,(#1063,PARAMETER_VALUE(0.)),(#1064,
    PARAMETER_VALUE(6.28318530718)),.T.,.PARAMETER.);
#1058 = CIRCLE('',#1059,4.21251743357E-02);
#1059 = AXIS2_PLACEMENT_3D('',#1060,#1061,#1062);
#1060 = CARTESIAN_POINT('',(0.,0.,4.687575061759E-02));
#1061 = DIRECTION('',(0.,0.,1.));
#1062 = DIRECTION('',(1.,0.,-0.));
#1063 = CARTESIAN_POINT('',(4.21251743357E-02,0.,4.687575061759E-02));
#1064 = CARTESIAN_POINT('',(4.21251743357E-02,0.,4.687575061759E-02));
#1065 = ( GEOMETRIC_REPRESENTATION_CONTEXT(3) 
GLOBAL_UNCERTAINTY_ASSIGNED_CONTEXT((#1069)) 
GLOBAL_UNIT_ASSIGNED_CONTEXT((#1066,#1067,#1068)) REPRESENTATION_CONTEXT
('Context #1','3D Context with UNIT and UNCERTAINTY') );
#1066 = ( LENGTH_UNIT() NAMED_UNIT(*) SI_UNIT($,.METRE.) );
#1067 = ( NAMED_UNIT(*) PLANE_ANGLE_UNIT() SI_UNIT($,.RADIAN.) );
#1068 = ( NAMED_UNIT(*) SI_UNIT($,.STERADIAN.) SOLID_ANGLE_UNIT() );
#1069 = UNCERTAINTY_MEASURE_WITH_UNIT(LENGTH_MEASURE(1.E-07),#1066,
  'distance_accuracy_value','confusion accuracy');
#1070 = SHAPE_DEFINITION_REPRESENTATION(#1071,#1055);
#1071 = PRODUCT_DEFINITION_SHAPE('','',#1072);
#1072 = PRODUCT_DEFINITION('design','',#1073,#1076);
#1073 = PRODUCT_DEFINITION_FORMATION('','',#1074);
#1074 = PRODUCT('Open CASCADE STEP translator 7.5 4.7',
  'Open CASCADE STEP translator 7.5 4.7','',(#1075));
#1075 = PRODUCT_CONTEXT('',#2,'mechanical');
#1076 = PRODUCT_DEFINITION_CONTEXT('part definition',#2,'design');
#1077 = CONTEXT_DEPENDENT_SHAPE_REPRESENTATION(#1078,#1080);
#1078 = ( REPRESENTATION_RELATIONSHIP('','',#1055,#10) 
REPRESENTATION_RELATIONSHIP_WITH_TRANSFORMATION(#1079) 
SHAPE_REPRESENTATION_RELATIONSHIP() );
#1079 = ITEM_DEFINED_TRANSFORMATION('','',#11,#39);
#1080 = PRODUCT_DEFINITION_SHAPE('Placement','Placement of an item',
  #1081);
#1081 = NEXT_ASSEMBLY_USAGE_OCCURRENCE('171','','',#5,#1072,$);
#1082 = PRODUCT_RELATED_PRODUCT_CATEGORY('part',$,(#1074));
#1083 = GEOMETRICALLY_BOUNDED_WIREFRAME_SHAPE_REPRESENTATION('',(#11,
    #1084),#1093);
#1084 = GEOMETRIC_CURVE_SET('',(#1085));
#1085 = TRIMMED_CURVE('',#1086,(#1091,PARAMETER_VALUE(0.)),(#1092,
    PARAMETER_VALUE(6.28318530718)),.T.,.PARAMETER.);
#1086 = CIRCLE('',#1087,4.381676864744E-02);
#1087 = AXIS2_PLACEMENT_3D('',#1088,#1089,#1090);
#1088 = CARTESIAN_POINT('',(0.,0.,5.624768395409E-02));
#1089 = DIRECTION('',(0.,0.,1.));
#1090 = DIRECTION('',(1.,0.,-0.));
#1091 = CARTESIAN_POINT('',(4.381676864744E-02,0.,5.624768395409E-02));
#1092 = CARTESIAN_POINT('',(4.381676864744E-02,0.,5.624768395409E-02));
#1093 = ( GEOMETRIC_REPRESENTATION_CONTEXT(3) 
GLOBAL_UNCERTAINTY_ASSIGNED_CONTEXT((#1097)) 
GLOBAL_UNIT_ASSIGNED_CONTEXT((#1094,#1095,#1096)) REPRESENTATION_CONTEXT
('Context #1','3D Context with UNIT and UNCERTAINTY') );
#1094 = ( LENGTH_UNIT() NAMED_UNIT(*) SI_UNIT($,.METRE.) );
#1095 = ( NAMED_UNIT(*) PLANE_ANGLE_UNIT() SI_UNIT($,.RADIAN.) );
#1096 = ( NAMED_UNIT(*) SI_UNIT($,.STERADIAN.) SOLID_ANGLE_UNIT() );
#1097 = UNCERTAINTY_MEASURE_WITH_UNIT(LENGTH_MEASURE(1.E-07),#1094,
  'distance_accuracy_value','confusion accuracy');
#1098 = SHAPE_DEFINITION_REPRESENTATION(#1099,#1083);
#1099 = PRODUCT_DEFINITION_SHAPE('','',#1100);
#1100 = PRODUCT_DEFINITION('design','',#1101,#1104);
#1101 = PRODUCT_DEFINITION_FORMATION('','',#1102);
#1102 = PRODUCT('Open CASCADE STEP translator 7.5 4.8',
  'Open CASCADE STEP translator 7.5 4.8','',(#1103));
#1103 = PRODUCT_CONTEXT('',#2,'mechanical');
#1104 = PRODUCT_DEFINITION_CONTEXT('part definition',#2,'design');
#1105 = CONTEXT_DEPENDENT_SHAPE_REPRESENTATION(#1106,#1108);
#1106 = ( REPRESENTATION_RELATIONSHIP('','',#1083,#10) 
REPRESENTATION_RELATIONSHIP_WITH_TRANSFORMATION(#1107) 
SHAPE_REPRESENTATION_RELATIONSHIP() );
#1107 = ITEM_DEFINED_TRANSFORMATION('','',#11,#43);
#1108 = PRODUCT_DEFINITION_SHAPE('Placement','Placement of an item',
  #1109);
#1109 = NEXT_ASSEMBLY_USAGE_OCCURRENCE('172','','',#5,#1100,$);
#1110 = PRODUCT_RELATED_PRODUCT_CATEGORY('part',$,(#1102));
#1111 = GEOMETRICALLY_BOUNDED_WIREFRAME_SHAPE_REPRESENTATION('',(#11,
    #1112),#1121);
#1112 = GEOMETRIC_CURVE_SET('',(#1113));
#1113 = TRIMMED_CURVE('',#1114,(#1119,PARAMETER_VALUE(0.)),(#1120,
    PARAMETER_VALUE(6.28318530718)),.T.,.PARAMETER.);
#1114 = CIRCLE('',#1115,4.56368862546E-02);
#1115 = AXIS2_PLACEMENT_3D('',#1116,#1117,#1118);
#1116 = CARTESIAN_POINT('',(0.,0.,6.516279092142E-02));
#1117 = DIRECTION('',(0.,0.,1.));
#1118 = DIRECTION('',(1.,0.,-0.));
#1119 = CARTESIAN_POINT('',(4.56368862546E-02,0.,6.516279092142E-02));
#1120 = CARTESIAN_POINT('',(4.56368862546E-02,0.,6.516279092142E-02));
#1121 = ( GEOMETRIC_REPRESENTATION_CONTEXT(3) 
GLOBAL_UNCERTAINTY_ASSIGNED_CONTEXT((#1125)) 
GLOBAL_UNIT_ASSIGNED_CONTEXT((#1122,#1123,#1124)) REPRESENTATION_CONTEXT
('Context #1','3D Context with UNIT and UNCERTAINTY') );
#1122 = ( LENGTH_UNIT() NAMED_UNIT(*) SI_UNIT($,.METRE.) );
#1123 = ( NAMED_UNIT(*) PLANE_ANGLE_UNIT() SI_UNIT($,.RADIAN.) );
#1124 = ( NAMED_UNIT(*) SI_UNIT($,.STERADIAN.) SOLID_ANGLE_UNIT() );
#1125 = UNCERTAINTY_MEASURE_WITH_UNIT(LENGTH_MEASURE(1.E-07),#1122,
  'distance_accuracy_value','confusion accuracy');
#1126 = SHAPE_DEFINITION_REPRESENTATION(#1127,#1111);
#1127 = PRODUCT_DEFINITION_SHAPE('','',#1128);
#1128 = PRODUCT_DEFINITION('design','',#1129,#1132);
#1129 = PRODUCT_DEFINITION_FORMATION('','',#1130);
#1130 = PRODUCT('Open CASCADE STEP translator 7.5 4.9',
  'Open CASCADE STEP translator 7.5 4.9','',(#1131));
#1131 = PRODUCT_CONTEXT('',#2,'mechanical');
#1132 = PRODUCT_DEFINITION_CONTEXT('part definition',#2,'design');
#1133 = CONTEXT_DEPENDENT_SHAPE_REPRESENTATION(#1134,#1136);
#1134 = ( REPRESENTATION_RELATIONSHIP('','',#1111,#10) 
REPRESENTATION_RELATIONSHIP_WITH_TRANSFORMATION(#1135) 
SHAPE_REPRESENTATION_RELATIONSHIP() );
#1135 = ITEM_DEFINED_TRANSFORMATION('','',#11,#47);
#1136 = PRODUCT_DEFINITION_SHAPE('Placement','Placement of an item',
  #1137);
#1137 = NEXT_ASSEMBLY_USAGE_OCCURRENCE('173','','',#5,#1128,$);
#1138 = PRODUCT_RELATED_PRODUCT_CATEGORY('part',$,(#1130));
#1139 = GEOMETRICALLY_BOUNDED_WIREFRAME_SHAPE_REPRESENTATION('',(#11,
    #1140),#1149);
#1140 = GEOMETRIC_CURVE_SET('',(#1141));
#1141 = TRIMMED_CURVE('',#1142,(#1147,PARAMETER_VALUE(0.)),(#1148,
    PARAMETER_VALUE(6.28318530718)),.T.,.PARAMETER.);
#1142 = CIRCLE('',#1143,4.755632230088E-02);
#1143 = AXIS2_PLACEMENT_3D('',#1144,#1145,#1146);
#1144 = CARTESIAN_POINT('',(0.,0.,7.372487349031E-02));
#1145 = DIRECTION('',(0.,0.,1.));
#1146 = DIRECTION('',(1.,0.,-0.));
#1147 = CARTESIAN_POINT('',(4.755632230088E-02,0.,7.372487349031E-02));
#1148 = CARTESIAN_POINT('',(4.755632230088E-02,0.,7.372487349031E-02));
#1149 = ( GEOMETRIC_REPRESENTATION_CONTEXT(3) 
GLOBAL_UNCERTAINTY_ASSIGNED_CONTEXT((#1153)) 
GLOBAL_UNIT_ASSIGNED_CONTEXT((#1150,#1151,#1152)) REPRESENTATION_CONTEXT
('Context #1','3D Context with UNIT and UNCERTAINTY') );
#1150 = ( LENGTH_UNIT() NAMED_UNIT(*) SI_UNIT($,.METRE.) );
#1151 = ( NAMED_UNIT(*) PLANE_ANGLE_UNIT() SI_UNIT($,.RADIAN.) );
#1152 = ( NAMED_UNIT(*) SI_UNIT($,.STERADIAN.) SOLID_ANGLE_UNIT() );
#1153 = UNCERTAINTY_MEASURE_WITH_UNIT(LENGTH_MEASURE(1.E-07),#1150,
  'distance_accuracy_value','confusion accuracy');
#1154 = SHAPE_DEFINITION_REPRESENTATION(#1155,#1139);
#1155 = PRODUCT_DEFINITION_SHAPE('','',#1156);
#1156 = PRODUCT_DEFINITION('design','',#1157,#1160);
#1157 = PRODUCT_DEFINITION_FORMATION('','',#1158);
#1158 = PRODUCT('Open CASCADE STEP translator 7.5 4.10',
  'Open CASCADE STEP translator 7.5 4.10','',(#1159));
#1159 = PRODUCT_CONTEXT('',#2,'mechanical');
#1160 = PRODUCT_DEFINITION_CONTEXT('part definition',#2,'design');
#1161 = CONTEXT_DEPENDENT_SHAPE_REPRESENTATION(#1162,#1164);
#1162 = ( REPRESENTATION_RELATIONSHIP('','',#1139,#10) 
REPRESENTATION_RELATIONSHIP_WITH_TRANSFORMATION(#1163) 
SHAPE_REPRESENTATION_RELATIONSHIP() );
#1163 = ITEM_DEFINED_TRANSFORMATION('','',#11,#51);
#1164 = PRODUCT_DEFINITION_SHAPE('Placement','Placement of an item',
  #1165);
#1165 = NEXT_ASSEMBLY_USAGE_OCCURRENCE('174','','',#5,#1156,$);
#1166 = PRODUCT_RELATED_PRODUCT_CATEGORY('part',$,(#1158));
#1167 = GEOMETRICALLY_BOUNDED_WIREFRAME_SHAPE_REPRESENTATION('',(#11,
    #1168),#1177);
#1168 = GEOMETRIC_CURVE_SET('',(#1169));
#1169 = TRIMMED_CURVE('',#1170,(#1175,PARAMETER_VALUE(0.)),(#1176,
    PARAMETER_VALUE(6.28318530718)),.T.,.PARAMETER.);
#1170 = CIRCLE('',#1171,4.955434831088E-02);
#1171 = AXIS2_PLACEMENT_3D('',#1172,#1173,#1174);
#1172 = CARTESIAN_POINT('',(0.,0.,8.200761382255E-02));
#1173 = DIRECTION('',(0.,0.,1.));
#1174 = DIRECTION('',(1.,0.,-0.));
#1175 = CARTESIAN_POINT('',(4.955434831088E-02,0.,8.200761382255E-02));
#1176 = CARTESIAN_POINT('',(4.955434831088E-02,0.,8.200761382255E-02));
#1177 = ( GEOMETRIC_REPRESENTATION_CONTEXT(3) 
GLOBAL_UNCERTAINTY_ASSIGNED_CONTEXT((#1181)) 
GLOBAL_UNIT_ASSIGNED_CONTEXT((#1178,#1179,#1180)) REPRESENTATION_CONTEXT
('Context #1','3D Context with UNIT and UNCERTAINTY') );
#1178 = ( LENGTH_UNIT() NAMED_UNIT(*) SI_UNIT($,.METRE.) );
#1179 = ( NAMED_UNIT(*) PLANE_ANGLE_UNIT() SI_UNIT($,.RADIAN.) );
#1180 = ( NAMED_UNIT(*) SI_UNIT($,.STERADIAN.) SOLID_ANGLE_UNIT() );
#1181 = UNCERTAINTY_MEASURE_WITH_UNIT(LENGTH_MEASURE(1.E-07),#1178,
  'distance_accuracy_value','confusion accuracy');
#1182 = SHAPE_DEFINITION_REPRESENTATION(#1183,#1167);
#1183 = PRODUCT_DEFINITION_SHAPE('','',#1184);
#1184 = PRODUCT_DEFINITION('design','',#1185,#1188);
#1185 = PRODUCT_DEFINITION_FORMATION('','',#1186);
#1186 = PRODUCT('Open CASCADE STEP translator 7.5 4.11',
  'Open CASCADE STEP translator 7.5 4.11','',(#1187));
#1187 = PRODUCT_CONTEXT('',#2,'mechanical');
#1188 = PRODUCT_DEFINITION_CONTEXT('part definition',#2,'design');
#1189 = CONTEXT_DEPENDENT_SHAPE_REPRESENTATION(#1190,#1192);
#1190 = ( REPRESENTATION_RELATIONSHIP('','',#1167,#10) 
REPRESENTATION_RELATIONSHIP_WITH_TRANSFORMATION(#1191) 
SHAPE_REPRESENTATION_RELATIONSHIP() );
#1191 = ITEM_DEFINED_TRANSFORMATION('','',#11,#55);
#1192 = PRODUCT_DEFINITION_SHAPE('Placement','Placement of an item',
  #1193);
#1193 = NEXT_ASSEMBLY_USAGE_OCCURRENCE('175','','',#5,#1184,$);
#1194 = PRODUCT_RELATED_PRODUCT_CATEGORY('part',$,(#1186));
#1195 = GEOMETRICALLY_BOUNDED_WIREFRAME_SHAPE_REPRESENTATION('',(#11,
    #1196),#1205);
#1196 = GEOMETRIC_CURVE_SET('',(#1197));
#1197 = TRIMMED_CURVE('',#1198,(#1203,PARAMETER_VALUE(0.)),(#1204,
    PARAMETER_VALUE(6.28318530718)),.T.,.PARAMETER.);
#1198 = CIRCLE('',#1199,5.16157764936E-02);
#1199 = AXIS2_PLACEMENT_3D('',#1200,#1201,#1202);
#1200 = CARTESIAN_POINT('',(0.,0.,9.00649953134E-02));
#1201 = DIRECTION('',(0.,0.,1.));
#1202 = DIRECTION('',(1.,0.,-0.));
#1203 = CARTESIAN_POINT('',(5.16157764936E-02,0.,9.00649953134E-02));
#1204 = CARTESIAN_POINT('',(5.16157764936E-02,0.,9.00649953134E-02));
#1205 = ( GEOMETRIC_REPRESENTATION_CONTEXT(3) 
GLOBAL_UNCERTAINTY_ASSIGNED_CONTEXT((#1209)) 
GLOBAL_UNIT_ASSIGNED_CONTEXT((#1206,#1207,#1208)) REPRESENTATION_CONTEXT
('Context #1','3D Context with UNIT and UNCERTAINTY') );
#1206 = ( LENGTH_UNIT() NAMED_UNIT(*) SI_UNIT($,.METRE.) );
#1207 = ( NAMED_UNIT(*) PLANE_ANGLE_UNIT() SI_UNIT($,.RADIAN.) );
#1208 = ( NAMED_UNIT(*) SI_UNIT($,.STERADIAN.) SOLID_ANGLE_UNIT() );
#1209 = UNCERTAINTY_MEASURE_WITH_UNIT(LENGTH_MEASURE(1.E-07),#1206,
  'distance_accuracy_value','confusion accuracy');
#1210 = SHAPE_DEFINITION_REPRESENTATION(#1211,#1195);
#1211 = PRODUCT_DEFINITION_SHAPE('','',#1212);
#1212 = PRODUCT_DEFINITION('design','',#1213,#1216);
#1213 = PRODUCT_DEFINITION_FORMATION('','',#1214);
#1214 = PRODUCT('Open CASCADE STEP translator 7.5 4.12',
  'Open CASCADE STEP translator 7.5 4.12','',(#1215));
#1215 = PRODUCT_CONTEXT('',#2,'mechanical');
#1216 = PRODUCT_DEFINITION_CONTEXT('part definition',#2,'design');
#1217 = CONTEXT_DEPENDENT_SHAPE_REPRESENTATION(#1218,#1220);
#1218 = ( REPRESENTATION_RELATIONSHIP('','',#1195,#10) 
REPRESENTATION_RELATIONSHIP_WITH_TRANSFORMATION(#1219) 
SHAPE_REPRESENTATION_RELATIONSHIP() );
#1219 = ITEM_DEFINED_TRANSFORMATION('','',#11,#59);
#1220 = PRODUCT_DEFINITION_SHAPE('Placement','Placement of an item',
  #1221);
#1221 = NEXT_ASSEMBLY_USAGE_OCCURRENCE('176','','',#5,#1212,$);
#1222 = PRODUCT_RELATED_PRODUCT_CATEGORY('part',$,(#1214));
#1223 = GEOMETRICALLY_BOUNDED_WIREFRAME_SHAPE_REPRESENTATION('',(#11,
    #1224),#1233);
#1224 = GEOMETRIC_CURVE_SET('',(#1225));
#1225 = TRIMMED_CURVE('',#1226,(#1231,PARAMETER_VALUE(0.)),(#1232,
    PARAMETER_VALUE(6.28318530718)),.T.,.PARAMETER.);
#1226 = CIRCLE('',#1227,5.372918694411E-02);
#1227 = AXIS2_PLACEMENT_3D('',#1228,#1229,#1230);
#1228 = CARTESIAN_POINT('',(0.,0.,9.793760894195E-02));
#1229 = DIRECTION('',(0.,0.,1.));
#1230 = DIRECTION('',(1.,0.,-0.));
#1231 = CARTESIAN_POINT('',(5.372918694411E-02,0.,9.793760894195E-02));
#1232 = CARTESIAN_POINT('',(5.372918694411E-02,0.,9.793760894195E-02));
#1233 = ( GEOMETRIC_REPRESENTATION_CONTEXT(3) 
GLOBAL_UNCERTAINTY_ASSIGNED_CONTEXT((#1237)) 
GLOBAL_UNIT_ASSIGNED_CONTEXT((#1234,#1235,#1236)) REPRESENTATION_CONTEXT
('Context #1','3D Context with UNIT and UNCERTAINTY') );
#1234 = ( LENGTH_UNIT() NAMED_UNIT(*) SI_UNIT($,.METRE.) );
#1235 = ( NAMED_UNIT(*) PLANE_ANGLE_UNIT() SI_UNIT($,.RADIAN.) );
#1236 = ( NAMED_UNIT(*) SI_UNIT($,.STERADIAN.) SOLID_ANGLE_UNIT() );
#1237 = UNCERTAINTY_MEASURE_WITH_UNIT(LENGTH_MEASURE(1.E-07),#1234,
  'distance_accuracy_value','confusion accuracy');
#1238 = SHAPE_DEFINITION_REPRESENTATION(#1239,#1223);
#1239 = PRODUCT_DEFINITION_SHAPE('','',#1240);
#1240 = PRODUCT_DEFINITION('design','',#1241,#1244);
#1241 = PRODUCT_DEFINITION_FORMATION('','',#1242);
#1242 = PRODUCT('Open CASCADE STEP translator 7.5 4.13',
  'Open CASCADE STEP translator 7.5 4.13','',(#1243));
#1243 = PRODUCT_CONTEXT('',#2,'mechanical');
#1244 = PRODUCT_DEFINITION_CONTEXT('part definition',#2,'design');
#1245 = CONTEXT_DEPENDENT_SHAPE_REPRESENTATION(#1246,#1248);
#1246 = ( REPRESENTATION_RELATIONSHIP('','',#1223,#10) 
REPRESENTATION_RELATIONSHIP_WITH_TRANSFORMATION(#1247) 
SHAPE_REPRESENTATION_RELATIONSHIP() );
#1247 = ITEM_DEFINED_TRANSFORMATION('','',#11,#63);
#1248 = PRODUCT_DEFINITION_SHAPE('Placement','Placement of an item',
  #1249);
#1249 = NEXT_ASSEMBLY_USAGE_OCCURRENCE('177','','',#5,#1240,$);
#1250 = PRODUCT_RELATED_PRODUCT_CATEGORY('part',$,(#1242));
#1251 = GEOMETRICALLY_BOUNDED_WIREFRAME_SHAPE_REPRESENTATION('',(#11,
    #1252),#1261);
#1252 = GEOMETRIC_CURVE_SET('',(#1253));
#1253 = TRIMMED_CURVE('',#1254,(#1259,PARAMETER_VALUE(0.)),(#1260,
    PARAMETER_VALUE(6.28318530718)),.T.,.PARAMETER.);
#1254 = CIRCLE('',#1255,5.588580487674E-02);
#1255 = AXIS2_PLACEMENT_3D('',#1256,#1257,#1258);
#1256 = CARTESIAN_POINT('',(0.,0.,0.105656640841));
#1257 = DIRECTION('',(0.,0.,1.));
#1258 = DIRECTION('',(1.,0.,-0.));
#1259 = CARTESIAN_POINT('',(5.588580487674E-02,0.,0.105656640841));
#1260 = CARTESIAN_POINT('',(5.588580487674E-02,0.,0.105656640841));
#1261 = ( GEOMETRIC_REPRESENTATION_CONTEXT(3) 
GLOBAL_UNCERTAINTY_ASSIGNED_CONTEXT((#1265)) 
GLOBAL_UNIT_ASSIGNED_CONTEXT((#1262,#1263,#1264)) REPRESENTATION_CONTEXT
('Context #1','3D Context with UNIT and UNCERTAINTY') );
#1262 = ( LENGTH_UNIT() NAMED_UNIT(*) SI_UNIT($,.METRE.) );
#1263 = ( NAMED_UNIT(*) PLANE_ANGLE_UNIT() SI_UNIT($,.RADIAN.) );
#1264 = ( NAMED_UNIT(*) SI_UNIT($,.STERADIAN.) SOLID_ANGLE_UNIT() );
#1265 = UNCERTAINTY_MEASURE_WITH_UNIT(LENGTH_MEASURE(1.E-07),#1262,
  'distance_accuracy_value','confusion accuracy');
#1266 = SHAPE_DEFINITION_REPRESENTATION(#1267,#1251);
#1267 = PRODUCT_DEFINITION_SHAPE('','',#1268);
#1268 = PRODUCT_DEFINITION('design','',#1269,#1272);
#1269 = PRODUCT_DEFINITION_FORMATION('','',#1270);
#1270 = PRODUCT('Open CASCADE STEP translator 7.5 4.14',
  'Open CASCADE STEP translator 7.5 4.14','',(#1271));
#1271 = PRODUCT_CONTEXT('',#2,'mechanical');
#1272 = PRODUCT_DEFINITION_CONTEXT('part definition',#2,'design');
#1273 = CONTEXT_DEPENDENT_SHAPE_REPRESENTATION(#1274,#1276);
#1274 = ( REPRESENTATION_RELATIONSHIP('','',#1251,#10) 
REPRESENTATION_RELATIONSHIP_WITH_TRANSFORMATION(#1275) 
SHAPE_REPRESENTATION_RELATIONSHIP() );
#1275 = ITEM_DEFINED_TRANSFORMATION('','',#11,#67);
#1276 = PRODUCT_DEFINITION_SHAPE('Placement','Placement of an item',
  #1277);
#1277 = NEXT_ASSEMBLY_USAGE_OCCURRENCE('178','','',#5,#1268,$);
#1278 = PRODUCT_RELATED_PRODUCT_CATEGORY('part',$,(#1270));
#1279 = GEOMETRICALLY_BOUNDED_WIREFRAME_SHAPE_REPRESENTATION('',(#11,
    #1280),#1289);
#1280 = GEOMETRIC_CURVE_SET('',(#1281));
#1281 = TRIMMED_CURVE('',#1282,(#1287,PARAMETER_VALUE(0.)),(#1288,
    PARAMETER_VALUE(6.28318530718)),.T.,.PARAMETER.);
#1282 = CIRCLE('',#1283,5.807876479598E-02);
#1283 = AXIS2_PLACEMENT_3D('',#1284,#1285,#1286);
#1284 = CARTESIAN_POINT('',(0.,0.,0.11324650025));
#1285 = DIRECTION('',(0.,0.,1.));
#1286 = DIRECTION('',(1.,0.,-0.));
#1287 = CARTESIAN_POINT('',(5.807876479598E-02,0.,0.11324650025));
#1288 = CARTESIAN_POINT('',(5.807876479598E-02,0.,0.11324650025));
#1289 = ( GEOMETRIC_REPRESENTATION_CONTEXT(3) 
GLOBAL_UNCERTAINTY_ASSIGNED_CONTEXT((#1293)) 
GLOBAL_UNIT_ASSIGNED_CONTEXT((#1290,#1291,#1292)) REPRESENTATION_CONTEXT
('Context #1','3D Context with UNIT and UNCERTAINTY') );
#1290 = ( LENGTH_UNIT() NAMED_UNIT(*) SI_UNIT($,.METRE.) );
#1291 = ( NAMED_UNIT(*) PLANE_ANGLE_UNIT() SI_UNIT($,.RADIAN.) );
#1292 = ( NAMED_UNIT(*) SI_UNIT($,.STERADIAN.) SOLID_ANGLE_UNIT() );
#1293 = UNCERTAINTY_MEASURE_WITH_UNIT(LENGTH_MEASURE(1.E-07),#1290,
  'distance_accuracy_value','confusion accuracy');
#1294 = SHAPE_DEFINITION_REPRESENTATION(#1295,#1279);
#1295 = PRODUCT_DEFINITION_SHAPE('','',#1296);
#1296 = PRODUCT_DEFINITION('design','',#1297,#1300);
#1297 = PRODUCT_DEFINITION_FORMATION('','',#1298);
#1298 = PRODUCT('Open CASCADE STEP translator 7.5 4.15',
  'Open CASCADE STEP translator 7.5 4.15','',(#1299));
#1299 = PRODUCT_CONTEXT('',#2,'mechanical');
#1300 = PRODUCT_DEFINITION_CONTEXT('part definition',#2,'design');
#1301 = CONTEXT_DEPENDENT_SHAPE_REPRESENTATION(#1302,#1304);
#1302 = ( REPRESENTATION_RELATIONSHIP('','',#1279,#10) 
REPRESENTATION_RELATIONSHIP_WITH_TRANSFORMATION(#1303) 
SHAPE_REPRESENTATION_RELATIONSHIP() );
#1303 = ITEM_DEFINED_TRANSFORMATION('','',#11,#71);
#1304 = PRODUCT_DEFINITION_SHAPE('Placement','Placement of an item',
  #1305);
#1305 = NEXT_ASSEMBLY_USAGE_OCCURRENCE('179','','',#5,#1296,$);
#1306 = PRODUCT_RELATED_PRODUCT_CATEGORY('part',$,(#1298));
#1307 = GEOMETRICALLY_BOUNDED_WIREFRAME_SHAPE_REPRESENTATION('',(#11,
    #1308),#1317);
#1308 = GEOMETRIC_CURVE_SET('',(#1309));
#1309 = TRIMMED_CURVE('',#1310,(#1315,PARAMETER_VALUE(0.)),(#1316,
    PARAMETER_VALUE(6.28318530718)),.T.,.PARAMETER.);
#1310 = CIRCLE('',#1311,6.030260719427E-02);
#1311 = AXIS2_PLACEMENT_3D('',#1312,#1313,#1314);
#1312 = CARTESIAN_POINT('',(0.,0.,0.120726587172));
#1313 = DIRECTION('',(0.,0.,1.));
#1314 = DIRECTION('',(1.,0.,-0.));
#1315 = CARTESIAN_POINT('',(6.030260719427E-02,0.,0.120726587172));
#1316 = CARTESIAN_POINT('',(6.030260719427E-02,0.,0.120726587172));
#1317 = ( GEOMETRIC_REPRESENTATION_CONTEXT(3) 
GLOBAL_UNCERTAINTY_ASSIGNED_CONTEXT((#1321)) 
GLOBAL_UNIT_ASSIGNED_CONTEXT((#1318,#1319,#1320)) REPRESENTATION_CONTEXT
('Context #1','3D Context with UNIT and UNCERTAINTY') );
#1318 = ( LENGTH_UNIT() NAMED_UNIT(*) SI_UNIT($,.METRE.) );
#1319 = ( NAMED_UNIT(*) PLANE_ANGLE_UNIT() SI_UNIT($,.RADIAN.) );
#1320 = ( NAMED_UNIT(*) SI_UNIT($,.STERADIAN.) SOLID_ANGLE_UNIT() );
#1321 = UNCERTAINTY_MEASURE_WITH_UNIT(LENGTH_MEASURE(1.E-07),#1318,
  'distance_accuracy_value','confusion accuracy');
#1322 = SHAPE_DEFINITION_REPRESENTATION(#1323,#1307);
#1323 = PRODUCT_DEFINITION_SHAPE('','',#1324);
#1324 = PRODUCT_DEFINITION('design','',#1325,#1328);
#1325 = PRODUCT_DEFINITION_FORMATION('','',#1326);
#1326 = PRODUCT('Open CASCADE STEP translator 7.5 4.16',
  'Open CASCADE STEP translator 7.5 4.16','',(#1327));
#1327 = PRODUCT_CONTEXT('',#2,'mechanical');
#1328 = PRODUCT_DEFINITION_CONTEXT('part definition',#2,'design');
#1329 = CONTEXT_DEPENDENT_SHAPE_REPRESENTATION(#1330,#1332);
#1330 = ( REPRESENTATION_RELATIONSHIP('','',#1307,#10) 
REPRESENTATION_RELATIONSHIP_WITH_TRANSFORMATION(#1331) 
SHAPE_REPRESENTATION_RELATIONSHIP() );
#1331 = ITEM_DEFINED_TRANSFORMATION('','',#11,#75);
#1332 = PRODUCT_DEFINITION_SHAPE('Placement','Placement of an item',
  #1333);
#1333 = NEXT_ASSEMBLY_USAGE_OCCURRENCE('180','','',#5,#1324,$);
#1334 = PRODUCT_RELATED_PRODUCT_CATEGORY('part',$,(#1326));
#1335 = GEOMETRICALLY_BOUNDED_WIREFRAME_SHAPE_REPRESENTATION('',(#11,
    #1336),#1345);
#1336 = GEOMETRIC_CURVE_SET('',(#1337));
#1337 = TRIMMED_CURVE('',#1338,(#1343,PARAMETER_VALUE(0.)),(#1344,
    PARAMETER_VALUE(6.28318530718)),.T.,.PARAMETER.);
#1338 = CIRCLE('',#1339,6.255293291957E-02);
#1339 = AXIS2_PLACEMENT_3D('',#1340,#1341,#1342);
#1340 = CARTESIAN_POINT('',(0.,0.,0.12811254177));
#1341 = DIRECTION('',(0.,0.,1.));
#1342 = DIRECTION('',(1.,0.,-0.));
#1343 = CARTESIAN_POINT('',(6.255293291957E-02,0.,0.12811254177));
#1344 = CARTESIAN_POINT('',(6.255293291957E-02,0.,0.12811254177));
#1345 = ( GEOMETRIC_REPRESENTATION_CONTEXT(3) 
GLOBAL_UNCERTAINTY_ASSIGNED_CONTEXT((#1349)) 
GLOBAL_UNIT_ASSIGNED_CONTEXT((#1346,#1347,#1348)) REPRESENTATION_CONTEXT
('Context #1','3D Context with UNIT and UNCERTAINTY') );
#1346 = ( LENGTH_UNIT() NAMED_UNIT(*) SI_UNIT($,.METRE.) );
#1347 = ( NAMED_UNIT(*) PLANE_ANGLE_UNIT() SI_UNIT($,.RADIAN.) );
#1348 = ( NAMED_UNIT(*) SI_UNIT($,.STERADIAN.) SOLID_ANGLE_UNIT() );
#1349 = UNCERTAINTY_MEASURE_WITH_UNIT(LENGTH_MEASURE(1.E-07),#1346,
  'distance_accuracy_value','confusion accuracy');
#1350 = SHAPE_DEFINITION_REPRESENTATION(#1351,#1335);
#1351 = PRODUCT_DEFINITION_SHAPE('','',#1352);
#1352 = PRODUCT_DEFINITION('design','',#1353,#1356);
#1353 = PRODUCT_DEFINITION_FORMATION('','',#1354);
#1354 = PRODUCT('Open CASCADE STEP translator 7.5 4.17',
  'Open CASCADE STEP translator 7.5 4.17','',(#1355));
#1355 = PRODUCT_CONTEXT('',#2,'mechanical');
#1356 = PRODUCT_DEFINITION_CONTEXT('part definition',#2,'design');
#1357 = CONTEXT_DEPENDENT_SHAPE_REPRESENTATION(#1358,#1360);
#1358 = ( REPRESENTATION_RELATIONSHIP('','',#1335,#10) 
REPRESENTATION_RELATIONSHIP_WITH_TRANSFORMATION(#1359) 
SHAPE_REPRESENTATION_RELATIONSHIP() );
#1359 = ITEM_DEFINED_TRANSFORMATION('','',#11,#79);
#1360 = PRODUCT_DEFINITION_SHAPE('Placement','Placement of an item',
  #1361);
#1361 = NEXT_ASSEMBLY_USAGE_OCCURRENCE('181','','',#5,#1352,$);
#1362 = PRODUCT_RELATED_PRODUCT_CATEGORY('part',$,(#1354));
#1363 = GEOMETRICALLY_BOUNDED_WIREFRAME_SHAPE_REPRESENTATION('',(#11,
    #1364),#1373);
#1364 = GEOMETRIC_CURVE_SET('',(#1365));
#1365 = TRIMMED_CURVE('',#1366,(#1371,PARAMETER_VALUE(0.)),(#1372,
    PARAMETER_VALUE(6.28318530718)),.T.,.PARAMETER.);
#1366 = CIRCLE('',#1367,6.482615251156E-02);
#1367 = AXIS2_PLACEMENT_3D('',#1368,#1369,#1370);
#1368 = CARTESIAN_POINT('',(0.,0.,0.135417120706));
#1369 = DIRECTION('',(0.,0.,1.));
#1370 = DIRECTION('',(1.,0.,-0.));
#1371 = CARTESIAN_POINT('',(6.482615251156E-02,0.,0.135417120706));
#1372 = CARTESIAN_POINT('',(6.482615251156E-02,0.,0.135417120706));
#1373 = ( GEOMETRIC_REPRESENTATION_CONTEXT(3) 
GLOBAL_UNCERTAINTY_ASSIGNED_CONTEXT((#1377)) 
GLOBAL_UNIT_ASSIGNED_CONTEXT((#1374,#1375,#1376)) REPRESENTATION_CONTEXT
('Context #1','3D Context with UNIT and UNCERTAINTY') );
#1374 = ( LENGTH_UNIT() NAMED_UNIT(*) SI_UNIT($,.METRE.) );
#1375 = ( NAMED_UNIT(*) PLANE_ANGLE_UNIT() SI_UNIT($,.RADIAN.) );
#1376 = ( NAMED_UNIT(*) SI_UNIT($,.STERADIAN.) SOLID_ANGLE_UNIT() );
#1377 = UNCERTAINTY_MEASURE_WITH_UNIT(LENGTH_MEASURE(1.E-07),#1374,
  'distance_accuracy_value','confusion accuracy');
#1378 = SHAPE_DEFINITION_REPRESENTATION(#1379,#1363);
#1379 = PRODUCT_DEFINITION_SHAPE('','',#1380);
#1380 = PRODUCT_DEFINITION('design','',#1381,#1384);
#1381 = PRODUCT_DEFINITION_FORMATION('','',#1382);
#1382 = PRODUCT('Open CASCADE STEP translator 7.5 4.18',
  'Open CASCADE STEP translator 7.5 4.18','',(#1383));
#1383 = PRODUCT_CONTEXT('',#2,'mechanical');
#1384 = PRODUCT_DEFINITION_CONTEXT('part definition',#2,'design');
#1385 = CONTEXT_DEPENDENT_SHAPE_REPRESENTATION(#1386,#1388);
#1386 = ( REPRESENTATION_RELATIONSHIP('','',#1363,#10) 
REPRESENTATION_RELATIONSHIP_WITH_TRANSFORMATION(#1387) 
SHAPE_REPRESENTATION_RELATIONSHIP() );
#1387 = ITEM_DEFINED_TRANSFORMATION('','',#11,#83);
#1388 = PRODUCT_DEFINITION_SHAPE('Placement','Placement of an item',
  #1389);
#1389 = NEXT_ASSEMBLY_USAGE_OCCURRENCE('182','','',#5,#1380,$);
#1390 = PRODUCT_RELATED_PRODUCT_CATEGORY('part',$,(#1382));
#1391 = GEOMETRICALLY_BOUNDED_WIREFRAME_SHAPE_REPRESENTATION('',(#11,
    #1392),#1401);
#1392 = GEOMETRIC_CURVE_SET('',(#1393));
#1393 = TRIMMED_CURVE('',#1394,(#1399,PARAMETER_VALUE(0.)),(#1400,
    PARAMETER_VALUE(6.28318530718)),.T.,.PARAMETER.);
#1394 = CIRCLE('',#1395,6.711930671468E-02);
#1395 = AXIS2_PLACEMENT_3D('',#1396,#1397,#1398);
#1396 = CARTESIAN_POINT('',(0.,0.,0.142650844557));
#1397 = DIRECTION('',(0.,0.,1.));
#1398 = DIRECTION('',(1.,0.,-0.));
#1399 = CARTESIAN_POINT('',(6.711930671468E-02,0.,0.142650844557));
#1400 = CARTESIAN_POINT('',(6.711930671468E-02,0.,0.142650844557));
#1401 = ( GEOMETRIC_REPRESENTATION_CONTEXT(3) 
GLOBAL_UNCERTAINTY_ASSIGNED_CONTEXT((#1405)) 
GLOBAL_UNIT_ASSIGNED_CONTEXT((#1402,#1403,#1404)) REPRESENTATION_CONTEXT
('Context #1','3D Context with UNIT and UNCERTAINTY') );
#1402 = ( LENGTH_UNIT() NAMED_UNIT(*) SI_UNIT($,.METRE.) );
#1403 = ( NAMED_UNIT(*) PLANE_ANGLE_UNIT() SI_UNIT($,.RADIAN.) );
#1404 = ( NAMED_UNIT(*) SI_UNIT($,.STERADIAN.) SOLID_ANGLE_UNIT() );
#1405 = UNCERTAINTY_MEASURE_WITH_UNIT(LENGTH_MEASURE(1.E-07),#1402,
  'distance_accuracy_value','confusion accuracy');
#1406 = SHAPE_DEFINITION_REPRESENTATION(#1407,#1391);
#1407 = PRODUCT_DEFINITION_SHAPE('','',#1408);
#1408 = PRODUCT_DEFINITION('design','',#1409,#1412);
#1409 = PRODUCT_DEFINITION_FORMATION('','',#1410);
#1410 = PRODUCT('Open CASCADE STEP translator 7.5 4.19',
  'Open CASCADE STEP translator 7.5 4.19','',(#1411));
#1411 = PRODUCT_CONTEXT('',#2,'mechanical');
#1412 = PRODUCT_DEFINITION_CONTEXT('part definition',#2,'design');
#1413 = CONTEXT_DEPENDENT_SHAPE_REPRESENTATION(#1414,#1416);
#1414 = ( REPRESENTATION_RELATIONSHIP('','',#1391,#10) 
REPRESENTATION_RELATIONSHIP_WITH_TRANSFORMATION(#1415) 
SHAPE_REPRESENTATION_RELATIONSHIP() );
#1415 = ITEM_DEFINED_TRANSFORMATION('','',#11,#87);
#1416 = PRODUCT_DEFINITION_SHAPE('Placement','Placement of an item',
  #1417);
#1417 = NEXT_ASSEMBLY_USAGE_OCCURRENCE('183','','',#5,#1408,$);
#1418 = PRODUCT_RELATED_PRODUCT_CATEGORY('part',$,(#1410));
#1419 = GEOMETRICALLY_BOUNDED_WIREFRAME_SHAPE_REPRESENTATION('',(#11,
    #1420),#1429);
#1420 = GEOMETRIC_CURVE_SET('',(#1421));
#1421 = TRIMMED_CURVE('',#1422,(#1427,PARAMETER_VALUE(0.)),(#1428,
    PARAMETER_VALUE(6.28318530718)),.T.,.PARAMETER.);
#1422 = CIRCLE('',#1423,6.942993113537E-02);
#1423 = AXIS2_PLACEMENT_3D('',#1424,#1425,#1426);
#1424 = CARTESIAN_POINT('',(0.,0.,0.149822469498));
#1425 = DIRECTION('',(0.,0.,1.));
#1426 = DIRECTION('',(1.,0.,-0.));
#1427 = CARTESIAN_POINT('',(6.942993113537E-02,0.,0.149822469498));
#1428 = CARTESIAN_POINT('',(6.942993113537E-02,0.,0.149822469498));
#1429 = ( GEOMETRIC_REPRESENTATION_CONTEXT(3) 
GLOBAL_UNCERTAINTY_ASSIGNED_CONTEXT((#1433)) 
GLOBAL_UNIT_ASSIGNED_CONTEXT((#1430,#1431,#1432)) REPRESENTATION_CONTEXT
('Context #1','3D Context with UNIT and UNCERTAINTY') );
#1430 = ( LENGTH_UNIT() NAMED_UNIT(*) SI_UNIT($,.METRE.) );
#1431 = ( NAMED_UNIT(*) PLANE_ANGLE_UNIT() SI_UNIT($,.RADIAN.) );
#1432 = ( NAMED_UNIT(*) SI_UNIT($,.STERADIAN.) SOLID_ANGLE_UNIT() );
#1433 = UNCERTAINTY_MEASURE_WITH_UNIT(LENGTH_MEASURE(1.E-07),#1430,
  'distance_accuracy_value','confusion accuracy');
#1434 = SHAPE_DEFINITION_REPRESENTATION(#1435,#1419);
#1435 = PRODUCT_DEFINITION_SHAPE('','',#1436);
#1436 = PRODUCT_DEFINITION('design','',#1437,#1440);
#1437 = PRODUCT_DEFINITION_FORMATION('','',#1438);
#1438 = PRODUCT('Open CASCADE STEP translator 7.5 4.20',
  'Open CASCADE STEP translator 7.5 4.20','',(#1439));
#1439 = PRODUCT_CONTEXT('',#2,'mechanical');
#1440 = PRODUCT_DEFINITION_CONTEXT('part definition',#2,'design');
#1441 = CONTEXT_DEPENDENT_SHAPE_REPRESENTATION(#1442,#1444);
#1442 = ( REPRESENTATION_RELATIONSHIP('','',#1419,#10) 
REPRESENTATION_RELATIONSHIP_WITH_TRANSFORMATION(#1443) 
SHAPE_REPRESENTATION_RELATIONSHIP() );
#1443 = ITEM_DEFINED_TRANSFORMATION('','',#11,#91);
#1444 = PRODUCT_DEFINITION_SHAPE('Placement','Placement of an item',
  #1445);
#1445 = NEXT_ASSEMBLY_USAGE_OCCURRENCE('184','','',#5,#1436,$);
#1446 = PRODUCT_RELATED_PRODUCT_CATEGORY('part',$,(#1438));
#1447 = GEOMETRICALLY_BOUNDED_WIREFRAME_SHAPE_REPRESENTATION('',(#11,
    #1448),#1457);
#1448 = GEOMETRIC_CURVE_SET('',(#1449));
#1449 = TRIMMED_CURVE('',#1450,(#1455,PARAMETER_VALUE(0.)),(#1456,
    PARAMETER_VALUE(6.28318530718)),.T.,.PARAMETER.);
#1450 = CIRCLE('',#1451,7.1755957284E-02);
#1451 = AXIS2_PLACEMENT_3D('',#1452,#1453,#1454);
#1452 = CARTESIAN_POINT('',(0.,0.,0.156939351289));
#1453 = DIRECTION('',(0.,0.,1.));
#1454 = DIRECTION('',(1.,0.,-0.));
#1455 = CARTESIAN_POINT('',(7.1755957284E-02,0.,0.156939351289));
#1456 = CARTESIAN_POINT('',(7.1755957284E-02,0.,0.156939351289));
#1457 = ( GEOMETRIC_REPRESENTATION_CONTEXT(3) 
GLOBAL_UNCERTAINTY_ASSIGNED_CONTEXT((#1461)) 
GLOBAL_UNIT_ASSIGNED_CONTEXT((#1458,#1459,#1460)) REPRESENTATION_CONTEXT
('Context #1','3D Context with UNIT and UNCERTAINTY') );
#1458 = ( LENGTH_UNIT() NAMED_UNIT(*) SI_UNIT($,.METRE.) );
#1459 = ( NAMED_UNIT(*) PLANE_ANGLE_UNIT() SI_UNIT($,.RADIAN.) );
#1460 = ( NAMED_UNIT(*) SI_UNIT($,.STERADIAN.) SOLID_ANGLE_UNIT() );
#1461 = UNCERTAINTY_MEASURE_WITH_UNIT(LENGTH_MEASURE(1.E-07),#1458,
  'distance_accuracy_value','confusion accuracy');
#1462 = SHAPE_DEFINITION_REPRESENTATION(#1463,#1447);
#1463 = PRODUCT_DEFINITION_SHAPE('','',#1464);
#1464 = PRODUCT_DEFINITION('design','',#1465,#1468);
#1465 = PRODUCT_DEFINITION_FORMATION('','',#1466);
#1466 = PRODUCT('Open CASCADE STEP translator 7.5 4.21',
  'Open CASCADE STEP translator 7.5 4.21','',(#1467));
#1467 = PRODUCT_CONTEXT('',#2,'mechanical');
#1468 = PRODUCT_DEFINITION_CONTEXT('part definition',#2,'design');
#1469 = CONTEXT_DEPENDENT_SHAPE_REPRESENTATION(#1470,#1472);
#1470 = ( REPRESENTATION_RELATIONSHIP('','',#1447,#10) 
REPRESENTATION_RELATIONSHIP_WITH_TRANSFORMATION(#1471) 
SHAPE_REPRESENTATION_RELATIONSHIP() );
#1471 = ITEM_DEFINED_TRANSFORMATION('','',#11,#95);
#1472 = PRODUCT_DEFINITION_SHAPE('Placement','Placement of an item',
  #1473);
#1473 = NEXT_ASSEMBLY_USAGE_OCCURRENCE('185','','',#5,#1464,$);
#1474 = PRODUCT_RELATED_PRODUCT_CATEGORY('part',$,(#1466));
#1475 = GEOMETRICALLY_BOUNDED_WIREFRAME_SHAPE_REPRESENTATION('',(#11,
    #1476),#1485);
#1476 = GEOMETRIC_CURVE_SET('',(#1477));
#1477 = TRIMMED_CURVE('',#1478,(#1483,PARAMETER_VALUE(0.)),(#1484,
    PARAMETER_VALUE(6.28318530718)),.T.,.PARAMETER.);
#1478 = CIRCLE('',#1479,7.409563384929E-02);
#1479 = AXIS2_PLACEMENT_3D('',#1480,#1481,#1482);
#1480 = CARTESIAN_POINT('',(0.,0.,0.164007712981));
#1481 = DIRECTION('',(0.,0.,1.));
#1482 = DIRECTION('',(1.,0.,-0.));
#1483 = CARTESIAN_POINT('',(7.409563384929E-02,0.,0.164007712981));
#1484 = CARTESIAN_POINT('',(7.409563384929E-02,0.,0.164007712981));
#1485 = ( GEOMETRIC_REPRESENTATION_CONTEXT(3) 
GLOBAL_UNCERTAINTY_ASSIGNED_CONTEXT((#1489)) 
GLOBAL_UNIT_ASSIGNED_CONTEXT((#1486,#1487,#1488)) REPRESENTATION_CONTEXT
('Context #1','3D Context with UNIT and UNCERTAINTY') );
#1486 = ( LENGTH_UNIT() NAMED_UNIT(*) SI_UNIT($,.METRE.) );
#1487 = ( NAMED_UNIT(*) PLANE_ANGLE_UNIT() SI_UNIT($,.RADIAN.) );
#1488 = ( NAMED_UNIT(*) SI_UNIT($,.STERADIAN.) SOLID_ANGLE_UNIT() );
#1489 = UNCERTAINTY_MEASURE_WITH_UNIT(LENGTH_MEASURE(1.E-07),#1486,
  'distance_accuracy_value','confusion accuracy');
#1490 = SHAPE_DEFINITION_REPRESENTATION(#1491,#1475);
#1491 = PRODUCT_DEFINITION_SHAPE('','',#1492);
#1492 = PRODUCT_DEFINITION('design','',#1493,#1496);
#1493 = PRODUCT_DEFINITION_FORMATION('','',#1494);
#1494 = PRODUCT('Open CASCADE STEP translator 7.5 4.22',
  'Open CASCADE STEP translator 7.5 4.22','',(#1495));
#1495 = PRODUCT_CONTEXT('',#2,'mechanical');
#1496 = PRODUCT_DEFINITION_CONTEXT('part definition',#2,'design');
#1497 = CONTEXT_DEPENDENT_SHAPE_REPRESENTATION(#1498,#1500);
#1498 = ( REPRESENTATION_RELATIONSHIP('','',#1475,#10) 
REPRESENTATION_RELATIONSHIP_WITH_TRANSFORMATION(#1499) 
SHAPE_REPRESENTATION_RELATIONSHIP() );
#1499 = ITEM_DEFINED_TRANSFORMATION('','',#11,#99);
#1500 = PRODUCT_DEFINITION_SHAPE('Placement','Placement of an item',
  #1501);
#1501 = NEXT_ASSEMBLY_USAGE_OCCURRENCE('186','','',#5,#1492,$);
#1502 = PRODUCT_RELATED_PRODUCT_CATEGORY('part',$,(#1494));
#1503 = GEOMETRICALLY_BOUNDED_WIREFRAME_SHAPE_REPRESENTATION('',(#11,
    #1504),#1513);
#1504 = GEOMETRIC_CURVE_SET('',(#1505));
#1505 = TRIMMED_CURVE('',#1506,(#1511,PARAMETER_VALUE(0.)),(#1512,
    PARAMETER_VALUE(6.28318530718)),.T.,.PARAMETER.);
#1506 = CIRCLE('',#1507,7.64474684105E-02);
#1507 = AXIS2_PLACEMENT_3D('',#1508,#1509,#1510);
#1508 = CARTESIAN_POINT('',(0.,0.,0.171032859763));
#1509 = DIRECTION('',(0.,0.,1.));
#1510 = DIRECTION('',(1.,0.,-0.));
#1511 = CARTESIAN_POINT('',(7.64474684105E-02,0.,0.171032859763));
#1512 = CARTESIAN_POINT('',(7.64474684105E-02,0.,0.171032859763));
#1513 = ( GEOMETRIC_REPRESENTATION_CONTEXT(3) 
GLOBAL_UNCERTAINTY_ASSIGNED_CONTEXT((#1517)) 
GLOBAL_UNIT_ASSIGNED_CONTEXT((#1514,#1515,#1516)) REPRESENTATION_CONTEXT
('Context #1','3D Context with UNIT and UNCERTAINTY') );
#1514 = ( LENGTH_UNIT() NAMED_UNIT(*) SI_UNIT($,.METRE.) );
#1515 = ( NAMED_UNIT(*) PLANE_ANGLE_UNIT() SI_UNIT($,.RADIAN.) );
#1516 = ( NAMED_UNIT(*) SI_UNIT($,.STERADIAN.) SOLID_ANGLE_UNIT() );
#1517 = UNCERTAINTY_MEASURE_WITH_UNIT(LENGTH_MEASURE(1.E-07),#1514,
  'distance_accuracy_value','confusion accuracy');
#1518 = SHAPE_DEFINITION_REPRESENTATION(#1519,#1503);
#1519 = PRODUCT_DEFINITION_SHAPE('','',#1520);
#1520 = PRODUCT_DEFINITION('design','',#1521,#1524);
#1521 = PRODUCT_DEFINITION_FORMATION('','',#1522);
#1522 = PRODUCT('Open CASCADE STEP translator 7.5 4.23',
  'Open CASCADE STEP translator 7.5 4.23','',(#1523));
#1523 = PRODUCT_CONTEXT('',#2,'mechanical');
#1524 = PRODUCT_DEFINITION_CONTEXT('part definition',#2,'design');
#1525 = CONTEXT_DEPENDENT_SHAPE_REPRESENTATION(#1526,#1528);
#1526 = ( REPRESENTATION_RELATIONSHIP('','',#1503,#10) 
REPRESENTATION_RELATIONSHIP_WITH_TRANSFORMATION(#1527) 
SHAPE_REPRESENTATION_RELATIONSHIP() );
#1527 = ITEM_DEFINED_TRANSFORMATION('','',#11,#103);
#1528 = PRODUCT_DEFINITION_SHAPE('Placement','Placement of an item',
  #1529);
#1529 = NEXT_ASSEMBLY_USAGE_OCCURRENCE('187','','',#5,#1520,$);
#1530 = PRODUCT_RELATED_PRODUCT_CATEGORY('part',$,(#1522));
#1531 = GEOMETRICALLY_BOUNDED_WIREFRAME_SHAPE_REPRESENTATION('',(#11,
    #1532),#1541);
#1532 = GEOMETRIC_CURVE_SET('',(#1533));
#1533 = TRIMMED_CURVE('',#1534,(#1539,PARAMETER_VALUE(0.)),(#1540,
    PARAMETER_VALUE(6.28318530718)),.T.,.PARAMETER.);
#1534 = CIRCLE('',#1535,7.8810180418E-02);
#1535 = AXIS2_PLACEMENT_3D('',#1536,#1537,#1538);
#1536 = CARTESIAN_POINT('',(0.,0.,0.178019342442));
#1537 = DIRECTION('',(0.,0.,1.));
#1538 = DIRECTION('',(1.,0.,-0.));
#1539 = CARTESIAN_POINT('',(7.8810180418E-02,0.,0.178019342442));
#1540 = CARTESIAN_POINT('',(7.8810180418E-02,0.,0.178019342442));
#1541 = ( GEOMETRIC_REPRESENTATION_CONTEXT(3) 
GLOBAL_UNCERTAINTY_ASSIGNED_CONTEXT((#1545)) 
GLOBAL_UNIT_ASSIGNED_CONTEXT((#1542,#1543,#1544)) REPRESENTATION_CONTEXT
('Context #1','3D Context with UNIT and UNCERTAINTY') );
#1542 = ( LENGTH_UNIT() NAMED_UNIT(*) SI_UNIT($,.METRE.) );
#1543 = ( NAMED_UNIT(*) PLANE_ANGLE_UNIT() SI_UNIT($,.RADIAN.) );
#1544 = ( NAMED_UNIT(*) SI_UNIT($,.STERADIAN.) SOLID_ANGLE_UNIT() );
#1545 = UNCERTAINTY_MEASURE_WITH_UNIT(LENGTH_MEASURE(1.E-07),#1542,
  'distance_accuracy_value','confusion accuracy');
#1546 = SHAPE_DEFINITION_REPRESENTATION(#1547,#1531);
#1547 = PRODUCT_DEFINITION_SHAPE('','',#1548);
#1548 = PRODUCT_DEFINITION('design','',#1549,#1552);
#1549 = PRODUCT_DEFINITION_FORMATION('','',#1550);
#1550 = PRODUCT('Open CASCADE STEP translator 7.5 4.24',
  'Open CASCADE STEP translator 7.5 4.24','',(#1551));
#1551 = PRODUCT_CONTEXT('',#2,'mechanical');
#1552 = PRODUCT_DEFINITION_CONTEXT('part definition',#2,'design');
#1553 = CONTEXT_DEPENDENT_SHAPE_REPRESENTATION(#1554,#1556);
#1554 = ( REPRESENTATION_RELATIONSHIP('','',#1531,#10) 
REPRESENTATION_RELATIONSHIP_WITH_TRANSFORMATION(#1555) 
SHAPE_REPRESENTATION_RELATIONSHIP() );
#1555 = ITEM_DEFINED_TRANSFORMATION('','',#11,#107);
#1556 = PRODUCT_DEFINITION_SHAPE('Placement','Placement of an item',
  #1557);
#1557 = NEXT_ASSEMBLY_USAGE_OCCURRENCE('188','','',#5,#1548,$);
#1558 = PRODUCT_RELATED_PRODUCT_CATEGORY('part',$,(#1550));
#1559 = GEOMETRICALLY_BOUNDED_WIREFRAME_SHAPE_REPRESENTATION('',(#11,
    #1560),#1569);
#1560 = GEOMETRIC_CURVE_SET('',(#1561));
#1561 = TRIMMED_CURVE('',#1562,(#1567,PARAMETER_VALUE(0.)),(#1568,
    PARAMETER_VALUE(6.28318530718)),.T.,.PARAMETER.);
#1562 = CIRCLE('',#1563,8.118266506184E-02);
#1563 = AXIS2_PLACEMENT_3D('',#1564,#1565,#1566);
#1564 = CARTESIAN_POINT('',(0.,0.,0.184971089637));
#1565 = DIRECTION('',(0.,0.,1.));
#1566 = DIRECTION('',(1.,0.,-0.));
#1567 = CARTESIAN_POINT('',(8.118266506184E-02,0.,0.184971089637));
#1568 = CARTESIAN_POINT('',(8.118266506184E-02,0.,0.184971089637));
#1569 = ( GEOMETRIC_REPRESENTATION_CONTEXT(3) 
GLOBAL_UNCERTAINTY_ASSIGNED_CONTEXT((#1573)) 
GLOBAL_UNIT_ASSIGNED_CONTEXT((#1570,#1571,#1572)) REPRESENTATION_CONTEXT
('Context #1','3D Context with UNIT and UNCERTAINTY') );
#1570 = ( LENGTH_UNIT() NAMED_UNIT(*) SI_UNIT($,.METRE.) );
#1571 = ( NAMED_UNIT(*) PLANE_ANGLE_UNIT() SI_UNIT($,.RADIAN.) );
#1572 = ( NAMED_UNIT(*) SI_UNIT($,.STERADIAN.) SOLID_ANGLE_UNIT() );
#1573 = UNCERTAINTY_MEASURE_WITH_UNIT(LENGTH_MEASURE(1.E-07),#1570,
  'distance_accuracy_value','confusion accuracy');
#1574 = SHAPE_DEFINITION_REPRESENTATION(#1575,#1559);
#1575 = PRODUCT_DEFINITION_SHAPE('','',#1576);
#1576 = PRODUCT_DEFINITION('design','',#1577,#1580);
#1577 = PRODUCT_DEFINITION_FORMATION('','',#1578);
#1578 = PRODUCT('Open CASCADE STEP translator 7.5 4.25',
  'Open CASCADE STEP translator 7.5 4.25','',(#1579));
#1579 = PRODUCT_CONTEXT('',#2,'mechanical');
#1580 = PRODUCT_DEFINITION_CONTEXT('part definition',#2,'design');
#1581 = CONTEXT_DEPENDENT_SHAPE_REPRESENTATION(#1582,#1584);
#1582 = ( REPRESENTATION_RELATIONSHIP('','',#1559,#10) 
REPRESENTATION_RELATIONSHIP_WITH_TRANSFORMATION(#1583) 
SHAPE_REPRESENTATION_RELATIONSHIP() );
#1583 = ITEM_DEFINED_TRANSFORMATION('','',#11,#111);
#1584 = PRODUCT_DEFINITION_SHAPE('Placement','Placement of an item',
  #1585);
#1585 = NEXT_ASSEMBLY_USAGE_OCCURRENCE('189','','',#5,#1576,$);
#1586 = PRODUCT_RELATED_PRODUCT_CATEGORY('part',$,(#1578));
#1587 = GEOMETRICALLY_BOUNDED_WIREFRAME_SHAPE_REPRESENTATION('',(#11,
    #1588),#1597);
#1588 = GEOMETRIC_CURVE_SET('',(#1589));
#1589 = TRIMMED_CURVE('',#1590,(#1595,PARAMETER_VALUE(0.)),(#1596,
    PARAMETER_VALUE(6.28318530718)),.T.,.PARAMETER.);
#1590 = CIRCLE('',#1591,8.356396318584E-02);
#1591 = AXIS2_PLACEMENT_3D('',#1592,#1593,#1594);
#1592 = CARTESIAN_POINT('',(0.,0.,0.191891509459));
#1593 = DIRECTION('',(0.,0.,1.));
#1594 = DIRECTION('',(1.,0.,-0.));
#1595 = CARTESIAN_POINT('',(8.356396318584E-02,0.,0.191891509459));
#1596 = CARTESIAN_POINT('',(8.356396318584E-02,0.,0.191891509459));
#1597 = ( GEOMETRIC_REPRESENTATION_CONTEXT(3) 
GLOBAL_UNCERTAINTY_ASSIGNED_CONTEXT((#1601)) 
GLOBAL_UNIT_ASSIGNED_CONTEXT((#1598,#1599,#1600)) REPRESENTATION_CONTEXT
('Context #1','3D Context with UNIT and UNCERTAINTY') );
#1598 = ( LENGTH_UNIT() NAMED_UNIT(*) SI_UNIT($,.METRE.) );
#1599 = ( NAMED_UNIT(*) PLANE_ANGLE_UNIT() SI_UNIT($,.RADIAN.) );
#1600 = ( NAMED_UNIT(*) SI_UNIT($,.STERADIAN.) SOLID_ANGLE_UNIT() );
#1601 = UNCERTAINTY_MEASURE_WITH_UNIT(LENGTH_MEASURE(1.E-07),#1598,
  'distance_accuracy_value','confusion accuracy');
#1602 = SHAPE_DEFINITION_REPRESENTATION(#1603,#1587);
#1603 = PRODUCT_DEFINITION_SHAPE('','',#1604);
#1604 = PRODUCT_DEFINITION('design','',#1605,#1608);
#1605 = PRODUCT_DEFINITION_FORMATION('','',#1606);
#1606 = PRODUCT('Open CASCADE STEP translator 7.5 4.26',
  'Open CASCADE STEP translator 7.5 4.26','',(#1607));
#1607 = PRODUCT_CONTEXT('',#2,'mechanical');
#1608 = PRODUCT_DEFINITION_CONTEXT('part definition',#2,'design');
#1609 = CONTEXT_DEPENDENT_SHAPE_REPRESENTATION(#1610,#1612);
#1610 = ( REPRESENTATION_RELATIONSHIP('','',#1587,#10) 
REPRESENTATION_RELATIONSHIP_WITH_TRANSFORMATION(#1611) 
SHAPE_REPRESENTATION_RELATIONSHIP() );
#1611 = ITEM_DEFINED_TRANSFORMATION('','',#11,#115);
#1612 = PRODUCT_DEFINITION_SHAPE('Placement','Placement of an item',
  #1613);
#1613 = NEXT_ASSEMBLY_USAGE_OCCURRENCE('190','','',#5,#1604,$);
#1614 = PRODUCT_RELATED_PRODUCT_CATEGORY('part',$,(#1606));
#1615 = GEOMETRICALLY_BOUNDED_WIREFRAME_SHAPE_REPRESENTATION('',(#11,
    #1616),#1625);
#1616 = GEOMETRIC_CURVE_SET('',(#1617));
#1617 = TRIMMED_CURVE('',#1618,(#1623,PARAMETER_VALUE(0.)),(#1624,
    PARAMETER_VALUE(6.28318530718)),.T.,.PARAMETER.);
#1618 = CIRCLE('',#1619,8.595323841701E-02);
#1619 = AXIS2_PLACEMENT_3D('',#1620,#1621,#1622);
#1620 = CARTESIAN_POINT('',(0.,0.,0.198783575272));
#1621 = DIRECTION('',(0.,0.,1.));
#1622 = DIRECTION('',(1.,0.,-0.));
#1623 = CARTESIAN_POINT('',(8.595323841701E-02,0.,0.198783575272));
#1624 = CARTESIAN_POINT('',(8.595323841701E-02,0.,0.198783575272));
#1625 = ( GEOMETRIC_REPRESENTATION_CONTEXT(3) 
GLOBAL_UNCERTAINTY_ASSIGNED_CONTEXT((#1629)) 
GLOBAL_UNIT_ASSIGNED_CONTEXT((#1626,#1627,#1628)) REPRESENTATION_CONTEXT
('Context #1','3D Context with UNIT and UNCERTAINTY') );
#1626 = ( LENGTH_UNIT() NAMED_UNIT(*) SI_UNIT($,.METRE.) );
#1627 = ( NAMED_UNIT(*) PLANE_ANGLE_UNIT() SI_UNIT($,.RADIAN.) );
#1628 = ( NAMED_UNIT(*) SI_UNIT($,.STERADIAN.) SOLID_ANGLE_UNIT() );
#1629 = UNCERTAINTY_MEASURE_WITH_UNIT(LENGTH_MEASURE(1.E-07),#1626,
  'distance_accuracy_value','confusion accuracy');
#1630 = SHAPE_DEFINITION_REPRESENTATION(#1631,#1615);
#1631 = PRODUCT_DEFINITION_SHAPE('','',#1632);
#1632 = PRODUCT_DEFINITION('design','',#1633,#1636);
#1633 = PRODUCT_DEFINITION_FORMATION('','',#1634);
#1634 = PRODUCT('Open CASCADE STEP translator 7.5 4.27',
  'Open CASCADE STEP translator 7.5 4.27','',(#1635));
#1635 = PRODUCT_CONTEXT('',#2,'mechanical');
#1636 = PRODUCT_DEFINITION_CONTEXT('part definition',#2,'design');
#1637 = CONTEXT_DEPENDENT_SHAPE_REPRESENTATION(#1638,#1640);
#1638 = ( REPRESENTATION_RELATIONSHIP('','',#1615,#10) 
REPRESENTATION_RELATIONSHIP_WITH_TRANSFORMATION(#1639) 
SHAPE_REPRESENTATION_RELATIONSHIP() );
#1639 = ITEM_DEFINED_TRANSFORMATION('','',#11,#119);
#1640 = PRODUCT_DEFINITION_SHAPE('Placement','Placement of an item',
  #1641);
#1641 = NEXT_ASSEMBLY_USAGE_OCCURRENCE('191','','',#5,#1632,$);
#1642 = PRODUCT_RELATED_PRODUCT_CATEGORY('part',$,(#1634));
#1643 = GEOMETRICALLY_BOUNDED_WIREFRAME_SHAPE_REPRESENTATION('',(#11,
    #1644),#1653);
#1644 = GEOMETRIC_CURVE_SET('',(#1645));
#1645 = TRIMMED_CURVE('',#1646,(#1651,PARAMETER_VALUE(0.)),(#1652,
    PARAMETER_VALUE(6.28318530718)),.T.,.PARAMETER.);
#1646 = CIRCLE('',#1647,8.83497577126E-02);
#1647 = AXIS2_PLACEMENT_3D('',#1648,#1649,#1650);
#1648 = CARTESIAN_POINT('',(0.,0.,0.205649892602));
#1649 = DIRECTION('',(0.,0.,1.));
#1650 = DIRECTION('',(1.,0.,-0.));
#1651 = CARTESIAN_POINT('',(8.83497577126E-02,0.,0.205649892602));
#1652 = CARTESIAN_POINT('',(8.83497577126E-02,0.,0.205649892602));
#1653 = ( GEOMETRIC_REPRESENTATION_CONTEXT(3) 
GLOBAL_UNCERTAINTY_ASSIGNED_CONTEXT((#1657)) 
GLOBAL_UNIT_ASSIGNED_CONTEXT((#1654,#1655,#1656)) REPRESENTATION_CONTEXT
('Context #1','3D Context with UNIT and UNCERTAINTY') );
#1654 = ( LENGTH_UNIT() NAMED_UNIT(*) SI_UNIT($,.METRE.) );
#1655 = ( NAMED_UNIT(*) PLANE_ANGLE_UNIT() SI_UNIT($,.RADIAN.) );
#1656 = ( NAMED_UNIT(*) SI_UNIT($,.STERADIAN.) SOLID_ANGLE_UNIT() );
#1657 = UNCERTAINTY_MEASURE_WITH_UNIT(LENGTH_MEASURE(1.E-07),#1654,
  'distance_accuracy_value','confusion accuracy');
#1658 = SHAPE_DEFINITION_REPRESENTATION(#1659,#1643);
#1659 = PRODUCT_DEFINITION_SHAPE('','',#1660);
#1660 = PRODUCT_DEFINITION('design','',#1661,#1664);
#1661 = PRODUCT_DEFINITION_FORMATION('','',#1662);
#1662 = PRODUCT('Open CASCADE STEP translator 7.5 4.28',
  'Open CASCADE STEP translator 7.5 4.28','',(#1663));
#1663 = PRODUCT_CONTEXT('',#2,'mechanical');
#1664 = PRODUCT_DEFINITION_CONTEXT('part definition',#2,'design');
#1665 = CONTEXT_DEPENDENT_SHAPE_REPRESENTATION(#1666,#1668);
#1666 = ( REPRESENTATION_RELATIONSHIP('','',#1643,#10) 
REPRESENTATION_RELATIONSHIP_WITH_TRANSFORMATION(#1667) 
SHAPE_REPRESENTATION_RELATIONSHIP() );
#1667 = ITEM_DEFINED_TRANSFORMATION('','',#11,#123);
#1668 = PRODUCT_DEFINITION_SHAPE('Placement','Placement of an item',
  #1669);
#1669 = NEXT_ASSEMBLY_USAGE_OCCURRENCE('192','','',#5,#1660,$);
#1670 = PRODUCT_RELATED_PRODUCT_CATEGORY('part',$,(#1662));
#1671 = GEOMETRICALLY_BOUNDED_WIREFRAME_SHAPE_REPRESENTATION('',(#11,
    #1672),#1681);
#1672 = GEOMETRIC_CURVE_SET('',(#1673));
#1673 = TRIMMED_CURVE('',#1674,(#1679,PARAMETER_VALUE(0.)),(#1680,
    PARAMETER_VALUE(6.28318530718)),.T.,.PARAMETER.);
#1674 = CIRCLE('',#1675,9.075287578565E-02);
#1675 = AXIS2_PLACEMENT_3D('',#1676,#1677,#1678);
#1676 = CARTESIAN_POINT('',(0.,0.,0.212492754771));
#1677 = DIRECTION('',(0.,0.,1.));
#1678 = DIRECTION('',(1.,0.,-0.));
#1679 = CARTESIAN_POINT('',(9.075287578565E-02,0.,0.212492754771));
#1680 = CARTESIAN_POINT('',(9.075287578565E-02,0.,0.212492754771));
#1681 = ( GEOMETRIC_REPRESENTATION_CONTEXT(3) 
GLOBAL_UNCERTAINTY_ASSIGNED_CONTEXT((#1685)) 
GLOBAL_UNIT_ASSIGNED_CONTEXT((#1682,#1683,#1684)) REPRESENTATION_CONTEXT
('Context #1','3D Context with UNIT and UNCERTAINTY') );
#1682 = ( LENGTH_UNIT() NAMED_UNIT(*) SI_UNIT($,.METRE.) );
#1683 = ( NAMED_UNIT(*) PLANE_ANGLE_UNIT() SI_UNIT($,.RADIAN.) );
#1684 = ( NAMED_UNIT(*) SI_UNIT($,.STERADIAN.) SOLID_ANGLE_UNIT() );
#1685 = UNCERTAINTY_MEASURE_WITH_UNIT(LENGTH_MEASURE(1.E-07),#1682,
  'distance_accuracy_value','confusion accuracy');
#1686 = SHAPE_DEFINITION_REPRESENTATION(#1687,#1671);
#1687 = PRODUCT_DEFINITION_SHAPE('','',#1688);
#1688 = PRODUCT_DEFINITION('design','',#1689,#1692);
#1689 = PRODUCT_DEFINITION_FORMATION('','',#1690);
#1690 = PRODUCT('Open CASCADE STEP translator 7.5 4.29',
  'Open CASCADE STEP translator 7.5 4.29','',(#1691));
#1691 = PRODUCT_CONTEXT('',#2,'mechanical');
#1692 = PRODUCT_DEFINITION_CONTEXT('part definition',#2,'design');
#1693 = CONTEXT_DEPENDENT_SHAPE_REPRESENTATION(#1694,#1696);
#1694 = ( REPRESENTATION_RELATIONSHIP('','',#1671,#10) 
REPRESENTATION_RELATIONSHIP_WITH_TRANSFORMATION(#1695) 
SHAPE_REPRESENTATION_RELATIONSHIP() );
#1695 = ITEM_DEFINED_TRANSFORMATION('','',#11,#127);
#1696 = PRODUCT_DEFINITION_SHAPE('Placement','Placement of an item',
  #1697);
#1697 = NEXT_ASSEMBLY_USAGE_OCCURRENCE('193','','',#5,#1688,$);
#1698 = PRODUCT_RELATED_PRODUCT_CATEGORY('part',$,(#1690));
#1699 = GEOMETRICALLY_BOUNDED_WIREFRAME_SHAPE_REPRESENTATION('',(#11,
    #1700),#1709);
#1700 = GEOMETRIC_CURVE_SET('',(#1701));
#1701 = TRIMMED_CURVE('',#1702,(#1707,PARAMETER_VALUE(0.)),(#1708,
    PARAMETER_VALUE(6.28318530718)),.T.,.PARAMETER.);
#1702 = CIRCLE('',#1703,9.316202233601E-02);
#1703 = AXIS2_PLACEMENT_3D('',#1704,#1705,#1706);
#1704 = CARTESIAN_POINT('',(0.,0.,0.219314188812));
#1705 = DIRECTION('',(0.,0.,1.));
#1706 = DIRECTION('',(1.,0.,-0.));
#1707 = CARTESIAN_POINT('',(9.316202233601E-02,0.,0.219314188812));
#1708 = CARTESIAN_POINT('',(9.316202233601E-02,0.,0.219314188812));
#1709 = ( GEOMETRIC_REPRESENTATION_CONTEXT(3) 
GLOBAL_UNCERTAINTY_ASSIGNED_CONTEXT((#1713)) 
GLOBAL_UNIT_ASSIGNED_CONTEXT((#1710,#1711,#1712)) REPRESENTATION_CONTEXT
('Context #1','3D Context with UNIT and UNCERTAINTY') );
#1710 = ( LENGTH_UNIT() NAMED_UNIT(*) SI_UNIT($,.METRE.) );
#1711 = ( NAMED_UNIT(*) PLANE_ANGLE_UNIT() SI_UNIT($,.RADIAN.) );
#1712 = ( NAMED_UNIT(*) SI_UNIT($,.STERADIAN.) SOLID_ANGLE_UNIT() );
#1713 = UNCERTAINTY_MEASURE_WITH_UNIT(LENGTH_MEASURE(1.E-07),#1710,
  'distance_accuracy_value','confusion accuracy');
#1714 = SHAPE_DEFINITION_REPRESENTATION(#1715,#1699);
#1715 = PRODUCT_DEFINITION_SHAPE('','',#1716);
#1716 = PRODUCT_DEFINITION('design','',#1717,#1720);
#1717 = PRODUCT_DEFINITION_FORMATION('','',#1718);
#1718 = PRODUCT('Open CASCADE STEP translator 7.5 4.30',
  'Open CASCADE STEP translator 7.5 4.30','',(#1719));
#1719 = PRODUCT_CONTEXT('',#2,'mechanical');
#1720 = PRODUCT_DEFINITION_CONTEXT('part definition',#2,'design');
#1721 = CONTEXT_DEPENDENT_SHAPE_REPRESENTATION(#1722,#1724);
#1722 = ( REPRESENTATION_RELATIONSHIP('','',#1699,#10) 
REPRESENTATION_RELATIONSHIP_WITH_TRANSFORMATION(#1723) 
SHAPE_REPRESENTATION_RELATIONSHIP() );
#1723 = ITEM_DEFINED_TRANSFORMATION('','',#11,#131);
#1724 = PRODUCT_DEFINITION_SHAPE('Placement','Placement of an item',
  #1725);
#1725 = NEXT_ASSEMBLY_USAGE_OCCURRENCE('194','','',#5,#1716,$);
#1726 = PRODUCT_RELATED_PRODUCT_CATEGORY('part',$,(#1718));
#1727 = GEOMETRICALLY_BOUNDED_WIREFRAME_SHAPE_REPRESENTATION('',(#11,
    #1728),#1737);
#1728 = GEOMETRIC_CURVE_SET('',(#1729));
#1729 = TRIMMED_CURVE('',#1730,(#1735,PARAMETER_VALUE(0.)),(#1736,
    PARAMETER_VALUE(6.28318530718)),.T.,.PARAMETER.);
#1730 = CIRCLE('',#1731,9.557669147716E-02);
#1731 = AXIS2_PLACEMENT_3D('',#1732,#1733,#1734);
#1732 = CARTESIAN_POINT('',(0.,0.,0.226115993503));
#1733 = DIRECTION('',(0.,0.,1.));
#1734 = DIRECTION('',(1.,0.,-0.));
#1735 = CARTESIAN_POINT('',(9.557669147716E-02,0.,0.226115993503));
#1736 = CARTESIAN_POINT('',(9.557669147716E-02,0.,0.226115993503));
#1737 = ( GEOMETRIC_REPRESENTATION_CONTEXT(3) 
GLOBAL_UNCERTAINTY_ASSIGNED_CONTEXT((#1741)) 
GLOBAL_UNIT_ASSIGNED_CONTEXT((#1738,#1739,#1740)) REPRESENTATION_CONTEXT
('Context #1','3D Context with UNIT and UNCERTAINTY') );
#1738 = ( LENGTH_UNIT() NAMED_UNIT(*) SI_UNIT($,.METRE.) );
#1739 = ( NAMED_UNIT(*) PLANE_ANGLE_UNIT() SI_UNIT($,.RADIAN.) );
#1740 = ( NAMED_UNIT(*) SI_UNIT($,.STERADIAN.) SOLID_ANGLE_UNIT() );
#1741 = UNCERTAINTY_MEASURE_WITH_UNIT(LENGTH_MEASURE(1.E-07),#1738,
  'distance_accuracy_value','confusion accuracy');
#1742 = SHAPE_DEFINITION_REPRESENTATION(#1743,#1727);
#1743 = PRODUCT_DEFINITION_SHAPE('','',#1744);
#1744 = PRODUCT_DEFINITION('design','',#1745,#1748);
#1745 = PRODUCT_DEFINITION_FORMATION('','',#1746);
#1746 = PRODUCT('Open CASCADE STEP translator 7.5 4.31',
  'Open CASCADE STEP translator 7.5 4.31','',(#1747));
#1747 = PRODUCT_CONTEXT('',#2,'mechanical');
#1748 = PRODUCT_DEFINITION_CONTEXT('part definition',#2,'design');
#1749 = CONTEXT_DEPENDENT_SHAPE_REPRESENTATION(#1750,#1752);
#1750 = ( REPRESENTATION_RELATIONSHIP('','',#1727,#10) 
REPRESENTATION_RELATIONSHIP_WITH_TRANSFORMATION(#1751) 
SHAPE_REPRESENTATION_RELATIONSHIP() );
#1751 = ITEM_DEFINED_TRANSFORMATION('','',#11,#135);
#1752 = PRODUCT_DEFINITION_SHAPE('Placement','Placement of an item',
  #1753);
#1753 = NEXT_ASSEMBLY_USAGE_OCCURRENCE('195','','',#5,#1744,$);
#1754 = PRODUCT_RELATED_PRODUCT_CATEGORY('part',$,(#1746));
#1755 = GEOMETRICALLY_BOUNDED_WIREFRAME_SHAPE_REPRESENTATION('',(#11,
    #1756),#1765);
#1756 = GEOMETRIC_CURVE_SET('',(#1757));
#1757 = TRIMMED_CURVE('',#1758,(#1763,PARAMETER_VALUE(0.)),(#1764,
    PARAMETER_VALUE(6.28318530718)),.T.,.PARAMETER.);
#1758 = CIRCLE('',#1759,9.799643256994E-02);
#1759 = AXIS2_PLACEMENT_3D('',#1760,#1761,#1762);
#1760 = CARTESIAN_POINT('',(0.,0.,0.232899770051));
#1761 = DIRECTION('',(0.,0.,1.));
#1762 = DIRECTION('',(1.,0.,-0.));
#1763 = CARTESIAN_POINT('',(9.799643256994E-02,0.,0.232899770051));
#1764 = CARTESIAN_POINT('',(9.799643256994E-02,0.,0.232899770051));
#1765 = ( GEOMETRIC_REPRESENTATION_CONTEXT(3) 
GLOBAL_UNCERTAINTY_ASSIGNED_CONTEXT((#1769)) 
GLOBAL_UNIT_ASSIGNED_CONTEXT((#1766,#1767,#1768)) REPRESENTATION_CONTEXT
('Context #1','3D Context with UNIT and UNCERTAINTY') );
#1766 = ( LENGTH_UNIT() NAMED_UNIT(*) SI_UNIT($,.METRE.) );
#1767 = ( NAMED_UNIT(*) PLANE_ANGLE_UNIT() SI_UNIT($,.RADIAN.) );
#1768 = ( NAMED_UNIT(*) SI_UNIT($,.STERADIAN.) SOLID_ANGLE_UNIT() );
#1769 = UNCERTAINTY_MEASURE_WITH_UNIT(LENGTH_MEASURE(1.E-07),#1766,
  'distance_accuracy_value','confusion accuracy');
#1770 = SHAPE_DEFINITION_REPRESENTATION(#1771,#1755);
#1771 = PRODUCT_DEFINITION_SHAPE('','',#1772);
#1772 = PRODUCT_DEFINITION('design','',#1773,#1776);
#1773 = PRODUCT_DEFINITION_FORMATION('','',#1774);
#1774 = PRODUCT('Open CASCADE STEP translator 7.5 4.32',
  'Open CASCADE STEP translator 7.5 4.32','',(#1775));
#1775 = PRODUCT_CONTEXT('',#2,'mechanical');
#1776 = PRODUCT_DEFINITION_CONTEXT('part definition',#2,'design');
#1777 = CONTEXT_DEPENDENT_SHAPE_REPRESENTATION(#1778,#1780);
#1778 = ( REPRESENTATION_RELATIONSHIP('','',#1755,#10) 
REPRESENTATION_RELATIONSHIP_WITH_TRANSFORMATION(#1779) 
SHAPE_REPRESENTATION_RELATIONSHIP() );
#1779 = ITEM_DEFINED_TRANSFORMATION('','',#11,#139);
#1780 = PRODUCT_DEFINITION_SHAPE('Placement','Placement of an item',
  #1781);
#1781 = NEXT_ASSEMBLY_USAGE_OCCURRENCE('196','','',#5,#1772,$);
#1782 = PRODUCT_RELATED_PRODUCT_CATEGORY('part',$,(#1774));
#1783 = GEOMETRICALLY_BOUNDED_WIREFRAME_SHAPE_REPRESENTATION('',(#11,
    #1784),#1793);
#1784 = GEOMETRIC_CURVE_SET('',(#1785));
#1785 = TRIMMED_CURVE('',#1786,(#1791,PARAMETER_VALUE(0.)),(#1792,
    PARAMETER_VALUE(6.28318530718)),.T.,.PARAMETER.);
#1786 = CIRCLE('',#1787,0.100420843056);
#1787 = AXIS2_PLACEMENT_3D('',#1788,#1789,#1790);
#1788 = CARTESIAN_POINT('',(0.,0.,0.239666949273));
#1789 = DIRECTION('',(0.,0.,1.));
#1790 = DIRECTION('',(1.,0.,-0.));
#1791 = CARTESIAN_POINT('',(0.100420843056,0.,0.239666949273));
#1792 = CARTESIAN_POINT('',(0.100420843056,0.,0.239666949273));
#1793 = ( GEOMETRIC_REPRESENTATION_CONTEXT(3) 
GLOBAL_UNCERTAINTY_ASSIGNED_CONTEXT((#1797)) 
GLOBAL_UNIT_ASSIGNED_CONTEXT((#1794,#1795,#1796)) REPRESENTATION_CONTEXT
('Context #1','3D Context with UNIT and UNCERTAINTY') );
#1794 = ( LENGTH_UNIT() NAMED_UNIT(*) SI_UNIT($,.METRE.) );
#1795 = ( NAMED_UNIT(*) PLANE_ANGLE_UNIT() SI_UNIT($,.RADIAN.) );
#1796 = ( NAMED_UNIT(*) SI_UNIT($,.STERADIAN.) SOLID_ANGLE_UNIT() );
#1797 = UNCERTAINTY_MEASURE_WITH_UNIT(LENGTH_MEASURE(1.E-07),#1794,
  'distance_accuracy_value','confusion accuracy');
#1798 = SHAPE_DEFINITION_REPRESENTATION(#1799,#1783);
#1799 = PRODUCT_DEFINITION_SHAPE('','',#1800);
#1800 = PRODUCT_DEFINITION('design','',#1801,#1804);
#1801 = PRODUCT_DEFINITION_FORMATION('','',#1802);
#1802 = PRODUCT('Open CASCADE STEP translator 7.5 4.33',
  'Open CASCADE STEP translator 7.5 4.33','',(#1803));
#1803 = PRODUCT_CONTEXT('',#2,'mechanical');
#1804 = PRODUCT_DEFINITION_CONTEXT('part definition',#2,'design');
#1805 = CONTEXT_DEPENDENT_SHAPE_REPRESENTATION(#1806,#1808);
#1806 = ( REPRESENTATION_RELATIONSHIP('','',#1783,#10) 
REPRESENTATION_RELATIONSHIP_WITH_TRANSFORMATION(#1807) 
SHAPE_REPRESENTATION_RELATIONSHIP() );
#1807 = ITEM_DEFINED_TRANSFORMATION('','',#11,#143);
#1808 = PRODUCT_DEFINITION_SHAPE('Placement','Placement of an item',
  #1809);
#1809 = NEXT_ASSEMBLY_USAGE_OCCURRENCE('197','','',#5,#1800,$);
#1810 = PRODUCT_RELATED_PRODUCT_CATEGORY('part',$,(#1802));
#1811 = GEOMETRICALLY_BOUNDED_WIREFRAME_SHAPE_REPRESENTATION('',(#11,
    #1812),#1821);
#1812 = GEOMETRIC_CURVE_SET('',(#1813));
#1813 = TRIMMED_CURVE('',#1814,(#1819,PARAMETER_VALUE(0.)),(#1820,
    PARAMETER_VALUE(6.28318530718)),.T.,.PARAMETER.);
#1814 = CIRCLE('',#1815,0.102849562208);
#1815 = AXIS2_PLACEMENT_3D('',#1816,#1817,#1818);
#1816 = CARTESIAN_POINT('',(0.,0.,0.246418813878));
#1817 = DIRECTION('',(0.,0.,1.));
#1818 = DIRECTION('',(1.,0.,-0.));
#1819 = CARTESIAN_POINT('',(0.102849562208,0.,0.246418813878));
#1820 = CARTESIAN_POINT('',(0.102849562208,0.,0.246418813878));
#1821 = ( GEOMETRIC_REPRESENTATION_CONTEXT(3) 
GLOBAL_UNCERTAINTY_ASSIGNED_CONTEXT((#1825)) 
GLOBAL_UNIT_ASSIGNED_CONTEXT((#1822,#1823,#1824)) REPRESENTATION_CONTEXT
('Context #1','3D Context with UNIT and UNCERTAINTY') );
#1822 = ( LENGTH_UNIT() NAMED_UNIT(*) SI_UNIT($,.METRE.) );
#1823 = ( NAMED_UNIT(*) PLANE_ANGLE_UNIT() SI_UNIT($,.RADIAN.) );
#1824 = ( NAMED_UNIT(*) SI_UNIT($,.STERADIAN.) SOLID_ANGLE_UNIT() );
#1825 = UNCERTAINTY_MEASURE_WITH_UNIT(LENGTH_MEASURE(1.E-07),#1822,
  'distance_accuracy_value','confusion accuracy');
#1826 = SHAPE_DEFINITION_REPRESENTATION(#1827,#1811);
#1827 = PRODUCT_DEFINITION_SHAPE('','',#1828);
#1828 = PRODUCT_DEFINITION('design','',#1829,#1832);
#1829 = PRODUCT_DEFINITION_FORMATION('','',#1830);
#1830 = PRODUCT('Open CASCADE STEP translator 7.5 4.34',
  'Open CASCADE STEP translator 7.5 4.34','',(#1831));
#1831 = PRODUCT_CONTEXT('',#2,'mechanical');
#1832 = PRODUCT_DEFINITION_CONTEXT('part definition',#2,'design');
#1833 = CONTEXT_DEPENDENT_SHAPE_REPRESENTATION(#1834,#1836);
#1834 = ( REPRESENTATION_RELATIONSHIP('','',#1811,#10) 
REPRESENTATION_RELATIONSHIP_WITH_TRANSFORMATION(#1835) 
SHAPE_REPRESENTATION_RELATIONSHIP() );
#1835 = ITEM_DEFINED_TRANSFORMATION('','',#11,#147);
#1836 = PRODUCT_DEFINITION_SHAPE('Placement','Placement of an item',
  #1837);
#1837 = NEXT_ASSEMBLY_USAGE_OCCURRENCE('198','','',#5,#1828,$);
#1838 = PRODUCT_RELATED_PRODUCT_CATEGORY('part',$,(#1830));
#1839 = GEOMETRICALLY_BOUNDED_WIREFRAME_SHAPE_REPRESENTATION('',(#11,
    #1840),#1849);
#1840 = GEOMETRIC_CURVE_SET('',(#1841));
#1841 = TRIMMED_CURVE('',#1842,(#1847,PARAMETER_VALUE(0.)),(#1848,
    PARAMETER_VALUE(6.28318530718)),.T.,.PARAMETER.);
#1842 = CIRCLE('',#1843,0.105282265565);
#1843 = AXIS2_PLACEMENT_3D('',#1844,#1845,#1846);
#1844 = CARTESIAN_POINT('',(0.,0.,0.253156516578));
#1845 = DIRECTION('',(0.,0.,1.));
#1846 = DIRECTION('',(1.,0.,-0.));
#1847 = CARTESIAN_POINT('',(0.105282265565,0.,0.253156516578));
#1848 = CARTESIAN_POINT('',(0.105282265565,0.,0.253156516578));
#1849 = ( GEOMETRIC_REPRESENTATION_CONTEXT(3) 
GLOBAL_UNCERTAINTY_ASSIGNED_CONTEXT((#1853)) 
GLOBAL_UNIT_ASSIGNED_CONTEXT((#1850,#1851,#1852)) REPRESENTATION_CONTEXT
('Context #1','3D Context with UNIT and UNCERTAINTY') );
#1850 = ( LENGTH_UNIT() NAMED_UNIT(*) SI_UNIT($,.METRE.) );
#1851 = ( NAMED_UNIT(*) PLANE_ANGLE_UNIT() SI_UNIT($,.RADIAN.) );
#1852 = ( NAMED_UNIT(*) SI_UNIT($,.STERADIAN.) SOLID_ANGLE_UNIT() );
#1853 = UNCERTAINTY_MEASURE_WITH_UNIT(LENGTH_MEASURE(1.E-07),#1850,
  'distance_accuracy_value','confusion accuracy');
#1854 = SHAPE_DEFINITION_REPRESENTATION(#1855,#1839);
#1855 = PRODUCT_DEFINITION_SHAPE('','',#1856);
#1856 = PRODUCT_DEFINITION('design','',#1857,#1860);
#1857 = PRODUCT_DEFINITION_FORMATION('','',#1858);
#1858 = PRODUCT('Open CASCADE STEP translator 7.5 4.35',
  'Open CASCADE STEP translator 7.5 4.35','',(#1859));
#1859 = PRODUCT_CONTEXT('',#2,'mechanical');
#1860 = PRODUCT_DEFINITION_CONTEXT('part definition',#2,'design');
#1861 = CONTEXT_DEPENDENT_SHAPE_REPRESENTATION(#1862,#1864);
#1862 = ( REPRESENTATION_RELATIONSHIP('','',#1839,#10) 
REPRESENTATION_RELATIONSHIP_WITH_TRANSFORMATION(#1863) 
SHAPE_REPRESENTATION_RELATIONSHIP() );
#1863 = ITEM_DEFINED_TRANSFORMATION('','',#11,#151);
#1864 = PRODUCT_DEFINITION_SHAPE('Placement','Placement of an item',
  #1865);
#1865 = NEXT_ASSEMBLY_USAGE_OCCURRENCE('199','','',#5,#1856,$);
#1866 = PRODUCT_RELATED_PRODUCT_CATEGORY('part',$,(#1858));
#1867 = GEOMETRICALLY_BOUNDED_WIREFRAME_SHAPE_REPRESENTATION('',(#11,
    #1868),#1877);
#1868 = GEOMETRIC_CURVE_SET('',(#1869));
#1869 = TRIMMED_CURVE('',#1870,(#1875,PARAMETER_VALUE(0.)),(#1876,
    PARAMETER_VALUE(6.28318530718)),.T.,.PARAMETER.);
#1870 = CIRCLE('',#1871,0.107718660748);
#1871 = AXIS2_PLACEMENT_3D('',#1872,#1873,#1874);
#1872 = CARTESIAN_POINT('',(0.,0.,0.25988109702));
#1873 = DIRECTION('',(0.,0.,1.));
#1874 = DIRECTION('',(1.,0.,-0.));
#1875 = CARTESIAN_POINT('',(0.107718660748,0.,0.25988109702));
#1876 = CARTESIAN_POINT('',(0.107718660748,0.,0.25988109702));
#1877 = ( GEOMETRIC_REPRESENTATION_CONTEXT(3) 
GLOBAL_UNCERTAINTY_ASSIGNED_CONTEXT((#1881)) 
GLOBAL_UNIT_ASSIGNED_CONTEXT((#1878,#1879,#1880)) REPRESENTATION_CONTEXT
('Context #1','3D Context with UNIT and UNCERTAINTY') );
#1878 = ( LENGTH_UNIT() NAMED_UNIT(*) SI_UNIT($,.METRE.) );
#1879 = ( NAMED_UNIT(*) PLANE_ANGLE_UNIT() SI_UNIT($,.RADIAN.) );
#1880 = ( NAMED_UNIT(*) SI_UNIT($,.STERADIAN.) SOLID_ANGLE_UNIT() );
#1881 = UNCERTAINTY_MEASURE_WITH_UNIT(LENGTH_MEASURE(1.E-07),#1878,
  'distance_accuracy_value','confusion accuracy');
#1882 = SHAPE_DEFINITION_REPRESENTATION(#1883,#1867);
#1883 = PRODUCT_DEFINITION_SHAPE('','',#1884);
#1884 = PRODUCT_DEFINITION('design','',#1885,#1888);
#1885 = PRODUCT_DEFINITION_FORMATION('','',#1886);
#1886 = PRODUCT('Open CASCADE STEP translator 7.5 4.36',
  'Open CASCADE STEP translator 7.5 4.36','',(#1887));
#1887 = PRODUCT_CONTEXT('',#2,'mechanical');
#1888 = PRODUCT_DEFINITION_CONTEXT('part definition',#2,'design');
#1889 = CONTEXT_DEPENDENT_SHAPE_REPRESENTATION(#1890,#1892);
#1890 = ( REPRESENTATION_RELATIONSHIP('','',#1867,#10) 
REPRESENTATION_RELATIONSHIP_WITH_TRANSFORMATION(#1891) 
SHAPE_REPRESENTATION_RELATIONSHIP() );
#1891 = ITEM_DEFINED_TRANSFORMATION('','',#11,#155);
#1892 = PRODUCT_DEFINITION_SHAPE('Placement','Placement of an item',
  #1893);
#1893 = NEXT_ASSEMBLY_USAGE_OCCURRENCE('200','','',#5,#1884,$);
#1894 = PRODUCT_RELATED_PRODUCT_CATEGORY('part',$,(#1886));
#1895 = GEOMETRICALLY_BOUNDED_WIREFRAME_SHAPE_REPRESENTATION('',(#11,
    #1896),#1905);
#1896 = GEOMETRIC_CURVE_SET('',(#1897));
#1897 = TRIMMED_CURVE('',#1898,(#1903,PARAMETER_VALUE(0.)),(#1904,
    PARAMETER_VALUE(6.28318530718)),.T.,.PARAMETER.);
#1898 = CIRCLE('',#1899,0.110158483373);
#1899 = AXIS2_PLACEMENT_3D('',#1900,#1901,#1902);
#1900 = CARTESIAN_POINT('',(0.,0.,0.266593494834));
#1901 = DIRECTION('',(0.,0.,1.));
#1902 = DIRECTION('',(1.,0.,-0.));
#1903 = CARTESIAN_POINT('',(0.110158483373,0.,0.266593494834));
#1904 = CARTESIAN_POINT('',(0.110158483373,0.,0.266593494834));
#1905 = ( GEOMETRIC_REPRESENTATION_CONTEXT(3) 
GLOBAL_UNCERTAINTY_ASSIGNED_CONTEXT((#1909)) 
GLOBAL_UNIT_ASSIGNED_CONTEXT((#1906,#1907,#1908)) REPRESENTATION_CONTEXT
('Context #1','3D Context with UNIT and UNCERTAINTY') );
#1906 = ( LENGTH_UNIT() NAMED_UNIT(*) SI_UNIT($,.METRE.) );
#1907 = ( NAMED_UNIT(*) PLANE_ANGLE_UNIT() SI_UNIT($,.RADIAN.) );
#1908 = ( NAMED_UNIT(*) SI_UNIT($,.STERADIAN.) SOLID_ANGLE_UNIT() );
#1909 = UNCERTAINTY_MEASURE_WITH_UNIT(LENGTH_MEASURE(1.E-07),#1906,
  'distance_accuracy_value','confusion accuracy');
#1910 = SHAPE_DEFINITION_REPRESENTATION(#1911,#1895);
#1911 = PRODUCT_DEFINITION_SHAPE('','',#1912);
#1912 = PRODUCT_DEFINITION('design','',#1913,#1916);
#1913 = PRODUCT_DEFINITION_FORMATION('','',#1914);
#1914 = PRODUCT('Open CASCADE STEP translator 7.5 4.37',
  'Open CASCADE STEP translator 7.5 4.37','',(#1915));
#1915 = PRODUCT_CONTEXT('',#2,'mechanical');
#1916 = PRODUCT_DEFINITION_CONTEXT('part definition',#2,'design');
#1917 = CONTEXT_DEPENDENT_SHAPE_REPRESENTATION(#1918,#1920);
#1918 = ( REPRESENTATION_RELATIONSHIP('','',#1895,#10) 
REPRESENTATION_RELATIONSHIP_WITH_TRANSFORMATION(#1919) 
SHAPE_REPRESENTATION_RELATIONSHIP() );
#1919 = ITEM_DEFINED_TRANSFORMATION('','',#11,#159);
#1920 = PRODUCT_DEFINITION_SHAPE('Placement','Placement of an item',
  #1921);
#1921 = NEXT_ASSEMBLY_USAGE_OCCURRENCE('201','','',#5,#1912,$);
#1922 = PRODUCT_RELATED_PRODUCT_CATEGORY('part',$,(#1914));
#1923 = GEOMETRICALLY_BOUNDED_WIREFRAME_SHAPE_REPRESENTATION('',(#11,
    #1924),#1933);
#1924 = GEOMETRIC_CURVE_SET('',(#1925));
#1925 = TRIMMED_CURVE('',#1926,(#1931,PARAMETER_VALUE(0.)),(#1932,
    PARAMETER_VALUE(6.28318530718)),.T.,.PARAMETER.);
#1926 = CIRCLE('',#1927,0.112601493868);
#1927 = AXIS2_PLACEMENT_3D('',#1928,#1929,#1930);
#1928 = CARTESIAN_POINT('',(0.,0.,0.273294561723));
#1929 = DIRECTION('',(0.,0.,1.));
#1930 = DIRECTION('',(1.,0.,-0.));
#1931 = CARTESIAN_POINT('',(0.112601493868,0.,0.273294561723));
#1932 = CARTESIAN_POINT('',(0.112601493868,0.,0.273294561723));
#1933 = ( GEOMETRIC_REPRESENTATION_CONTEXT(3) 
GLOBAL_UNCERTAINTY_ASSIGNED_CONTEXT((#1937)) 
GLOBAL_UNIT_ASSIGNED_CONTEXT((#1934,#1935,#1936)) REPRESENTATION_CONTEXT
('Context #1','3D Context with UNIT and UNCERTAINTY') );
#1934 = ( LENGTH_UNIT() NAMED_UNIT(*) SI_UNIT($,.METRE.) );
#1935 = ( NAMED_UNIT(*) PLANE_ANGLE_UNIT() SI_UNIT($,.RADIAN.) );
#1936 = ( NAMED_UNIT(*) SI_UNIT($,.STERADIAN.) SOLID_ANGLE_UNIT() );
#1937 = UNCERTAINTY_MEASURE_WITH_UNIT(LENGTH_MEASURE(1.E-07),#1934,
  'distance_accuracy_value','confusion accuracy');
#1938 = SHAPE_DEFINITION_REPRESENTATION(#1939,#1923);
#1939 = PRODUCT_DEFINITION_SHAPE('','',#1940);
#1940 = PRODUCT_DEFINITION('design','',#1941,#1944);
#1941 = PRODUCT_DEFINITION_FORMATION('','',#1942);
#1942 = PRODUCT('Open CASCADE STEP translator 7.5 4.38',
  'Open CASCADE STEP translator 7.5 4.38','',(#1943));
#1943 = PRODUCT_CONTEXT('',#2,'mechanical');
#1944 = PRODUCT_DEFINITION_CONTEXT('part definition',#2,'design');
#1945 = CONTEXT_DEPENDENT_SHAPE_REPRESENTATION(#1946,#1948);
#1946 = ( REPRESENTATION_RELATIONSHIP('','',#1923,#10) 
REPRESENTATION_RELATIONSHIP_WITH_TRANSFORMATION(#1947) 
SHAPE_REPRESENTATION_RELATIONSHIP() );
#1947 = ITEM_DEFINED_TRANSFORMATION('','',#11,#163);
#1948 = PRODUCT_DEFINITION_SHAPE('Placement','Placement of an item',
  #1949);
#1949 = NEXT_ASSEMBLY_USAGE_OCCURRENCE('202','','',#5,#1940,$);
#1950 = PRODUCT_RELATED_PRODUCT_CATEGORY('part',$,(#1942));
#1951 = GEOMETRICALLY_BOUNDED_WIREFRAME_SHAPE_REPRESENTATION('',(#11,
    #1952),#1961);
#1952 = GEOMETRIC_CURVE_SET('',(#1953));
#1953 = TRIMMED_CURVE('',#1954,(#1959,PARAMETER_VALUE(0.)),(#1960,
    PARAMETER_VALUE(6.28318530718)),.T.,.PARAMETER.);
#1954 = CIRCLE('',#1955,0.115047474456);
#1955 = AXIS2_PLACEMENT_3D('',#1956,#1957,#1958);
#1956 = CARTESIAN_POINT('',(0.,0.,0.279985071117));
#1957 = DIRECTION('',(0.,0.,1.));
#1958 = DIRECTION('',(1.,0.,-0.));
#1959 = CARTESIAN_POINT('',(0.115047474456,0.,0.279985071117));
#1960 = CARTESIAN_POINT('',(0.115047474456,0.,0.279985071117));
#1961 = ( GEOMETRIC_REPRESENTATION_CONTEXT(3) 
GLOBAL_UNCERTAINTY_ASSIGNED_CONTEXT((#1965)) 
GLOBAL_UNIT_ASSIGNED_CONTEXT((#1962,#1963,#1964)) REPRESENTATION_CONTEXT
('Context #1','3D Context with UNIT and UNCERTAINTY') );
#1962 = ( LENGTH_UNIT() NAMED_UNIT(*) SI_UNIT($,.METRE.) );
#1963 = ( NAMED_UNIT(*) PLANE_ANGLE_UNIT() SI_UNIT($,.RADIAN.) );
#1964 = ( NAMED_UNIT(*) SI_UNIT($,.STERADIAN.) SOLID_ANGLE_UNIT() );
#1965 = UNCERTAINTY_MEASURE_WITH_UNIT(LENGTH_MEASURE(1.E-07),#1962,
  'distance_accuracy_value','confusion accuracy');
#1966 = SHAPE_DEFINITION_REPRESENTATION(#1967,#1951);
#1967 = PRODUCT_DEFINITION_SHAPE('','',#1968);
#1968 = PRODUCT_DEFINITION('design','',#1969,#1972);
#1969 = PRODUCT_DEFINITION_FORMATION('','',#1970);
#1970 = PRODUCT('Open CASCADE STEP translator 7.5 4.39',
  'Open CASCADE STEP translator 7.5 4.39','',(#1971));
#1971 = PRODUCT_CONTEXT('',#2,'mechanical');
#1972 = PRODUCT_DEFINITION_CONTEXT('part definition',#2,'design');
#1973 = CONTEXT_DEPENDENT_SHAPE_REPRESENTATION(#1974,#1976);
#1974 = ( REPRESENTATION_RELATIONSHIP('','',#1951,#10) 
REPRESENTATION_RELATIONSHIP_WITH_TRANSFORMATION(#1975) 
SHAPE_REPRESENTATION_RELATIONSHIP() );
#1975 = ITEM_DEFINED_TRANSFORMATION('','',#11,#167);
#1976 = PRODUCT_DEFINITION_SHAPE('Placement','Placement of an item',
  #1977);
#1977 = NEXT_ASSEMBLY_USAGE_OCCURRENCE('203','','',#5,#1968,$);
#1978 = PRODUCT_RELATED_PRODUCT_CATEGORY('part',$,(#1970));
#1979 = GEOMETRICALLY_BOUNDED_WIREFRAME_SHAPE_REPRESENTATION('',(#11,
    #1980),#1989);
#1980 = GEOMETRIC_CURVE_SET('',(#1981));
#1981 = TRIMMED_CURVE('',#1982,(#1987,PARAMETER_VALUE(0.)),(#1988,
    PARAMETER_VALUE(6.28318530718)),.T.,.PARAMETER.);
#1982 = CIRCLE('',#1983,0.117496227049);
#1983 = AXIS2_PLACEMENT_3D('',#1984,#1985,#1986);
#1984 = CARTESIAN_POINT('',(0.,0.,0.286665727892));
#1985 = DIRECTION('',(0.,0.,1.));
#1986 = DIRECTION('',(1.,0.,-0.));
#1987 = CARTESIAN_POINT('',(0.117496227049,0.,0.286665727892));
#1988 = CARTESIAN_POINT('',(0.117496227049,0.,0.286665727892));
#1989 = ( GEOMETRIC_REPRESENTATION_CONTEXT(3) 
GLOBAL_UNCERTAINTY_ASSIGNED_CONTEXT((#1993)) 
GLOBAL_UNIT_ASSIGNED_CONTEXT((#1990,#1991,#1992)) REPRESENTATION_CONTEXT
('Context #1','3D Context with UNIT and UNCERTAINTY') );
#1990 = ( LENGTH_UNIT() NAMED_UNIT(*) SI_UNIT($,.METRE.) );
#1991 = ( NAMED_UNIT(*) PLANE_ANGLE_UNIT() SI_UNIT($,.RADIAN.) );
#1992 = ( NAMED_UNIT(*) SI_UNIT($,.STERADIAN.) SOLID_ANGLE_UNIT() );
#1993 = UNCERTAINTY_MEASURE_WITH_UNIT(LENGTH_MEASURE(1.E-07),#1990,
  'distance_accuracy_value','confusion accuracy');
#1994 = SHAPE_DEFINITION_REPRESENTATION(#1995,#1979);
#1995 = PRODUCT_DEFINITION_SHAPE('','',#1996);
#1996 = PRODUCT_DEFINITION('design','',#1997,#2000);
#1997 = PRODUCT_DEFINITION_FORMATION('','',#1998);
#1998 = PRODUCT('Open CASCADE STEP translator 7.5 4.40',
  'Open CASCADE STEP translator 7.5 4.40','',(#1999));
#1999 = PRODUCT_CONTEXT('',#2,'mechanical');
#2000 = PRODUCT_DEFINITION_CONTEXT('part definition',#2,'design');
#2001 = CONTEXT_DEPENDENT_SHAPE_REPRESENTATION(#2002,#2004);
#2002 = ( REPRESENTATION_RELATIONSHIP('','',#1979,#10) 
REPRESENTATION_RELATIONSHIP_WITH_TRANSFORMATION(#2003) 
SHAPE_REPRESENTATION_RELATIONSHIP() );
#2003 = ITEM_DEFINED_TRANSFORMATION('','',#11,#171);
#2004 = PRODUCT_DEFINITION_SHAPE('Placement','Placement of an item',
  #2005);
#2005 = NEXT_ASSEMBLY_USAGE_OCCURRENCE('204','','',#5,#1996,$);
#2006 = PRODUCT_RELATED_PRODUCT_CATEGORY('part',$,(#1998));
#2007 = GEOMETRICALLY_BOUNDED_WIREFRAME_SHAPE_REPRESENTATION('',(#11,
    #2008),#2017);
#2008 = GEOMETRIC_CURVE_SET('',(#2009));
#2009 = TRIMMED_CURVE('',#2010,(#2015,PARAMETER_VALUE(0.)),(#2016,
    PARAMETER_VALUE(6.28318530718)),.T.,.PARAMETER.);
#2010 = CIRCLE('',#2011,0.119947570711);
#2011 = AXIS2_PLACEMENT_3D('',#2012,#2013,#2014);
#2012 = CARTESIAN_POINT('',(0.,0.,0.293337174874));
#2013 = DIRECTION('',(0.,0.,1.));
#2014 = DIRECTION('',(1.,0.,-0.));
#2015 = CARTESIAN_POINT('',(0.119947570711,0.,0.293337174874));
#2016 = CARTESIAN_POINT('',(0.119947570711,0.,0.293337174874));
#2017 = ( GEOMETRIC_REPRESENTATION_CONTEXT(3) 
GLOBAL_UNCERTAINTY_ASSIGNED_CONTEXT((#2021)) 
GLOBAL_UNIT_ASSIGNED_CONTEXT((#2018,#2019,#2020)) REPRESENTATION_CONTEXT
('Context #1','3D Context with UNIT and UNCERTAINTY') );
#2018 = ( LENGTH_UNIT() NAMED_UNIT(*) SI_UNIT($,.METRE.) );
#2019 = ( NAMED_UNIT(*) PLANE_ANGLE_UNIT() SI_UNIT($,.RADIAN.) );
#2020 = ( NAMED_UNIT(*) SI_UNIT($,.STERADIAN.) SOLID_ANGLE_UNIT() );
#2021 = UNCERTAINTY_MEASURE_WITH_UNIT(LENGTH_MEASURE(1.E-07),#2018,
  'distance_accuracy_value','confusion accuracy');
#2022 = SHAPE_DEFINITION_REPRESENTATION(#2023,#2007);
#2023 = PRODUCT_DEFINITION_SHAPE('','',#2024);
#2024 = PRODUCT_DEFINITION('design','',#2025,#2028);
#2025 = PRODUCT_DEFINITION_FORMATION('','',#2026);
#2026 = PRODUCT('Open CASCADE STEP translator 7.5 4.41',
  'Open CASCADE STEP translator 7.5 4.41','',(#2027));
#2027 = PRODUCT_CONTEXT('',#2,'mechanical');
#2028 = PRODUCT_DEFINITION_CONTEXT('part definition',#2,'design');
#2029 = CONTEXT_DEPENDENT_SHAPE_REPRESENTATION(#2030,#2032);
#2030 = ( REPRESENTATION_RELATIONSHIP('','',#2007,#10) 
REPRESENTATION_RELATIONSHIP_WITH_TRANSFORMATION(#2031) 
SHAPE_REPRESENTATION_RELATIONSHIP() );
#2031 = ITEM_DEFINED_TRANSFORMATION('','',#11,#175);
#2032 = PRODUCT_DEFINITION_SHAPE('Placement','Placement of an item',
  #2033);
#2033 = NEXT_ASSEMBLY_USAGE_OCCURRENCE('205','','',#5,#2024,$);
#2034 = PRODUCT_RELATED_PRODUCT_CATEGORY('part',$,(#2026));
ENDSEC;
END-ISO-10303-21;
