frequency,spl,phase_deg,z_real,z_imag,schema_version,inlet_p_real,inlet_p_imag,inlet_u_real,inlet_u_imag,relative_residual,converged_reason,inlet_area_m2,mesh_inlet_area_m2,mouth_area_m2,mesh_mouth_area_m2,mouth_u_real,mouth_u_imag,mouth_p_real,mouth_p_imag,radiation_model,loss_model,flange_width_m,air_c_m_s,air_rho_kg_m3,air_gamma,air_viscosity_pa_s,air_conductivity_w_m_k,air_heat_capacity_j_kg_k,element_degree,input_acoustic_power_w,mouth_acoustic_power_w,viscous_wall_power_w,thermal_wall_power_w,power_balance_available,bc_mode,phasor_convention,mesh_cells,modal_mode_count,modal_interface_relative_error,modal_v_0_real,modal_v_0_imag,modal_v_1_real,modal_v_1_imag,modal_v_2_real,modal_v_2_imag,modal_v_3_real,modal_v_3_imag,modal_v_4_real,modal_v_4_imag,modal_v_5_real,modal_v_5_imag,modal_v_6_real,modal_v_6_imag,modal_v_7_real,modal_v_7_imag,modal_v_8_real,modal_v_8_imag,modal_v_9_real,modal_v_9_imag,modal_v_10_real,modal_v_10_imag,modal_v_11_real,modal_v_11_imag,modal_v_12_real,modal_v_12_imag,modal_v_13_real,modal_v_13_imag,modal_v_14_real,modal_v_14_imag,modal_v_15_real,modal_v_15_imag
226.2741699796952,74.75259836809366,-19.023654894371976,21.172087378210943,317.6444044806275,2,1.0,0.0,9.477052138465998e-07,-1.4218402413419776e-05,3.623105344778301e-17,4,0.0045364608648729,0.0045178284117023,0.0470676174626048,0.047049009459682,-9.160211111687036e-07,-2.9367320039526624e-05,0.1027371748454128,-0.0354226974583234,modal_baffled,lossless,0.0,343.0,1.225,1.4,1.81e-05,0.0257,1006.0,1,9.477052138465998e-07,9.477052138465996e-07,0.0,0.0,True,dirichlet,exp(+iwt)_rms,120081,16,2.3247169661193643e-16,-1.9461811762545257e-05,-0.0006239389546934,-5.62309738819714e-06,-4.217506087703418e-05,-3.2788574661312936e-06,-4.46601084894768e-05,-2.3503142102752474e-06,-3.950465555379e-05,-1.7947940404671951e-06,-3.514450868708252e-05,-1.3950185567252336e-06,-3.183815667429146e-05,-1.0785268287950787e-06,-2.918208289771974e-05,-8.042309427414656e-07,-2.704991230754641e-05,-5.514546830689057e-07,-2.5284441030618483e-05,-3.117018173527575e-07,-2.3682802150101667e-05,-7.85840043293128e-08,-2.2211636826536523e-05,1.532568307888502e-07,-2.088693820246977e-05,3.75686766438914e-07,-1.9647733033566047e-05,6.093337979757095e-07,-1.8699974683748396e-05,8.418452940087311e-07,-1.758642986163036e-05,1.0806193454855376e-06,-1.657753323200296e-05
230.24057105726772,74.88777597623765,-19.492993995784712,23.26782596569717,327.7056025284874,2,1.0,0.0,9.779605311184096e-07,-1.3773660915794776e-05,3.582349097441604e-17,4,0.0045364608648729,0.0045178284117023,0.0470676174626048,0.047049009459682,-1.0026072739337756e-06,-2.93395024489246e-05,0.1040477065388607,-0.0368309077758714,modal_baffled,lossless,0.0,343.0,1.225,1.4,1.81e-05,0.0257,1006.0,1,9.779605311184096e-07,9.779605311184096e-07,0.0,0.0,True,dirichlet,exp(+iwt)_rms,120081,16,8.735012816247718e-16,-2.1301423950985952e-05,-0.0006233479413364,-5.98373006137654e-06,-4.249491283874259e-05,-3.519940342687535e-06,-4.477312675628831e-05,-2.5391038654560158e-06,-3.957356035398901e-05,-1.9523667218052683e-06,-3.519604127926073e-05,-1.5312985902054178e-06,-3.188076871234131e-05,-1.1990545453705996e-06,-2.922053226581814e-05,-9.121834708989584e-07,-2.708594583886787e-05,-6.487928217583016e-07,-2.5319054851543408e-05,-3.996782667802722e-07,-2.371732711373108e-05,-1.578686979690994e-07,-2.2246309041364893e-05,8.177094549212913e-08,-2.092298434195433e-05,3.113892649085895e-07,-1.968555180468369e-05,5.519169095925494e-07,-1.873833346624936e-05,7.91231168681451e-07,-1.762715952557543e-05,1.036686180021157e-06,-1.662027048374997e-05
234.27649990069025,75.02862822162133,-19.980636881643758,25.64982275062597,338.36530626594896,2,1.0,0.0,1.0105118001178125e-06,-1.333038976746436e-05,3.614035763417871e-17,4,0.0045364608648729,0.0045178284117023,0.0470676174626048,0.047049009459682,-1.096577543940605e-06,-2.9331368699578644e-05,0.1054235244278553,-0.0383306821641234,modal_baffled,lossless,0.0,343.0,1.225,1.4,1.81e-05,0.0257,1006.0,1,1.0105118001178125e-06,1.0105118001178129e-06,0.0,0.0,True,dirichlet,exp(+iwt)_rms,120081,16,7.110324620520133e-16,-2.3297919101425397e-05,-0.0006231751314559,-6.37207700922487e-06,-4.285056132153295e-05,-3.780101548162321e-06,-4.4919090989993895e-05,-2.7430434231877896e-06,-3.967102852395832e-05,-2.1227114699836035e-06,-3.527285062981449e-05,-1.678725691084124e-06,-3.1946259097365737e-05,-1.3295291385991142e-06,-2.9280005944541555e-05,-1.0291312304953614e-06,-2.714154227033409e-05,-7.543308277444661e-07,-2.5372042314423585e-05,-4.951583547907484e-07,-2.3769180428330638e-05,-2.440140179296064e-07,-2.2297357393927366e-05,3.992409846223083e-09,-2.097458850488412e-05,2.4132004803126135e-07,-1.9738176812606284e-05,4.892156900908023e-07,-1.8790917415418784e-05,7.358157244456256e-07,-1.7681468998957257e-05,9.884212158095017e-07,-1.6676005611785106e-05
238.3831752748146,75.17543196180115,-20.48779165322769,28.368836718973743,349.6827397136576,2,1.0,0.0,1.0455896988114926e-06,-1.2888250375534168e-05,3.7061051235080323e-17,4,0.0045364608648729,0.0045178284117023,0.0470676174626048,0.047049009459682,-1.1987386621507675e-06,-2.934378523670148e-05,0.1068682919762126,-0.0399304649481175,modal_baffled,lossless,0.0,343.0,1.225,1.4,1.81e-05,0.0257,1006.0,1,1.0455896988114926e-06,1.0455896988114937e-06,0.0,0.0,True,dirichlet,exp(+iwt)_rms,120081,16,1.3491683525614993e-15,-2.5468437256318813e-05,-0.0006234389335728,-6.7909053506459725e-06,-4.324379880459114e-05,-4.061298064275879e-06,-4.509952572957634e-05,-2.963705582004437e-06,-3.979837097669532e-05,-2.3071649708076843e-06,-3.537609763673538e-05,-1.8384747629676015e-06,-3.203568214283634e-05,-1.471006044007776e-06,-2.9361478566317524e-05,-1.1560354028732051e-06,-2.721761474408392e-05,-8.689517291638884e-07,-2.5444267738318372e-05,-5.9895709091857e-07,-2.3839185127392647e-05,-3.3777241709104214e-07,-2.2365567789038605e-05,-8.077670111126587e-08,-2.104250688797386e-05,1.6483100855517266e-07,-1.980633766474631e-05,4.206276272906585e-07,-1.885843611427471e-05,6.750417824161727e-07,-1.775004708096071e-05,9.353109087705852e-07,-1.6745409174523968e-05
242.5618373084442,75.3284805974539,-21.015782828831117,31.48675727038357,361.7246849373321,2,1.0,0.0,1.0834541770935004e-06,-1.244688735291948e-05,3.689850637614477e-17,4,0.0045364608648729,0.0045178284117023,0.0470676174626048,0.047049009459682,-1.3100055742174673e-06,-2.937770325430413e-05,0.1083858550397357,-0.0416396908614552,modal_baffled,lossless,0.0,343.0,1.225,1.4,1.81e-05,0.0257,1006.0,1,1.0834541770935004e-06,1.0834541770935e-06,0.0,0.0,True,dirichlet,exp(+iwt)_rms,120081,16,2.4624397074460754e-16,-2.783241737821687e-05,-0.0006241595567832,-7.243326246430183e-06,-4.367655548915179e-05,-4.365736091964458e-06,-4.5316086959849055e-05,-3.2028653187603726e-06,-3.995701504099176e-05,-2.5072369407265786e-06,-3.550704782399905e-05,-2.01187361586688e-06,-3.215018814985552e-05,-1.6246787281900746e-06,-2.9466014162450904e-05,-1.29398350361103e-06,-2.731516072408399e-05,-9.936552466166438e-07,-2.5536675778581285e-05,-7.119978187478684e-07,-2.392824120546985e-05,-4.399970184397821e-07,-2.2451800074438147e-05,-1.7332837040339245e-07,-2.11275672575729e-05,8.118600592851324e-08,-1.989083341233433e-05,3.454675828333023e-07,-1.894166717866097e-05,6.082749343897026e-07,-1.783364903263221e-05,8.767696352851605e-07,-1.682921689192107e-05
246.8137478688259,75.48808524608967,-21.56606581376727,35.079516920537245,374.56645307691167,2,1.0,0.0,1.1243989310869029e-06,-1.2005927003348308e-05,3.756651694140151e-17,4,0.0045364608648729,0.0045178284117023,0.0470676174626048,0.047049009459682,-1.4314186371527644e-06,-2.9434166433516582e-05,0.1099802347238451,-0.0434689248925118,modal_baffled,lossless,0.0,343.0,1.225,1.4,1.81e-05,0.0257,1006.0,1,1.1243989310869029e-06,1.1243989310869037e-06,0.0,0.0,True,dirichlet,exp(+iwt)_rms,120081,16,8.37182645445789e-16,-3.0411962923129136e-05,-0.0006253591751675,-7.73284602853466e-06,-4.415090668147704e-05,-4.695908929927255e-06,-4.557057155591827e-05,-3.4625309042360064e-06,-4.01485134056329e-05,-2.7246368035564218e-06,-3.566707966061517e-05,-2.20042664498338e-06,-3.229103122843988e-05,-1.7919001479678497e-06,-2.959477359180051e-05,-1.4442091005424368e-06,-2.743526913059261e-05,-1.129576082756987e-06,-2.565029834588145e-05,-8.35329270801401e-07,-2.4037332362353287e-05,-5.51657540530596e-07,-2.2556994634927987e-05,-2.745635984554496e-07,-2.1230675446669104e-05,-1.0453214450629125e-08,-1.9992538964319746e-05,2.629544855845544e-07,-1.904146266119748e-05,5.347910123129442e-07,-1.7933102951845043e-05,8.121278962439086e-07,-1.692823601875704e-05
251.1401909427061,75.6545759947361,-22.14024355157902,39.24088662896037,388.29288662363433,2,1.0,0.0,1.168756672639902e-06,-1.1564975747644188e-05,3.807960340578565e-17,4,0.0045364608648729,0.0045178284117023,0.0470676174626048,0.047049009459682,-1.5641639843618925e-06,-2.9514319268131717e-05,0.1116556133719252,-0.0454300250108087,modal_baffled,lossless,0.0,343.0,1.225,1.4,1.81e-05,0.0257,1006.0,1,1.168756672639902e-06,1.1687566726399009e-06,0.0,0.0,True,dirichlet,exp(+iwt)_rms,120081,16,9.71287632761888e-16,-3.3232274516648694e-05,-0.0006270621046748,-8.263426121676815e-06,-4.466907932370368e-05,-5.054641516134133e-06,-4.586492675596246e-05,-3.7449804209551256e-06,-4.037455328808794e-05,-2.961305124075512e-06,-3.5857693176860007e-05,-2.4058427489952705e-06,-3.24595774551948e-05,-1.974208065221069e-06,-2.974902233085844e-05,-1.6081150869701083e-06,-2.757912785789387e-05,-1.2780055216540372e-06,-2.578626193071142e-05,-9.70145721590194e-07,-2.4167533173813284e-05,-6.738591279643583e-07,-2.2682179433983843e-05,-3.8551010356097067e-07,-2.1352822322420107e-05,-1.11043694317576e-07,-2.011241199361988e-05,1.7219556133947237e-07,-1.9158755977263765e-05,4.5376122365867283e-07,-1.804931669692748e-05,7.406183086546239e-07,-1.704335229606521e-05
255.5424730240696,75.82830323045341,-22.74008573991241,44.087454001713176,402.9993116031123,2,1.0,0.0,1.2169053537067772e-06,-1.112361851992896e-05,3.883174197584682e-17,4,0.0045364608648729,0.0045178284117023,0.0470676174626048,0.047049009459682,-1.70959770274973e-06,-2.961941593475256e-05,0.1134163111748281,-0.0475363319563716,modal_baffled,lossless,0.0,343.0,1.225,1.4,1.81e-05,0.0257,1006.0,1,1.2169053537067772e-06,1.2169053537067772e-06,0.0,0.0,True,dirichlet,exp(+iwt)_rms,120081,16,1.0477948522768424e-15,-3.632216362147505e-05,-0.0006292949915785,-8.839553456316577e-06,-4.523345706140536e-05,-5.445142952408552e-06,-4.620125933250402e-05,-4.052804883167392e-06,-4.06369655951649e-05,-3.2194507545060638e-06,-3.608051869705807e-05,-2.630068343420378e-06,-3.2657313220566104e-05,-2.173354998259624e-06,-2.9930138502693787e-05,-1.7873012325923914e-06,-2.7748031572217066e-05,-1.4404170129958982e-06,-2.5945795247047887e-05,-1.1178108730975082e-06,-2.4320016617401412e-05,-8.07864683997342e-07,-2.2828477445191356e-05,-5.073433293350902e-07,-2.149509117938344e-05,-2.216810654938627e-07,-2.0251500302706435e-05,7.216758525098157e-08,-1.929456933233544e-05,3.64234463414423e-07,-1.818328535008905e-05,6.61358918093225e-07,-1.7175537483772954e-05
260.0219235086706,76.00963904426571,-23.36755107059961,49.76519469081881,418.7922862302018,2,1.0,0.0,1.269275540533517e-06,-1.0681417178785291e-05,3.8659735506561145e-17,4,0.0045364608648729,0.0045178284117023,0.0470676174626048,0.047049009459682,-1.869274624579011e-06,-2.9750829615237705e-05,0.11526675005493,-0.0498028910924404,modal_baffled,lossless,0.0,343.0,1.225,1.4,1.81e-05,0.0257,1006.0,1,1.269275540533517e-06,1.269275540533517e-06,0.0,0.0,True,dirichlet,exp(+iwt)_rms,120081,16,3.591859537996554e-16,-3.9714664250089706e-05,-0.0006320870105412,-9.466323429295357e-06,-4.584658299139069e-05,-5.871068618379893e-06,-4.658184397536051e-05,-4.388959299949245e-06,-4.0937733722099446e-05,-3.501594860664544e-06,-3.633732540813104e-05,-2.8753265141507105e-06,-3.2885853532670134e-05,-2.391343764280961e-06,-3.013962094622689e-05,-1.9835968959772666e-06,-2.7943389618836173e-05,-1.6184965675450424e-06,-2.6130237047689277e-05,-1.2798862497390248e-06,-2.4496061826583733e-05,-9.551214373903063e-07,-2.2997114366114147e-05,-6.414114535411456e-07,-2.165866546874394e-05,-3.43623142919205e-07,-2.041094957509844e-05,-3.8305474466796585e-08,-1.945002159391696e-05,2.651162004371876e-07,-1.833609917990269e-05,5.733332568349318e-07,-1.7325857449921986e-05
264.5798950954843,76.19897869931599,-24.02481304610935,56.45819772676175,435.78986836747526,2,1.0,0.0,1.326359176035751e-06,-1.0237909001806988e-05,3.9709710126394566e-17,4,0.0045364608648729,0.0045178284117023,0.0470676174626048,0.047049009459682,-2.0449827220421565e-06,-2.9910062105269397e-05,0.1172114003570828,-0.0522467122976823,modal_baffled,lossless,0.0,343.0,1.225,1.4,1.81e-05,0.0257,1006.0,1,1.326359176035751e-06,1.3263591760357508e-06,0.0,0.0,True,dirichlet,exp(+iwt)_rms,120081,16,3.6971735776243564e-16,-4.344776371285188e-05,-0.0006354700687586,-1.0149537903500373e-05,-4.6511158896076034e-05,-6.336593832585632e-06,-4.7009130179530265e-05,-4.756823319174197e-06,-4.127900146556872e-05,-3.810623254533221e-06,-3.663002934076462e-05,-3.144163590298674e-06,-3.31469499215836e-05,-2.630469782141262e-06,-3.037909701824932e-05,-2.199099982025087e-06,-2.8166733769420497e-05,-1.8141789776858995e-06,-2.634104387519176e-05,-1.4581650568570236e-06,-2.4697061866026693e-05,-1.1172926431653832e-06,-2.3189426434270742e-05,-7.892652523879582e-07,-2.1844836707562897e-05,-4.783181205907281e-07,-2.059201137915229e-05,-1.6057919984714585e-07,-1.962633649696111e-05,1.5514319501291158e-07,-1.850895201344356e-05,4.7536643699914724e-07,-1.7495480748772996e-05
269.21776419519205,76.39674214718657,-24.71429003735793,64.4003079803388,454.12091082195167,2,1.0,0.0,1.3887200223896548e-06,-9.792605365129704e-06,4.030669518841301e-17,4,0.0045364608648729,0.0045178284117023,0.0470676174626048,0.047049009459682,-2.238784323140914e-06,-3.009875343434664e-05,0.119254704373407,-0.0548870750321634,modal_baffled,lossless,0.0,343.0,1.225,1.4,1.81e-05,0.0257,1006.0,1,1.3887200223896548e-06,1.388720022389654e-06,0.0,0.0,True,dirichlet,exp(+iwt)_rms,120081,16,4.2984282137406158e-16,-4.756527829180274e-05,-0.0006394790103463,-1.089582126692661e-05,-4.7230039307036216e-05,-6.8465014498778735e-06,-4.748574662360642e-05,-5.160273455497505e-06,-4.16630792850913e-05,-4.14984878062305e-06,-3.696070013834032e-05,-3.439504704531204e-06,-3.344249741285813e-05,-2.89337157009748e-06,-3.0650329664938414e-05,-2.4362234749212355e-06,-2.841972540041856e-05,-2.0296911091673907e-06,-2.657979738487164e-05,-1.6547126763881474e-06,-2.492453120456541e-05,-1.296295525034426e-06,-2.340686805892533e-05,-9.526938729970264e-07,-2.2055012315199135e-05,-6.274383732665266e-07,-2.07960512019911e-05,-2.9622081488386133e-07,-1.982485099098967e-05,3.2853128464382635e-08,-1.870314985577376e-05,3.660963985274068e-07,-1.7685687554704984e-05
273.9369313458276,76.60337556652982,-25.43868038550344,73.89071341016151,473.92252779851697,2,1.0,0.0,1.4570061419550677e-06,-9.344990756556309e-06,4.014467171863307e-17,4,0.0045364608648729,0.0045178284117023,0.0470676174626048,0.047049009459682,-2.453065654560316e-06,-3.031869106421585e-05,0.1214009687011979,-0.0577458870740113,modal_baffled,lossless,0.0,343.0,1.225,1.4,1.81e-05,0.0257,1006.0,1,1.4570061419550677e-06,1.4570061419550666e-06,0.0,0.0,True,dirichlet,exp(+iwt)_rms,120081,16,1.953061832164615e-15,-5.21179058300385e-05,-0.0006441518117696,-1.1712758212408932e-05,-4.8006218101503445e-05,-7.40628631266308e-06,-4.801450159378879e-05,-5.603769354682876e-06,-4.209244780781479e-05,-4.523085898442813e-06,-3.733156570349724e-05,-3.7647202656618087e-06,-3.3774539790447785e-05,-3.1830912010662903e-06,-3.095522307793482e-05,-2.697751182650087e-06,-2.8704161492809348e-05,-2.2676037977648104e-06,-2.68482106935767e-05,-1.8719152456376044e-06,-2.5180112395054343e-05,-1.4943468256581988e-06,-2.365101882924343e-05,-1.1337678136973852e-06,-2.2290722983364923e-05,-7.929211034160533e-07,-2.102455616207831e-05,-4.470478154379652e-07,-2.004702341851353e-05,-1.0345199424522629e-07,-1.892011948632944e-05,2.439392195942314e-07,-1.789787872095626e-05
278.7388216357115,76.81935288427427,-26.20100351825036,85.31483005380146,495.33424914937234,2,1.0,0.0,1.531964855910692e-06,-8.894522337408523e-06,4.104909285152355e-17,4,0.0045364608648729,0.0045178284117023,0.0470676174626048,0.047049009459682,-2.6905965742441896e-06,-3.057181800308132e-05,0.1236542146939748,-0.0608481070064203,modal_baffled,lossless,0.0,343.0,1.225,1.4,1.81e-05,0.0257,1006.0,1,1.531964855910692e-06,1.5319648559106904e-06,0.0,0.0,True,dirichlet,exp(+iwt)_rms,120081,16,1.178336581823896e-15,-5.7164494811785706e-05,-0.0006495297542385,-1.2609057671381863e-05,-4.884280445407115e-05,-8.022280118437625e-06,-4.859837740610717e-05,-6.09245709714637e-06,-4.256975699367947e-05,-4.934740088623862e-06,-3.774501340895773e-05,-4.12370570717171e-06,-3.414527201679901e-05,-3.5031468821265107e-06,-3.129582593490486e-05,-2.9869047063462e-06,-2.902197855779349e-05,-2.530894240166045e-06,-2.7148132946614504e-05,-2.1125381021923138e-06,-2.5465581230199727e-05,-1.7140176512934745e-06,-2.392358923883005e-05,-1.3348907185143518e-06,-2.2553628982831187e-05,-9.770173672795375e-07,-2.127914186114053e-05,-6.151746118012639e-07,-2.029444104105296e-05,-2.557500825912417e-07,-1.916141660283323e-05,1.0704713147507433e-07,-1.813358458714602e-05
283.6248851337965,77.04517722006209,-27.004648255874383,99.17218738272712,518.4863068244738,2,1.0,0.0,1.614460719430341e-06,-8.440630362423713e-06,4.1381868820413216e-17,4,0.0045364608648729,0.0045178284117023,0.0470676174626048,0.047049009459682,-2.954602799248514e-06,-3.086023884070547e-05,0.126017972554073,-0.0642222423367528,modal_baffled,lossless,0.0,343.0,1.225,1.4,1.81e-05,0.0257,1006.0,1,1.614460719430341e-06,1.6144607194303415e-06,0.0,0.0,True,dirichlet,exp(+iwt)_rms,120081,16,6.909689181889116e-16,-6.277357891752097e-05,-0.0006556575519299,-1.3594748256736649e-05,-4.974298374661034e-05,-8.701801048520144e-06,-4.92405159351884e-05,-6.632293214966242e-06,-4.309781870456567e-05,-5.389915303654759e-06,-3.820358598923332e-05,-4.5209774132213175e-06,-3.455703817823945e-05,-3.857620321202672e-06,-3.167433077663153e-05,-3.307424111658085e-06,-2.937525318593101e-05,-2.8230212064217203e-06,-2.7481550921933717e-05,-2.3797962940155875e-06,-2.5782849299570912e-05,-1.958299693492674e-06,-2.422642414974656e-05,-1.558861972133479e-06,-2.2845524516424237e-05,-1.1823513792174982e-06,-2.156155756420224e-05,-8.030690124413823e-07,-2.0568826176960585e-05,-4.263525952515694e-07,-1.9428732850810565e-05,-4.67424519926636e-08,-1.8394472945934444e-05
288.59659732755705,77.28138216698498,-27.853429731243622,116.1132602439654,543.4776720138365,2,1.0,0.0,1.7054971730623794e-06,-7.982719900333637e-06,4.166577773758448e-17,4,0.0045364608648729,0.0045178284117023,0.0470676174626048,0.047049009459682,-3.2488534813410697e-06,-3.118622222991979e-05,0.1284949995720151,-0.0679009371184571,modal_baffled,lossless,0.0,343.0,1.225,1.4,1.81e-05,0.0257,1006.0,1,1.7054971730623794e-06,1.70549717306238e-06,0.0,0.0,True,dirichlet,exp(+iwt)_rms,120081,16,2.6004875908122138e-15,-6.902523765776499e-05,-0.0006625834047091,-1.4681411655322808e-05,-5.0709957349865065e-05,-9.45333344337308e-06,-4.9944191173502574e-05,-7.230193908669566e-06,-4.367958947154968e-05,-5.894543404462114e-06,-3.870996942360305e-05,-4.961788378338269e-06,-3.501232261541405e-05,-4.251262149077036e-06,-3.209306743626105e-05,-3.663665346221535e-06,-2.976619733741321e-05,-3.1480159377609188e-06,-2.785058595774817e-05,-2.677439864302822e-06,-2.6133962380761744e-05,-2.2306853976974223e-06,-2.456150256425512e-05,-1.8089525499233664e-06,-2.316833880552538e-05,-1.4119924448739835e-06,-2.1873688503656278e-05,-1.013620816042467e-06,-2.0872039849490657e-05,-6.179697527410536e-07,-1.9723900737885772e-05,-2.199689935889572e-07,-1.8682355266035576e-05
293.65545956855703,77.52853278283136,-28.75165664998037,136.9869707915624,570.3363877836199,2,1.0,0.0,1.806242675086368e-06,-7.520174486790197e-06,4.305720558193839e-17,4,0.0045364608648729,0.0045178284117023,0.0470676174626048,0.047049009459682,-3.5777676530334037e-06,-3.15521976481212e-05,0.1310868961469103,-0.0719216650290993,modal_baffled,lossless,0.0,343.0,1.225,1.4,1.81e-05,0.0257,1006.0,1,1.806242675086368e-06,1.806242675086368e-06,0.0,0.0,True,dirichlet,exp(+iwt)_rms,120081,16,1.1646173499048197e-15,-7.601335792864242e-05,-0.0006703589293252,-1.5882461661600114e-05,-5.174685284298513e-05,-1.0286743923841572e-05,-5.071276308033136e-05,-7.894214919807233e-06,-4.431813891366055e-05,-6.4555403880305625e-06,-3.926696897897632e-05,-5.452267944760506e-06,-3.5513730892896373e-05,-4.689619395207772e-06,-3.255448753106278e-05,-4.060718133267694e-06,-3.019714566481741e-05,-3.510592244307025e-06,-2.8257483728598075e-05,-3.0098572415721635e-06,-2.6521092392958e-05,-2.5352652426419197e-06,-2.4930931619643964e-05,-2.0889971502841426e-06,-2.352413198928557e-05,-1.6695424271578477e-06,-2.221755353615453e-05,-1.2502253184945553e-06,-2.1206081313547116e-05,-8.337900338331574e-07,-2.004889493888405e-05,-4.156245957099888e-07,-1.899918981102637e-05
298.8029995258236,77.7872261114585,-29.704210980510958,162.89900103145737,598.9496949707309,2,1.0,0.0,1.918062290784957e-06,-7.052362609508345e-06,4.345706656634633e-17,4,0.0045364608648729,0.0045178284117023,0.0470676174626048,0.047049009459682,-3.946543878299237e-06,-3.196074327447011e-05,0.1337935838413499,-0.0763275458340288,modal_baffled,lossless,0.0,343.0,1.225,1.4,1.81e-05,0.0257,1006.0,1,1.918062290784957e-06,1.9180622907849574e-06,0.0,0.0,True,dirichlet,exp(+iwt)_rms,120081,16,7.352304990848356e-16,-8.384838857489992e-05,-0.0006790389018492,-1.7213477936874175e-05,-5.285659297035953e-05,-1.121354164703525e-05,-5.154960463648924e-05,-8.63376865029471e-06,-4.501659736595815e-05,-7.0809952285776135e-06,-3.987746796261504e-05,-5.999590893185401e-06,-3.606395583345004e-05,-5.179189882711823e-06,-3.306113573844511e-05,-4.504548888315503e-06,-3.067053098117656e-05,-3.916280094886297e-06,-2.8704593307070305e-05,-3.3822008099631708e-06,-2.694651963200273e-05,-2.8768460092995007e-06,-2.533693178438205e-05,-2.403506328101044e-06,-2.391508304077489e-05,-1.959242319738761e-06,-2.2595295562705373e-05,-1.5168851979563644e-06,-2.1573081062166773e-05,-1.077577302712146e-06,-2.040582778112042e-05,-6.372467104557253e-07,-1.9347079625231972e-05
304.0407716471732,78.05809097708024,-30.716642597251685,195.27604588362047,628.9435808595601,2,1.0,0.0,2.0425559106708985e-06,-6.578648306555914e-06,4.452778861212395e-17,4,0.0045364608648729,0.0045178284117023,0.0470676174626048,0.047049009459682,-4.361318406314524e-06,-3.2414560379022345e-05,0.1366125968963032,-0.0811683046467424,modal_baffled,lossless,0.0,343.0,1.225,1.4,1.81e-05,0.0257,1006.0,1,2.0425559106708985e-06,2.042555910670897e-06,0.0,0.0,True,dirichlet,exp(+iwt)_rms,120081,16,2.551975697827968e-15,-9.266070052896948e-05,-0.0006886807135452,-1.8692605039728462e-05,-5.4041707079788376e-05,-1.2247191822972742e-05,-5.245799071742896e-05,-9.459886405514397e-06,-4.5778073590943406e-05,-7.780398317490192e-06,-4.0544361436902926e-05,-6.612182234274773e-06,-3.666572181005586e-05,-5.7276094099620335e-06,-3.361560174165424e-05,-5.002174154685152e-06,-3.1188842303727445e-05,-4.3715878985481e-06,-2.9194330392547697e-05,-3.8005396074654608e-06,-2.7412600559745696e-05,-3.261094760024888e-06,-2.578180888787504e-05,-2.7578031665202755e-06,-2.4343465644590226e-05,-2.286102300313389e-06,-2.3009160941137275e-05,-1.8183350259255083e-06,-2.1975283802732494e-05,-1.3537896842371973e-06,-2.0796935658215635e-05,-8.890317992060009e-07,-1.972826238357045e-05
309.3703576286206,78.34178668615925,-31.795281908797406,235.9182205899109,659.4804438356076,2,1.0,0.0,2.181604483647216e-06,-6.098407700566325e-06,4.6170247968991205e-17,4,0.0045364608648729,0.0045178284117023,0.0470676174626048,0.047049009459682,-4.829358236888006e-06,-3.2916427543164434e-05,0.1395381210800138,-0.0865013936747161,modal_baffled,lossless,0.0,343.0,1.225,1.4,1.81e-05,0.0257,1006.0,1,2.181604483647216e-06,2.181604483647214e-06,0.0,0.0,True,dirichlet,exp(+iwt)_rms,120081,16,8.6017834074663e-16,-0.0001026046886848,-0.0006993433982358,-2.0341028636861505e-05,-5.530406242745647e-05,-1.3403493117831736e-05,-5.344093273536224e-05,-1.0385535016523271e-05,-4.6605529643873225e-05,-8.564917750757412e-06,-4.127045388375145e-05,-7.299965224302546e-06,-3.732169759554312e-05,-6.3438786945833655e-06,-3.422044411173669e-05,-5.561871110544524e-06,-3.175455750021094e-05,-4.884199695478233e-06,-2.972911736167435e-05,-4.272045085689316e-06,-2.7921714346625613e-05,-3.6947142062385673e-06,-2.626790668213408e-05,-3.158189961783531e-06,-2.48116061663062e-05,-2.656060555752205e-06,-2.34614624149336e-05,-2.160193564329382e-06,-2.2415016284423203e-05,-1.6677252067334237e-06,-2.1224551608867536e-05,-1.1759748398042929e-06,-2.0145087682022468e-05
314.7933668920168,78.639000119384,-32.947374084701806,286.9922074342994,688.9325630245688,2,1.0,0.0,2.337425864029477e-06,-5.611054062345559e-06,4.700384229905007e-17,4,0.0045364608648729,0.0045178284117023,0.0470676174626048,0.047049009459682,-5.359296718862687e-06,-3.3469125034430225e-05,0.1425596897501812,-0.0923932939603007,modal_baffled,lossless,0.0,343.0,1.225,1.4,1.81e-05,0.0257,1006.0,1,2.337425864029477e-06,2.337425864029477e-06,0.0,0.0,True,dirichlet,exp(+iwt)_rms,120081,16,4.1277653843821294e-16,-0.0001138637774287,-0.0007110860255678,-2.2183541737884387e-05,-5.664448385807356e-05,-1.4701030937001832e-05,-5.4500936419812775e-05,-1.1425998423517088e-05,-4.750159457075796e-05,-9.447732961215731e-06,-4.2058305166516944e-05,-8.074661311649128e-06,-3.803436394951109e-05,-7.038638186576048e-06,-3.487807365664371e-05,-6.19343279240056e-06,-3.237003913022941e-05,-5.463214539862728e-06,-3.0311289607874728e-05,-4.805216908048809e-06,-2.8476178392383795e-05,-4.185656168147697e-06,-2.6797530854609888e-05,-3.61215141096169e-06,-2.5321815231605723e-05,-3.076177178099461e-06,-2.3954517621193325e-05,-2.549150018976076e-06,-2.2894632530189387e-05,-2.025700242453496e-06,-2.1691057102125904e-05,-1.5040405949269073e-06,-2.0599975276538765e-05
320.31143707106224,78.95044048180209,-34.18123913196922,350.8570735489479,714.3919048664546,2,1.0,0.0,2.512642042632645e-06,-5.116075092707099e-06,4.8386149127925805e-17,4,0.0045364608648729,0.0045178284117023,0.0470676174626048,0.047049009459682,-5.961420498771402e-06,-3.407531533934438e-05,0.1456604143000746,-0.0989210078258322,modal_baffled,lossless,0.0,343.0,1.225,1.4,1.81e-05,0.0257,1006.0,1,2.512642042632645e-06,2.5126420426326465e-06,0.0,0.0,True,dirichlet,exp(+iwt)_rms,120081,16,8.908827042175455e-16,-0.0001266565171586,-0.0007239651628089,-2.4249213679610834e-05,-5.806221799205833e-05,-1.616171942282458e-05,-5.563965082358381e-05,-1.2599335776810029e-05,-4.846829098032892e-05,-1.0444436178378764e-05,-4.291000254830791e-05,-8.950151698591108e-06,-3.880581625919607e-05,-7.824499823763536e-06,-3.55905784432322e-05,-6.908476640790764e-06,-3.303737717034077e-05,-6.119436319548742e-06,-3.094295307799255e-05,-5.4101567294986105e-06,-2.907811878778764e-05,-4.743380802221392e-06,-2.737283142092603e-05,-4.128601777144048e-06,-2.587628067332832e-05,-3.5548704277369517e-06,-2.449055169060105e-05,-2.993191442873313e-06,-2.3416425659394536e-05,-2.43526782065916e-06,-2.2198802887144694e-05,-1.8803736265155844e-06,-2.109534476752297e-05
325.92623450583613,79.27683067731154,-35.50646271926886,429.5106171933335,731.0358903984808,2,1.0,0.0,2.710359581426257e-06,-4.61308766441071e-06,4.8913328082896387e-17,4,0.0045364608648729,0.0045178284117023,0.0470676174626048,0.047049009459682,-6.648017555786405e-06,-3.473735964404672e-05,0.1488145818380445,-0.1061737376345511,modal_baffled,lossless,0.0,343.0,1.225,1.4,1.81e-05,0.0257,1006.0,1,2.710359581426257e-06,2.7103595814262576e-06,0.0,0.0,True,dirichlet,exp(+iwt)_rms,120081,16,7.597000184908103e-16,-0.0001412439786455,-0.0007380309757902,-2.6572172287645117e-05,-5.9554180857614095e-05,-1.781144457230838e-05,-5.6857363585346246e-05,-1.392692764972615e-05,-4.950663774055981e-05,-1.1573512433248304e-05,-4.382682719114104e-05,-9.942910551969754e-06,-3.963747422770276e-05,-8.716445228937291e-06,-3.635946512476188e-05,-7.720815464865549e-06,-3.3758155325287033e-05,-6.865722809719724e-06,-3.162577140685831e-05,-6.098898510127787e-06,-2.9729275585736512e-05,-5.379169936362124e-06,-2.7995624708315885e-05,-4.718184228090499e-06,-2.6476904205823692e-05,-4.102203435166111e-06,-2.5071547342965352e-05,-3.501879325510171e-06,-2.398249062763171e-05,-2.90548379261436e-06,-2.2749984157352264e-05,-2.313555012121568e-06,-2.163350285486388e-05
331.6394547459949,79.61889384924632,-36.93412320231365,523.3278662350964,731.5793977788294,2,1.0,0.0,2.9342648478832924e-06,-4.101917457179131e-06,5.040689470480094e-17,4,0.0045364608648729,0.0045178284117023,0.0470676174626048,0.047049009459682,-7.43379617912894e-06,-3.545704114974404e-05,0.1519843935283721,-0.1142547169203162,modal_baffled,lossless,0.0,343.0,1.225,1.4,1.81e-05,0.0257,1006.0,1,2.9342648478832924e-06,2.9342648478832915e-06,0.0,0.0,True,dirichlet,exp(+iwt)_rms,120081,16,1.5631678645275276e-15,-0.0001579386546394,-0.0007533213504574,-2.9192503176552085e-05,-6.111390418286726e-05,-1.9680817817262663e-05,-5.815227921918563e-05,-1.5434119978725548e-05,-5.061607688360344e-05,-1.2856907396832543e-05,-4.4808770402664814e-05,-1.1072518818912663e-05,-4.052965884417434e-05,-9.732299020183566e-06,-3.718528048689463e-05,-8.646899296243033e-06,-3.453310772051131e-05,-7.717402308026712e-06,-3.236065180473724e-05,-6.885803622664262e-06,-3.0430714073415125e-05,-6.106502708763489e-06,-2.8667127982537557e-05,-5.393630540874899e-06,-2.7125056465399463e-05,-4.730229539377733e-06,-2.56990185579248e-05,-4.086683672476826e-06,-2.4594515224332808e-05,-3.447229230224999e-06,-2.3346448634947605e-05,-2.8139142595177315e-06,-2.22164679633034e-05
337.452823062795,79.9773330340085,-38.47706057023675,628.8320717611439,706.5264263252973,2,1.0,0.0,3.188734875695564e-06,-3.5827139826287057e-06,5.177584552404731e-17,4,0.0045364608648729,0.0045178284117023,0.0470676174626048,0.047049009459682,-8.33638307684445e-06,-3.6235153449024654e-05,0.1551155387809535,-0.1232831057183282,modal_baffled,lossless,0.0,343.0,1.225,1.4,1.81e-05,0.0257,1006.0,1,3.188734875695564e-06,3.188734875695563e-06,0.0,0.0,True,dirichlet,exp(+iwt)_rms,120081,16,1.069318287759796e-15,-0.0001771150427035,-0.0007698531475023,-3.215725607478821e-05,-6.273006322609904e-05,-2.180604129261108e-05,-5.951949191458357e-05,-1.7150969406293e-05,-5.179365168414291e-05,-1.4320687597152605e-05,-4.585383651612909e-05,-1.2362263647247147e-05,-4.148098040260806e-05,-1.0893282518044512e-05,-3.806706208095826e-05,-9.706333668450456e-06,-3.536161883825173e-05,-8.69276365163453e-06,-3.3147285822034246e-05,-7.788026808051868e-06,-3.118240098193676e-05,-6.94149981812071e-06,-2.9387568221407987e-05,-6.17018776642768e-06,-2.7821214097951936e-05,-5.453403128520253e-06,-2.6373673478840316e-05,-4.761381818557663e-06,-2.5253466697808807e-05,-4.073596639801042e-06,-2.398940666814633e-05,-3.3939043774462715e-06,-2.28457029485022e-05
343.3680949700848,80.35280104628649,-40.15019264228728,736.0052150395321,646.548176284659,2,1.0,0.0,3.478962879207765e-06,-3.056115716235778e-06,5.2694461327792874e-17,4,0.0045364608648729,0.0045178284117023,0.0470676174626048,0.047049009459682,-9.37690353931268e-06,-3.7070894406107305e-05,0.158131200552865,-0.1333957663936797,modal_baffled,lossless,0.0,343.0,1.225,1.4,1.81e-05,0.0257,1006.0,1,3.478962879207765e-06,3.4789628792077634e-06,0.0,0.0,True,dirichlet,exp(+iwt)_rms,120081,16,2.6636116852604748e-15,-0.0001992219713853,-0.0007876093247243,-3.5521520531234185e-05,-6.438442583094512e-05,-2.4229868636054413e-05,-6.094952989986791e-05,-1.911308038819061e-05,-5.303283393051835e-05,-1.5995786582479566e-05,-4.695704399960093e-05,-1.3839818996867872e-05,-4.24874586118622e-05,-1.2224644858687487e-05,-3.900154600206997e-05,-1.092247248697176e-05,-3.624100023957255e-05,-9.813618805415062e-06,-3.3983483002172176e-05,-8.8260530872915e-06,-3.1982587491216435e-05,-7.90343736257573e-06,-3.0155610399435985e-05,-7.066113667494207e-06,-2.8564427219493563e-05,-6.28905857200004e-06,-2.709491756115088e-05,-5.542525431881209e-06,-2.5959127315443012e-05,-4.800344265087423e-06,-2.467899896871909e-05,-4.068545224786412e-06,-2.35217136781296e-05
349.3870567544352,80.74585657297365,-41.9708821375189,827.5193156604038,547.93539494083,2,1.0,0.0,3.811093783281651e-06,-2.5234857214570923e-06,5.524412043839285e-17,4,0.0045364608648729,0.0045178284117023,0.0470676174626048,0.047049009459682,-1.058063449366251e-05,-3.796098152083975e-05,0.1609239660759267,-0.1447485727337727,modal_baffled,lossless,0.0,343.0,1.225,1.4,1.81e-05,0.0257,1006.0,1,3.811093783281651e-06,3.811093783281653e-06,0.0,0.0,True,dirichlet,exp(+iwt)_rms,120081,16,1.1223357238239214e-15,-0.0002247964750301,-0.0008065201420275,-3.934948263236336e-05,-6.604900666717233e-05,-2.7002611338991152e-05,-6.242630285716219e-05,-2.1362497875645493e-05,-5.432185977616703e-05,-1.791880835093568e-05,-4.810900247376015e-05,-1.5537983690257784e-05,-4.35412652508333e-05,-1.3756351314418491e-05,-3.998203176946616e-05,-1.2323068129955855e-05,-3.716545145030145e-05,-1.1105923089622902e-05,-3.486421082796599e-05,-1.0024292840450103e-05,-3.2826917615828056e-05,-9.015319475507678e-06,-3.096752858476876e-05,-8.103231967702181e-06,-2.935154451000198e-05,-7.257949965153277e-06,-2.7860127812315443e-05,-6.449970157077579e-06,-2.6709412727553138e-05,-5.646414586910845e-06,-2.541365892399438e-05,-4.855932915033075e-06,-2.424345326656409e-05
355.5115260145596,81.1569009078927,-43.95935406823812,883.5520830970418,418.8179469075007,2,1.0,0.0,4.192358187247739e-06,-1.9872454406189247e-06,5.682141979996454e-17,4,0.0045364608648729,0.0045178284117023,0.0470676174626048,0.047049009459682,-1.197769679101663e-05,-3.88983722594608e-05,0.1633449854233382,-0.1575166319071147,modal_baffled,lossless,0.0,343.0,1.225,1.4,1.81e-05,0.0257,1006.0,1,4.192358187247739e-06,4.192358187247741e-06,0.0,0.0,True,dirichlet,exp(+iwt)_rms,120081,16,8.92329548559772e-16,-0.0002544785021364,-0.0008264359735303,-4.371528457584372e-05,-6.768214302032038e-05,-3.018307847318705e-05,-6.392422648351848e-05,-2.394856976606708e-05,-5.564138430927664e-05,-2.0132817363021463e-05,-4.9293899784652735e-05,-1.7495416332876073e-05,-4.4628940360022936e-05,-1.5523775616809603e-05,-4.099676785940423e-05,-1.394093141626167e-05,-3.812457835206342e-05,-1.2600410601631376e-05,-3.5780222225038657e-05,-1.141169691277516e-05,-3.3707150030893e-05,-1.0304475603394228e-05,-3.1816014081449414e-05,-9.307516818905811e-06,-3.0176095319739908e-05,-8.384824357313953e-06,-2.8663602158110744e-05,-7.507443753843583e-06,-2.749938101543052e-05,-6.634495977084515e-06,-2.6189181288747306e-05,-5.777797294767738e-06,-2.500744737827179e-05
361.7433522101885,81.58608772965492,-46.13915432319252,891.9488839748963,279.5234843930755,2,1.0,0.0,4.631180655644378e-06,-1.4513429827397586e-06,5.881940798915112e-17,4,0.0045364608648729,0.0045178284117023,0.0470676174626048,0.047049009459682,-1.3603706791056188e-05,-3.987043225944716e-05,0.1651896091409128,-0.171892353787434,modal_baffled,lossless,0.0,343.0,1.225,1.4,1.81e-05,0.0257,1006.0,1,4.631180655644378e-06,4.631180655644376e-06,0.0,0.0,True,dirichlet,exp(+iwt)_rms,120081,16,9.487936724345022e-16,-0.0002890247589409,-0.0008470883891908,-4.870335518404819e-05,-6.922313604834147e-05,-3.383922784765939e-05,-6.540423246193314e-05,-2.692860467922757e-05,-5.6961207332861016e-05,-2.268796885076396e-05,-5.0486681752229e-05,-1.975723986408529e-05,-4.572888586512349e-05,-1.7568282992412427e-05,-4.202667769644708e-05,-1.5814499168371752e-05,-3.910130126002613e-05,-1.4333151747228168e-05,-3.671611276552715e-05,-1.302230666862883e-05,-3.460934400212152e-05,-1.1803104724712031e-05,-3.268847900248828e-05,-1.0709635278518317e-05,-3.102669354380657e-05,-9.698963187625416e-06,-2.9495054442723555e-05,-8.74309305480064e-06,-2.8319807548152024e-05,-7.791573331302688e-06,-2.6997377134799937e-05,-6.860058678027012e-06,-2.580652479193739e-05
368.0844172205693,82.03319579236538,-48.53762411011616,855.5072011234305,153.52532642497857,2,1.0,0.0,5.137216525055737e-06,-9.219008827620442e-07,6.23855549665211e-17,4,0.0045364608648729,0.0045178284117023,0.0470676174626048,0.047049009459682,-1.5500224174502106e-05,-4.085634952175579e-05,0.1661787226752462,-0.1880795983429853,modal_baffled,lossless,0.0,343.0,1.225,1.4,1.81e-05,0.0257,1006.0,1,5.137216525055737e-06,5.137216525055729e-06,0.0,0.0,True,dirichlet,exp(+iwt)_rms,120081,16,1.3667836552404689e-15,-0.0003293182236559,-0.0008680352166585,-5.44076246294636e-05,-7.058504586317463e-05,-3.804811989711304e-05,-6.680831133725238e-05,-3.036799827621908e-05,-5.823576706551175e-05,-2.5641702389952333e-05,-5.16491561122774e-05,-2.237527263117812e-05,-4.680789298350928e-05,-1.993748575041071e-05,-4.304220111531384e-05,-1.7988110855099888e-05,-4.006894216432487e-05,-1.6345850640055143e-05,-3.764760859463696e-05,-1.489557088232905e-05,-3.551132027374664e-05,-1.3548611382442544e-05,-3.356467499829828e-05,-1.2345303965108497e-05,-3.188479018424213e-05,-1.12345583971842e-05,-3.033748845668811e-05,-1.018988568547413e-05,-2.915516398435528e-05,-9.149352997554332e-06,-2.7824158562779744e-05,-8.133278185894562e-06,-2.6628001309574804e-05
374.5366359127535,82.4974515318555,-51.18633608811616,788.9024591060746,56.27204039491718,2,1.0,0.0,5.721235351574337e-06,-4.080930197345614e-07,6.340511200461475e-17,4,0.0045364608648729,0.0045178284117023,0.0470676174626048,0.047049009459682,-1.771469028709265e-05,-4.182355702361012e-05,0.1659352450840819,-0.2062810646970581,modal_baffled,lossless,0.0,343.0,1.225,1.4,1.81e-05,0.0257,1006.0,1,5.721235351574337e-06,5.721235351574339e-06,0.0,0.0,True,dirichlet,exp(+iwt)_rms,120081,16,1.5434754490030652e-15,-0.0003763668365233,-0.0008885845359994,-6.092863085288496e-05,-7.164524275721969e-05,-4.2894460501250494e-05,-6.805221577610754e-05,-3.4339250074594006e-05,-5.939807277402108e-05,-2.9058004812879084e-05,-5.2724725242740434e-05,-2.5407449805968865e-05,-4.781643249671005e-05,-2.268477783772584e-05,-4.399899896793301e-05,-2.051163419514354e-05,-4.098725311514668e-05,-1.868554982297354e-05,-3.853785827612937e-05,-1.7076120795041444e-05,-3.637917956773603e-05,-1.5583446741267853e-05,-3.441341824775517e-05,-1.4255191962521572e-05,-3.2721572302534485e-05,-1.3030672455605255e-05,-3.116425458484872e-05,-1.1885631229804402e-05,-2.9980808956606526e-05,-1.074434205994213e-05,-2.864686502174992e-05,-9.632796431805092e-06,-2.745113242607854e-05
381.10195671984377,82.97728599970608,-54.12138913840823,709.3060634332967,-8.508503371668182,2,1.0,0.0,6.394712280991155e-06,7.670797390381798e-08,6.601142537618022e-17,4,0.0045364608648729,0.0045178284117023,0.0470676174626048,0.047049009459682,-2.029931919018228e-05,-4.272293332751489e-05,0.1639560982697488,-0.2266745710827807,modal_baffled,lossless,0.0,343.0,1.225,1.4,1.81e-05,0.0257,1006.0,1,6.394712280991155e-06,6.394712280991152e-06,0.0,0.0,True,dirichlet,exp(+iwt)_rms,120081,16,1.342818854535735e-15,-0.0004312799390432,-0.000907692711692,-6.83669144118521e-05,-7.22335127225684e-05,-4.846654660445748e-05,-6.901605255125514e-05,-3.891889976496907e-05,-6.035181640670622e-05,-3.3004907308259364e-05,-5.363150466619867e-05,-2.8915693783054976e-05,-4.868247860631876e-05,-2.5867476391354067e-05,-4.483230248433374e-05,-2.3438822152857748e-05,-4.179717547653821e-05,-2.140316934682503e-05,-3.9332524135181534e-05,-1.961246889874613e-05,-3.716267896871026e-05,-1.795395545764499e-05,-3.518822497757364e-05,-1.648390085744839e-05,-3.349381505849728e-05,-1.5130340540709898e-05,-3.193509781490943e-05,-1.3872204171594569e-05,-3.075919904018389e-05,-1.2617188438147535e-05,-2.9430640256310207e-05,-1.1398189842796665e-05,-2.8243643383216577e-05
387.78236222938233,83.47000976122912,-57.38338015107948,629.5665717919015,-45.0961164375646,2,1.0,0.0,7.16890585171665e-06,5.135117198150943e-07,6.93296795766052e-17,4,0.0045364608648729,0.0045178284117023,0.0470676174626048,0.047049009459682,-2.3308052534869305e-05,-4.3482673888205446e-05,0.1595819660318388,-0.2493719675988494,modal_baffled,lossless,0.0,343.0,1.225,1.4,1.81e-05,0.0257,1006.0,1,7.16890585171665e-06,7.168905851716652e-06,0.0,0.0,True,dirichlet,exp(+iwt)_rms,120081,16,1.038494325992011e-15,-0.0004952035771385,-0.0009238341822326,-7.681026042690335e-05,-7.21181097298133e-05,-5.484775591333483e-05,-6.953287396413184e-05,-4.418084530080013e-05,-6.096169872383177e-05,-3.7548885752713336e-05,-5.4253829307751625e-05,-3.2961046248691974e-05,-4.930384820794266e-05,-2.9542489566335536e-05,-4.544987539986944e-05,-2.682340398827677e-05,-4.241428660494805e-05,-2.4549950890902183e-05,-3.995361908459655e-05,-2.255376072937057e-05,-3.778940252260055e-05,-2.070741109568306e-05,-3.5821784562450144e-05,-1.9077249888827736e-05,-3.413860452442682e-05,-1.7578083901027334e-05,-3.2591106044152484e-05,-1.6193272963809693e-05,-3.143501838776712e-05,-1.4810621771930352e-05,-3.012374850746244e-05,-1.3471417945015428e-05,-2.895721484317311e-05
394.57986978204906,83.97139370789472,-61.01675346135815,556.7293866300733,-60.56856963958605,2,1.0,0.0,8.053096059091708e-06,8.761249561871505e-07,7.243713584781058e-17,4,0.0045364608648729,0.0045178284117023,0.0470676174626048,0.047049009459682,-2.679021954944849e-05,-4.4001104888377824e-05,0.1519712772002043,-0.274352601861513,modal_baffled,lossless,0.0,343.0,1.225,1.4,1.81e-05,0.0257,1006.0,1,8.053096059091708e-06,8.053096059091707e-06,0.0,0.0,True,dirichlet,exp(+iwt)_rms,120081,16,1.0799710701674565e-15,-0.0005691858010602,-0.000934848782676,-8.63113880087227e-05,-7.099151160003499e-05,-6.210090144683775e-05,-6.937632975332392e-05,-5.018379911641894e-05,-6.104276526070969e-05,-4.2744208432040375e-05,-5.443279363892083e-05,-3.75943075321036e-05,-4.953960267714396e-05,-3.375790628123171e-05,-4.572406410910149e-05,-3.0711423058936514e-05,-4.272135207200049e-05,-2.8170414522178735e-05,-4.0292458640005165e-05,-2.594326875039832e-05,-3.81580532364349e-05,-2.388600327199034e-05,-3.6219557924593576e-05,-2.207669138792809e-05,-3.456718336056655e-05,-2.041471570515479e-05,-3.3048778064689344e-05,-1.888946335969544e-05,-3.1929413820211075e-05,-1.736497087577159e-05,-3.0651985201922324e-05,-1.5892681421783687e-05,-2.95220480173206e-05
401.4965320808543,84.47515925042279,-65.06807055908462,493.4923972258861,-61.59313621713117,2,1.0,0.0,9.051562210673063e-06,1.129731901350108e-06,7.495836591571536e-17,4,0.0045364608648729,0.0045178284117023,0.0470676174626048,0.047049009459682,-3.0779059696281106e-05,-4.413957593827328e-05,0.1400922269283054,-0.3013629984537709,modal_baffled,lossless,0.0,343.0,1.225,1.4,1.81e-05,0.0257,1006.0,1,9.051562210673063e-06,9.05156221067307e-06,0.0,0.0,True,dirichlet,exp(+iwt)_rms,120081,16,5.004334426097349e-16,-0.0006539328174139,-0.000937790742719,-9.68520621675285e-05,-6.846029968197599e-05,-7.024210308913579e-05,-6.825038921124474e-05,-5.69500282658857e-05,-6.0351136011007e-05,-4.8614717433317e-05,-5.395783469329609e-05,-4.283991078717248e-05,-4.9202266645580325e-05,-3.853841615424118e-05,-4.5484503599259584e-05,-3.512787005607876e-05,-4.2561403894357e-05,-3.228998947407086e-05,-4.020302611657536e-05,-2.9806885959407487e-05,-3.813205792505038e-05,-2.751612125730424e-05,-3.625359460917891e-05,-2.5509272684287005e-05,-3.465892685504892e-05,-2.3667919992160204e-05,-3.31941403336113e-05,-2.198948750653706e-05,-3.2134191302159485e-05,-2.0309841916277337e-05,-3.091296595033152e-05,-1.869262251967013e-05,-2.984122316261554e-05
408.5344378110141,84.97241778318269,-69.5825718443619,440.0951963058419,-53.301377593731154,2,1.0,0.0,1.0158893153666394e-05,1.2303769831235376e-06,7.874122085839103e-17,4,0.0045364608648729,0.0045178284117023,0.0470676174626048,0.047049009459682,-3.527312971727361e-05,-4.371820114122386e-05,0.1227579392437942,-0.3297790806267161,modal_baffled,lossless,0.0,343.0,1.225,1.4,1.81e-05,0.0257,1006.0,1,1.0158893153666394e-05,1.0158893153666386e-05,0.0,0.0,True,dirichlet,exp(+iwt)_rms,120081,16,3.5507217829871474e-16,-0.0007494139626952,-0.0009288382012528,-0.0001082904869686,-6.404802125017479e-05,-7.920115712149949e-05,-6.578753548643046e-05,-6.443269370992824e-05,-5.858132296410511e-05,-5.512562406614648e-05,-5.25638012589252e-05,-4.867080602140442e-05,-4.805479119489614e-05,-4.38624828461949e-05,-4.451502584251953e-05,-4.005564867905796e-05,-4.173459242159903e-05,-3.689544469015184e-05,-3.949875248667064e-05,-3.413481956689672e-05,-3.7536273312480986e-05,-3.1591200880881654e-05,-3.5759161737448854e-05,-2.9371462568984548e-05,-3.425787453430096e-05,-2.7336967456379914e-05,-3.2879184844607646e-05,-2.549563171316737e-05,-3.19081090510091e-05,-2.3650382611295293e-05,-3.0772292509216186e-05,-2.1879319250574715e-05,-2.978671988152229e-05
415.6957122706864,85.45116824274604,-74.59831249665748,395.6667645130862,-39.26414699561141,2,1.0,0.0,1.1353551444315127e-05,1.1266741430264391e-06,8.070353625089573e-17,4,0.0045364608648729,0.0045178284117023,0.0470676174626048,0.047049009459682,-4.020966495417792e-05,-4.251972926540131e-05,0.0987429468490118,-0.3584427723804145,modal_baffled,lossless,0.0,343.0,1.225,1.4,1.81e-05,0.0257,1006.0,1,1.1353551444315127e-05,1.1353551444315126e-05,0.0,0.0,True,dirichlet,exp(+iwt)_rms,120081,16,4.62692487595973e-16,-0.0008542957371089,-0.0009033754321468,-0.0001202935343895,-5.7225760939694375e-05,-8.876846247584541e-05,-6.156658311177108e-05,-7.247150190044474e-05,-5.537934261222978e-05,-6.214489815151657e-05,-4.99414689956018e-05,-5.497385997311007e-05,-4.581935568938877e-05,-4.96307287534276e-05,-4.25612229793215e-05,-4.540629024671179e-05,-4.000476186318937e-05,-4.1907494501820416e-05,-3.7958250676461615e-05,-3.885582138181719e-05,-3.616197961667926e-05,-3.604743325309536e-05,-3.453904841957943e-05,-3.360609952247012e-05,-3.317640731844624e-05,-3.137078626501498e-05,-3.1924969747496126e-05,-2.9362769428854284e-05,-3.107939427297052e-05,-2.734725221288678e-05,-3.006550654067896e-05,-2.541914184008793e-05,-2.920080719978869e-05
422.9825180127679,85.89606759457413,-80.13735501073418,358.9785790003023,-21.82927813369139,2,1.0,0.0,1.259057802524161e-05,7.656257104319044e-07,8.483360516065692e-17,4,0.0045364608648729,0.0045178284117023,0.0470676174626048,0.047049009459682,-4.543258007797651e-05,-4.030951577371387e-05,0.0670246833535318,-0.3855179616270706,modal_baffled,lossless,0.0,343.0,1.225,1.4,1.81e-05,0.0257,1006.0,1,1.259057802524161e-05,1.2590578025241605e-05,0.0,0.0,True,dirichlet,exp(+iwt)_rms,120081,16,3.8489746423202445e-16,-0.0009652619471141,-0.0008564171705895,-0.0001322670110047,-4.748953887135879e-05,-9.853696013661704e-05,-5.5165434998409016e-05,-8.074318896576573e-05,-5.038452152580456e-05,-6.939965095433094e-05,-4.577278147982254e-05,-6.151041980848019e-05,-4.220815146142034e-05,-5.562963070275487e-05,-3.93579604122532e-05,-5.098608249489637e-05,-3.712438372256688e-05,-4.714887993143955e-05,-3.534810441425843e-05,-4.3806936489425e-05,-3.3787803815420705e-05,-4.073502204481505e-05,-3.2382772015884505e-05,-3.807488603842909e-05,-3.121295074671097e-05,-3.564157198764098e-05,-3.0137950472006303e-05,-3.347285112576904e-05,-2.946079440430824e-05,-3.1292022177127435e-05,-2.861187942410718e-05,-2.921297327663286e-05,-2.7908610780541884e-05
430.39705549793854,86.28880755922697,-86.19431965165553,328.8020744412012,-2.4858040097178566,2,1.0,0.0,1.3796146510774703e-05,1.0430139886867284e-07,8.798397493944848e-17,4,0.0045364608648729,0.0045178284117023,0.0470676174626048,0.047049009459682,-5.066517405408701e-05,-3.6879884281293504e-05,0.0271706102228836,-0.4084607967169311,modal_baffled,lossless,0.0,343.0,1.225,1.4,1.81e-05,0.0257,1006.0,1,1.3796146510774703e-05,1.3796146510774714e-05,0.0,0.0,True,dirichlet,exp(+iwt)_rms,120081,16,9.842707623328729e-16,-0.0010764337943032,-0.0007835511179335,-0.0001433169936691,-3.4498866041689894e-05,-0.0001078627593841,-4.626199750042959e-05,-8.872598296761018e-05,-4.331161910330999e-05,-7.644385741488794e-05,-3.980123091069526e-05,-6.788646588205894e-05,-3.698568171619954e-05,-6.150353570183011e-05,-3.4685707839202024e-05,-5.646950869598288e-05,-3.288620279562506e-05,-5.231890426532474e-05,-3.14706625118732e-05,-4.8708954159265374e-05,-3.022418241839427e-05,-4.539444470319001e-05,-2.9107990689283844e-05,-4.2535255849889647e-05,-2.81907687624325e-05,-3.992219113077413e-05,-2.734639127336236e-05,-3.761260940679908e-05,-2.6883865279408847e-05,-3.528523232691121e-05,-2.6246580900724545e-05,-3.3074527976089344e-05,-2.574826593164033e-05
437.9415637591524,86.60947619218197,-92.72429749450212,304.05055997975035,17.848550756087178,2,1.0,0.0,1.4868849249426108e-05,-8.728397360316168e-07,8.989666259049783e-17,4,0.0045364608648729,0.0045178284117023,0.0470676174626048,0.047049009459682,-5.550724394267474e-05,-3.212027334578294e-05,-0.0201869476231131,-0.4242396924850245,modal_baffled,lossless,0.0,343.0,1.225,1.4,1.81e-05,0.0257,1006.0,1,1.4868849249426108e-05,1.4868849249426114e-05,0.0,0.0,True,dirichlet,exp(+iwt)_rms,120081,16,2.5424846983955123e-16,-0.001179308555118,-0.0006824282824874,-0.0001522956029314,-1.8265149053634485e-05,-0.0001158852889402,-3.4778788936651446e-05,-9.571189094470426e-05,-3.407081003122126e-05,-8.266674450863692e-05,-3.193588484429908e-05,-7.355853700249022e-05,-3.006168441487055e-05,-6.675884644497761e-05,-2.845521568804248e-05,-6.140202184150234e-05,-2.720146649055312e-05,-5.6994960214546815e-05,-2.6237016363205976e-05,-5.316681755961828e-05,-2.5381818190492784e-05,-4.96558064399042e-05,-2.462483932312266e-05,-4.663871606082585e-05,-2.4018820759129788e-05,-4.388358520237481e-05,-2.3458067469370173e-05,-4.146991940289581e-05,-2.325397759286038e-05,-3.9031768326991086e-05,-2.2872961687076135e-05,-3.672471060009154e-05,-2.2620656866169225e-05
445.6183210777805,86.83910477723883,-99.63441212782467,283.817439683398,38.6256908522039,2,1.0,0.0,1.569307037414542e-05,-2.1357238845850884e-06,8.937089465187572e-17,4,0.0045364608648729,0.0045178284117023,0.0470676174626048,0.047049009459682,-5.94803123547904e-05,-2.6096625263212888e-05,-0.072978736688539,-0.4299057777999006,modal_baffled,lossless,0.0,343.0,1.225,1.4,1.81e-05,0.0257,1006.0,1,1.569307037414542e-05,1.5693070374145415e-05,0.0,0.0,True,dirichlet,exp(+iwt)_rms,120081,16,2.0184747116521254e-15,-0.001263720484727,-0.0005544496762332,-0.0001579815330217,6.720307876068547e-07,-0.0001216493312386,-2.102858352954628e-05,-0.0001009030609894,-2.289158545561673e-05,-8.737384004992082e-05,-2.236037370926532e-05,-7.790439836895438e-05,-2.158956849002176e-05,-7.082707847742992e-05,-2.079805343968124e-05,-6.525709520312102e-05,-2.0184323842663703e-05,-6.068458007408617e-05,-1.974646506310687e-05,-5.671732100863996e-05,-1.9346928524082157e-05,-5.308252870566884e-05,-1.9007359850372752e-05,-4.997101827828257e-05,-1.876005184875076e-05,-4.713172956516591e-05,-1.852572226708881e-05,-4.466774562420616e-05,-1.8613519659016955e-05,-4.217184419373734e-05,-1.8523429243649785e-05,-3.981971936009891e-05,-1.8548189297088905e-05
453.4296456716028,86.963087612426,-106.78469118777248,267.3701180120183,59.53324793754432,2,1.0,0.0,1.6165508616380344e-05,-3.5994494809334707e-06,9.02419167910087e-17,4,0.0045364608648729,0.0045178284117023,0.0470676174626048,0.047049009459682,-6.212984218715357e-05,-1.9100694476207268e-05,-0.1277201921218206,-0.423438542698471,modal_baffled,lossless,0.0,343.0,1.225,1.4,1.81e-05,0.0257,1006.0,1,1.6165508616380344e-05,1.6165508616380358e-05,0.0,0.0,True,dirichlet,exp(+iwt)_rms,120081,16,8.588059766060169e-16,-0.0013200124743198,-0.0004058139227332,-0.0001593889322766,2.1191905119165572e-05,-0.0001243324872249,-5.777332593373702e-06,-0.000103597666721,-1.0381535909623505e-05,-8.994668424261333e-05,-1.1587216751818545e-05,-8.036469937535097e-05,-1.2017267002902567e-05,-7.319316750541816e-05,-1.211475081054779e-05,-6.755405929423372e-05,-1.2197922354686186e-05,-6.293468103541295e-05,-1.2331091351238366e-05,-5.893093132619066e-05,-1.2424577449506275e-05,-5.5266379554671495e-05,-1.2535754488363195e-05,-5.214137847682576e-05,-1.2672914240101752e-05,-4.929157091307141e-05,-1.2787954806130805e-05,-4.684341025943607e-05,-1.3182603480925312e-05,-4.435559876545239e-05,-1.3399863663563218e-05,-4.202121548847782e-05,-1.3715085032065632e-05
461.3778963948586,86.9744692756739,-114.00209240613184,254.12828888862808,80.40804335455401,2,1.0,0.0,1.6226566473236598e-05,-5.134203933696523e-06,8.795100227630779e-17,4,0.0045364608648729,0.0045178284117023,0.0470676174626048,0.047049009459682,-6.315587727261672e-05,-1.1624802618652014e-05,-0.1801241630238388,-0.4045257352350287,modal_baffled,lossless,0.0,343.0,1.225,1.4,1.81e-05,0.0257,1006.0,1,1.6226566473236598e-05,1.6226566473236598e-05,0.0,0.0,True,dirichlet,exp(+iwt)_rms,120081,16,1.1448356872423309e-15,-0.0013418116462511,-0.0002469809020583,-0.0001560949333117,4.175906341522402e-05,-0.0001235031060788,9.856025840091668e-06,-0.0001034058465146,2.548600674926668e-06,-9.003104022900222e-05,-3.970148910583105e-07,-8.061177812647235e-05,-2.0358122818123343e-06,-7.354982259948943e-05,-3.0301756224743098e-06,-6.800117921987581e-05,-3.815198638347129e-06,-6.346549963083478e-05,-4.521141058927027e-06,-5.953787119579171e-05,-5.108086259535254e-06,-5.594641670841922e-05,-5.669539398884724e-06,-5.289544460187429e-05,-6.187903219929987e-06,-5.011458493377393e-05,-6.6488611228628456e-06,-4.775163359662524e-05,-7.341805514683915e-06,-4.534154059484793e-05,-7.85935832461356e-06,-4.309052108589506e-05,-8.456109794851435e-06
469.4654734505737,86.87574448384305,-121.1057796086572,243.6394007125449,101.1808650850448,2,1.0,0.0,1.588070020759148e-05,-6.59508675715447e-06,8.803736276461404e-17,4,0.0045364608648729,0.0045178284117023,0.0470676174626048,0.047049009459682,-6.250860277548204e-05,-4.251532806859065e-06,-0.2261578832048314,-0.3748207168098362,modal_baffled,lossless,0.0,343.0,1.225,1.4,1.81e-05,0.0257,1006.0,1,1.588070020759148e-05,1.588070020759149e-05,0.0,0.0,True,dirichlet,exp(+iwt)_rms,120081,16,9.463534026924908e-16,-0.0013280596330405,-9.032819241885146e-05,-0.0001484092513833,6.078905955034372e-05,-0.0001192748296918,2.466077419368476e-05,-0.0001003851391853,1.489592198016552e-05,-8.765800216139836e-05,1.034154136721092e-05,-7.866039180586509e-05,7.579413025720413e-06,-7.190040369649632e-05,5.749554585095566e-06,-6.6592475896997e-05,4.311900183787727e-06,-6.226263775888103e-05,3.075601819248613e-06,-5.851612617802321e-05,2.0327941536590248e-06,-5.509337327180239e-05,1.0562159103964365e-06,-5.219682111210467e-05,1.892369013211436e-07,-4.955773943598807e-05,-5.875841967982733e-07,-4.734170210772832e-05,-1.5474514063474052e-06,-4.507178576626576e-05,-2.3352061581501817e-06,-4.296221858892688e-05,-3.1830139037891505e-06
477.6948191153692,86.67830633343664,-127.93529312396596,235.55641856763484,121.84139312914084,2,1.0,0.0,1.5193513249748923e-05,-7.85883412616047e-06,8.40606320727288e-17,4,0.0045364608648729,0.0045178284117023,0.0470676174626048,0.047049009459682,-6.039372616183552e-05,2.4950923490050163e-06,-0.2630478031880346,-0.3374707211923934,modal_baffled,lossless,0.0,343.0,1.225,1.4,1.81e-05,0.0257,1006.0,1,1.5193513249748923e-05,1.5193513249748911e-05,0.0,0.0,True,dirichlet,exp(+iwt)_rms,120081,16,7.838400342485015e-16,-0.0012831269016286,5.301080622972605e-05,-0.0001372750547082,7.704754725914423e-05,-0.000112262300926,3.764092864346012e-05,-9.501314010005336e-05,2.5819725006047403e-05,-8.322509261042854e-05,1.9892233931126666e-05,-7.485415773449235e-05,1.6165712031312964e-05,-6.85491411308638e-05,1.3616635766169234e-05,-6.360100808492791e-05,1.1618319826836232e-05,-5.957304590250767e-05,9.92859216695498e-06,-5.608984637629433e-05,8.497083273667306e-06,-5.2910342647405336e-05,7.167359186879912e-06,-5.022993716925049e-05,6.006615177152923e-06,-4.778838580481895e-05,4.964106795680684e-06,-4.5764602413892015e-05,3.785097832091565e-06,-4.3681305663258665e-05,2.77404713890876e-06,-4.175558625469604e-05,1.721030678722364e-06
486.068418476976,86.39981672003984,-134.3714322398994,229.6195235898469,142.415907477336,2,1.0,0.0,1.4267865309249082e-05,-8.849295364843082e-06,8.091541468259611e-17,4,0.0045364608648729,0.0045178284117023,0.0470676174626048,0.047049009459682,-5.718837162585052e-05,8.263016341308712e-06,-0.2897445623784995,-0.2961726703715595,modal_baffled,lossless,0.0,343.0,1.225,1.4,1.81e-05,0.0257,1006.0,1,1.4267865309249082e-05,1.4267865309249076e-05,0.0,0.0,True,dirichlet,exp(+iwt)_rms,120081,16,9.903899419252509e-16,-0.0012150258438572,0.000175556290859,-0.000123959276696,8.988721975391331e-05,-0.0001033669219128,4.821603492987646e-05,-8.801668197300913e-05,3.481370950393175e-05,-7.735170411872478e-05,2.7803482468997145e-05,-6.97388786330302e-05,2.3310977956514813e-05,-6.398760225867291e-05,2.018877739430733e-05,-5.947569300204277e-05,1.774479477234036e-05,-5.581043041669494e-05,1.5696778134692738e-05,-5.2642213917452926e-05,1.395916388026976e-05,-4.975250428675756e-05,1.2352134679320134e-05,-4.732575088685475e-05,1.0963508556734154e-05,-4.511541682247503e-05,9.715380084412233e-06,-4.330921810064332e-05,8.372110126701184e-06,-4.143910302409384e-05,7.192247459146645e-06,-3.9720581371876265e-05,5.986382294563204e-06
494.58880018468136,86.06069842904732,-140.34414631066318,225.64192780312587,162.95302591440165,2,1.0,0.0,1.3213406756930825e-05,-9.542395930770143e-06,8.020688961387791e-17,4,0.0045364608648729,0.0045178284117023,0.0470676174626048,0.047049009459682,-5.3321043514024896e-05,1.2906240019366114e-05,-0.3067396994811978,-0.2542612165539717,modal_baffled,lossless,0.0,343.0,1.225,1.4,1.81e-05,0.0257,1006.0,1,1.3213406756930825e-05,1.321340675693082e-05,0.0,0.0,True,dirichlet,exp(+iwt)_rms,120081,16,1.6786072586291096e-15,-0.001132860475812,0.0002742063591729,-0.00010970797829,9.924683239372624e-05,-9.35185570922849e-05,5.624632037739824e-05,-8.015936542021177e-05,4.17345098445855e-05,-7.069582498279722e-05,3.39369971556261e-05,-6.389948187480627e-05,2.8881998545587715e-05,-5.874660526096453e-05,2.5337093366110512e-05,-5.4704948498803415e-05,2.256550426981709e-05,-5.142849000457588e-05,2.0256234028947823e-05,-4.859695640576435e-05,1.82964710672492e-05,-4.601619723293002e-05,1.648898749094006e-05,-4.385725521298043e-05,1.493847200936619e-05,-4.1890614166308367e-05,1.3544764062883265e-05,-4.0308769412462814e-05,1.2090590679950105e-05,-3.86597669943392e-05,1.0795309553772156e-05,-3.715421358399873e-05,9.48731241854788e-06
503.2585372129242,85.68102909287776,-145.8285137893023,223.49945411869635,183.5144146268604,2,1.0,0.0,1.2123664075352024e-05,-9.954687024601583e-06,7.373486501382293e-17,4,0.0045364608648729,0.0045178284117023,0.0470676174626048,0.047049009459682,-4.917428359719746e-05,1.644950029942722e-05,-0.3154996081257887,-0.2141838619538457,modal_baffled,lossless,0.0,343.0,1.225,1.4,1.81e-05,0.0257,1006.0,1,1.2123664075352024e-05,1.2123664075352028e-05,0.0,0.0,True,dirichlet,exp(+iwt)_rms,120081,16,1.220623200190536e-15,-0.0010447582913298,0.0003494865724294,-9.551483351935549e-05,0.0001054832595867,-8.348945992101196e-05,6.192424409800982e-05,-7.208469368308883e-05,4.6717764716565326e-05,-6.381676747588743e-05,3.839810126692241e-05,-5.783652293348358e-05,3.296435598998747e-05,-5.32830029315433e-05,2.9132992421479405e-05,-4.971148539817779e-05,2.614049774383506e-05,-4.682217731980175e-05,2.3657227361140424e-05,-4.432515258727017e-05,2.1550614847178703e-05,-4.205075855093446e-05,1.961143359954049e-05,-4.01554975708901e-05,1.7957536744605357e-05,-3.84284482920016e-05,1.647139158634638e-05,-3.706370794019109e-05,1.4952459541442492e-05,-3.5629534798103535e-05,1.3588260669259524e-05,-3.432950725800615e-05,1.222186309426956e-05
512.0802476382815,85.2785329648244,-150.8339941380848,223.1234134458365,204.16847643191417,2,1.0,0.0,1.106596307337477e-05,-1.0125879602013182e-05,6.942736377725457e-17,4,0.0045364608648729,0.0045178284117023,0.0470676174626048,0.047049009459682,-4.503608003536169e-05,1.9022831701129864e-05,-0.3178660560985677,-0.1774019164921809,modal_baffled,lossless,0.0,343.0,1.225,1.4,1.81e-05,0.0257,1006.0,1,1.106596307337477e-05,1.1065963073374769e-05,0.0,0.0,True,dirichlet,exp(+iwt)_rms,120081,16,1.806708571630912e-15,-0.0009568378954201,0.0004041596478989,-8.204196735421241e-05,0.0001091607477952,-7.381914285714085e-05,6.562253251959843e-05,-6.424948443579098e-05,5.005492855622583e-05,-5.711526180336429e-05,4.143040483197225e-05,-5.191116936859147e-05,3.576936765341978e-05,-4.7928384073684585e-05,3.176417064589098e-05,-4.480386603861177e-05,2.863879740630219e-05,-4.228149148334986e-05,2.6053176935946427e-05,-4.010090558083549e-05,2.3861407366791444e-05,-3.8115875224140006e-05,2.184673196042864e-05,-3.646823312186751e-05,2.0136882396200696e-05,-3.4965892168215866e-05,1.860131297253453e-05,-3.380228971577348e-05,1.7054133830092715e-05,-3.256770071012343e-05,1.565807925341369e-05,-3.145759416124282e-05,1.4267792219236391e-05
521.0565954300712,84.8677100603855,-155.39224927810338,224.4963605931491,224.9856619860127,2,1.0,0.0,1.0081642699325434e-05,-1.0103616159394451e-05,6.388043641932044e-17,4,0.0045364608648729,0.0045178284117023,0.0470676174626048,0.047049009459682,-4.109363365147893e-05,2.080033458343966e-05,-0.3156289911242677,-0.1445578845618426,modal_baffled,lossless,0.0,343.0,1.225,1.4,1.81e-05,0.0257,1006.0,1,1.0081642699325434e-05,1.0081642699325433e-05,0.0,0.0,True,dirichlet,exp(+iwt)_rms,120081,16,3.853615200299895e-16,-0.0008730765623334,0.0004419245269843,-6.965001919132935e-05,0.0001108836034558,-6.482435361152189e-05,6.776655744631072e-05,-5.692827060946501e-05,5.2087618926712064e-05,-5.0835290678731496e-05,4.332432259158782e-05,-4.634546808314197e-05,3.755245217082414e-05,-4.288825490279689e-05,3.346028663517093e-05,-4.017479192541998e-05,3.0269790352533936e-05,-3.79889524644045e-05,2.763670709242809e-05,-3.609807861543312e-05,2.5406932642994897e-05,-3.4377614084074416e-05,2.335961641556481e-05,-3.2955253240695096e-05,2.162966699980725e-05,-3.165709569486574e-05,2.007713652382028e-05,-3.0674478994208444e-05,1.8528582654587355e-05,-2.961980370514764e-05,1.712818565386654e-05,-2.8680144193067883e-05,1.5739343938385235e-05
530.1902912548117,84.45978352558694,-159.54677979080657,227.650417212711,246.0344084278205,2,1.0,0.0,9.191428235536106e-06,-9.933685324300931e-06,6.135654881409637e-17,4,0.0045364608648729,0.0045178284117023,0.0470676174626048,0.047049009459682,-3.745036590895415e-05,2.195840330570136e-05,-0.31030757002728,-0.1157305639629817,modal_baffled,lossless,0.0,343.0,1.225,1.4,1.81e-05,0.0257,1006.0,1,9.191428235536106e-06,9.1914282355361e-06,0.0,0.0,True,dirichlet,exp(+iwt)_rms,120081,16,3.3427787858674372e-16,-0.0007956715875561,0.0004665288894885,-5.847506744315785e-05,0.0001111982392414,-5.664937592272611e-05,6.875516503403718e-05,-5.025244732857136e-05,5.314074850211067e-05,-4.509670765127345e-05,4.435849568154683e-05,-4.12505661203237e-05,3.856038650992193e-05,-3.826704602874137e-05,3.444457606016517e-05,-3.592356816470838e-05,3.123823616234211e-05,-3.40399374134853e-05,2.8597393309581776e-05,-3.240877367946757e-05,2.6363637308111657e-05,-3.092518540597863e-05,2.431451417199841e-05,-2.9703630650222853e-05,2.259000962865276e-05,-2.858724181552657e-05,2.104360551451864e-05,-2.7764476073746425e-05,1.951220193821504e-05,-2.6868854839147528e-05,1.8126647422409743e-05,-2.607931957565841e-05,1.675666936807291e-05
539.4840932947902,84.06308947280874,-163.3454979351507,232.66796303663213,267.37687112964807,2,1.0,0.0,8.401918586725014e-06,-9.655298795265915e-06,5.842150353779671e-17,4,0.0045364608648729,0.0045178284117023,0.0470676174626048,0.047049009459682,-3.414974767458883e-05,2.2653765972194467e-05,-0.3030857556216498,-0.0906678068261255,modal_baffled,lossless,0.0,343.0,1.225,1.4,1.81e-05,0.0257,1006.0,1,8.401918586725014e-06,8.401918586725012e-06,0.0,0.0,True,dirichlet,exp(+iwt)_rms,120081,16,1.2102772317599458e-15,-0.0007255465544165,0.000481302585375,-4.850855742150694e-05,0.0001105529991117,-4.932292340446041e-05,6.892457353386697e-05,-4.425615736444355e-05,5.34910131350806e-05,-3.993434569217071e-05,4.477167429939842e-05,-3.666117736193079e-05,3.900563875082807e-05,-3.4099158214344674e-05,3.491003545343181e-05,-3.2084459358148267e-05,3.1721879746032774e-05,-3.046881628428302e-05,2.9100504874529678e-05,-2.906754267815348e-05,2.688603032699107e-05,-2.7793388758073127e-05,2.485610478977649e-05,-2.6748638842993573e-05,2.3154232372370317e-05,-2.579207553318418e-05,2.1629452313197838e-05,-2.510898609712165e-05,2.0127106392054392e-05,-2.4352353874439686e-05,1.876893895422522e-05,-2.369359220560126e-05,1.7428987391563206e-05
548.9408080809709,83.68362745058262,-166.83606913182066,239.68458929675185,289.0636204054065,2,1.0,0.0,7.71113332564387e-06,-9.299755662554008e-06,5.524859516647548e-17,4,0.0045364608648729,0.0045178284117023,0.0470676174626048,0.047049009459682,-3.1196920745166245e-05,2.3015564568367045e-05,-0.294833442889279,-0.0689567729090973,modal_baffled,lossless,0.0,343.0,1.225,1.4,1.81e-05,0.0257,1006.0,1,7.71113332564387e-06,7.711133325643863e-06,0.0,0.0,True,dirichlet,exp(+iwt)_rms,120081,16,1.130285366240065e-15,-0.0006628107056821,0.0004889893691061,-3.966066396159836e-05,0.000109293562068,-4.280529716192846e-05,6.854017562548948e-05,-3.8914979080208e-05,5.3358708955281945e-05,-3.5331335275060134e-05,4.475491711742124e-05,-3.256518815169137e-05,3.905891131957311e-05,-3.037581948681004e-05,3.501224859149843e-05,-2.8651392702181904e-05,3.186448303741417e-05,-2.7271890484692905e-05,2.9280173383438064e-05,-2.6072802706959672e-05,2.709995549393365e-05,-2.498263593985041e-05,2.5102675833837168e-05,-2.4092587377314836e-05,2.3434248544905942e-05,-2.3275660078778837e-05,2.1940809691390253e-05,-2.271402909239091e-05,2.047448494057483e-05,-2.207815023194261e-05,1.915126286500425e-05,-2.1532708371985872e-05,1.7847842720385276e-05
558.563291340511,83.32560877620317,-170.0633593045047,248.89425672941644,311.1263389941509,2,1.0,0.0,7.1125268466151495e-06,-8.890901975254156e-06,5.1970902412221876e-17,4,0.0045364608648729,0.0045178284117023,0.0470676174626048,0.047049009459682,-2.8574991589613897e-05,2.314535787058485e-05,-0.2861619193397459,-0.0501318460208426,modal_baffled,lossless,0.0,343.0,1.225,1.4,1.81e-05,0.0257,1006.0,1,7.1125268466151495e-06,7.112526846615148e-06,0.0,0.0,True,dirichlet,exp(+iwt)_rms,120081,16,1.0437441417193605e-15,-0.0006071051208894,0.0004917469614639,-3.180346526609421e-05,0.0001076753054593,-3.702169440764981e-05,6.780256689154847e-05,-3.417361047195369e-05,5.291171057925838e-05,-3.12431304218716e-05,4.445451721467381e-05,-2.892513470365913e-05,3.885139215957948e-05,-2.706466848759272e-05,3.487115709558356e-05,-2.5596060937200165e-05,3.177720792159206e-05,-2.4424290767445588e-05,2.924043725714296e-05,-2.3402696886298228e-05,2.7103334402003065e-05,-2.2473866847114197e-05,2.5146582315265742e-05,-2.1718940966509847e-05,2.351775481892224e-05,-2.1023773560985885e-05,2.2061155764867395e-05,-2.056772186867681e-05,2.063427830538331e-05,-2.003660271178741e-05,1.934997408036274e-05,-1.958926856459242e-05,1.808626987949995e-05
568.3544488591286,82.99192977544686,-173.06829118944415,260.55656839358124,333.5672675385502,2,1.0,0.0,6.597596984853572e-06,-8.446313259828757e-06,4.9601717967107937e-17,4,0.0045364608648729,0.0045178284117023,0.0470676174626048,0.047049009459682,-2.62560090409635e-05,2.312068234195917e-05,-0.2774847615179225,-0.0337351715960324,modal_baffled,lossless,0.0,343.0,1.225,1.4,1.81e-05,0.0257,1006.0,1,6.597596984853572e-06,6.597596984853575e-06,0.0,0.0,True,dirichlet,exp(+iwt)_rms,120081,16,8.302757359262597e-16,-0.000557835948714,0.0004912227044491,-2.479728333634088e-05,0.0001058810473888,-3.1883313311929345e-05,6.685887205061217e-05,-2.996363910052152e-05,5.227419064825204e-05,-2.761304692402602e-05,4.397921537459324e-05,-2.569217328989444e-05,3.848095778167067e-05,-2.412255453953512e-05,3.4576526731953284e-05,-2.287981040899952e-05,3.154349853259976e-05,-2.189112786562574e-05,2.9059633253631323e-05,-2.1025612541559636e-05,2.6970128650068352e-05,-2.023849325022248e-05,2.5057811791172774e-05,-1.9601785019092538e-05,2.3471442500287537e-05,-1.901294189146199e-05,2.205420119359828e-05,-1.864895539567619e-05,2.0667751989600605e-05,-1.820889313324043e-05,1.942384640003096e-05,-1.7846707319919603e-05,1.8200758090562417e-05
578.3172373585863,82.6845498501841,-175.8875572663999,275.00588702646127,356.34367621306933,2,1.0,0.0,6.157441746557632e-06,-7.978612573573906e-06,4.8640661602807203e-17,4,0.0045364608648729,0.0045178284117023,0.0470676174626048,0.047049009459682,-2.4207771153450867e-05,2.299964798291532e-05,-0.2690713413149521,-0.0193460080483392,modal_baffled,lossless,0.0,343.0,1.225,1.4,1.81e-05,0.0257,1006.0,1,6.157441746557632e-06,6.157441746557634e-06,0.0,0.0,True,dirichlet,exp(+iwt)_rms,120081,16,4.829623326010209e-16,-0.0005143190256588,0.0004886512048583,-1.8505151743763608e-05,0.000104038339372,-2.7299534367127293e-05,6.581462986975816e-05,-2.6213963468678114e-05,5.153607013519462e-05,-2.438145733111706e-05,4.340818338206238e-05,-2.28144036474757e-05,3.801915846280708e-05,-2.15032069857587e-05,3.4194199433411e-05,-2.0460802466742636e-05,3.1224755101750046e-05,-1.963424680231172e-05,2.8795590104025548e-05,-1.89065879187504e-05,2.675511589075168e-05,-1.824449122214833e-05,2.4888376200402383e-05,-1.7711660863923346e-05,2.3345053644872592e-05,-1.721604207666985e-05,2.1967638854428795e-05,-1.693281706354946e-05,2.062096133971822e-05,-1.657226022512913e-05,1.9417256739224824e-05,-1.6284358323666778e-05,1.823416378570455e-05
588.454665389562,82.40477981934632,-178.5538087194009,292.66157169227137,379.344955923919,2,1.0,0.0,5.78361208299704e-06,-7.496659223208483e-06,4.672171419348543e-17,4,0.0045364608648729,0.0045178284117023,0.0470676174626048,0.047049009459682,-2.2397732841319983e-05,2.282534374542682e-05,-0.2610891467787434,-0.0065914986646174,modal_baffled,lossless,0.0,343.0,1.225,1.4,1.81e-05,0.0257,1006.0,1,5.78361208299704e-06,5.783612082997045e-06,0.0,0.0,True,dirichlet,exp(+iwt)_rms,120081,16,1.4171932360211896e-15,-0.0004758628978642,0.0004849479318463,-1.2799718231186248e-05,0.00010223402006,-2.318423509924143e-05,6.474419932140267e-05,-2.285632820857156e-05,5.0761425913157726e-05,-2.1490739826057783e-05,4.279819719589554e-05,-2.0241392707122427e-05,3.751754471385925e-05,-1.9161436706207626e-05,3.377179523537764e-05,-1.8297966241854463e-05,3.086554472632544e-05,-1.7615983287983225e-05,2.8490433932434012e-05,-1.7010902130377556e-05,2.649834388629274e-05,-1.645984174891434e-05,2.467644358459004e-05,-1.601888783382312e-05,2.317523424563439e-05,-1.560551801865694e-05,2.1836743263112216e-05,-1.539373182095771e-05,2.052812136386694e-05,-1.5103060089642732e-05,1.9363326731499607e-05,-1.4880446221789582e-05,1.8218633755516576e-05
598.7697942401657,82.15349541954039,178.90391914272905,314.03765112212824,402.3590061487328,2,1.0,0.0,5.468528277687872e-06,-7.006521654472059e-06,4.3835886795626186e-17,4,0.0045364608648729,0.0045178284117023,0.0470676174626048,0.047049009459682,-2.079504545135087e-05,2.262958044011103e-05,-0.2536352937510463,0.0048526909120822,modal_baffled,lossless,0.0,343.0,1.225,1.4,1.81e-05,0.0257,1006.0,1,5.468528277687872e-06,5.468528277687873e-06,0.0,0.0,True,dirichlet,exp(+iwt)_rms,120081,16,6.024673569207682e-16,-0.0004418121539266,0.0004807887388413,-7.565677352243184e-06,0.000100525555724,-1.945852313068844e-05,6.36991009395635e-05,-1.9827841953806084e-05,4.999530354500152e-05,-1.8887587496313527e-05,4.2189487700093904e-05,-1.7926324086686016e-05,3.701285406460377e-05,-1.705516131684083e-05,3.334340776107358e-05,-1.6352929284897157e-05,3.049791113946531e-05,-1.5801022530274186e-05,2.817458110647512e-05,-1.5305874219610596e-05,2.622884922934247e-05,-1.4854277333442388e-05,2.4449805828565665e-05,-1.4495271799176837e-05,2.298878681491946e-05,-1.4155055492308844e-05,2.1687427372829316e-05,-1.40071221687882e-05,2.04144898562671e-05,-1.3778406458137766e-05,1.928663223308067e-05,-1.3613714086224408e-05,1.8178149823458698e-05
609.2657388603812,81.93129227210466,176.4596852425433,339.74839772887594,425.02352003123207,2,1.0,0.0,5.205642796824736e-06,-6.512232700203344e-06,4.3402211839414777e-17,4,0.0045364608648729,0.0045178284117023,0.0470676174626048,0.047049009459682,-1.937145777527672e-05,2.243587804621512e-05,-0.2467590856843795,0.0152667151913874,modal_baffled,lossless,0.0,343.0,1.225,1.4,1.81e-05,0.0257,1006.0,1,5.205642796824736e-06,5.205642796824736e-06,0.0,0.0,True,dirichlet,exp(+iwt)_rms,120081,16,5.742423999313165e-16,-0.0004115665678354,0.0004766733320215,-2.699739047116749e-06,9.89494672993014e-05,-1.6051414760962164e-05,6.271436980521802e-05,-1.707174109976006e-05,4.926895307492357e-05,-1.6523771186312923e-05,4.161026106439166e-05,-1.5826748430074355e-05,3.653103481747908e-05,-1.5146141485075233e-05,3.293325937916748e-05,-1.4590744924258696e-05,3.014474082610086e-05,-1.4157123374210208e-05,2.7869867689925187e-05,-1.3761586054582151e-05,2.5967582392275757e-05,-1.3400005331686182e-05,2.422861684768446e-05,-1.3114833646681033e-05,2.28052494126024e-05,-1.2840315998607288e-05,2.1538676888336868e-05,-1.2750157630308735e-05,2.029867555073025e-05,-1.2576932016767064e-05,1.9205384676720395e-05,-1.2464200329914688e-05,1.813059068539061e-05
619.9456688027195,81.73859670681681,174.0901009453573,370.50288163726185,446.7568514816399,2,1.0,0.0,4.989466002206401e-06,-6.016358393408609e-06,4.229217867688069e-17,4,0.0045364608648729,0.0045178284117023,0.0470676174626048,0.047049009459682,-1.810155550180156e-05,2.2261767167593465e-05,-0.2404776939796058,0.0248929442815235,modal_baffled,lossless,0.0,343.0,1.225,1.4,1.81e-05,0.0257,1006.0,1,4.989466002206401e-06,4.989466002206401e-06,0.0,0.0,True,dirichlet,exp(+iwt)_rms,120081,16,7.872568848131189e-16,-0.0003845861863771,0.0004729741671177,1.890654856910474e-06,9.752738092555822e-05,-1.289940941272236e-05,6.181323476424533e-05,-1.4537193646056769e-05,4.860371976210095e-05,-1.4356047366050494e-05,4.1080074853026975e-05,-1.3904554190316004e-05,3.609026263227858e-05,-1.339999448036652e-05,3.2558449960114e-05,-1.2979940719864535e-05,2.9822301898640547e-05,-1.2655198262792248e-05,2.759191698017983e-05,-1.235099042188608e-05,2.572962742060587e-05,-1.2071842895554428e-05,2.4027477278861268e-05,-1.185397034854362e-05,2.263886600027993e-05,-1.163912200382228e-05,2.140441669169548e-05,-1.1601969330162511e-05,2.019441550033332e-05,-1.14790292585684e-05,1.9133118422058626e-05,-1.1413507625773063e-05,1.80893350008751e-05
630.8128091793537,81.57574393960323,171.773805096946,407.0757627849988,466.6633134706217,2,1.0,0.0,4.815525256256457e-06,-5.520419483615879e-06,4.228874685173124e-17,4,0.0045364608648729,0.0045178284117023,0.0470676174626048,0.047049009459682,-1.6962634323959174e-05,2.2120526590873017e-05,-0.234786753029122,0.033942865700645,modal_baffled,lossless,0.0,343.0,1.225,1.4,1.81e-05,0.0257,1006.0,1,4.815525256256457e-06,4.815525256256455e-06,0.0,0.0,True,dirichlet,exp(+iwt)_rms,120081,16,1.7393472864306224e-15,-0.0003603886331709,0.0004699733656254,6.289175669268159e-06,9.627023545096584e-05,-9.94551954148589e-06,6.101047622317696e-05,-1.217861585839772e-05,4.8013864865985885e-05,-1.2345625143114623e-05,4.061229947258543e-05,-1.2125531719930875e-05,3.5703148770059314e-05,-1.1785826992247094e-05,3.223097551043924e-05,-1.149220604006418e-05,2.954211414850249e-05,-1.1269047677487833e-05,2.735188858219313e-05,-1.1049686379227932e-05,2.552584663517353e-05,-1.0847030526483952e-05,2.3856983949894025e-05,-1.0691303126996351e-05,2.2500055671961495e-05,-1.0531336771208937e-05,2.129490710600849e-05,-1.0543563720363324e-05,2.011191004680306e-05,-1.0466795461491513e-05,1.9079963263976787e-05,-1.0444779817404124e-05,1.8064475895437863e-05
641.8704416360329,81.44303226474223,169.49097005849055,450.2323671677706,483.41119320021846,2,1.0,0.0,4.680298500150357e-06,-5.025202201084304e-06,4.1041536411405124e-17,4,0.0045364608648729,0.0045178284117023,0.0470676174626048,0.047049009459682,-1.593438085969627e-05,2.2022480738389893e-05,-0.2296672578646979,0.0426037507414184,modal_baffled,lossless,0.0,343.0,1.225,1.4,1.81e-05,0.0257,1006.0,1,4.680298500150357e-06,4.680298500150359e-06,0.0,0.0,True,dirichlet,exp(+iwt)_rms,120081,16,1.568094343902352e-15,-0.0003385423294976,0.0004678902805285,1.0572644942061756e-05,9.518108833405918e-05,-7.138068238724867e-06,6.0314771632731424e-05,-9.95476891776832e-06,4.7508563689634215e-05,-1.045742814472929e-05,4.021587438348449e-05,-1.045874406289254e-05,3.537832357501922e-05,-1.027568384685864e-05,3.195918118802088e-05,-1.0101902387564183e-05,2.931229971018774e-05,-9.974922272399162e-06,2.715774593382698e-05,-9.835526188436373e-06,2.536407634096952e-05,-9.70488053037186e-06,2.3724860074957687e-05,-9.607362428071486e-06,2.2396487907091235e-05,-9.498582571329386e-06,2.1217769092684585e-05,-9.557574653046722e-06,2.0058807057525227e-05,-9.523816178846676e-06,1.905358640115354e-05,-9.542516912881029e-06,1.806372405593079e-05
653.1219053430736,81.34075949857558,167.2228401313563,500.5735056259919,495.0929966511049,2,1.0,0.0,4.581145373173845e-06,-4.5309888865624655e-06,4.0059825205339056e-17,4,0.0045364608648729,0.0045178284117023,0.0470676174626048,0.047049009459682,-1.4998458481579427e-05,2.197596322482372e-05,-0.2250897657899987,0.0510447883046656,modal_baffled,lossless,0.0,343.0,1.225,1.4,1.81e-05,0.0257,1006.0,1,4.581145373173845e-06,4.581145373173844e-06,0.0,0.0,True,dirichlet,exp(+iwt)_rms,120081,16,1.7455683786517578e-15,-0.0003186576948258,0.0004669019680523,1.4813082528817958e-05,9.42568498747612e-05,-4.429417265195962e-06,5.973027056484215e-05,-7.827777163176949e-06,4.709327756968025e-05,-8.65927735552782e-06,3.9896527316127584e-05,-8.875819378380513e-06,3.51215437665064e-05,-8.843919124112974e-06,3.1748782653096176e-05,-8.785496477949674e-06,2.9138536758545903e-05,-8.751007566949593e-06,2.7015155160095077e-05,-8.688144327643545e-06,2.5249978103108623e-05,-8.626346960318701e-06,2.363676309493672e-05,-8.584193151687552e-06,2.233385411523534e-05,-8.523877903026703e-06,2.117872256933368e-05,-8.627932437555623e-06,2.0040914161724985e-05,-8.634863698442165e-06,1.9059877102955575e-05,-8.692302752795057e-06,1.809306740859529e-05
664.5705980037142,81.2692459502965,164.95129688585197,558.253477334362,499.1042019782504,2,1.0,0.0,4.516248325787176e-06,-4.037733051553484e-06,4.036673038097266e-17,4,0.0045364608648729,0.0045178284117023,0.0470676174626048,0.047049009459682,-1.413804732525836e-05,2.198803012154199e-05,-0.2210165814956835,0.0594226196115075,modal_baffled,lossless,0.0,343.0,1.225,1.4,1.81e-05,0.0257,1006.0,1,4.516248325787176e-06,4.516248325787173e-06,0.0,0.0,True,dirichlet,exp(+iwt)_rms,120081,16,1.930621984470104e-15,-0.0003003773738173,0.0004671583416987,1.907968940557876e-05,9.348917132309515e-05,-1.774701435503844e-06,5.92575739629739e-05,-5.762135592862977e-06,4.677064414950568e-05,-6.92105592649914e-06,3.9657581051259465e-05,-7.350221155795639e-06,3.493643423761669e-05,-7.466542132436449e-06,3.160355604376283e-05,-7.520965714139698e-06,2.90247083079451e-05,-7.576878672726181e-06,2.6928100540524145e-05,-7.588454236231664e-06,2.518762494526916e-05,-7.59356109887735e-06,2.3596844075025785e-05,-7.604922955356926e-06,2.231640465631194e-05,-7.591235451012463e-06,2.1182102697239e-05,-7.73949100387144e-06,2.0062700057863423e-05,-7.78555083335043e-06,1.910343126996488e-05,-7.88048514581309e-06,1.8157240909745392e-05
676.2199768801522,81.22884662038844,162.65844238257029,622.527551464877,492.12827250545206,2,1.0,0.0,4.484570111801095e-06,-3.545198500623747e-06,4.1420263915960106e-17,4,0.0045364608648729,0.0045178284117023,0.0470676174626048,0.047049009459682,-1.3337358315379576e-05,2.2064984702016e-05,-0.2174023492178359,0.0678863133697871,modal_baffled,lossless,0.0,343.0,1.225,1.4,1.81e-05,0.0257,1006.0,1,4.484570111801095e-06,4.484570111801095e-06,0.0,0.0,True,dirichlet,exp(+iwt)_rms,120081,16,6.080478961042809e-16,-0.0002833659113078,0.0004687933210034,2.3440742676549537e-05,9.28646218487748e-05,8.69402655358908e-07,5.8894232404950586e-05,-3.723732483793322e-06,4.654098320708363e-05,-5.2138797162507e-06,3.9500432682145326e-05,-5.856518438307512e-06,3.4824940401101246e-05,-6.120559273488414e-06,3.15257658198038e-05,-6.287196240478848e-06,2.897330996659348e-05,-6.43294464462465e-06,2.689927599515621e-05,-6.518131906475445e-06,2.517987795487485e-05,-6.589351213072152e-06,2.3608110543139636e-05,-6.653312119798863e-06,2.234730007291325e-05,-6.685239073326982e-06,2.123119997158851e-05,-6.877631547582496e-06,2.0127628303684947e-05,-6.9619583712127945e-06,1.9187876718043e-05,-7.093826862175653e-06,1.82600448730952e-05
688.0735598375637,81.21995402274806,160.3261896143663,691.1363464777279,470.390844793606,2,1.0,0.0,4.4858306324288295e-06,-3.053078703707317e-06,3.9689254366959957e-17,4,0.0045364608648729,0.0045178284117023,0.0470676174626048,0.047049009459682,-1.258112271994376e-05,2.2212755976575915e-05,-0.2141932713365753,0.0765818540085626,modal_baffled,lossless,0.0,343.0,1.225,1.4,1.81e-05,0.0257,1006.0,1,4.4858306324288295e-06,4.485830632428827e-06,0.0,0.0,True,dirichlet,exp(+iwt)_rms,120081,16,6.83956002442373e-16,-0.0002672989073632,0.0004719328738962,2.7965401258298924e-05,9.236421088677618e-05,3.545869299124245e-06,5.863482654161343e-05,-1.6788910929974137e-06,4.640247441550084e-05,-3.509277276672908e-06,3.942475568058253e-05,-4.369659682095187e-06,3.478753674993301e-05,-4.7833153978221245e-06,3.151637238583646e-05,-5.063377241048973e-06,2.898565553876451e-05,-5.2998862513778505e-06,2.693028898126658e-05,-5.459090262400399e-06,2.522858742351454e-05,-5.59675070780981e-06,2.3672624814280728e-05,-5.713289301099532e-06,2.242880671200097e-05,-5.7906043550353305e-06,2.1328452539286456e-05,-6.027847545866424e-06,2.023835068243302e-05,-6.150241317719495e-06,1.9316064718262155e-05,-6.319132932266839e-06,1.8404535951205957e-05
700.1349264064206,81.24299186896798,157.93584891451204,759.6837671863095,430.4020478184013,2,1.0,0.0,4.520504092330176e-06,-2.5611106917771115e-06,4.333927218676651e-17,4,0.0045364608648729,0.0045178284117023,0.0470676174626048,0.047049009459682,-1.1854046893405138e-05,2.2437155835514003e-05,-0.2113250028731698,0.0856562010358666,modal_baffled,lossless,0.0,343.0,1.225,1.4,1.81e-05,0.0257,1006.0,1,4.520504092330176e-06,4.520504092330181e-06,0.0,0.0,True,dirichlet,exp(+iwt)_rms,120081,16,7.052507778346003e-16,-0.0002518514327355,0.0004767004799709,3.272541848965635e-05,9.196224127785568e-05,6.2984810550506055e-06,5.847064683872929e-05,4.065745046453392e-07,4.635102697639527e-05,-1.7783740543951605e-06,3.9428444191749534e-05,-2.8642451410698783e-06,3.4823210100437944e-05,-3.431829772365335e-06,3.157503684399778e-05,-3.828386887850195e-06,2.906189685724516e-05,-4.158082871256157e-06,2.702169235611041e-05,-4.3929403329715e-06,2.533463322282008e-05,-4.59849101682616e-06,2.379155170521561e-05,-4.768469808344847e-06,2.256234983380118e-05,-4.891719681689828e-06,2.147550303729999e-05,-5.17530845883369e-06,2.039677201930454e-05,-5.336211532690685e-06,1.94901389266048e-05,-5.54285217018989e-06,1.8593101291626965e-05
712.4077188634379,81.29839872056779,155.4676992778731,821.4245811075855,370.31597048350017,2,1.0,0.0,4.589835922718151e-06,-2.069197322765275e-06,4.3945905796033976e-17,4,0.0045364608648729,0.0045178284117023,0.0470676174626048,0.047049009459682,-1.114021377610011e-05,2.2744022745248987e-05,-0.2087191195343247,0.0952609232430731,modal_baffled,lossless,0.0,343.0,1.225,1.4,1.81e-05,0.0257,1006.0,1,4.589835922718151e-06,4.589835922718154e-06,0.0,0.0,True,dirichlet,exp(+iwt)_rms,120081,16,7.898325975497133e-16,-0.0002366853131019,0.0004832201834588,3.779673430354092e-05,9.162440966719106e-05,9.172948779919104e-06,5.838894601903439e-05,2.568293332762699e-06,4.637982644312707e-05,8.925036602965013e-09,3.9507289547954494e-05,-1.3137912036460752e-06,3.492921000005423e-05,-2.042119848072298e-06,3.169991667752571e-05,-2.5601630839240656e-06,2.920085256762455e-05,-2.987021690041648e-06,2.717283963458377e-05,-3.300432494656344e-06,2.549780026362937e-05,-3.5764726646316807e-06,2.396505185643532e-05,-3.801649983922625e-06,2.2748420552605632e-05,-3.972161605437257e-06,2.1673116318523007e-05,-4.304396049662367e-06,2.0603983216130392e-05,-4.504890826855912e-06,1.9711478427352868e-05,-4.750647144407885e-06,1.88274126658866e-05
724.8956433314615,81.38659948549926,152.90053464433075,868.0814682974252,291.626953688052,2,1.0,0.0,4.695877167751486e-06,-1.577552802746204e-06,4.260210210773549e-17,4,0.0045364608648729,0.0045178284117023,0.0470676174626048,0.047049009459682,-1.0422407121624632e-05,2.313924171937381e-05,-0.2062779108819683,0.1055553111278212,modal_baffled,lossless,0.0,343.0,1.225,1.4,1.81e-05,0.0257,1006.0,1,4.695877167751486e-06,4.695877167751484e-06,0.0,0.0,True,dirichlet,exp(+iwt)_rms,120081,16,3.741904454946835e-16,-0.0002214347715795,0.0004916170175335,4.3260870119189146e-05,9.130499951538622e-05,1.2217972978510547e-05,5.837169292461182e-05,4.844253872727291e-06,4.647850846901263e-05,1.8847528800093029e-06,3.965434857081364e-05,3.100142755566896e-07,3.5100531799495377e-05,-5.885103807020313e-07,3.1887221597797087e-05,-1.235055598060763e-06,2.939961788711299e-05,-1.7646850968482304e-06,2.7381537886714916e-05,-2.160873200890046e-06,2.571646494447076e-05,-2.511209570657428e-06,2.4191998075869103e-05,-2.7942724866701102e-06,2.298631503734296e-05,-3.014179162881863e-06,2.192093729420564e-05,-3.398207715244089e-06,2.086004293357363e-05,-3.640028711578069e-06,1.998049590675297e-05,-3.926926592206131e-06,1.9108242296610087e-05
737.6024708986364,81.50796118544791,150.21117775918208,892.0330751909436,200.25499470412248,2,1.0,0.0,4.841531177217715e-06,-1.086888846633902e-06,4.7633948073003744e-17,4,0.0045364608648729,0.0045178284117023,0.0470676174626048,0.047049009459682,-9.681331442064713e-06,2.3628608200564555e-05,-0.2038771037090874,0.116708704427549,modal_baffled,lossless,0.0,343.0,1.225,1.4,1.81e-05,0.0257,1006.0,1,4.841531177217715e-06,4.841531177217715e-06,0.0,0.0,True,dirichlet,exp(+iwt)_rms,120081,16,1.6131399309762714e-15,-0.0002056898556583,0.0005020141123424,4.92059627573778e-05,9.094293711633264e-05,1.5486186921751996e-05,5.839370856815864e-05,7.275670793758903e-06,4.6631870361229406e-05,3.8840769372883405e-06,3.985892963210479e-05,2.038051720779694e-06,3.532906784240709e-05,9.570619762147765e-07,3.2130471238964204e-05,1.728329556447436e-07,2.9652901756978967e-05,-4.66921663062341e-07,2.764344849091968e-05,-9.515210283079986e-07,2.598704574565708e-05,-1.3812491278706374e-06,2.4469470550313573e-05,-1.7258639817420197e-06,2.327366372033356e-05,-1.9981478857231213e-06,2.221704822345508e-05,-2.438026552328262e-06,2.1163569276380597e-05,-2.7235837518893555e-06,2.0296253502526296e-05,-3.0543384384297418e-06,1.943510425519805e-05
750.5320387571999,81.66272762828392,147.37395941404435,889.1803284409544,105.8161829304678,2,1.0,0.0,5.030602359129383e-06,-5.986627486658641e-07,4.5153282283783745e-17,4,0.0045364608648729,0.0045178284117023,0.0470676174626048,0.047049009459682,-8.894702158079062e-06,2.421747442917951e-05,-0.2013559790730026,0.1289015026397691,modal_baffled,lossless,0.0,343.0,1.225,1.4,1.81e-05,0.0257,1006.0,1,5.030602359129383e-06,5.030602359129384e-06,0.0,0.0,True,dirichlet,exp(+iwt)_rms,120081,16,2.294328750476692e-15,-0.0001889771065031,0.0005145251817434,5.57271292144478e-05,9.045640623318304e-05,1.9034854638061927e-05,5.842001393914051e-05,9.907724312678952e-06,4.681798828561557e-05,6.045419824943015e-06,4.010508445334913e-05,3.904461456737486e-06,3.560232778418543e-05,2.6257131589265585e-06,3.241936448108076e-05,1.6922874373745888e-06,2.995200790604538e-05,9.331738445493144e-07,2.7951157681471196e-05,3.530159065871656e-07,2.630314416225728e-05,-1.6258717605522062e-07,2.479196103682334e-05,-5.73462052571277e-07,2.360568342158949e-05,-9.02008502926988e-07,2.255726072998113e-05,-1.4027708927602402e-06,2.1511079634536864e-05,-1.7351795461130531e-06,2.065583624039587e-05,-2.113232684426104e-06,1.980566326456627e-05
763.6882513622296,81.85092538534627,144.3601707363812,860.7503137922006,18.858290137508668,2,1.0,0.0,5.267827720271924e-06,-1.1541351998540388e-07,4.432130245402661e-17,4,0.0045364608648729,0.0045178284117023,0.0470676174626048,0.047049009459682,-8.036190998073098e-06,2.491007723816013e-05,-0.1985042376598174,0.1423238982938354,modal_baffled,lossless,0.0,343.0,1.225,1.4,1.81e-05,0.0257,1006.0,1,5.267827720271924e-06,5.267827720271927e-06,0.0,0.0,True,dirichlet,exp(+iwt)_rms,120081,16,2.4737621569554475e-15,-0.0001707371528728,0.0005292402416151,6.292562075703433e-05,8.973565849191098e-05,2.292608363677573e-05,5.840217004849227e-05,1.279001525584552e-05,4.700556329688021e-05,8.41138523816888e-06,4.03694526064661e-05,5.947191224252771e-06,3.590159094899104e-05,4.452163499455182e-06,3.2738134287697394e-05,3.3555304551526666e-06,3.028334224909913e-05,2.465808332840208e-06,2.829280620861264e-05,1.7813245140223009e-06,2.66542707470158e-05,1.1718711326459673e-06,2.5150185876049214e-05,6.889220591263368e-07,2.3974055817126787e-05,2.992666080095846e-07,2.293404906968376e-05,-2.6846205993624454e-07,2.1895988843094863e-05,-6.515708832307794e-07,2.105339542666098e-05,-1.0811264138847491e-06,2.0214825687269208e-05
777.0750816107044,82.07223077589464,141.13751413598754,812.6926045978962,-52.45329872425096,2,1.0,0.0,5.558856427605589e-06,3.587830812200962e-07,4.626122884376601e-17,4,0.0045364608648729,0.0045178284117023,0.0470676174626048,0.047049009459682,-7.074240411899253e-06,2.570839263914371e-05,-0.1950449651723475,0.1571707067668826,modal_baffled,lossless,0.0,343.0,1.225,1.4,1.81e-05,0.0257,1006.0,1,5.558856427605589e-06,5.558856427605585e-06,0.0,0.0,True,dirichlet,exp(+iwt)_rms,120081,16,5.989010346847303e-16,-0.0001502995221187,0.0005462012743595,7.09058588770962e-05,8.863365520415038e-05,2.722612811981301e-05,5.82733605724304e-05,1.597644676936058e-05,4.715028338734354e-05,1.102876422256028e-05,4.061826902692505e-05,8.208212751535829e-06,3.619931759362863e-05,6.47501452194559e-06,3.3063226740610084e-05,5.198538404990812e-06,3.062629468896302e-05,4.16483638688887e-06,2.865013380205588e-05,3.3655548464313222e-06,2.702401802487855e-05,2.6526961697967675e-06,2.552937533357488e-05,2.0907041939114206e-06,2.43653037141601e-05,1.6340848516717216e-06,2.3334999606134626e-05,9.92202844289946e-07,2.2307144629808345e-05,5.537986357570977e-07,2.147874325762585e-05,6.775352449239639e-08,2.0653396502520057e-05
790.6965720412396,82.32578459529522,137.6696098655325,753.157928424883,-104.2049741160258,2,1.0,0.0,5.910117133369053e-06,8.177084508602189e-07,4.8431296337913475e-17,4,0.0045364608648729,0.0045178284117023,0.0470676174626048,0.047049009459682,-5.970824113915279e-06,2.6610294275530943e-05,-0.1906133108159626,0.1736296700744176,modal_baffled,lossless,0.0,343.0,1.225,1.4,1.81e-05,0.0257,1006.0,1,5.910117133369053e-06,5.910117133369055e-06,0.0,0.0,True,dirichlet,exp(+iwt)_rms,120081,16,1.2215342336747868e-15,-0.0001268563066456,0.0005653631033411,7.976889571967238e-05,8.695431968652239e-05,3.200307093817237e-05,5.7941996267857626e-05,1.952403187715213e-05,4.7189988087555744e-05,1.3947823138089517e-05,4.0803332953119626e-05,1.073307062968545e-05,3.645562867210624e-05,8.736454212972507e-06,3.336012279517997e-05,7.260856785123825e-06,3.095032139492709e-05,6.067661881168388e-06,2.8995770736460723e-05,5.141388067268768e-06,2.7387517608533197e-05,4.313957502477985e-06,2.59068815863598e-05,3.66479744164216e-06,2.4758510616120776e-05,3.134339279893519e-06,2.3740624942676164e-05,2.4100022386229115e-06,2.2726752067469555e-05,1.9109856363283896e-06,2.191535183745065e-05,1.3626976625362795e-06,2.11061572243602e-05
804.5568360548422,82.6099387769465,133.91566767880389,689.8247516691304,-136.49624093110205,2,1.0,0.0,6.328473198552579e-06,1.252220655094697e-06,4.6919987229948435e-17,4,0.0045364608648729,0.0045178284117023,0.0470676174626048,0.047049009459682,-4.680356228031656e-06,2.76067175863156e-05,-0.1847313284319154,0.1918592192629124,modal_baffled,lossless,0.0,343.0,1.225,1.4,1.81e-05,0.0257,1006.0,1,6.328473198552579e-06,6.3284731985525815e-06,0.0,0.0,True,dirichlet,exp(+iwt)_rms,120081,16,1.7103481263546414e-15,-9.94389875746354e-05,0.0005865331426271,8.960007047990138e-05,8.44386394031172e-05,3.732174978805646e-05,5.72837914244784e-05,2.34898052996074e-05,4.703851509508237e-05,1.7220106665332665e-05,4.085679575121493e-05,1.3569192353199112e-05,3.661370407076633e-05,1.1280882400305902e-05,3.357915031019108e-05,9.584453620875427e-06,3.12110746069597e-05,8.214271793278044e-06,2.92896234358913e-05,7.147210620303037e-06,2.770802856818598e-05,6.1925195294193e-06,2.62489532308512e-05,5.447005027599781e-06,2.5122231155703517e-05,4.834879026521155e-06,2.4121390548790283e-05,4.018755386210274e-06,2.312753479622136e-05,3.453186512628439e-06,2.2337603054736983e-05,2.836229284909613e-06,2.154921016402239e-05
818.6600591570757,82.92191875447828,129.8305166936137,628.3762018587457,-151.95148874238677,2,1.0,0.0,6.820509561814915e-06,1.6493090903726373e-06,4.9756355857621784e-17,4,0.0045364608648729,0.0045178284117023,0.0470676174626048,0.047049009459682,-3.149179242804674e-06,2.8677478743529964e-05,-0.1767813934597383,0.2119499692830717,modal_baffled,lossless,0.0,343.0,1.225,1.4,1.81e-05,0.0257,1006.0,1,6.820509561814915e-06,6.820509561814912e-06,0.0,0.0,True,dirichlet,exp(+iwt)_rms,120081,16,1.1418642104244086e-15,-6.6907555822359e-05,0.0006092825660086,0.0001004476831575,8.074994019116529e-05,4.32342327971027e-05,5.6132732620441015e-05,2.792457475311831e-05,4.657840880869958e-05,2.089370984713652e-05,4.068484767774869e-05,1.676205108220334e-05,3.659412678222277e-05,1.4151639340963843e-05,3.3650282950884814e-05,1.2210863519220005e-05,3.1345555279626606e-05,1.064471040266389e-05,2.9474312828865845e-05,9.421846745958184e-06,2.7932602986801003e-05,8.326001119420664e-06,2.6506611794180685e-05,7.474157608309413e-06,2.541051865666364e-05,6.771791002851794e-06,2.4433873186767115e-05,5.853777624283797e-06,2.346904357881376e-05,5.215323335689732e-06,2.2707191885458157e-05,4.522824936245812e-06,2.194648371517858e-05
833.0105002219921,83.25739057226858,125.36531045662804,572.237092986005,-154.151275184471,2,1.0,0.0,7.391226733352202e-06,1.99107509822272e-06,5.545493887166781e-17,4,0.0045364608648729,0.0045178284117023,0.0470676174626048,0.047049009459682,-1.3164377007371137e-06,2.9785442866862344e-05,-0.1659845565409648,0.2338626940261427,modal_baffled,lossless,0.0,343.0,1.225,1.4,1.81e-05,0.0257,1006.0,1,7.391226733352202e-06,7.391226733352204e-06,0.0,0.0,True,dirichlet,exp(+iwt)_rms,120081,16,8.652243047574527e-16,-2.7969074529489852e-05,0.0006328224047143,0.0001122886540082,7.546183586266424e-05,4.976355272591614e-05,5.427238869643747e-05,3.286173627473397e-05,4.565337522054881e-05,2.50045169743818e-05,4.016093393691493e-05,2.0347855792241387e-05,3.6288658581628606e-05,1.7384631928425937e-05,3.347732123717846e-05,1.5175508613147227e-05,3.126661849011593e-05,1.339395401607709e-05,2.9469943659290847e-05,1.1999868016179148e-05,2.7987066543898198e-05,1.0748471593923244e-05,2.6610833152940228e-05,9.7801065170775e-06,2.555824461637064e-05,8.978637851592899e-06,2.46162034317868e-05,7.948409221439132e-06,2.3693237293700577e-05,7.230785403976029e-06,2.2968786655690445e-05,6.455876504230323e-06,2.224548025661093e-05
847.6124927782184,83.60993935780108,120.46938739769848,523.0215666834009,-146.58739805225187,2,1.0,0.0,8.041863804797996e-06,2.2538953758851435e-06,6.0398212279235e-17,4,0.0045364608648729,0.0045178284117023,0.0470676174626048,0.047049009459682,8.823109544861627e-07,3.0869039210381136e-05,-0.1513971487335474,0.2573356610795021,modal_baffled,lossless,0.0,343.0,1.225,1.4,1.81e-05,0.0257,1006.0,1,8.041863804797996e-06,8.041863804797991e-06,0.0,0.0,True,dirichlet,exp(+iwt)_rms,120081,16,5.241407282565909e-16,1.874560477141545e-05,0.0006558445248456,0.0001249771939593,6.805620502792826e-05,5.687814170463979e-05,5.143094632673624e-05,3.82990392192862e-05,4.406275701155533e-05,2.9561553280195893e-05,3.912025118660701e-05,2.4341094111830907e-05,3.555488884604426e-05,2.0997308530978115e-05,3.293269914799845e-05,1.8497745994595533e-05,3.0857928690613275e-05,1.64828155859779e-05,2.9169185362584184e-05,1.4903172793082596e-05,2.777120335737717e-05,1.3482635364433384e-05,2.6467842328662532e-05,1.2388367239509672e-05,2.5476455789843145e-05,1.147948309296157e-05,2.4583486561336064e-05,1.0327490557161717e-05,2.371996946798941e-05,9.525224716278567e-06,2.304553367543748e-05,8.661820892449072e-06,2.237280696649273e-05
862.470446317597,83.97050582090392,115.09393597073496,481.1585001424879,-132.18109214809465,2,1.0,0.0,8.766607206910085e-06,2.408311844640752e-06,5.898916151637056e-17,4,0.0045364608648729,0.0045178284117023,0.0470676174626048,0.047049009459682,3.5067899894862554e-06,3.183395560475123e-05,-0.1319493124855232,0.2817592450000207,modal_baffled,lossless,0.0,343.0,1.225,1.4,1.81e-05,0.0257,1006.0,1,8.766607206910085e-06,8.766607206910085e-06,0.0,0.0,True,dirichlet,exp(+iwt)_rms,120081,16,6.9450608935324315e-16,7.450536437864938e-05,0.0006763451672488,0.0001381752751608,5.794429146964168e-05,6.445535398357118e-05,4.728645049280346e-05,4.417164452342472e-05,4.156262673209435e-05,3.4524846949487265e-05,3.735920500864332e-05,2.871539375937083e-05,3.4214878229432206e-05,2.497150791423109e-05,3.1855673386231506e-05,2.216521942313113e-05,2.9971849178775303e-05,1.9903500543724167e-05,2.8434930996947807e-05,1.812749248097046e-05,2.715624003226492e-05,1.6527198215954605e-05,2.595646299183069e-05,1.5300128099434874e-05,2.5049593375579e-05,1.4277439769514266e-05,2.422492924327365e-05,1.2996542594523393e-05,2.3443993417675557e-05,1.2106173172658903e-05,2.2835937350364835e-05,1.1150216144659894e-05,2.223093530333865e-05
877.5888476267505,84.32690151311051,109.1981823415544,446.42020626170745,-113.1728274992321,2,1.0,0.0,9.548215413436792e-06,2.420586077317714e-06,5.771514611721711e-17,4,0.0045364608648729,0.0045178284117023,0.0470676174626048,0.047049009459682,6.596798723903398e-06,3.2546541268914444e-05,-0.1065604449652432,0.3060311756033719,modal_baffled,lossless,0.0,343.0,1.225,1.4,1.81e-05,0.0257,1006.0,1,9.548215413436792e-06,9.548215413436796e-06,0.0,0.0,True,dirichlet,exp(+iwt)_rms,120081,16,6.129087223096116e-16,0.0001401557818205,0.0006914847834558,0.000151272206017,4.45303215342452e-05,7.223625354270088e-05,4.149254330466068e-05,5.031729502513496e-05,3.788115551985603e-05,3.977606483316107e-05,3.4646148581966324e-05,3.337767806850912e-05,3.206327836800658e-05,2.922999102929509e-05,3.00588187231289e-05,2.611221044293873e-05,2.8434766622692305e-05,2.3599420630973177e-05,2.7104696274999178e-05,2.1623363606839305e-05,2.5988523347217114e-05,1.983889967842308e-05,2.493117349762012e-05,1.8477059314413024e-05,2.4138045384730227e-05,1.733814113517499e-05,2.34059908232393e-05,1.592600454837087e-05,2.2736627097358705e-05,1.4947789496223267e-05,2.221513461259823e-05,1.389902890932784e-05,2.1699079400366294e-05
892.9722621420035,84.66363416703064,102.7585590072903,418.2837475765726,-91.19227215665587,2,1.0,0.0,1.035331491101371e-05,2.257181438578097e-06,6.311949126047656e-17,4,0.0045364608648729,0.0045178284117023,0.0470676174626048,0.047049009459682,1.0149013175742489e-05,3.283406115498171e-05,-0.0743693596768475,0.3284373416638912,modal_baffled,lossless,0.0,343.0,1.225,1.4,1.81e-05,0.0257,1006.0,1,1.035331491101371e-05,1.0353314911013704e-05,0.0,0.0,True,dirichlet,exp(+iwt)_rms,120081,16,1.3404498676242818e-15,0.0002156262356769,0.0006975934395036,0.0001633180736689,2.733866883363936e-05,7.97824790145953e-05,3.373715711559836e-05,5.644054378519335e-05,3.275813265029896e-05,4.508708945119106e-05,3.0751867098528135e-05,3.813975038866355e-05,2.8892460837323208e-05,3.361013774286836e-05,2.7349724785080902e-05,3.019499380935553e-05,2.606625310137178e-05,2.7441891861099472e-05,2.5007763883734417e-05,2.5273895467310447e-05,2.4105081399817788e-05,2.331128188004384e-05,2.3236268184539083e-05,2.182078780536037e-05,2.2591220606176885e-05,2.056983277553305e-05,2.1980566686401112e-05,1.9032029044182044e-05,2.1456876992823437e-05,1.7972083003675642e-05,2.1045228770707902e-05,1.6836323486748398e-05,2.0642714949528707e-05
908.6253353280432,84.96239080706468,95.78038631337348,396.1473461214492,-67.38774183943437,2,1.0,0.0,1.112940071609781e-05,1.893197542850856e-06,6.278350273353455e-17,4,0.0045364608648729,0.0045178284117023,0.0470676174626048,0.047049009459682,1.4088619496627602e-05,3.249942910272771e-05,-0.0350913483369593,0.3466481429264778,modal_baffled,lossless,0.0,343.0,1.225,1.4,1.81e-05,0.0257,1006.0,1,1.112940071609781e-05,1.1129400716097812e-05,0.0,0.0,True,dirichlet,exp(+iwt)_rms,120081,16,2.027750536763369e-15,0.0002993272287007,0.0006904838369723,0.0001730208189175,6.211527970904364e-06,8.645962617270331e-05,2.384147830045239e-05,6.209329261256081e-05,2.6015783671145996e-05,5.010029805337533e-05,2.5506585697565e-05,4.2698947679544326e-05,2.4541071931195894e-05,3.784506792617978e-05,2.3574018185243755e-05,3.4173425089083494e-05,2.271794087354752e-05,3.1212120667038426e-05,2.2000743035293493e-05,2.8877089033705645e-05,2.1366571649073592e-05,2.675737071185801e-05,2.0736461898848745e-05,2.515577160387232e-05,2.027637716154902e-05,2.3806453309718733e-05,1.981833778918652e-05,2.215976945178441e-05,1.9477048144613333e-05,2.1032237658316507e-05,1.919966135345209e-05,1.9823652084831227e-05,1.893665958679617e-05
924.5527940807524,85.2035527907117,88.30977359719175,379.4469969422735,-42.55698773460153,2,1.0,0.0,1.1806936140784649e-05,1.324210339192743e-06,6.557664806656165e-17,4,0.0045364608648729,0.0045178284117023,0.0470676174626048,0.047049009459682,1.824599190695993e-05,3.1357246712060894e-05,0.0105626319627522,0.3579512566339036,modal_baffled,lossless,0.0,343.0,1.225,1.4,1.81e-05,0.0257,1006.0,1,1.1806936140784649e-05,1.180693614078464e-05,0.0,0.0,True,dirichlet,exp(+iwt)_rms,120081,16,2.248253582849349e-15,0.0003876548865354,0.0006662169959415,0.0001788739781941,-1.8458447274404805e-05,9.148352038647036e-05,1.188649326160946e-05,6.669907173770019e-05,1.7654356477479226e-05,5.434337650269951e-05,1.88796088538955e-05,4.664778258481409e-05,1.8963556690999503e-05,4.157015798188709e-05,1.867811799136745e-05,3.771524955431365e-05,1.833112693513404e-05,3.4603777948345344e-05,1.8021039560629934e-05,3.214706634032392e-05,1.7707481508019873e-05,2.990977274202459e-05,1.7364114348680788e-05,2.8228443730902843e-05,1.7123645141696672e-05,2.6806037450184705e-05,1.6847929508231235e-05,2.508086943394481e-05,1.6723735442612333e-05,2.390932277376469e-05,1.660273329015792e-05,2.2651985605421e-05,1.6503042384439262e-05
940.75944815463,85.36889802373383,80.44115426176177,367.712403061085,-17.258577426638553,2,1.0,0.0,1.2309863508806262e-05,5.777633028135653e-07,6.710282223879745e-17,4,0.0045364608648729,0.0045178284117023,0.0470676174626048,0.047049009459682,2.2356212107036383e-05,2.9289378333990178e-05,0.0605892787006379,0.3597967993074009,modal_baffled,lossless,0.0,343.0,1.225,1.4,1.81e-05,0.0257,1006.0,1,1.2309863508806262e-05,1.2309863508806263e-05,0.0,0.0,True,dirichlet,exp(+iwt)_rms,120081,16,4.27745559767414e-16,0.0004749807471091,0.0006222830029002,0.0001794575820193,-4.55625128432532e-05,9.405853706159714e-05,-1.680793425389493e-06,6.964586163587376e-05,7.939759593615005e-06,5.730073982974707e-05,1.105609543069121e-05,4.953269794984901e-05,1.2299465310936133e-05,4.437368605276298e-05,1.2773311775912084e-05,4.044076277135399e-05,1.2996750210589108e-05,3.7262896500839e-05,1.314351728496259e-05,3.4750230966970685e-05,1.3190148543141287e-05,3.245353392188693e-05,1.3170782533592154e-05,3.0737502415965555e-05,1.3175833153774468e-05,2.9278903907179107e-05,1.3105194475474936e-05,2.751914898715028e-05,1.3224371148325351e-05,2.633610826990145e-05,1.3275085350230163e-05,2.5063600263922065e-05,1.3355629050504054e-05
957.2501916152388,85.44508915172558,72.31476697475719,360.5889371145652,8.098878178144219,2,1.0,0.0,1.2574355723268448e-05,-2.824217958163425e-07,6.86230444211787e-17,4,0.0045364608648729,0.0045178284117023,0.0470676174626048,0.047049009459682,2.6097843133170795e-05,2.6301508940497904e-05,0.1117778597339059,0.3505582355674852,modal_baffled,lossless,0.0,343.0,1.225,1.4,1.81e-05,0.0257,1006.0,1,1.2574355723268448e-05,1.2574355723268464e-05,0.0,0.0,True,dirichlet,exp(+iwt)_rms,120081,16,1.731597116831422e-15,0.0005544755511346,0.0005588026409323,0.000173859361848,-7.332079643558019e-05,9.359248111601542e-05,-1.6037587372487348e-05,7.044184810031568e-05,-2.5733294940298715e-06,5.853997598422731e-05,2.464290681483897e-06,5.096242855028186e-05,4.902074056552471e-06,4.5893299827770754e-05,6.16481167065876e-06,4.2010331867257605e-05,6.984527233667025e-06,3.886823384445939e-05,7.609642823050863e-06,3.6379986512887525e-05,8.033872089361957e-06,3.409577619774736e-05,8.35616731385729e-06,3.239971720609393e-05,8.617421981114425e-06,3.0950259189356386e-05,8.762148979305385e-06,2.9209452374215643e-05,9.136172934905305e-06,2.805326692798051e-05,9.362887350392454e-06,2.680551337089938e-05,9.629204371346744e-06
974.030004317104,85.42685771922861,64.10075921969334,357.8414855791912,33.185321740875835,2,1.0,0.0,1.2569193505547284e-05,-1.1656354763612384e-06,7.208948663454595e-17,4,0.0045364608648729,0.0045178284117023,0.0470676174626048,0.047049009459682,2.916853172478318e-05,2.254857455585439e-05,0.1603213541356019,0.3301799322965262,modal_baffled,lossless,0.0,343.0,1.225,1.4,1.81e-05,0.0257,1006.0,1,1.2569193505547284e-05,1.2569193505547289e-05,0.0,0.0,True,dirichlet,exp(+iwt)_rms,120081,16,5.704224828965278e-16,0.000619715492248,0.0004790676854159,0.0001620345210617,-9.961866703083048e-05,8.990302903242558e-05,-3.0126499693118063e-05,6.887627904894611e-05,-1.312891788037994e-05,5.784836104546971e-05,-6.287597356055822e-06,5.0728691460825744e-05,-2.710802726708631e-06,4.592596253843978e-05,-6.887116572512231e-07,4.222608615383647e-05,7.088172268311891e-07,3.922631925894198e-05,1.7983649023596902e-06,3.684651666306745e-05,2.589708862797607e-06,3.465064110677128e-05,3.246308972111412e-06,3.3031346899895314e-05,3.7554815407106224e-06,3.16386002721787e-05,4.110075516993046e-06,2.9972569505116917e-05,4.731884418510011e-06,2.8882006237433363e-05,5.125652881601578e-06,2.769968020717157e-05,5.569501928124142e-06
991.1039534075288,85.31853311021935,55.9727409160274,359.3482131498136,57.68939323943903,2,1.0,0.0,1.230695226782436e-05,-1.9757454830074026e-06,6.384082827098064e-17,4,0.0045364608648729,0.0045178284117023,0.0470676174626048,0.047049009459682,3.1366630630549806e-05,1.8305440980707583e-05,0.202774256411638,0.3003168990904267,modal_baffled,lossless,0.0,343.0,1.225,1.4,1.81e-05,0.0257,1006.0,1,1.230695226782436e-05,1.2306952267824375e-05,0.0,0.0,True,dirichlet,exp(+iwt)_rms,120081,16,1.3877827341066773e-15,0.0006664163669527,0.0003889179433237,0.0001448853803447,-0.0001225361026375,8.329842709382327e-05,-4.2915127993355225e-05,6.509757604717081e-05,-2.295272131932148e-05,5.530663991377152e-05,-1.455726575945876e-05,4.887588192826284e-05,-9.980133139525329e-06,4.449437531846342e-05,-7.283766314159449e-06,4.109557432006151e-05,-5.369041523783464e-06,3.833283199001969e-05,-3.862800054265117e-06,3.613631396730547e-05,-2.741550714539904e-06,3.409699131658463e-05,-1.782285732894262e-06,3.260467206259596e-05,-1.0515173499263349e-06,3.131115138891335e-05,-5.077749397813957e-07,2.976948482008753e-05,3.370742285176771e-07,2.8777763267922077e-05,8.768563082696732e-07,2.76960446632232e-05,1.4772789075198231e-06
1008.4771948567632,85.13316682720355,48.079791342060446,365.086784472665,81.26403446709658,2,1.0,0.0,1.1839129477349016e-05,-2.635251306884116e-06,4.453981245397857e-16,4,0.0045364608648729,0.0045178284117023,0.0470676174626048,0.047049009459682,3.263681020715313e-05,1.3891988414755916e-05,0.2368948480435663,0.2638363542340859,modal_baffled,lossless,0.0,343.0,1.225,1.4,1.81e-05,0.0257,1006.0,1,1.1839129477349016e-05,1.183912947734826e-05,0.0,0.0,True,dirichlet,exp(+iwt)_rms,120081,16,1.0857443951697518e-15,0.0006934026400015,0.0002951495988891,0.0001239876593898,-0.0001408146044465,7.447607336834899e-05,-5.365144945459173e-05,5.95585281723602e-05,-3.144577120876957e-05,5.1254423632090725e-05,-2.182998144734707e-05,4.567757433529837e-05,-1.644696575059308e-05,4.183022413916502e-05,-1.319974754520882e-05,3.881979099691098e-05,-1.0858169576462296e-05,3.636438579474662e-05,-9.00681150952109e-06,3.440690700472175e-05,-7.611841754075223e-06,3.2575596574483084e-05,-6.398993072366705e-06,3.124724522999733e-05,-5.485477496263824e-06,3.008472439568753e-05,-4.784132661359862e-06,2.8704223152286575e-05,-3.753438132846653e-06,2.783472903786401e-05,-3.096757381600792e-06,2.687867769952409e-05,-2.369392316153153e-06
1026.1549750149943,84.88969764757854,40.52689116188397,375.1113019951813,103.47256551571546,2,1.0,0.0,1.12384972381072e-05,-3.100082923609625e-06,6.717393491697686e-17,4,0.0045364608648729,0.0045178284117023,0.0470676174626048,0.047049009459682,3.3059674366981646e-05,9.591324380499302e-06,0.2619717869039014,0.2239577712941058,modal_baffled,lossless,0.0,343.0,1.225,1.4,1.81e-05,0.0257,1006.0,1,1.12384972381072e-05,1.1238497238107171e-05,0.0,0.0,True,dirichlet,exp(+iwt)_rms,120081,16,1.425522725382974e-15,0.0007023868245136,0.0002037775629522,0.0001011155128646,-0.0001540396218867,6.429824348821005e-05,-6.199195371062557e-05,5.286252586456179e-05,-3.829428615313704e-05,4.61699964494794e-05,-2.7816741709301043e-05,4.153643958476049e-05,-2.184228378516512e-05,3.828705525948621e-05,-1.818264336106184e-05,3.5715680193990074e-05,-1.551671834199307e-05,3.3608714649799734e-05,-1.3401943425549726e-05,3.19229999842752e-05,-1.1797513101492132e-05,3.0330657883426968e-05,-1.0388101931825805e-05,2.9187531334543255e-05,-9.336062065827172e-06,2.8174754056300705e-05,-8.513468257916786e-06,2.6976907050641232e-05,-7.339307084491127e-06,2.6241830573516168e-05,-6.597497036305008e-06,2.542500225728241e-05,-5.775726076364008e-06
1044.1426321966403,84.60940993382826,33.368622028157546,389.5141777532135,123.73251494016476,2,1.0,0.0,1.0578967419962208e-05,-3.3604996149108488e-06,6.833545303014285e-17,4,0.0045364608648729,0.0045178284117023,0.0470676174626048,0.047049009459682,3.2800980530003415e-05,5.5983141475819565e-06,0.2785934982097577,0.1834797382827114,modal_baffled,lossless,0.0,343.0,1.225,1.4,1.81e-05,0.0257,1006.0,1,1.0578967419962208e-05,1.0578967419962132e-05,0.0,0.0,True,dirichlet,exp(+iwt)_rms,120081,16,7.316865920863388e-16,0.0006968906075618,0.0001189419488256,7.781332621071145e-05,-0.0001625142888393,5.356760824674252e-05,-6.797124882060166e-05,4.55978744514276e-05,-4.3464531431627575e-05,4.053424885219922e-05,-3.2459051414343664e-05,3.686661914603479e-05,-2.6096482981055075e-05,3.423487456776542e-05,-2.215734305958858e-05,3.211995457890827e-05,-1.926638376072749e-05,3.0375868355635295e-05,-1.6967408585173018e-05,2.8973601819759655e-05,-1.5216009709975416e-05,2.7632170172140945e-05,-1.3665863174088076e-05,2.6681229640384895e-05,-1.2517953949951947e-05,2.5824938215518143e-05,-1.1609533057272144e-05,2.481728917246094e-05,-1.0332899889307489e-05,2.421900093700289e-05,-9.535997441807906e-06,2.3544642857037968e-05,-8.650781889132717e-06
1062.445598292399,84.31292426787343,26.614262094211067,408.36307487549135,141.25833344543375,2,1.0,0.0,9.921698189809314e-06,-3.432050147208732e-06,5.99213567378629e-17,4,0.0045364608648729,0.0045178284117023,0.0470676174626048,0.047049009459682,3.2052928881637546e-05,2.0092903590170197e-06,0.2881232561824296,0.1443710947078468,modal_baffled,lossless,0.0,343.0,1.225,1.4,1.81e-05,0.0257,1006.0,1,9.921698189809314e-06,9.921698189809336e-06,0.0,0.0,True,dirichlet,exp(+iwt)_rms,120081,16,1.4551109311402106e-15,0.0006809974799999,4.268944270683336e-05,5.516844655488168e-05,-0.0001669694018994,4.289098829111303e-05,-7.187413415973501e-05,3.82290582119793e-05,-4.711970345262242e-05,3.473711402424689e-05,-3.5866508591762975e-05,3.20102735434837e-05,-2.928917286555075e-05,2.998363839626984e-05,-2.518501406006104e-05,2.831797968811002e-05,-2.215509499667184e-05,2.6931454701577768e-05,-1.974068281308887e-05,2.580865096803669e-05,-1.7896668630484217e-05,2.471577221240507e-05,-1.6254641320328146e-05,2.3953412026694328e-05,-1.504781209940618e-05,2.3251356271291485e-05,-1.4084455075003208e-05,2.243114309411188e-05,-1.274074965857816e-05,2.1964989236733648e-05,-1.1914262491429874e-05,2.1428967216445183e-05,-1.0991946468955856e-05
1081.0694004095712,84.01833475169632,20.23883088354081,431.5994003777994,155.01207387439334,2,1.0,0.0,9.30989356760985e-06,-3.3437162058191534e-06,9.895538748039252e-17,4,0.0045364608648729,0.0045178284117023,0.0470676174626048,0.047049009459682,3.099122554397181e-05,-1.1597112302515313e-06,0.2921799182069217,0.1077261584445245,modal_baffled,lossless,0.0,343.0,1.225,1.4,1.81e-05,0.0257,1006.0,1,9.30989356760985e-06,9.309893567609803e-06,0.0,0.0,True,dirichlet,exp(+iwt)_rms,120081,16,2.3753401788110506e-15,0.0006584404993219,-2.4639259277844687e-05,3.378553005651769e-05,-0.0001682754704283,3.264447256542746e-05,-7.409324635852892e-05,3.10607597614889e-05,-4.951899059173633e-05,2.9042702184058265e-05,-3.823604742362018e-05,2.720416624001448e-05,-3.158066088908657e-05,2.575111068396484e-05,-2.7402625248886387e-05,2.451275042862165e-05,-2.4302627187132032e-05,2.3466546121381528e-05,-2.1827845182692743e-05,2.260970701571033e-05,-1.9934831883316897e-05,2.1754205351497886e-05,-1.8240303481674847e-05,2.1170454458055e-05,-1.7004095770673454e-05,2.06148584935604e-05,-1.6010632447538304e-05,1.99731456549867e-05,-1.4627954429442029e-05,1.963043901119443e-05,-1.3791927169813307e-05,1.92243439507312e-05,-1.2853197634570434e-05
1100.0196625411263,83.74044911461694,14.1949527708097,458.88471801767344,163.68460139850322,2,1.0,0.0,8.769985962365504e-06,-3.128262067042684e-06,8.803222336162396e-17,4,0.0045364608648729,0.0045178284117023,0.0470676174626048,0.047049009459682,2.9754059166662455e-05,-3.944937432477228e-06,0.2922832346844948,0.0739316330542244,modal_baffled,lossless,0.0,343.0,1.225,1.4,1.81e-05,0.0257,1006.0,1,8.769985962365504e-06,8.769985962365583e-06,0.0,0.0,True,dirichlet,exp(+iwt)_rms,120081,16,2.1200572022358563e-15,0.0006321556256868,-8.381425797920352e-05,1.3878619370734855e-05,-0.0001672451757029,2.3004564344502972e-05,-7.502310501022875e-05,2.425266061306507e-05,-5.0938185452223225e-05,2.359720019983064e-05,-3.97861142376227e-05,2.2583869143356638e-05,-3.315468426326904e-05,2.1664869026624297e-05,-2.8971377096174014e-05,2.0825365095954565e-05,-2.5853350811367275e-05,2.0096955552875584e-05,-2.3359803212089777e-05,1.9488298287329824e-05,-2.145081329522941e-05,1.8854894907986148e-05,-1.9733685027257845e-05,1.843695437723894e-05,-1.849038896589825e-05,1.801747587400056e-05,-1.7485622257428255e-05,1.754266051730285e-05,-1.6084885636426992e-05,1.7313109900399638e-05,-1.525420068053358e-05,1.7026814576995926e-05,-1.4314343638331495e-05
1119.3021072640306,83.49079062101248,8.422586459790477,489.3916538854112,165.7499640347086,2,1.0,0.0,8.315712879572914e-06,-2.8164131933375864e-06,1.097277005611038e-16,4,0.0045364608648729,0.0045178284117023,0.0470676174626048,0.047049009459682,2.843775999471167e-05,-6.409821883761465e-06,0.2896788852153819,0.0428927467712231,modal_baffled,lossless,0.0,343.0,1.225,1.4,1.81e-05,0.0257,1006.0,1,8.315712879572914e-06,8.31571287957272e-06,0.0,0.0,True,dirichlet,exp(+iwt)_rms,120081,16,2.640813816692257e-15,0.000604189494344,-0.0001361832663158,-4.603266865397789e-06,-0.0001645349613442,1.4003755967936289e-05,-7.500142137766945e-05,1.785554141374928e-05,-5.16229257104391e-05,1.8455961764592807e-05,-4.0716468053631126e-05,1.820559849042931e-05,-3.418255914531591e-05,1.7780807496659497e-05,-3.0043834181953707e-05,1.7311087971691073e-05,-2.69456727563939e-05,1.6877362143624307e-05,-2.4463595543876884e-05,1.6498529618724958e-05,-2.2562677895795784e-05,1.607122847086682e-05,-2.0844734715766456e-05,1.5805959365972245e-05,-1.961052762734158e-05,1.5511797228097165e-05,-1.8608112585063053e-05,1.5192104928303776e-05,-1.7204134628554307e-05,1.5065463548240885e-05,-1.6389432369655184e-05,1.4888882948974284e-05,-1.545925339039792e-05
1138.922557467338,83.27798685773489,2.8557182781064787,521.5677437805481,159.6553976294489,2,1.0,0.0,7.952573709514623e-06,-2.434336350187098e-06,1.7902069482288795e-16,4,0.0045364608648729,0.0045178284117023,0.0470676174626048,0.047049009459682,2.7101219943661466e-05,-8.62748438613672e-06,0.2852898289954789,0.0142311124397786,modal_baffled,lossless,0.0,343.0,1.225,1.4,1.81e-05,0.0257,1006.0,1,7.952573709514623e-06,7.95257370951453e-06,0.0,0.0,True,dirichlet,exp(+iwt)_rms,120081,16,6.561476497275601e-15,0.0005757933246821,-0.0001832997897756,-2.186544416819033e-05,-0.0001606164102426,5.583963934693714e-06,-7.428669431313285e-05,1.1848508950979398e-05,-5.1768554344296245e-05,1.3612927825104876e-05,-4.118975483300964e-05,1.4070931394058973e-05,-3.480609083498107e-05,1.4104801998956616e-05,-3.074782691528987e-05,1.3978745717770214e-05,-2.769674409976194e-05,1.381889919569131e-05,-2.5247757273593432e-05,1.3653246868116117e-05,-2.3372133509218057e-05,1.3417453816848957e-05,-2.166891325393312e-05,1.329289106153238e-05,-2.045533493250852e-05,1.311408898770746e-05,-1.9464961236233366e-05,1.293913007689532e-05,-1.806789530663128e-05,1.2906150154005726e-05,-1.7276671961575062e-05,1.283028721398655e-05,-1.6363619146324788e-05
1158.88693811059,83.10827362994715,-2.573704759390695,552.9630683673555,144.2064217456166,2,1.0,0.0,7.681489786208473e-06,-2.003244374014365e-06,1.5866997576369122e-16,4,0.0045364608648729,0.0045178284117023,0.0470676174626048,0.047049009459682,2.5773061060803395e-05,-1.0670510829599496e-05,0.2797332400439623,-0.0125739696851424,modal_baffled,lossless,0.0,343.0,1.225,1.4,1.81e-05,0.0257,1006.0,1,7.681489786208473e-06,7.681489786208276e-06,0.0,0.0,True,dirichlet,exp(+iwt)_rms,120081,16,5.343757520334919e-15,0.0005475752215688,-0.0002267059903356,-3.8187368304391615e-05,-0.0001557839019602,-2.362610518273222e-06,-7.305651610282144e-05,6.168577231375365e-06,-5.151604266873395e-05,9.024617058439366e-06,-4.1326672258308046e-05,1.0147355121428716e-05,-3.5132473302619314e-05,1.0610994979526751e-05,-3.118125654793817e-05,1.0807312999353864e-05,-2.8197238568918487e-05,1.0904383069267326e-05,-2.5797086079095963e-05,1.093819478955255e-05,-2.395929153790525e-05,1.08818757757919e-05,-2.22819738590254e-05,1.0888013653839e-05,-2.109738089517553e-05,1.0816156649097718e-05,-2.0125953121150365e-05,1.0777783871092416e-05,-1.874271623091209e-05,1.0830666358330166e-05,-1.798036451158609e-05,1.0848136482728124e-05,-1.708960624242198e-05
1179.201278013015,82.9859579961659,-7.933906527980882,580.2890811834671,119.13909031834729,2,1.0,0.0,7.501388178183363e-06,-1.5401092190997315e-06,3.104145610631897e-14,4,0.0045364608648729,0.0045178284117023,0.0470676174626048,0.047049009459682,2.445827373143498e-05,-1.2605876658826751e-05,0.273359786577572,-0.0380967023464627,modal_baffled,lossless,0.0,343.0,1.225,1.4,1.81e-05,0.0257,1006.0,1,7.501388178183363e-06,7.5013881781834e-06,0.0,0.0,True,dirichlet,exp(+iwt)_rms,120081,16,1.4510251890940126e-12,0.0005196412108785,-0.0002678248302846,-5.387051880381531e-05,-0.0001501747070829,-9.965872139582575e-06,-7.141448370206591e-05,7.311857965672262e-07,-5.095522216556913e-05,4.627048019563938e-06,-4.1207627057864346e-05,6.382941482678832e-06,-3.523510052276897e-05,7.254974306517683e-06,-3.141239595024851e-05,7.757963516038287e-06,-2.8511298151979795e-05,8.09946374372643e-06,-2.617230912456532e-05,8.322455016053877e-06,-2.438211462655692e-05,8.43665224296901e-06,-2.273922880744355e-05,8.565747614863397e-06,-2.159008553189608e-05,8.594254813595479e-06,-2.064277537773112e-05,8.686965844643233e-06,-1.927833446991292e-05,8.81948286680815e-06,-1.85490406139318e-05,8.924702376091241e-06,-1.7684406307790278e-05
1199.8717116741157,82.91376714642952,-13.292774021315369,599.892927504179,85.71128905832236,2,1.0,0.0,7.410832700673046e-06,-1.058842327768284e-06,8.781505526125448e-16,4,0.0045364608648729,0.0045178284117023,0.0470676174626048,0.047049009459682,2.3143026859398967e-05,-1.4492788032062942e-05,0.2662912513909042,-0.0629131248846234,modal_baffled,lossless,0.0,343.0,1.225,1.4,1.81e-05,0.0257,1006.0,1,7.410832700673046e-06,7.4108327006730675e-06,0.0,0.0,True,dirichlet,exp(+iwt)_rms,120081,16,4.0042768542859806e-14,0.000491697436731,-0.0003079142054211,-6.920555564210726e-05,-0.0001437884131237,-1.7360160584934886e-05,-6.93985124940204e-05,-4.556503866018995e-06,-5.012984105217399e-05,3.467937250797316e-07,-4.087629154018949e-05,2.7159934849479883e-06,-3.515626530557791e-05,3.982478270554611e-06,-3.148204322778556e-05,4.782065398354954e-06,-2.867829451744593e-05,5.360055827114876e-06,-2.6411533975298936e-05,5.76542994388147e-06,-2.467761961774908e-05,6.044376278989664e-06,-2.307653986039944e-05,6.290950729520556e-06,-2.196852740751516e-05,6.415117482779941e-06,-2.1049677350204132e-05,6.636183249133821e-06,-1.9708183602181346e-05,6.8435995521477175e-06,-1.901567574995168e-05,7.032771489680762e-06,-1.8180455392744333e-05
1220.90448112615,82.89305557609612,-18.718138796463645,608.674002714484,46.96099860572441,2,1.0,0.0,7.408920037445227e-06,-5.716200823375657e-07,2.410899151057216e-15,4,0.0045364608648729,0.0045178284117023,0.0470676174626048,0.047049009459682,2.179742743970772e-05,-1.638168703516535e-05,0.2584458487358474,-0.087570296522311,modal_baffled,lossless,0.0,343.0,1.225,1.4,1.81e-05,0.0257,1006.0,1,7.408920037445227e-06,7.408920037445559e-06,0.0,0.0,True,dirichlet,exp(+iwt)_rms,120081,16,1.0809707230276813e-13,0.0004631087914536,-0.0003480458098007,-8.44492923767259e-05,-0.0001365001830556,-2.467235376425713e-05,-6.69871074245804e-05,-9.786812076588875e-06,-4.9041626514100026e-05,-3.891773805384276e-06,-4.034259829365197e-05,-9.186655793483212e-07,-3.49095297613701e-05,7.350521052270185e-07,-3.140548232333639e-05,1.826366943501998e-06,-2.8714494245474866e-05,2.6371538057834635e-06,-2.6531680359043006e-05,3.221365577709253e-06,-2.486311873264874e-05,3.6623402082158738e-06,-2.33113965392936e-05,4.022987082310919e-06,-2.2250377891894618e-05,4.239868735293829e-06,-2.1364285128166843e-05,4.589293953874899e-06,-2.005010613596073e-05,4.8681591675237375e-06,-1.9398283062293944e-05,5.139133402131732e-06,-1.8595920039517096e-05
1242.3059378190928,82.92386273501168,-24.278406187570468,605.1279591031762,7.284440197546038,2,1.0,0.0,7.4956106621646384e-06,-9.023104418038809e-08,2.038161511393888e-15,4,0.0045364608648729,0.0045178284117023,0.0470676174626048,0.047049009459682,2.037649945399645e-05,-1.8313125949758844e-05,0.249548269386108,-0.1125621589229399,modal_baffled,lossless,0.0,343.0,1.225,1.4,1.81e-05,0.0257,1006.0,1,7.4956106621646384e-06,7.495610662164775e-06,0.0,0.0,True,dirichlet,exp(+iwt)_rms,120081,16,9.137907416002551e-14,0.0004329197132229,-0.0003890812184047,-9.980312513780464e-05,-0.0001280669709262,-3.201186591199397e-05,-6.410251131571568e-05,-1.5044578631377796e-05,-4.765225712187935e-05,-8.160954080787798e-06,-3.958411682408627e-05,-4.585006426242546e-06,-3.448075991212586e-05,-2.5458075641511456e-06,-3.1173283662072226e-05,-1.163252668495593e-06,-2.861369776078586e-05,-1.1972244233135038e-07,-2.6528994251697317e-05,6.425594228630989e-07,-2.493662561177026e-05,1.2455388354648277e-06,-2.344323536121829e-05,1.7185746275626407e-06,-2.243612939420263e-05,2.0267504664246823e-06,-2.1587754148323263e-05,2.5071043072399256e-06,-2.030647561975816e-05,2.854942217968937e-06,-1.969995067666347e-05,3.2069779967243302e-06,-1.893467235093325e-05
1264.0825445386445,83.00481917043714,-30.043159468544488,589.9429174103497,-28.65180378075568,2,1.0,0.0,7.671565306288468e-06,3.725855118523946e-07,5.4925603103820416e-15,4,0.0045364608648729,0.0045178284117023,0.0470676174626048,0.047049009459682,1.8819907664691868e-05,-2.031548714730211e-05,0.2391259795134188,-0.1382997232926194,modal_baffled,lossless,0.0,343.0,1.225,1.4,1.81e-05,0.0257,1006.0,1,7.671565306288468e-06,7.671565306288153e-06,0.0,0.0,True,dirichlet,exp(+iwt)_rms,120081,16,2.37098394661438e-13,0.0003998483177875,-0.0004316234439408,-0.0001153856298634,-0.0001181289056045,-3.9459080347938416e-05,-6.061117991581954e-05,-2.0399588648269488e-05,-4.588325360853615e-05,-1.2523939272613916e-05,-3.8545651449543775e-05,-8.341038567808774e-06,-3.38275859010577e-05,-5.914534067586056e-06,-3.0750664138546725e-05,-4.238121737887255e-06,-2.834654659585489e-05,-2.9592179627931952e-06,-2.63783219358739e-05,-2.017598999199146e-06,-2.4876090939837733e-05,-1.250518653109572e-06,-2.3452657460837395e-05,-6.655748356847482e-07,-2.25082648266719e-05,-2.6636437488582933e-07,-2.170390183472733e-05,3.49727964736421e-07,-2.046336881755917e-05,7.646131662625933e-07,-1.990795287454891e-05,1.1980315582033552e-06,-1.918537621808764e-05
1286.2408773578468,83.13290125778636,-36.08335501329087,565.7529834724423,-57.15183474854004,2,1.0,0.0,7.937447509823205e-06,8.018334885700573e-07,1.365852690414366e-15,4,0.0045364608648729,0.0045178284117023,0.0470676174626048,0.047049009459682,1.7051233332811016e-05,-2.240063590198793e-05,0.2264972467740121,-0.165063865764568,modal_baffled,lossless,0.0,343.0,1.225,1.4,1.81e-05,0.0257,1006.0,1,7.937447509823205e-06,7.937447509823606e-06,0.0,0.0,True,dirichlet,exp(+iwt)_rms,120081,16,5.785850792904875e-14,0.0003622710103471,-0.0004759245763774,-0.0001311928150561,-0.0001062111132326,-4.704903957815427e-05,-5.632341045942382e-05,-2.58960668330419e-05,-4.361474134889611e-05,-1.7026876673408207e-05,-3.713764477796911e-05,-1.2232331094656895e-05,-3.2877676606631376e-05,-9.415906321941223e-06,-3.007567862745292e-05,-7.441837182778359e-06,-2.785869188397065e-05,-5.923703510266444e-06,-2.603127725146593e-05,-4.800566412329029e-06,-2.463755510519917e-05,-3.866070708245532e-06,-2.329959604607776e-05,-3.1692533037850644e-06,-2.242938847004329e-05,-2.678642174268219e-06,-2.1677318868385448e-05,-1.9203251682454188e-06,-2.048876438995281e-05,-1.440340314273407e-06,-1.9991886865924136e-05,-9.246620275215029e-07,-1.9319615221627084e-05
1308.7876276229254,83.30304229108664,-42.47063371887433,536.2118294199055,-76.24198810903525,2,1.0,0.0,8.292552755489715e-06,1.1790875804839602e-06,3.187769828703775e-15,4,0.0045364608648729,0.0045178284117023,0.0470676174626048,0.047049009459682,1.4978108803753789e-05,-2.4556689483855186e-05,0.210762106974348,-0.1929292550998391,modal_baffled,lossless,0.0,343.0,1.225,1.4,1.81e-05,0.0257,1006.0,1,8.292552755489715e-06,8.292552755489685e-06,0.0,0.0,True,dirichlet,exp(+iwt)_rms,120081,16,1.2976426830921225e-13,0.0003182253449657,-0.0005217321548804,-0.0001470408085641,-9.17355128466236e-05,-5.474760591942228e-05,-5.099578016674385e-05,-3.1537057252269894e-05,-4.068526531592797e-05,-2.1686892155238668e-05,-3.523492731250168e-05,-1.6282130863045787e-05,-3.1527015869902145e-05,-1.307645067950741e-05,-2.905721582034908e-05,-1.0802605951199986e-05,-2.7068645642535504e-05,-9.04235166440558e-06,-2.5414007489776405e-05,-7.736272918219262e-06,-2.415283499418255e-05,-6.631213513516579e-06,-2.292097724997661e-05,-5.823203490931946e-06,-2.2139804245106268e-05,-5.240986939294142e-06,-2.1450903570876364e-05,-4.333237686022058e-06,-2.0330160640972035e-05,-3.790900021245852e-06,-1.9901187051874527e-05,-3.1922699594202832e-06,-1.9289374609343912e-05
1331.729603973931,83.50763189764314,-49.27512479647488,504.9493975519834,-85.67936343488584,2,1.0,0.0,8.732571577178278e-06,1.4817349570264342e-06,9.176185289991485e-16,4,0.0045364608648729,0.0045178284117023,0.0470676174626048,0.047049009459682,1.249535137300907e-05,-2.673745693922498e-05,0.1908168541725405,-0.2216503371668582,modal_baffled,lossless,0.0,343.0,1.225,1.4,1.81e-05,0.0257,1006.0,1,8.732571577178278e-06,8.732571577179035e-06,0.0,0.0,True,dirichlet,exp(+iwt)_rms,120081,16,3.5997295755927527e-14,0.0002654766067761,-0.0005680648050746,-0.0001624895603775,-7.405819249115462e-05,-6.241858525468897e-05,-4.434272204594983e-05,-3.726213315437756e-05,-3.689668223701279e-05,-2.647454567156685e-05,-3.267882340979068e-05,-2.0476608246856035e-05,-2.9640614633538175e-05,-1.6891403894529334e-05,-2.757488056628393e-05,-1.4321491162794012e-05,-2.586714206060368e-05,-1.232039930397446e-05,-2.4426186520835902e-05,-1.0833142158896328e-05,-2.332822363068719e-05,-9.556604034273455e-06,-2.2229223569246388e-05,-8.640274122957808e-06,-2.1555796449168284e-05,-7.967542836393205e-06,-2.094400451501731e-05,-6.903983076609202e-06,-1.991269608228409e-05,-6.303870942824866e-06,-1.956303965732086e-05,-5.622854438365726e-06,-1.9024833891716617e-05
1355.0737344008005,83.73598974648445,-56.56098131943756,474.8836835607037,-86.44751952960945,2,1.0,0.0,9.246373822522715e-06,1.683203928185554e-06,6.863284996445772e-15,4,0.0045364608648729,0.0045178284117023,0.0470676174626048,0.047049009459682,9.494314774796171e-06,-2.8849244054568765e-05,0.1654257628253607,-0.2505099562319621,modal_baffled,lossless,0.0,343.0,1.225,1.4,1.81e-05,0.0257,1006.0,1,9.246373822522715e-06,9.24637382252295e-06,0.0,0.0,True,dirichlet,exp(+iwt)_rms,120081,16,2.558950177829021e-13,0.0002017164939852,-0.0006129318969138,-0.0001767558397274,-5.2554739492030496e-05,-6.978391634234869e-05,-3.606682537261864e-05,-4.2918965217577005e-05,-3.203058160066559e-05,-3.129061650967514e-05,-2.9287659414065102e-05,-2.4744830579515212e-05,-2.705988086804145e-05,-2.080666635027169e-05,-2.5484477001300853e-05,-1.7955892291881245e-05,-2.4121344996546063e-05,-1.572385922789916e-05,-2.294427203570248e-05,-1.4063713984092215e-05,-2.2047015552915785e-05,-1.2619936394981053e-05,-2.111421173292113e-05,-1.1602421016494129e-05,-2.057108914370779e-05,-1.0843115710951052e-05,-2.005354317935169e-05,-9.620560362839026e-06,-1.9139971328454085e-05,-8.970377909962757e-06,-1.8882816900774103e-05,-8.210272743507046e-06,-1.843448979653259e-05
1378.8270683354704,83.97399429570925,-64.37893434001393,448.0009838812685,-80.13449948640485,2,1.0,0.0,9.812070015284837e-06,1.7550973053416251e-06,3.3225794936323808e-15,4,0.0045364608648729,0.0045178284117023,0.0470676174626048,0.047049009459682,5.882378444888531e-06,-3.0738263705454753e-05,0.133395632938185,-0.2781556685130307,modal_baffled,lossless,0.0,343.0,1.225,1.4,1.81e-05,0.0257,1006.0,1,9.812070015284837e-06,9.812070015285592e-06,0.0,0.0,True,dirichlet,exp(+iwt)_rms,120081,16,1.1819134677365116e-13,0.0001249771873318,-0.0006530660645798,-0.0001886432645826,-2.677818731610016e-05,-7.638682681543678e-05,-2.5919415136240464e-05,-4.823419366939961e-05,-2.5884634155205448e-05,-3.5940768751836336e-05,-2.4882608236493557e-05,-2.893600258357512e-05,-2.362267256600416e-05,-2.469767865628363e-05,-2.263455011242576e-05,-2.15997791902914e-05,-2.1688916697644866e-05,-1.916089096652522e-05,-2.0833682514462795e-05,-1.7346842901543434e-05,-2.0180247645373616e-05,-1.5748978421449796e-05,-1.9452822470438512e-05,-1.4644182601263114e-05,-1.9065469045624736e-05,-1.3807034984492549e-05,-1.8661976992487305e-05,-1.2428777657548622e-05,-1.7901187317540402e-05,-1.1740798283896068e-05,-1.7750571294467504e-05,-1.090948564835575e-05,-1.7411030582406744e-05
1402.996778780648,84.20417444825728,-72.75569747150126,425.4593668877329,-68.45559897878275,2,1.0,0.0,1.039343362289881e-05,1.6722836056151524e-06,1.917316305798383e-15,4,0.0045364608648729,0.0045178284117023,0.0470676174626048,0.047049009459682,1.6152203036293051e-06,-3.218608160063272e-05,0.0938937481573029,-0.3024934960484788,modal_baffled,lossless,0.0,343.0,1.225,1.4,1.81e-05,0.0257,1006.0,1,1.039343362289881e-05,1.039343362289857e-05,0.0,0.0,True,dirichlet,exp(+iwt)_rms,120081,16,6.538169858667626e-14,3.4317018593783614e-05,-0.0006838264466265,-0.0001965462007063,3.2998065678441606e-06,-8.15804396634572e-05,-1.379882064056431e-05,-5.279760605442659e-05,-1.833564787452881e-05,-4.011839384765472e-05,-1.9335222723230904e-05,-3.280219200466612e-05,-1.9201989097737665e-05,-2.835217556230685e-05,-1.8899673723840463e-05,-2.506672758697372e-05,-1.84473795862492e-05,-2.246517720744754e-05,-1.797509704283841e-05,-2.0531289841372573e-05,-1.7610695799151276e-05,-1.8805535265765143e-05,-1.7130937409097093e-05,-1.7636663550731128e-05,-1.6925352119441147e-05,-1.6737246989457298e-05,-1.6656804489824138e-05,-1.5217034878722008e-05,-1.6089062148309202e-05,-1.450936185163771e-05,-1.605805043702096e-05,-1.3621275282182477e-05,-1.584734456313676e-05
1427.5901644759124,84.40667086127144,-81.6814683230987,407.8206272835384,-52.99038383042333,2,1.0,0.0,1.0938981593050226e-05,1.4213622228741668e-06,1.252212927542389e-15,4,0.0045364608648729,0.0045178284117023,0.0470676174626048,0.047049009459682,-3.2612006618089613e-06,-3.2924779883313967e-05,0.0469001427377412,-0.3207624631866387,modal_baffled,lossless,0.0,343.0,1.225,1.4,1.81e-05,0.0257,1006.0,1,1.0938981593050226e-05,1.0938981593050138e-05,0.0,0.0,True,dirichlet,exp(+iwt)_rms,120081,16,4.1346429754999954e-14,-6.928756622108565e-05,-0.000699520852303,-0.0001986087586826,3.700041523130058e-05,-8.45767275400475e-05,1.2381770466773065e-07,-5.608322443849594e-05,-9.425741292336712e-06,-4.341417014364392e-05,-1.263574262474255e-05,-3.6002103509419947e-05,-1.376368822323858e-05,-3.147054760520788e-05,-1.4231632305084935e-05,-2.808811703022436e-05,-1.4340381737138024e-05,-2.539258092354028e-05,-1.4306808333836854e-05,-2.339117183153876e-05,-1.4272311505277222e-05,-2.1580074051835342e-05,-1.4080224530604008e-05,-2.038127370877299e-05,-1.4078830278880236e-05,-1.94435121240826e-05,-1.3964260937770462e-05,-1.7809339581647956e-05,-1.3631167396152113e-05,-1.7106373029427143e-05,-1.3729061576464776e-05,-1.6183969445899097e-05,-1.3665594047122403e-05
1452.6146521017756,84.56140481574889,-91.09908580722346,395.2806502144738,-35.09221752112937,2,1.0,0.0,1.1386811385986305e-05,1.0108981095135645e-06,2.6432800057419973e-15,4,0.0045364608648729,0.0045178284117023,0.0470676174626048,0.047049009459682,-8.573268019559638e-06,-3.268275688376212e-05,-0.0063296481018837,-0.3299265945150282,modal_baffled,lossless,0.0,343.0,1.225,1.4,1.81e-05,0.0257,1006.0,1,1.1386811385986305e-05,1.1386811385989484e-05,0.0,0.0,True,dirichlet,exp(+iwt)_rms,120081,16,8.22342283364412e-14,-0.0001821479072394,-0.0006943788244588,-0.0001931016341654,7.27184532132107e-05,-8.458756914714434e-05,1.5295183112175472e-05,-5.75317789546925e-05,5.542622201278573e-07,-4.537330947641401e-05,-4.9640741491331525e-06,-3.8144562511048266e-05,-7.42939275445021e-06,-3.370101291775095e-05,-8.717237547620046e-06,-3.034250737089869e-05,-9.431409272196867e-06,-2.764611507001065e-05,-9.875045239283974e-06,-2.5647580776690737e-05,-1.019805743113872e-05,-2.381060562450968e-05,-1.0323527151295606e-05,-2.2626424717844597e-05,-1.053968968570184e-05,-2.1682570262144564e-05,-1.0592172004422872e-05,-1.9978662725920563e-05,-1.0530228230584938e-05,-1.9310007071210835e-05,-1.07592083361462e-05,-1.8383796515303648e-05,-1.0855825781182396e-05
1478.077798522384,84.65139078288345,-100.90058025201576,387.8430657481748,-15.902357453150652,2,1.0,0.0,1.1677009374908702e-05,4.787812222590015e-07,3.6736097506581065e-14,4,0.0045364608648729,0.0045178284117023,0.0470676174626048,0.047049009459682,-1.4012599746203976e-05,-3.12593145678186e-05,-0.0630533651439844,-0.3274136253261411,modal_baffled,lossless,0.0,343.0,1.225,1.4,1.81e-05,0.0257,1006.0,1,1.1677009374908702e-05,1.1677009374909908e-05,0.0,0.0,True,dirichlet,exp(+iwt)_rms,120081,16,1.130064402692394e-12,-0.000297712110823,-0.0006641363266932,-0.0001789736538526,0.0001079570379218,-8.105032690603095e-05,3.076406167285196e-05,-5.669629369444843e-05,1.103515051371482e-05,-4.560583346691171e-05,3.2758135007411524e-06,-3.887861287549381e-05,-5.120882240285597e-07,-3.471737762085011e-05,-2.614424915564743e-06,-3.152440628633214e-05,-3.939645834953391e-06,-2.893768186201571e-05,-4.869368414435563e-06,-2.702504287778872e-05,-5.555045716748057e-06,-2.523453863770292e-05,-6.009354553308491e-06,-2.411611793521128e-05,-6.441996777615737e-06,-2.320429658223744e-05,-6.664392058960124e-06,-2.1489390645982275e-05,-6.897148865968697e-06,-2.0886722793281207e-05,-7.2494207351963074e-06,-1.999298710199391e-05,-7.509330038577241e-06
1503.9872930675256,84.66641092405096,-110.936565924747,385.4260346271195,3.585072036140752,2,1.0,0.0,1.1768972511630111e-05,-1.0947006806733634e-07,5.657273461022445e-15,4,0.0045364608648729,0.0045178284117023,0.0470676174626048,0.047049009459682,-1.9182079425383835e-05,-2.860188353546629e-05,-0.11936162002025,-0.3119796064718062,modal_baffled,lossless,0.0,343.0,1.225,1.4,1.81e-05,0.0257,1006.0,1,1.1768972511630111e-05,1.1768972511618732e-05,0.0,0.0,True,dirichlet,exp(+iwt)_rms,120081,16,1.6155599077095485e-13,-0.0004075430297831,-0.0006076764679705,-0.00015636145694,0.00013975228272,-7.3857344093217e-05,4.532620193661079e-05,-5.340406686158397e-05,2.124389758988755e-05,-4.391772194987013e-05,1.15008466499831e-05,-3.800598717294806e-05,6.513355141295208e-06,-3.4319918670404866e-05,3.667987766979487e-06,-3.143628012662274e-05,1.774117541698061e-06,-2.9072951421226205e-05,3.868818063616016e-07,-2.733110433564316e-05,-6.384829258138268e-07,-2.566334795851939e-05,-1.4084676295211384e-06,-2.466151805175576e-05,-2.039092504673284e-06,-2.3820816335453356e-05,-2.4213810619084518e-06,-2.2161854651293557e-05,-2.9528513623974373e-06,-2.165417470412027e-05,-3.409728407434096e-06,-2.083032720723033e-05,-3.823887706755631e-06
1530.3509598546548,84.60566172506083,-121.03925498290413,387.9086156387231,22.43982015212197,2,1.0,0.0,1.1655659170035209e-05,-6.742590522238246e-07,8.904986499854353e-16,4,0.0045364608648729,0.0045178284117023,0.0470676174626048,0.047049009459682,-2.369023868793641e-05,-2.484241648922435e-05,-0.1710612593608256,-0.2842524275416465,modal_baffled,lossless,0.0,343.0,1.225,1.4,1.81e-05,0.0257,1006.0,1,1.1655659170035209e-05,1.1655659170034853e-05,0.0,0.0,True,dirichlet,exp(+iwt)_rms,120081,16,1.354404318655587e-14,-0.0005033235155095,-0.0005278027193316,-0.0001267467771455,0.0001654031787775,-6.345868788366754e-05,5.781201330256728e-05,-4.784840621265264e-05,3.038222022025994e-05,-4.039589916230823e-05,1.9079762677524845e-05,-3.5560294194387376e-05,1.3114416677748876e-05,-3.2510718141781805e-05,9.65830630684435e-06,-3.006030006248921e-05,7.283879089731308e-06,-2.8019938843352846e-05,5.5040089721946085e-06,-2.6522647959510684e-05,4.188979865141668e-06,-2.504636731609045e-05,3.141017390349017e-06,-2.4203673377578454e-05,2.347021699163293e-06,-2.3468146096665567e-05,1.8272991503937665e-06,-2.193079033567051e-05,1.014924992263046e-06,-2.1539580860927643e-05,4.811023991400401e-07,-2.081845623787093e-05,-6.635020304552892e-08
1557.1767601515978,84.47813184724626,-131.05252502958936,395.12396144055,39.712448524890256,2,1.0,0.0,1.1366291192488702e-05,-1.1423839046737634e-06,2.190144179066406e-14,4,0.0045364608648729,0.0045178284117023,0.0470676174626048,0.047049009459682,-2.725202789479165e-05,-2.026439962207644e-05,-0.2147530294082942,-0.2465881810871215,modal_baffled,lossless,0.0,343.0,1.225,1.4,1.81e-05,0.0257,1006.0,1,1.1366291192488702e-05,1.1366291192488986e-05,0.0,0.0,True,dirichlet,exp(+iwt)_rms,120081,16,6.535921336396903e-13,-0.0005789973948956,-0.000430538036861,-9.260215975057676e-05,0.0001831688747115,-5.0755275654381615e-05,6.738848672280507e-05,-4.054504221382077e-05,3.783250215020204e-05,-3.539069989402277e-05,2.5495843559943803e-05,-3.180242522397979e-05,1.8838137562739403e-05,-2.9496675578082294e-05,1.4943422986359737e-05,-2.7566128145057703e-05,1.2208079155031715e-05,-2.5920142507494828e-05,1.0126216278834656e-05,-2.4719688579413725e-05,8.590498601761413e-06,-2.348632934076613e-05,7.32053802653137e-06,-2.2831007744190785e-05,6.408395526953366e-06,-2.222487920604219e-05,5.782451257447487e-06,-2.08642831746785e-05,4.725484988212687e-06,-2.0600491814905864e-05,4.14705237019684e-06,-2.000568149549265e-05,3.4957513215687123e-06
1584.4727947806964,84.30051820052098,-140.85804310564006,406.8019191982074,54.36579207833019,2,1.0,0.0,1.0955849496457605e-05,-1.464160830263156e-06,3.944203277528873e-14,4,0.0045364608648729,0.0045178284117023,0.0470676174626048,0.047049009459682,-2.9744261462627e-05,-1.5215679975722444e-05,-0.2485541656124862,-0.2022968933467803,modal_baffled,lossless,0.0,343.0,1.225,1.4,1.81e-05,0.0257,1006.0,1,1.0955849496457605e-05,1.0955849496457373e-05,0.0,0.0,True,dirichlet,exp(+iwt)_rms,120081,16,1.1787021930739637e-12,-0.0006319474633756,-0.0003232727891487,-5.669515756463053e-05,0.0001925753361973,-3.6832081386691415e-05,7.372071876813151e-05,-3.217237612258255e-05,4.32861083439548e-05,-2.9402155483273545e-05,3.0458784609211486e-05,-2.7132430880156723e-05,2.34116561139484e-05,-2.561681178973744e-05,1.926231500079008e-05,-2.4248951011396195e-05,1.6297061020755106e-05,-2.303509672705853e-05,1.4014153097490552e-05,-2.215798072954708e-05,1.233391560557372e-05,-2.119746524111271e-05,1.0906133621617802e-05,-2.074160953628916e-05,9.924367778558186e-06,-2.027709390969498e-05,9.226748956433977e-06,-1.913252389176812e-05,7.972640718118912e-06,-1.899582379113054e-05,7.38176982084737e-06,-1.8540410712100016e-05,6.659319473773364e-06
1612.2473065650818,84.09365418892334,-150.389010127705,422.4606552793459,65.24062053149324,2,1.0,0.0,1.0488059495491857e-05,-1.6196715625616302e-06,4.3954294499503166e-15,4,0.0045364608648729,0.0045178284117023,0.0470676174626048,0.047049009459682,-3.1195440333174175e-05,-1.0015186983232412e-05,-0.272171673393426,-0.1546840896775954,modal_baffled,lossless,0.0,343.0,1.225,1.4,1.81e-05,0.0257,1006.0,1,1.0488059495491857e-05,1.0488059495491751e-05,0.0,0.0,True,dirichlet,exp(+iwt)_rms,120081,16,1.3085553299996428e-13,-0.0006627792528049,-0.0002127829604119,-2.1423914059819037e-05,0.0001942397821402,-2.2677881057495624e-05,7.693565264306196e-05,-2.33852485282864e-05,4.674400814953082e-05,-2.2936615929642137e-05,3.3919788067093806e-05,-2.197022169364152e-05,2.6764103925144623e-05,-2.123799581805085e-05,2.2531119820053356e-05,-2.043681907562497e-05,1.946035169771652e-05,-1.966174494222957e-05,1.707303938845615e-05,-1.911185821527546e-05,1.5320929094278264e-05,-1.8433252383327858e-05,1.3798424153427564e-05,-1.8174466875130176e-05,1.2791953376710324e-05,-1.7853588137342782e-05,1.205557267551268e-05,-1.694731537797713e-05,1.0654714855923666e-05,-1.6929648561424123e-05,1.007916414428488e-05,-1.661538934253187e-05,9.31713306741857e-06
1640.5086828178248,83.87902632970663,-159.63017381694956,441.2529609147315,71.08718530073185,2,1.0,0.0,1.0020780962321276e-05,-1.6143780919902637e-06,1.959197871876305e-15,4,0.0045364608648729,0.0045178284117023,0.0470676174626048,0.047049009459682,-3.1730840549651674e-05,-4.894716082251692e-06,-0.286460187713417,-0.1063618983238412,modal_baffled,lossless,0.0,343.0,1.225,1.4,1.81e-05,0.0257,1006.0,1,1.0020780962321276e-05,1.0020780962322996e-05,0.0,0.0,True,dirichlet,exp(+iwt)_rms,120081,16,5.2325567571151545e-14,-0.0006741543817224,-0.0001039932834106,1.1541697613229748e-05,0.0001894132329019,-9.013588620339e-06,7.745427493002126e-05,-1.46892444378616e-05,4.842246367683698e-05,-1.640087236984231e-05,3.600864339255137e-05,-1.6663473016403752e-05,2.8979993350694887e-05,-1.667107346387737e-05,2.480739632097443e-05,-1.6412436008413044e-05,2.173742965631762e-05,-1.606065896734777e-05,1.932919353685323e-05,-1.5824900530068124e-05,1.756750035843396e-05,-1.5422304331176412e-05,1.6005459365618576e-05,-1.534834621579206e-05,1.5012148988933654e-05,-1.516502173066246e-05,1.4265072593868044e-05,-1.4505982499123346e-05,1.2764644311093084e-05,-1.4593072158072964e-05,1.2226254368876144e-05,-1.4415245138882013e-05,1.14516065410949e-05
1669.26545787474,83.67625435625492,-168.60874510477987,461.7955720103593,70.7070738513549,2,1.0,0.0,9.598501704412791e-06,-1.4696588924006549e-06,4.3772816154885626e-15,4,0.0045364608648729,0.0045178284117023,0.0470676174626048,0.047049009459682,-3.150909729125042e-05,1.4544986143535266e-08,-0.2928114509556821,-0.0589946373961478,modal_baffled,lossless,0.0,343.0,1.225,1.4,1.81e-05,0.0257,1006.0,1,9.598501704412791e-06,9.598501704412922e-06,0.0,0.0,True,dirichlet,exp(+iwt)_rms,120081,16,1.3311227730245034e-13,-0.0006694432178617,3.09023208049382e-07,4.1285045535693206e-05,0.0001795163120264,3.744338305672868e-06,7.580233406354793e-05,-6.399719020773198e-06,4.863281533953465e-05,-1.0061972593529975e-05,3.69437026564479e-05,-1.1447885277893382e-05,3.0227148859097985e-05,-1.213195430166951e-05,2.622776792880397e-05,-1.237595832926338e-05,2.324307993155197e-05,-1.2418591871619316e-05,2.088123166330062e-05,-1.2475004267998976e-05,1.9159098329661285e-05,-1.233356454372073e-05,1.7602654494632138e-05,-1.2426229693017108e-05,1.6652620757994496e-05,-1.2369819733107915e-05,1.591713499526025e-05,-1.195799338102774e-05,1.435771816710369e-05,-1.2133506462870805e-05,1.3871814172695122e-05,-1.208257776889941e-05,1.3105895798480537e-05
1698.526315671559,83.50124609996739,-177.38214270414474,482.0546887448663,63.243287813189966,2,1.0,0.0,9.251439202558574e-06,-1.2137449252844169e-06,4.006342963945515e-16,4,0.0045364608648729,0.0045178284117023,0.0470676174626048,0.047049009459682,-3.067453159765801e-05,4.664981697092699e-06,-0.292646713741933,-0.0133804076763821,modal_baffled,lossless,0.0,343.0,1.225,1.4,1.81e-05,0.0257,1006.0,1,9.251439202558574e-06,9.251439202558388e-06,0.0,0.0,True,dirichlet,exp(+iwt)_rms,120081,16,1.2719672958359698e-14,-0.0006517120103227,9.911233983319888e-05,6.746753754152798e-05,0.0001658298538747,1.543095096810594e-05,7.247161037173654e-05,1.3361536451640905e-06,4.7687492334383446e-05,-4.0549877093917e-06,3.695851649372545e-05,-6.449652114260698e-06,3.0693094752659304e-05,-7.740748877104374e-06,2.6952688411742307e-05,-8.44222640842635e-06,2.411889951336997e-05,-8.847180309125749e-06,2.185387883823602e-05,-9.168156031995092e-06,2.021055400637164e-05,-9.268057569049103e-06,1.8693875367574812e-05,-9.508653112014607e-06,1.780696618320517e-05,-9.567723089009784e-06,1.709894805734083e-05,-9.398877238448788e-06,1.55151764929355e-05,-9.64470779876556e-06,1.5092250910698342e-05,-9.711046297321356e-06,1.435168430953898e-05
1728.300092366308,83.3670013984576,173.97275677453996,499.41274640307455,48.60251041436682,2,1.0,0.0,8.998366487390253e-06,-8.757149353226475e-07,8.72760568032256e-16,4,0.0045364608648729,0.0045178284117023,0.0470676174626048,0.047049009459682,-2.933100599305526e-05,9.064134935451493e-06,-0.2871063624998201,0.0303141241175674,modal_baffled,lossless,0.0,343.0,1.225,1.4,1.81e-05,0.0257,1006.0,1,8.998366487390253e-06,8.99836648739163e-06,0.0,0.0,True,dirichlet,exp(+iwt)_rms,120081,16,1.3999747139163964e-14,-0.0006231674253824,0.0001925768803286,9.010136951417927e-05,0.0001493604191397,2.6048830807412875e-05,6.784801212092126e-05,8.490646766737377e-06,4.584408737837836e-05,1.5810538711068465e-06,3.6252269120556086e-05,-1.7110613892498568e-06,3.054480746129101e-05,-3.5414420543102664e-06,2.712742586859435e-05,-4.6553922314586326e-06,2.449374733414345e-05,-5.388726340058499e-06,2.2365467993678468e-05,-5.949321779363226e-06,2.0828797039069125e-05,-6.271721359768212e-06,1.937904919821751e-05,-6.640105037321936e-06,1.8572013185006544e-05,-6.802517507852172e-06,1.7903655235479838e-05,-6.871349690009442e-06,1.6323615160206553e-05,-7.171692016426171e-06,1.5969081153979156e-05,-7.344121500644948e-06,1.526578521392397e-05
1758.5957790076325,83.28271093177767,165.36745084763388,511.0435667365575,27.87761316453428,2,1.0,0.0,8.850520526997514e-06,-4.827991263680198e-07,2.597934650543646e-15,4,0.0045364608648729,0.0045178284117023,0.0470676174626048,0.047049009459682,-2.753212454665972e-05,1.3246881630436045e-05,-0.2769071204384704,0.0722969086083707,modal_baffled,lossless,0.0,343.0,1.225,1.4,1.81e-05,0.0257,1006.0,1,8.850520526997514e-06,8.850520526996433e-06,0.0,0.0,True,dirichlet,exp(+iwt)_rms,120081,16,7.414666347516253e-14,-0.0005849483366888,0.0002814436409695,0.0001093562436546,0.000130832140666,3.5690052645536875e-05,6.21893722535179e-05,1.5108139705977256e-05,4.328611970101756e-05,6.871653371560971e-06,3.497356003646629e-05,2.7831123155700434e-06,2.990921855375021e-05,4.7508516921227413e-07,2.686557221468441e-05,-1.0105643606682813e-06,2.447158708806875e-05,-2.042219621452514e-06,2.2511136342565213e-05,-2.818929550078156e-06,2.1103565732732305e-05,-3.346373904104149e-06,1.97418989090472e-05,-3.824488772817917e-06,1.902596892943021e-05,-4.079845477468761e-06,1.840589810384689e-05,-4.382413045821644e-06,1.6854718785661072e-05,-4.722149943127477e-06,1.6571000841271542e-05,-4.991391501743584e-06,1.5914267464398388e-05
1789.422524249906,83.25474533156607,156.70588240277118,514.6021708046084,3.512005094194245,2,1.0,0.0,8.815061108382373e-06,-6.016014170687836e-08,1.2635254752415583e-15,4,0.0045364608648729,0.0045178284117023,0.0470676174626048,0.047049009459682,-2.528026488015484e-05,1.725258352045255e-05,-0.2622994411622054,0.1129320631978885,modal_baffled,lossless,0.0,343.0,1.225,1.4,1.81e-05,0.0257,1006.0,1,8.815061108382373e-06,8.81506110838244e-06,0.0,0.0,True,dirichlet,exp(+iwt)_rms,120081,16,3.4986191775901563e-14,-0.0005371052592632,0.0003665489024202,0.0001254309110087,0.0001107433382561,4.447809086838159e-05,5.5629895401635885e-05,2.126739429333837e-05,4.011945463498855e-05,1.1876677914299176e-05,3.321279072645848e-05,7.081870916248818e-06,2.886681989061437e-05,4.351023308940948e-06,2.6240700461065188e-05,2.529462269721944e-06,2.4120859734427136e-05,1.2255031614987352e-06,2.235501011045008e-05,2.529996625683532e-07,2.109554610285501e-05,-4.648747781989876e-07,1.984008044987912e-05,-1.0363967525644988e-06,1.9223747513900024e-05,-1.376170486890188e-06,1.865869543075625e-05,-1.910895798829264e-06,1.7160714506934777e-05,-2.276413605268516e-06,1.694768184128347e-05,-2.6348108857711915e-06,1.634521926072413e-05
1820.789637115924,83.28692632890834,147.88556054184735,508.99054640671767,-21.03311691363782,2,1.0,0.0,8.897468944123596e-06,3.6767186710708493e-07,3.3044443763825955e-14,4,0.0045364608648729,0.0045178284117023,0.0470676174626048,0.047049009459682,-2.2528920599993584e-05,2.110598965988552e-05,-0.2430665203621278,0.1525607156907218,modal_baffled,lossless,0.0,343.0,1.225,1.4,1.81e-05,0.0257,1006.0,1,8.897468944123596e-06,8.89746894412334e-06,0.0,0.0,True,dirichlet,exp(+iwt)_rms,120081,16,9.643090641878405e-13,-0.0004786501168854,0.000448418483826,0.0001384873069938,8.944733618483066e-05,5.2528044230836e-05,4.819286515634145e-05,2.7055973990623835e-05,3.637665607171862e-05,1.6671239229041504e-05,3.100307888870445e-05,1.125212104909683e-05,2.745023176119181e-05,8.147709715630662e-06,2.5284198513812756e-05,6.0216282260842745e-06,2.3472185423547703e-05,4.467502055210309e-06,2.192681085969979e-05,3.3164806979143764e-06,2.0833586895431568e-05,2.4198274894960557e-06,1.9701775198637368e-05,1.769547571189402e-06,1.9191966414026183e-05,1.3518177980610996e-06,1.8687983263306603e-05,5.84041932331254e-07,1.726954213775457e-05,2.047741890257504e-07,1.712494790859738e-05,-2.368426583694153e-07,1.6584068049165104e-05
1852.7065898080407,83.38065498100804,138.79619180759727,494.7892220946208,-42.08340365235938,2,1.0,0.0,9.102622677536474e-06,7.74207131699873e-07,7.080735270191075e-14,4,0.0045364608648729,0.0045178284117023,0.0470676174626048,0.047049009459682,-1.918591497676511e-05,2.4798385690696763e-05,-0.2185314171701094,0.1913354518330353,modal_baffled,lossless,0.0,343.0,1.225,1.4,1.81e-05,0.0257,1006.0,1,9.102622677536474e-06,9.102622677532786e-06,0.0,0.0,True,dirichlet,exp(+iwt)_rms,120081,16,2.002292380951579e-12,-0.0004076245200218,0.000526867239677,0.0001486391584085,6.723211342798537e-05,5.9917563802293286e-05,3.980105734178579e-05,3.255208082346283e-05,3.201967847665468e-05,2.1332005422367896e-05,2.8319537715320056e-05,1.5367594991502238e-05,2.5641881289803728e-05,1.19360235356754e-05,2.398203850300456e-05,9.534165074015969e-06,2.25146059636019e-05,7.749172733128555e-06,2.121779522790211e-05,6.434581817556541e-06,2.031038427313506e-05,5.3682849757565785e-06,1.9321290374442952e-05,4.65249906792684e-06,1.89243031026605e-05,4.161241079863809e-06,1.848797921492903e-05,3.157920596149743e-06,1.7180399008613562e-05,2.7750977944108853e-06,1.7100097492088616e-05,2.254650444311076e-06,1.6628857701609315e-05
1885.1830205685649,83.53459007634572,129.31649101479823,474.084949970025,-56.654867875098326,2,1.0,0.0,9.434147466430665e-06,1.1274147771588557e-06,6.72008801429597e-16,4,0.0045364608648729,0.0045178284117023,0.0470676174626048,0.047049009459682,-1.5118368334132602e-05,2.826418268532688e-05,-0.1875654102892741,0.2290256285371713,modal_baffled,lossless,0.0,343.0,1.225,1.4,1.81e-05,0.0257,1006.0,1,9.434147466430665e-06,9.434147466430626e-06,0.0,0.0,True,dirichlet,exp(+iwt)_rms,120081,16,1.56788622779262e-14,-0.0003212053031183,0.0006005016656681,0.0001559898733457,4.438029525530664e-05,6.665758705954552e-05,3.028004172241393e-05,3.780710567556271e-05,2.693642584283518e-05,2.5924267141088223e-05,2.5072936089358124e-05,1.949852931471272e-05,2.336642918531325e-05,1.5787494299855333e-05,2.226661960664565e-05,1.3138862726529309e-05,2.11871552051274e-05,1.1141360070231014e-05,2.0172248963324528e-05,9.677118949986732e-06,1.9473949877016403e-05,8.448837424273081e-06,1.8650626303798807e-05,7.679753373428256e-06,1.837293626559237e-05,7.117622558817485e-06,1.8012798960670856e-05,5.876783046459448e-06,1.6855580834342957e-05,5.49815305003273e-06,1.683374676125413e-05,4.902150307914924e-06,1.6442175901548243e-05
1918.2287365903085,83.74356715839764,119.3103368606941,449.8217717749026,-63.00146852767416,2,1.0,0.0,9.890992294433064e-06,1.385319872994107e-06,1.1455722223078356e-15,4,0.0045364608648729,0.0045178284117023,0.0470676174626048,0.047049009459682,-1.0164951496127808e-05,3.134751412374259e-05,-0.1486264069046539,0.264737217538905,modal_baffled,lossless,0.0,343.0,1.225,1.4,1.81e-05,0.0257,1006.0,1,9.890992294433064e-06,9.890992294433706e-06,0.0,0.0,True,dirichlet,exp(+iwt)_rms,120081,16,2.3225919892941552e-14,-0.0002159648617056,0.0006660102170807,0.0001607172657335,2.118283276690961e-05,7.264804699793457e-05,1.9355453064208685e-05,4.281846313936066e-05,2.0929473706156145e-05,3.048109617029818e-05,2.1095147143278875e-05,2.369454043419564e-05,2.047498954804212e-05,1.9759263003336596e-05,2.000058753547875e-05,1.689774373206364e-05,1.936256898761277e-05,1.4708311791852274e-05,1.867135484457096e-05,1.3109525093516929e-05,1.821167753407665e-05,1.1727426458686124e-05,1.7583856248815904e-05,1.0916648774063964e-05,1.743301560771562e-05,1.0285245597784958e-05,1.7161322701920826e-05,8.809485478590003e-06,1.6205428941987203e-05,8.439261632717256e-06,1.6235178409166255e-05,7.770744551541567e-06,1.593673483839704e-05
1951.853716978153,83.99628199019264,108.6253651369622,425.085963792545,-60.63205073362425,2,1.0,0.0,1.0459080288678362e-05,1.4918288080659446e-06,1.351145884310243e-15,4,0.0045364608648729,0.0045178284117023,0.0470676174626048,0.047049009459682,-4.1694496093362654e-06,3.375501748433418e-05,-0.0999243362881105,0.2964849027239136,modal_baffled,lossless,0.0,343.0,1.225,1.4,1.81e-05,0.0257,1006.0,1,1.0459080288678362e-05,1.0459080288678208e-05,0.0,0.0,True,dirichlet,exp(+iwt)_rms,120081,16,3.2230470691311586e-14,-8.858425036382787e-05,0.0007171601050584,0.0001631894253584,-2.1437443956465632e-06,7.759738845522325e-05,6.657275856682777e-06,4.747569111365048e-05,1.3702101441719686e-05,3.4959372758124784e-05,1.6118787041421063e-05,2.794674502947651e-05,1.672212114338235e-05,2.3859841896364133e-05,1.695287640732041e-05,2.0831834416651125e-05,1.6822829787107515e-05,1.8478831087167715e-05,1.6508785959908493e-05,1.6765788483517443e-05,1.6326121410471607e-05,1.524236354486924e-05,1.5933209633130494e-05,1.4401685563746597e-05,1.591909074113296e-05,1.3703345318606462e-05,1.5754157180036756e-05,1.200699939036023e-05,1.5064578186291593e-05,1.1644422647648056e-05,1.5139674553153408e-05,1.0908012560855132e-05,1.4952984720953628e-05
1986.068115762517,84.27121745472618,97.1020973466259,402.6765847232221,-49.97328130745028,2,1.0,0.0,1.1094889778573862e-05,1.3769066020089634e-06,5.9203687548471336e-15,4,0.0045364608648729,0.0045178284117023,0.0470676174626048,0.047049009459682,2.9358363134819497e-06,3.500239103656509e-05,-0.0399456810409796,0.3206074017318386,modal_baffled,lossless,0.0,343.0,1.225,1.4,1.81e-05,0.0257,1006.0,1,1.1094889778573862e-05,1.1094889778573152e-05,0.0,0.0,True,dirichlet,exp(+iwt)_rms,120081,16,1.4053109334891652e-13,6.237486560296932e-05,0.0007436618406354,0.0001640366560954,-2.5714655823405397e-05,8.088280777680622e-05,-8.225678535227358e-06,5.145573807139038e-05,4.867058937206677e-06,3.914884743617045e-05,9.770000561220712e-06,3.21060042650755e-05,1.175086129968757e-05,2.7973338441594717e-05,1.2780117777567289e-05,2.4850412822105836e-05,1.3238021334092171e-05,2.237980585604716e-05,1.3368260838459525e-05,2.0585320732377066e-05,1.3511795147517228e-05,1.8944609202273924e-05,1.340526459323367e-05,1.8087879237575892e-05,1.3541745643762756e-05,1.7329733918905456e-05,1.3510417284755294e-05,1.5450538274936782e-05,1.3165586370016553e-05,1.5088927080207106e-05,1.328419533751419e-05,1.4294482677390043e-05,1.3234662180952822e-05
2020.8822649656736,84.53108964033576,84.61127214604271,385.0612188009694,-31.99738690866474,2,1.0,0.0,1.1700349924016947e-05,9.72262604505613e-07,3.31783859689478e-15,4,0.0045364608648729,0.0045178284117023,0.0470676174626048,0.047049009459682,1.0956698478724794e-05,3.44024908981798e-05,0.0312506149054106,0.3312926245179223,modal_baffled,lossless,0.0,343.0,1.225,1.4,1.81e-05,0.0257,1006.0,1,1.1700349924016947e-05,1.1700349924016182e-05,0.0,0.0,True,dirichlet,exp(+iwt)_rms,120081,16,7.5147213012831e-14,0.0002327863416377,0.0007309163444593,0.0001639547228738,-5.045211899042075e-05,8.13644340984583e-05,-2.553852476040932e-05,5.40570565476172e-05,-5.948822201247324e-06,4.251631555917205e-05,1.6360422760144429e-06,3.573607354369207e-05,5.140224808266052e-06,3.171966611306379e-05,7.0632166204846165e-06,2.8617441208572556e-05,8.194545720398326e-06,2.6108681729908404e-05,8.846007956244057e-06,2.4290365659969297e-05,9.373510422478962e-06,2.258027103274112e-05,9.615364630621644e-06,2.172764286535713e-05,9.92172432929214e-06,2.0929521335245365e-05,1.0060003508156354e-05,1.8944545455300658e-05,1.0142525179389472e-05,1.857323650374042e-05,1.0313604431114549e-05,1.7742425808616374e-05,1.0433173217687887e-05
2056.306677721785,84.71943518564571,71.14540981279431,374.6122471076917,-8.08482788283927,2,1.0,0.0,1.2104112736662038e-05,2.612292281043951e-07,1.3084174567849537e-15,4,0.0045364608648729,0.0045178284117023,0.0470676174626048,0.047049009459682,1.917866264913752e-05,3.122803805934775e-05,0.1096959036613645,0.3212260463754973,modal_baffled,lossless,0.0,343.0,1.225,1.4,1.81e-05,0.0257,1006.0,1,1.2104112736662038e-05,1.2104112736662148e-05,0.0,0.0,True,dirichlet,exp(+iwt)_rms,120081,16,1.783238466653838e-14,0.0004074704368534,0.0006634718250644,0.000162826505454,-7.85178757319665e-05,7.732326898743041e-05,-4.485704834182845e-05,5.406206982119383e-05,-1.8773528951271955e-05,4.40458565364379e-05,-8.469007517102612e-06,3.794689772680635e-05,-3.3681968719011084e-06,3.428726809418554e-05,-4.897749473886962e-07,3.1384984787215685e-05,1.3790749039979138e-06,2.896995729180999e-05,2.619797660460217e-06,2.722557032043467e-05,3.58400660045834e-06,2.55336145577096e-05,4.234069566206833e-06,2.4719201161718757e-05,4.733197714660131e-06,2.39251781980258e-05,5.079962034843798e-06,2.196378110789984e-05,5.650563412254757e-06,2.157725806359967e-05,5.900614346851617e-06,2.075249152156458e-05,6.221692424484059e-06
2092.352051451661,84.76984663706033,56.965728446204494,373.90147346043454,19.680194241696768,2,1.0,0.0,1.2099250848012893e-05,-6.368405148665586e-07,6.545727523305479e-14,4,0.0045364608648729,0.0045178284117023,0.0470676174626048,0.047049009459682,2.6244525211862945e-05,2.521585581630724e-05,0.1854094167912109,0.285131934747025,modal_baffled,lossless,0.0,343.0,1.225,1.4,1.81e-05,0.0257,1006.0,1,1.2099250848012893e-05,1.2099250848012993e-05,0.0,0.0,True,dirichlet,exp(+iwt)_rms,120081,16,1.3990113145219768e-12,0.0005575919629395,0.0005357368223777,0.0001580527351473,-0.0001126896654235,6.697964177875099e-05,-6.437485625792743e-05,4.995809773461101e-05,-3.270528208540108e-05,4.235543080553617e-05,-1.9976723545002663e-05,3.7456679624473e-05,-1.338429535287299e-05,3.446651874733367e-05,-9.587385415753032e-06,3.200518197744134e-05,-6.990052746735064e-06,2.987339437790833e-05,-5.1423152220638725e-06,2.834650614756472e-05,-3.725533856143057e-06,2.68065705747314e-05,-2.6405740422783493e-06,2.608661281244441e-05,-1.932384507591872e-06,2.537276552896945e-05,-1.3547998435394424e-06,2.3605960286306014e-05,-3.002537904088818e-07,2.322228641304516e-05,7.084256335024792e-08,2.247160603741375e-05,6.099913763505688e-07
2129.029271093142,84.63995181796722,42.695206863165,385.6346639291587,47.63628866427938,2,1.0,0.0,1.1586820826781467e-05,-1.4312850820569395e-06,1.2995470509829725e-15,4,0.0045364608648729,0.0045178284117023,0.0470676174626048,0.047049009459682,3.066241440929204e-05,1.7205651721652894e-05,0.2447372952153733,0.2257991716272023,modal_baffled,lossless,0.0,343.0,1.225,1.4,1.81e-05,0.0257,1006.0,1,1.1586820826781467e-05,1.1586820826781828e-05,0.0,0.0,True,dirichlet,exp(+iwt)_rms,120081,16,2.723836185666961e-14,0.0006514545681784,0.0003655517880275,0.000143701444114,-0.0001535155385022,4.989473439410742e-05,-8.08332820053172e-05,4.088536445997757e-05,-4.56027579086781e-05,3.647129238112248e-05,-3.118382046858804e-05,3.326066056998403e-05,-2.3463405866421176e-05,3.125295653018087e-05,-1.8943132154514025e-05,2.9481176014973367e-05,-1.5749590075293577e-05,2.7842840504267e-05,-1.3374385985723434e-05,2.669608808120963e-05,-1.156396782184992e-05,2.546412717644067e-05,-1.0088531369036422e-05,2.4914670641987872e-05,-9.181586481182348e-06,2.437594715473876e-05,-8.395017493101485e-06,2.2962939327258077e-05,-6.955622430364044e-06,2.2640082367769164e-05,-6.428146627896979e-06,2.204508764231309e-05,-5.691620492895543e-06
2166.3494123881283,84.3565668820944,29.13635158537236,411.3661481504752,69.30470847612554,2,1.0,0.0,1.0723423338127056e-05,-1.806623446426915e-06,1.0296564053913173e-15,4,0.0045364608648729,0.0045178284117023,0.0470676174626048,0.047049009459682,3.193050309938719e-05,8.991540051315388e-06,0.2791758357166164,0.1556193556167606,modal_baffled,lossless,0.0,343.0,1.225,1.4,1.81e-05,0.0257,1006.0,1,1.0723423338127056e-05,1.0723423338127083e-05,0.0,0.0,True,dirichlet,exp(+iwt)_rms,120081,16,2.193552594313049e-14,0.0006783964181904,0.0001910345272619,0.0001133835104551,-0.0001960873086495,2.808768252753034e-05,-9.112644667530118e-05,2.770466733836244e-05,-5.497877225815755e-05,2.6850581160095937e-05,-3.9889420482855807e-05,2.560695945340967e-05,-3.160236454218004e-05,2.478167012200813e-05,-2.6690105944716423e-05,2.386531159194249e-05,-2.3142898290297808e-05,2.2877707850114818e-05,-2.041989907748258e-05,2.223466240401813e-05,-1.8353071159891028e-05,2.143117512092516e-05,-1.6609114669734194e-05,2.112778644293829e-05,-1.555607019862838e-05,2.084171216812436e-05,-1.463674797031444e-05,1.9857118300085568e-05,-1.2974313126430556e-05,1.9682244410226665e-05,-1.2297595774930562e-05,1.9307688207128465e-05,-1.1426200303211638e-05
2204.3237452272065,84.01831963405212,16.803975946229027,448.0245424875013,75.46767762437345,2,1.0,0.0,9.846102134417087e-06,-1.658530708186759e-06,1.0792169433660052e-14,4,0.0045364608648729,0.0045178284117023,0.0470676174626048,0.047049009459682,3.09718644852216e-05,2.050854560811001e-06,0.2916265262824197,0.0880693214347382,modal_baffled,lossless,0.0,343.0,1.225,1.4,1.81e-05,0.0257,1006.0,1,9.846102134417087e-06,9.846102134417287e-06,0.0,0.0,True,dirichlet,exp(+iwt)_rms,120081,16,2.375685233708593e-13,0.0006580291536921,4.357251697391316e-05,6.538303552326e-05,-0.0002312665526388,4.958616448070887e-06,-9.433579315123491e-05,1.26391741504716e-05,-5.960406212492514e-05,1.5266928281268963e-05,-4.481979876800162e-05,1.6003391055359958e-05,-3.65332823830796e-05,1.6395915738545734e-05,-3.15909044516012e-05,1.637382528037806e-05,-2.796179523959876e-05,1.6093452438462478e-05,-2.5104429404769733e-05,1.5998691972545732e-05,-2.2955884010127693e-05,1.5669020779164165e-05,-2.109466429934221e-05,1.5658149569125126e-05,-1.997302221816118e-05,1.5651301961010114e-05,-1.9020926476462847e-05,1.5075399602124736e-05,-1.7282908344284133e-05,1.5125362784289e-05,-1.6521420654157774e-05,1.4996411658538727e-05,-1.559974792071269e-05
2242.963737052934,83.74098199229178,5.600939379690647,484.2352339524287,59.18956107331749,2,1.0,0.0,9.230389292346377e-06,-1.128258855289131e-06,1.235975095868563e-15,4,0.0045364608648729,0.0045178284117023,0.0470676174626048,0.047049009459682,2.917330869759613e-05,-3.377813957663448e-06,0.2913440408853997,0.0285713555671738,modal_baffled,lossless,0.0,343.0,1.225,1.4,1.81e-05,0.0257,1006.0,1,9.230389292346377e-06,9.230389292346333e-06,0.0,0.0,True,dirichlet,exp(+iwt)_rms,120081,16,2.799015799854679e-14,0.0006198169839545,-7.176513577189488e-05,3.95304775820112e-06,-0.0002507855588035,-1.695769056504147e-05,-9.16318405097247e-05,-2.288726430977824e-06,-5.985965286442894e-05,3.506933738904348e-06,-4.6113618951449634e-05,6.077585410922872e-06,-3.827683242689544e-05,7.607895536338597e-06,-3.360142545645799e-05,8.427621889521927e-06,-3.011235718661647e-05,8.829990413595486e-06,-2.731079875312433e-05,9.261320474872986e-06,-2.5230176755958744e-05,9.389652769581687e-06,-2.338667256850966e-05,9.681566861780905e-06,-2.229247555779496e-05,9.933226687401045e-06,-2.1399790919016667e-05,9.704008460231876e-06,-1.96633263269915e-05,1.0012660180065253e-05,-1.891380666653072e-05,1.0117622945384216e-05,-1.801397352782091e-05
2282.2810563227445,83.5929652356041,-5.039376644303084,504.3303502668657,24.783919421261466,2,1.0,0.0,8.973348299105654e-06,-4.409703700486563e-07,1.1113841525464762e-14,4,0.0045364608648729,0.0045178284117023,0.0470676174626048,0.047049009459682,2.733797074995752e-05,-7.928581365711403e-06,0.2852504716770714,-0.025153733964224,modal_baffled,lossless,0.0,343.0,1.225,1.4,1.81e-05,0.0257,1006.0,1,8.973348299105654e-06,8.973348299110643e-06,0.0,0.0,True,dirichlet,exp(+iwt)_rms,120081,16,2.3753517147356144e-13,0.0005808233393516,-0.0001684508754242,-6.37017472618617e-05,-0.0002502299022178,-3.674418711939222e-05,-8.460445844841892e-05,-1.6088269978548245e-05,-5.673908994773092e-05,-7.468763760722922e-06,-4.4572298172108375e-05,-3.247555242340831e-06,-3.751912429680896e-05,-6.999729200612808e-07,-3.333676817587899e-05,8.784702260013374e-07,-3.015390508299807e-05,1.9045974815358627e-06,-2.7552500568031327e-05,2.808899766753912e-06,-2.5655936340196405e-05,3.3519174487032205e-06,-2.392867746745808e-05,3.926470983475291e-06,-2.2947047027700367e-05,4.391676537825479e-06,-2.2177111344145527e-05,4.464234924545172e-06,-2.046582877700784e-05,5.017101263701823e-06,-1.9828528529352276e-05,5.327826865570379e-06,-1.900364365340859e-05
2322.2875760325924,83.58337275547649,-15.771144673121425,501.2689765549896,-12.3381058794915,2,1.0,0.0,9.044473901329544e-06,2.2261835828305998e-07,2.25280209461736e-15,4,0.0045364608648729,0.0045178284117023,0.0470676174626048,0.047049009459682,2.550436464123864e-05,-1.2330466911276089e-05,0.2748359994508665,-0.0776212738883873,modal_baffled,lossless,0.0,343.0,1.225,1.4,1.81e-05,0.0257,1006.0,1,9.044473901329544e-06,9.044473901329544e-06,0.0,0.0,True,dirichlet,exp(+iwt)_rms,120081,16,5.140473362101996e-14,0.00054186648945,-0.0002619734665998,-0.0001301459532293,-0.0002285912759992,-5.436802529891756e-05,-7.420450752994825e-05,-2.849619556133668e-05,-5.098659871059385e-05,-1.7372848263069957e-05,-4.087664296806375e-05,-1.1679623492293042e-05,-3.4894751164865615e-05,-8.242803017628667e-06,-3.139274255977742e-05,-5.991125733131933e-06,-2.865173878351165e-05,-4.40812676037605e-06,-2.6366630756736235e-05,-3.092501043964938e-06,-2.474488235636853e-05,-2.182635571192242e-06,-2.320730321123008e-05,-1.3669017464619288e-06,-2.241054274269903e-05,-7.382210914173937e-07,-2.1803065950154508e-05,-3.7055512031788017e-07,-2.012480909064384e-05,3.747994669463685e-07,-1.9683117684844465e-05,8.602025181958408e-07,-1.897045082977098e-05
2362.9953773023367,83.68320148159144,-27.077959900198746,481.31170342471336,-38.59229969413838,2,1.0,0.0,9.364995479393091e-06,7.508994890491418e-07,2.9976816195438277e-15,4,0.0045364608648729,0.0045178284117023,0.0470676174626048,0.047049009459682,2.325243510796293e-05,-1.6987521191963548e-05,0.2575918904504441,-0.1316914184914007,modal_baffled,lossless,0.0,343.0,1.225,1.4,1.81e-05,0.0257,1006.0,1,9.364995479393091e-06,9.364995479393032e-06,0.0,0.0,True,dirichlet,exp(+iwt)_rms,120081,16,6.269963034825631e-14,0.0004940219276328,-0.0003609173803084,-0.0001884911845599,-0.0001871356644297,-6.985778635001653e-05,-6.070298031650593e-05,-3.942187710341508e-05,-4.292654037522932e-05,-2.614099414776282e-05,-3.5369421744660984e-05,-1.916947968073517e-05,-3.0749351758505136e-05,-1.4984690842575425e-05,-2.8103422296338965e-05,-1.2151234574730948e-05,-2.593202480139432e-05,-1.0084009057430364e-05,-2.4069885268309314e-05,-8.424622313324491e-06,-2.280129337971789e-05,-7.193807089040901e-06,-2.1520608761058524e-05,-6.191969487661483e-06,-2.097064260469467e-05,-5.449262624546262e-06,-2.0546846762562465e-05,-4.763876127269017e-06,-1.8923606537574304e-05,-3.903235961948208e-06,-1.8734692705626198e-05,-3.2753606113651893e-06,-1.816317129277259e-05
2404.416753023976,83.85121424882499,-39.22476708698108,455.18429605474665,-49.9709866752834,2,1.0,0.0,9.847523928461758e-06,1.0810796665852274e-06,2.1444970680413777e-15,4,0.0045364608648729,0.0045178284117023,0.0470676174626048,0.047049009459682,2.001677259937473e-05,-2.1888902893167486e-05,0.2293077967298953,-0.1871839892077297,modal_baffled,lossless,0.0,343.0,1.225,1.4,1.81e-05,0.0257,1006.0,1,9.847523928461758e-06,9.847523928461296e-06,0.0,0.0,True,dirichlet,exp(+iwt)_rms,120081,16,3.68182495981344e-14,0.0004252769457744,-0.0004650522816575,-0.0002324133830389,-0.0001290663931497,-8.291378423531019e-05,-4.402880575426926e-05,-4.862889949995196e-05,-3.263673897189162e-05,-3.364197655899145e-05,-2.816180144775133e-05,-2.5644045626482783e-05,-2.5208776796706376e-05,-2.088480914471689e-05,-2.359217402963452e-05,-1.758098570782286e-05,-2.212131898258908e-05,-1.5117993003782686e-05,-2.0786518030733467e-05,-1.319244565961664e-05,-1.994388487037691e-05,-1.1694328517006216e-05,-1.8982441130667343e-05,-1.0579242294903752e-05,-1.872336985768398e-05,-9.767500577441272e-06,-1.849775229478593e-05,-8.73001049884337e-06,-1.6986806514799352e-05,-7.846109373666939e-06,-1.707779451410294e-05,-7.107179267152456e-06,-1.6672613225285315e-05
2446.56421157386,84.04555695521373,-52.312266578671,430.49462683725307,-48.81993432331187,2,1.0,0.0,1.0403986628379692e-05,1.1798566398602914e-06,2.5511091032357742e-14,4,0.0045364608648729,0.0045178284117023,0.0470676174626048,0.047049009459682,1.5303829689171495e-05,-2.66410985259538e-05,0.1859667157121564,-0.2407193077181221,modal_baffled,lossless,0.0,343.0,1.225,1.4,1.81e-05,0.0257,1006.0,1,1.0403986628379692e-05,1.040398662838072e-05,0.0,0.0,True,dirichlet,exp(+iwt)_rms,120081,16,5.01689580056013e-13,0.0003251456205815,-0.0005660175713614,-0.0002565141636833,-5.978838550241838e-05,-9.28185222673608e-05,-2.4102431015768656e-05,-5.563667952324917e-05,-2.0180134640308576e-05,-3.957196025241145e-05,-1.93073054018569e-05,-3.0897820156409854e-05,-1.8319461644115552e-05,-2.579052037702049e-05,-1.789083203043125e-05,-2.2166046848068703e-05,-1.724664213876005e-05,-1.9423506641962453e-05,-1.6538223549232866e-05,-1.7328024002972496e-05,-1.6186081631669178e-05,-1.5629703034667143e-05,-1.5606843035692683e-05,-1.4486305194799512e-05,-1.5664143437850645e-05,-1.3649395500586578e-05,-1.564336867609173e-05,-1.2239440476632905e-05,-1.4340040519888095e-05,-1.1429318299758025e-05,-1.4703200321490014e-05,-1.0615592947598455e-05,-1.4486828256995066e-05
2489.45048058993,84.22818803902408,-66.33594171424674,410.89632564447606,-38.96835157023791,2,1.0,0.0,1.0941988847697972e-05,1.0377101027270997e-06,9.822802264809949e-14,4,0.0045364608648729,0.0045178284117023,0.0470676174626048,0.047049009459682,8.863574352489568e-06,-3.0540957395408465e-05,0.1253786062621042,-0.2861079450170455,modal_baffled,lossless,0.0,343.0,1.225,1.4,1.81e-05,0.0257,1006.0,1,1.0941988847697972e-05,1.0941988847698868e-05,0.0,0.0,True,dirichlet,exp(+iwt)_rms,120081,16,1.8717735537614478e-12,0.00018831576422,-0.0006488740888504,-0.0002574078092057,1.2937625794049018e-05,-9.847912348447874e-05,-1.0999613314019623e-06,-5.9752009578181686e-05,-5.801440401415737e-06,-4.345948865857827e-05,-8.959256173584117e-06,-3.458364749820365e-05,-1.0180861391437758e-05,-2.9418646404049484e-05,-1.1059607970844155e-05,-2.567273879711013e-05,-1.1346032515245783e-05,-2.28029083296793e-05,-1.1344839424826864e-05,-2.0656568916342144e-05,-1.1531328836593469e-05,-1.884669554718452e-05,-1.1390190566601566e-05,-1.7768249173832744e-05,-1.1763154710400484e-05,-1.694954565081603e-05,-1.194844556005328e-05,-1.5185629465872436e-05,-1.0980171626408982e-05,-1.4537830877243858e-05,-1.1571256147487874e-05,-1.3692239236952418e-05,-1.1561716059519898e-05
2533.088510815217,84.36514490561832,-81.21523950520582,397.8124324872849,-23.64025344693266,2,1.0,0.0,1.136338834208136e-05,6.752764832992228e-07,5.078112120786517e-15,4,0.0045364608648729,0.0045178284117023,0.0470676174626048,0.047049009459682,8.48510815521026e-07,-3.270829323854645e-05,0.0487375543227002,-0.3153802732642723,modal_baffled,lossless,0.0,343.0,1.225,1.4,1.81e-05,0.0257,1006.0,1,1.136338834208136e-05,1.1363388342081075e-05,0.0,0.0,True,dirichlet,exp(+iwt)_rms,120081,16,9.340579975730376e-14,1.8027486014034307e-05,-0.0006949213706118,-0.0002353476639935,7.971634740667547e-05,-9.85466090132613e-05,2.431783104553616e-05,-6.0185393239567706e-05,9.917250816438157e-06,-4.4740904548537135e-05,2.504448421722264e-06,-3.626262605065132e-05,-1.0516600127913755e-06,-3.139130149063577e-05,-3.284104853115041e-06,-2.777380189675348e-05,-4.556583176061924e-06,-2.496525669488809e-05,-5.306196128550085e-06,-2.2909137800237364e-05,-6.050977923438262e-06,-2.1101005324576748e-05,-6.385452829556928e-06,-2.017936091996229e-05,-7.042252506584926e-06,-1.9423050890841085e-05,-7.429616811363242e-06,-1.7385057291573162e-05,-6.935104949426416e-06,-1.6963163753673087e-05,-7.677659853158253e-06,-1.6136367145005752e-05,-7.884921243622009e-06
2577.4914800086776,84.4277057817552,-96.7954682882282,391.89513813201614,-5.269479087557254,2,1.0,0.0,1.157360830739244e-05,1.556204224274887e-07,2.700089511242126e-15,4,0.0045364608648729,0.0045178284117023,0.0470676174626048,0.047049009459682,-8.076026586921651e-06,-3.232101637981586e-05,-0.038226807467185,-0.3207954439255267,modal_baffled,lossless,0.0,343.0,1.225,1.4,1.81e-05,0.0257,1006.0,1,1.157360830739244e-05,1.1573608307392376e-05,0.0,0.0,True,dirichlet,exp(+iwt)_rms,120081,16,4.625724711346629e-14,-0.0001715835009778,-0.0006866932749569,-0.000195568088847,0.0001317269765935,-9.16320489142843e-05,5.0798198747421214e-05,-5.624613324257451e-05,2.5964566376019324e-05,-4.289622437129904e-05,1.4403108206465815e-05,-3.550322296140505e-05,8.578253907679966e-06,-3.1315697324308066e-05,5.053996581729148e-06,-2.811296725654408e-05,2.8178234089718514e-06,-2.5579700963186337e-05,1.3319060470879497e-06,-2.3768830130445544e-05,5.02383697192062e-08,-2.209605795273116e-05,-7.647129008862936e-07,-2.1408684687916453e-05,-1.6426140076974849e-06,-2.0761898702243456e-05,-2.2219846910181868e-06,-1.860218138174113e-05,-2.3153492132070214e-06,-1.8429857504405345e-05,-3.115400817521769e-06,-1.7677971718281283e-05,-3.537075990698097e-06
2622.6727969246062,84.39608050702539,-112.83600977052993,393.76370600023824,13.971695985047528,2,1.0,0.0,1.1506282976440257e-05,-4.082709635627357e-07,1.1259716965543824e-14,4,0.0045364608648729,0.0045178284117023,0.0470676174626048,0.047049009459682,-1.677194123767258e-05,-2.894635729073084e-05,-0.1253979211097074,-0.2977858304647505,modal_baffled,lossless,0.0,343.0,1.225,1.4,1.81e-05,0.0257,1006.0,1,1.1506282976440257e-05,1.1506282976440545e-05,0.0,0.0,True,dirichlet,exp(+iwt)_rms,120081,16,1.986289016498825e-13,-0.00035633716219,-0.0006149951676166,-0.0001478592789724,0.0001642690001237,-7.666731268499594e-05,7.615461807761797e-05,-4.759962421346313e-05,4.091960719526719e-05,-3.763553909741122e-05,2.575594139603017e-05,-3.202395225548211e-05,1.7974436632265362e-05,-2.890629852267232e-05,1.3354580603391307e-05,-2.6407325378212377e-05,1.027741194625084e-05,-2.436061278685329e-05,8.142200486937254e-06,-2.294866119718731e-05,6.3949367871358295e-06,-2.155728064466764e-05,5.141139208744886e-06,-2.114740730588802e-05,4.123771511514124e-06,-2.065995858210326e-05,3.369726224643588e-06,-1.8589473540710253e-05,2.6435784887005554e-06,-1.864219920656829e-05,1.8721166770425637e-06,-1.803292921695272e-05,1.2592574874254545e-06
2668.646105361783,84.26761880497708,-129.00854442344297,404.1088900864244,31.37362515626526,2,1.0,0.0,1.1158580201350305e-05,-8.663138107118026e-07,1.075171316403498e-14,4,0.0045364608648729,0.0045178284117023,0.0470676174626048,0.047049009459682,-2.392418996519183e-05,-2.2841416363526217e-05,-0.2006923264141486,-0.2477588275118787,modal_baffled,lossless,0.0,343.0,1.225,1.4,1.81e-05,0.0257,1006.0,1,1.1158580201350305e-05,1.115858020134973e-05,0.0,0.0,True,dirichlet,exp(+iwt)_rms,120081,16,1.9014043927696133e-13,-0.0005082940513018,-0.0004852894111683,-0.0001029806512807,0.0001799014631647,-5.341744555690322e-05,9.741608686527012e-05,-3.450839593116595e-05,5.31343128632612e-05,-2.906772204186691e-05,3.5398142716847904e-05,-2.582970700196887e-05,2.622925673611158e-05,-2.41066777737984e-05,2.084484577546712e-05,-2.256182983140845e-05,1.715491889703095e-05,-2.1187642118359812e-05,1.4532037970368107e-05,-2.0304506965817997e-05,1.2440704882749484e-05,-1.9321561634448675e-05,1.0839776378671458e-05,-1.9210449657617267e-05,9.77419513748612e-06,-1.89378315111022e-05,8.881832104647144e-06,-1.7182369390662602e-05,7.580101432768326e-06,-1.7412412526661762e-05,6.889063074505072e-06,-1.6995792246251037e-05,6.122535825750747e-06
2715.4252882836204,84.06739773443195,-144.93157736881687,422.90146011606015,42.7932633563864,2,1.0,0.0,1.0618268493523215e-05,-1.074459189399482e-06,2.5061754063253192e-14,4,0.0045364608648729,0.0045178284117023,0.0470676174626048,0.047049009459682,-2.855339698183825e-05,-1.498473653499794e-05,-0.2545026165246909,-0.178657969521636,modal_baffled,lossless,0.0,343.0,1.225,1.4,1.81e-05,0.0257,1006.0,1,1.0618268493523215e-05,1.061826849352316e-05,0.0,0.0,True,dirichlet,exp(+iwt)_rms,120081,16,4.411475208907192e-13,-0.0006066463212106,-0.0003183661579408,-6.657568769465303e-05,0.0001879729439954,-2.303463064555153e-05,0.0001112344862784,-1.7956616646686013e-05,6.107105595049979e-05,-1.7808890845495438e-05,4.221365249350478e-05,-1.731881576928083e-05,3.243006306635819e-05,-1.719724710085968e-05,2.6720708332859305e-05,-1.6767109997047536e-05,2.27281544665882e-05,-1.6184314627426203e-05,1.9834465357800563e-05,-1.592243060837929e-05,1.7561799755338896e-05,-1.544229319542618e-05,1.57523274015466e-05,-1.561486630852488e-05,1.4713608978145265e-05,-1.5613699618761695e-05,1.374034780602352e-05,-1.435089216973744e-05,1.2022642933370976e-05,-1.4705061416133124e-05,1.1420163340688156e-05,-1.4527318575687294e-05,1.0563311825264605e-05
2763.024472010524,83.85271754638082,-160.27885035487407,447.2085569574961,42.63247382775214,2,1.0,0.0,1.0052592764341733e-05,-9.58315513554857e-07,1.8203276437789423e-14,4,0.0045364608648729,0.0045178284117023,0.0470676174626048,0.047049009459682,-3.045459091566363e-05,-6.671383680543892e-06,-0.283712914740928,-0.1017020994011219,modal_baffled,lossless,0.0,343.0,1.225,1.4,1.81e-05,0.0257,1006.0,1,1.0052592764341733e-05,1.005259276434168e-05,0.0,0.0,True,dirichlet,exp(+iwt)_rms,120081,16,3.278847543008162e-13,-0.0006470391440539,-0.0001417404160268,-3.466877696287108e-05,0.0001985869965714,1.166930776132724e-05,0.0001147042307545,4.765599733406797e-07,6.367598095026784e-05,-4.897820840008322e-06,4.539207743659155e-05,-7.244613280372223e-06,3.585929339877404e-05,-8.778877496256989e-06,3.0320353768106075e-05,-9.50995633906229e-06,2.6372766516505224e-05,-9.763179659566009e-06,2.345149074338116e-05,-1.0153712085141895e-05,2.1180920856708737e-05,-1.0220228962848512e-05,1.932764638903717e-05,-1.0655529194654776e-05,1.837593260302431e-05,-1.0965809445653968e-05,1.7410589534307257e-05,-1.026904799512182e-05,1.5486362315565676e-05,-1.072566639953146e-05,1.4954098273861631e-05,-1.0819992316873734e-05,1.409051612755234e-05
2811.4580304857377,83.69241394513375,-174.94765485897477,468.6190907165764,27.087233683156946,2,1.0,0.0,9.648250916023491e-06,-5.576905260014772e-07,1.52169753479309e-14,4,0.0045364608648729,0.0045178284117023,0.0470676174626048,0.047049009459682,-3.0170721251731537e-05,1.1368720926528272e-06,-0.2918108366180569,-0.0257987991887925,modal_baffled,lossless,0.0,343.0,1.225,1.4,1.81e-05,0.0257,1006.0,1,9.648250916023491e-06,9.64825091602441e-06,0.0,0.0,True,dirichlet,exp(+iwt)_rms,120081,16,2.708679227239603e-13,-0.0006410080407342,2.4154018281381464e-05,4.097866640298073e-06,0.0002140586483114,4.654749145921346e-05,0.0001063249255765,1.8942720269351397e-05,6.059549232041047e-05,8.411520552358105e-06,4.4584543358904405e-05,3.4300680944949134e-06,3.61340395543876e-05,3.445005679145895e-07,3.125493124304839e-05,-1.4846937569117562e-06,2.7695817144910396e-05,-2.5404364036466998e-06,2.4979056161488067e-05,-3.581188591220763e-06,2.2914658696415413e-05,-4.170312755586746e-06,2.117741240677965e-05,-4.845369067149287e-06,2.0365260130085586e-05,-5.466153221309604e-06,1.95218044042061e-05,-5.312212423308038e-06,1.758271040236796e-05,-5.912139294944763e-06,1.7131720721293676e-05,-6.247339995332478e-06,1.632844107502228e-05
2860.7405896159744,83.64792123818611,170.81228049743692,475.93820679954746,0.7679872336184302,2,1.0,0.0,9.531592522048305e-06,-1.5380444915759922e-08,5.935183761653246e-14,4,0.0045364608648729,0.0045178284117023,0.0470676174626048,0.047049009459682,-2.8447872059659227e-05,8.19867346796401e-06,-0.2844347154624577,0.0460058100210985,modal_baffled,lossless,0.0,343.0,1.225,1.4,1.81e-05,0.0257,1006.0,1,9.531592522048305e-06,9.531592522048022e-06,0.0,0.0,True,dirichlet,exp(+iwt)_rms,120081,16,1.0587342936432597e-12,-0.0006044043355765,0.0001741892602589,5.941051085045076e-05,0.0002250824050854,7.704106990955998e-05,8.659234123756941e-05,3.566676943749117e-05,5.213858210042264e-05,2.088211668400622e-05,3.988373650980309e-05,1.369425201586772e-05,3.32356660749672e-05,9.30587022061664e-06,2.9457689013242738e-05,6.538673754190488e-06,2.6583978833589065e-05,4.768041165131243e-06,2.428917882729512e-05,3.163330639290442e-06,2.2610236400385167e-05,2.1098672012000097e-06,2.113628245008998e-05,1.218645486795612e-06,2.0525503559666327e-05,3.349188494683946e-07,1.991987919984099e-05,2.693639174701825e-08,1.80834033544607e-05,-7.346279751038946e-07,1.776327769415118e-05,-1.2929900695279027e-06,1.710944937779421e-05
2910.887031688118,83.72520913093209,156.46942852237825,465.5171848650312,-23.25605075227257,2,1.0,0.0,9.72073070794844e-06,4.856229029627926e-07,1.2918962873922116e-14,4,0.0045364608648729,0.0045178284117023,0.0470676174626048,0.047049009459682,-2.561936881435765e-05,1.478501958669014e-05,-0.2640867949844905,0.114995795605128,modal_baffled,lossless,0.0,343.0,1.225,1.4,1.81e-05,0.0257,1006.0,1,9.72073070794844e-06,9.720730707948005e-06,0.0,0.0,True,dirichlet,exp(+iwt)_rms,120081,16,2.1939579936656285e-13,-0.0005443098715313,0.0003141229657191,0.0001301574814789,0.0002158053833888,9.924798822296484e-05,5.791752807355264e-05,4.913522032326429e-05,3.9111391162363e-05,3.1407024562773926e-05,3.172888001779236e-05,2.2615687886683886e-05,2.7444191892859628e-05,1.729600936517454e-05,2.511897978684991e-05,1.382165513715045e-05,2.3172694907981236e-05,1.1477768505442105e-05,2.1482936176454496e-05,9.441176604902506e-06,2.034883641555268e-05,8.022869042793102e-06,1.926061984532862e-05,6.963713454266456e-06,1.8929766257114784e-05,5.91611858295434e-06,1.865118646948247e-05,5.210360434859873e-06,1.6968574067466958e-05,4.303548860272893e-06,1.6874034528836182e-05,3.583171916805665e-06,1.6426653921075317e-05
2961.9124998633674,83.88337297460522,141.47604928953086,445.0139456477793,-34.90521228009631,2,1.0,0.0,1.0131642310977568e-05,7.946877374728004e-07,2.4334562986517822e-14,4,0.0045364608648729,0.0045178284117023,0.0470676174626048,0.047049009459682,-2.142241785284849e-05,2.1091699119300505e-05,-0.228444756338228,0.1818691311510199,modal_baffled,lossless,0.0,343.0,1.225,1.4,1.81e-05,0.0257,1006.0,1,1.0131642310977568e-05,1.013164231097526e-05,0.0,0.0,True,dirichlet,exp(+iwt)_rms,120081,16,3.975447983493484e-13,-0.0004551413266216,0.0004481148665758,0.0002025184421508,0.0001743034718785,0.0001107014205607,2.39950225986694e-05,5.815302627950173e-05,2.267743060916829e-05,3.905452872863749e-05,2.0831318874554976e-05,2.9394749818856436e-05,1.9289448696886024e-05,2.3612104764612333e-05,1.8651320161051446e-05,1.972103692991911e-05,1.7806477969281672e-05,1.69915783359128e-05,1.687010359759847e-05,1.4703921774998256e-05,1.639929498422925e-05,1.304587973759129e-05,1.5780976945956883e-05,1.1905506702230549e-05,1.5790903452987192e-05,1.0825506339745742e-05,1.5878750818021728e-05,9.746912821489275e-06,1.4398130157083187e-05,8.785855835920724e-06,1.462290336077009e-05,7.979237974833816e-06,1.4424255608998898e-05
3013.832402750153,84.06059366846463,125.51242365984857,424.40598249999385,-33.4595103306275,2,1.0,0.0,1.0622938516550127e-05,8.374960195951878e-07,1.35250842019118e-14,4,0.0045364608648729,0.0045178284117023,0.0470676174626048,0.047049009459682,-1.533757970218036e-05,2.676748490767802e-05,-0.1731949698870238,0.2426990601025055,modal_baffled,lossless,0.0,343.0,1.225,1.4,1.81e-05,0.0257,1006.0,1,1.0622938516550127e-05,1.0622938516549878e-05,0.0,0.0,True,dirichlet,exp(+iwt)_rms,120081,16,2.1537691711255377e-13,-0.0003258626743613,0.0005687027801852,0.0002564421362771,0.0001009000822833,0.0001106628990478,-1.1044129822630042e-05,6.189584887451929e-05,4.293234400657984e-06,4.311337093949808e-05,8.154156327337712e-06,3.3411840127906746e-05,9.52530965795693e-06,2.7697249028831145e-05,1.065712730540127e-05,2.3727948951107718e-05,1.1004739890698148e-05,2.084713729540412e-05,1.0916092195355998e-05,1.852501800070628e-05,1.1162882532542398e-05,1.677283483367554e-05,1.106552341052002e-05,1.5677204775041134e-05,1.1446757483493527e-05,1.469803608344746e-05,1.1882608078168971e-05,1.324696297362896e-05,1.0682947141222372e-05,1.237790922352764e-05,1.125709420467432e-05,1.1568022028055315e-05,1.1316330154764736e-05
3066.662419057204,84.2019968007368,108.5358536356934,409.3305501505099,-23.111473331919125,2,1.0,0.0,1.104741622920366e-05,6.237552156172307e-07,1.805161170330972e-14,4,0.0045364608648729,0.0045178284117023,0.0470676174626048,0.047049009459682,-7.141092132510381e-06,3.087354787262877e-05,-0.0967641728195123,0.2885973385826527,modal_baffled,lossless,0.0,343.0,1.225,1.4,1.81e-05,0.0257,1006.0,1,1.104741622920366e-05,1.1047416229204042e-05,0.0,0.0,True,dirichlet,exp(+iwt)_rms,120081,16,2.805869426150951e-13,-0.0001517198557624,0.0006559403160178,0.0002759496598214,9.296619587831528e-06,9.996509778871054e-05,-4.343940537272162e-05,6.000623691787882e-05,-1.4390887825629649e-05,4.319521859006775e-05,-5.141341771677963e-06,3.431894964218468e-05,-9.285937674938476e-07,2.921370157941009e-05,1.885913775867292e-06,2.552914754505369e-05,3.4140103730145517e-06,2.275985548806749e-05,4.19337545606397e-06,2.0629637600965334e-05,5.136346125103743e-06,1.89414696673858e-05,5.568996239421648e-06,1.802769648190052e-05,6.292147620653215e-06,1.725624313025798e-05,7.009334695012517e-06,1.5467474135791615e-05,6.222284445977307e-06,1.4843459864624912e-05,7.087010303779115e-06,1.4110816629385816e-05,7.387060609725469e-06
3120.418502328182,84.27163571316368,90.69007420687348,401.6513805688301,-8.147446930053995,2,1.0,0.0,1.1289877757319772e-05,2.290137276368625e-07,2.3606336996176864e-14,4,0.0045364608648729,0.0045178284117023,0.0470676174626048,0.047049009459682,2.69714373995651e-06,3.224452562464276e-05,-0.0037202550317434,0.3088720069377861,modal_baffled,lossless,0.0,343.0,1.225,1.4,1.81e-05,0.0257,1006.0,1,1.1289877757319772e-05,1.1289877757320592e-05,0.0,0.0,True,dirichlet,exp(+iwt)_rms,120081,16,3.575030321809928e-13,5.730359608916654e-05,0.0006850681500983,0.0002571804251728,-7.969267028449606e-05,8.047783838026722e-05,-7.034303466988372e-05,5.264222128275621e-05,-3.170619076508117e-05,3.930496570668101e-05,-1.782831356905379e-05,3.208930483704376e-05,-1.110436991216016e-05,2.808624039020069e-05,-6.861193576035848e-06,2.503804769790324e-05,-4.278394467370141e-06,2.264187317751886e-05,-2.6986045820539545e-06,2.091805417565784e-05,-1.1505449713484177e-06,1.9454673057838288e-05,-2.262132659292211e-07,1.883374341970898e-05,7.467101178141015e-07,1.8330725592718927e-05,1.651357512265772e-06,1.6319031858216478e-05,1.4258397535006247e-06,1.604625704547306e-05,2.4502619948368237e-06,1.5453940026075026e-05,2.9475786869576795e-06
3175.1168857593243,84.25287089192548,72.2062687476284,401.8013443917478,8.233629553929827,2,1.0,0.0,1.1285568867310636e-05,-2.312615292501436e-07,1.8100088487261423e-14,4,0.0045364608648729,0.0045178284117023,0.0470676174626048,0.047049009459682,1.2963098737400993e-05,3.0014511152352132e-05,0.0948699973863335,0.2955965553992225,modal_baffled,lossless,0.0,343.0,1.225,1.4,1.81e-05,0.0257,1006.0,1,1.1285568867310636e-05,1.1285568867309098e-05,0.0,0.0,True,dirichlet,exp(+iwt)_rms,120081,16,2.6986162423255123e-13,0.0002754143811868,0.0006376891963184,0.000210045705637,-0.0001481776477116,5.44334942484296e-05,-8.989324836075391e-05,4.041040750050615e-05,-4.613832121252503e-05,3.181000961779449e-05,-2.8775406344754727e-05,2.6984707361096483e-05,-2.0119736142357563e-05,2.4480655623893225e-05,-1.4841435632547783e-05,2.237876387325507e-05,-1.143786014192586e-05,2.059218902058293e-05,-9.205825947684252e-06,1.9433944460147583e-05,-7.212052923410822e-06,1.834005755387222e-05,-5.884212462167388e-06,1.807326254196851e-05,-4.787499155017701e-06,1.7869457548522217e-05,-3.7844392415086057e-06,1.584702214176647e-05,-3.3474745049433605e-06,1.5931005392304225e-05,-2.3265359514744013e-06,1.5532043945460186e-05,-1.6856331523881882e-06
3230.7740871015085,84.14540844770787,53.369685248219646,410.0990775882864,23.11428078148334,2,1.0,0.0,1.1026836052458232e-05,-6.215019700770546e-07,6.83225307965754e-14,4,0.0045364608648729,0.0045178284117023,0.0470676174626048,0.047049009459682,2.198372208067158e-05,2.4069075681134983e-05,0.1839871586458781,0.2474652730533771,modal_baffled,lossless,0.0,343.0,1.225,1.4,1.81e-05,0.0257,1006.0,1,1.1026836052458232e-05,1.1026836052458002e-05,0.0,0.0,True,dirichlet,exp(+iwt)_rms,120081,16,1.0171467651213427e-12,0.0004670668129343,0.0005113722975304,0.0001525715588466,-0.0001900411098964,2.403099760091453e-05,-0.0001008048926418,2.425653674304099e-05,-5.6380483188275367e-05,2.135682647366724e-05,-3.7021137646280885e-05,1.946612448905345e-05,-2.7242473404872477e-05,1.872720097951077e-05,-2.143012060771853e-05,1.7798589892331493e-05,-1.7535258293660583e-05,1.6798242598267332e-05,-1.4870103189391177e-05,1.6313274180995407e-05,-1.2624571541792336e-05,1.570553159727998e-05,-1.102984880475484e-05,1.5787936528439373e-05,-9.93868375163293e-06,1.5889120880689447e-05,-8.914948842595899e-06,1.4124648202596467e-05,-7.828288843571362e-06,1.4494649132383724e-05,-6.929836948545145e-06,1.431864846130519e-05,-6.213368141946955e-06
3287.406913648273,83.96993344843764,34.532330813008656,426.5190966266448,32.434891193169754,2,1.0,0.0,1.0574855153229644e-05,-8.041709714554126e-07,1.0298107635291555e-14,4,0.0045364608648729,0.0045178284117023,0.0470676174626048,0.047049009459682,2.8169298556350944e-05,1.5265070555713856e-05,0.2493528534413507,0.171582715696282,modal_baffled,lossless,0.0,343.0,1.225,1.4,1.81e-05,0.0257,1006.0,1,1.0574855153229644e-05,1.0574855153229844e-05,0.0,0.0,True,dirichlet,exp(+iwt)_rms,120081,16,1.5211507706835666e-13,0.0005984857546429,0.0003243221428796,9.967292481936568e-05,-0.0002139077069148,-8.320874532934224e-06,-0.0001019198372299,5.445734383059322e-06,-6.132280253404511e-05,8.801935625312473e-06,-4.179375808869179e-05,1.0120816789013611e-05,-3.18813685049898e-05,1.1256470451283866e-05,-2.610733673761557e-05,1.1613156255095416e-05,-2.2119642182300547e-05,1.149787800213645e-05,-1.928776392845583e-05,1.173124489563064e-05,-1.700430044931475e-05,1.1674760399961886e-05,-1.531838232159248e-05,1.2056291487465002e-05,-1.4325966540262262e-05,1.246769996760762e-05,-1.3353949276701856e-05,1.12019956320461e-05,-1.1777224757693984e-05,1.1762067231744516e-05,-1.1037735351500969e-05,1.1817696801102546e-05,-1.0318436383703536e-05
3345.0324673112664,83.77953679844738,16.10084419862196,448.2497182136424,30.12253358254025,2,1.0,0.0,1.0074890489941746e-05,-6.770360689419149e-07,2.1725886796346635e-14,4,0.0045364608648729,0.0045178284117023,0.0470676174626048,0.047049009459682,3.067799703752704e-05,5.236712125760784e-06,0.2830525193729781,0.0817034296715389,modal_baffled,lossless,0.0,343.0,1.225,1.4,1.81e-05,0.0257,1006.0,1,1.0074890489941746e-05,1.0074890489937906e-05,0.0,0.0,True,dirichlet,exp(+iwt)_rms,120081,16,2.967774739300064e-13,0.0006517856371612,0.000111259341519,5.125235361787261e-05,-0.0002359502017151,-3.928394263788667e-05,-9.24677529484226e-05,-1.4338007416104329e-05,-6.014845608688268e-05,-4.782256176612917e-06,-4.253727984133849e-05,-3.3855897472581657e-07,-3.356396569973578e-05,2.596218536616812e-06,-2.843011239431035e-05,4.211291083052132e-06,-2.4773747255415116e-05,4.9848694593305484e-06,-2.2057501385512144e-05,5.919998826626335e-06,-1.995375113333694e-05,6.413150399692319e-06,-1.837059080779892e-05,7.039207910391843e-06,-1.752217183682191e-05,7.767838374200275e-06,-1.6692782089521694e-05,7.10897577188534e-06,-1.4884926024717007e-05,7.815333550511186e-06,-1.4276283335284724e-05,8.08979877976369e-06,-1.3626581488249734e-05
3403.6681497846544,83.66149096706923,-1.6314175667998594,465.4539117482957,11.583751629157767,2,1.0,0.0,9.740283139903738e-06,-2.4240642917044084e-07,4.352514092041068e-14,4,0.0045364608648729,0.0045178284117023,0.0470676174626048,0.047049009459682,2.982109049824385e-05,-4.352494255581054e-06,0.2868368500067619,-0.0081694879450293,modal_baffled,lossless,0.0,343.0,1.225,1.4,1.81e-05,0.0257,1006.0,1,9.740283139903738e-06,9.740283139903494e-06,0.0,0.0,True,dirichlet,exp(+iwt)_rms,120081,16,6.513959904292558e-13,0.0006335797753505,-9.247322236013122e-05,-1.0120439217707671e-05,-0.0002623836890897,-6.450446965803588e-05,-7.344478175718877e-05,-3.302497790120365e-05,-5.265336157228787e-05,-1.8138607416296943e-05,-3.90305324062662e-05,-1.1048549744689768e-05,-3.198351730324061e-05,-6.59283304756994e-06,-2.805266591715625e-05,-3.898080643984566e-06,-2.5115083394277384e-05,-2.309695321153586e-06,-2.2781206135320497e-05,-7.481403065417296e-07,-2.106443223049777e-05,2.1078190082639477e-07,-1.975797498591431e-05,1.0604476249685337e-06,-1.9078520248678003e-05,2.076337969006014e-06,-1.8515044532726605e-05,1.974917816558588e-06,-1.6712589506195207e-05,2.874921810240036e-06,-1.6231284483533614e-05,3.3254861932411795e-06,-1.571335980971736e-05
3463.331667800068,83.69798137351023,-18.83038638011576,464.1613866070612,-16.019216714462598,2,1.0,0.0,9.761828732786416e-06,3.369018934191423e-07,3.5508981342812184e-14,4,0.0045364608648729,0.0045178284117023,0.0470676174626048,0.047049009459682,2.663084109278224e-05,-1.2730967964604272e-05,0.2682560122769858,-0.0914805794127013,modal_baffled,lossless,0.0,343.0,1.225,1.4,1.81e-05,0.0257,1006.0,1,9.761828732786416e-06,9.761828732786384e-06,0.0,0.0,True,dirichlet,exp(+iwt)_rms,120081,16,5.196044242243962e-13,0.0005657996416313,-0.0002704825238863,-0.0001020775920007,-0.0002745109062009,-8.050134354828945e-05,-4.890957693723149e-05,-4.857376559711859e-05,-3.951282153965424e-05,-2.999809003872552e-05,-3.1482904208416e-05,-2.104347851343916e-05,-2.708192274808965e-05,-1.5523956750345755e-05,-2.479594525613633e-05,-1.2032972200421062e-05,-2.287131489797882e-05,-9.77831282658912e-06,-2.1145845998383965e-05,-7.722611117891323e-06,-2.0001924533761316e-05,-6.429831797498502e-06,-1.9087396421807715e-05,-5.349477852522234e-06,-1.863860774495736e-05,-4.144631477842461e-06,-1.8474074125820807e-05,-3.817056220299594e-06,-1.6772364794720267e-05,-2.6608616118348285e-06,-1.653579034367722e-05,-2.090097973509836e-06,-1.6182284309592323e-05
3524.0410384736497,83.89603920878228,-36.28931496706322,443.23834609943,-33.98257613229369,2,1.0,0.0,1.0175001560317776e-05,7.801057110977939e-07,8.032163593150976e-15,4,0.0045364608648729,0.0045178284117023,0.0470676174626048,0.047049009459682,2.1703943863990383e-05,-2.010020202970749e-05,0.2307719208802197,-0.1694525790427646,modal_baffled,lossless,0.0,343.0,1.225,1.4,1.81e-05,0.0257,1006.0,1,1.0175001560317776e-05,1.0175001560323202e-05,0.0,0.0,True,dirichlet,exp(+iwt)_rms,120081,16,8.99062080110668e-14,0.0004611226366245,-0.0004270494899317,-0.0002153480686259,-0.0002379437911105,-8.784440506989716e-05,-2.461480291155381e-05,-5.954562772221247e-05,-2.2036881617429204e-05,-3.930051398893486e-05,-2.042227023966284e-05,-2.9366564979540067e-05,-1.9066193149247715e-05,-2.335240009634797e-05,-1.8681407784220765e-05,-1.9400511021304927e-05,-1.795490841958007e-05,-1.6664784752359055e-05,-1.7023250379930123e-05,-1.4308459609228937e-05,-1.659126749666942e-05,-1.2815008015082122e-05,-1.6136434306743607e-05,-1.1526994731365486e-05,-1.6050308454884343e-05,-1.032453529593943e-05,-1.6346354441806372e-05,-9.58910369934794e-06,-1.4724097002067831e-05,-8.24342814412478e-06,-1.4946130752290504e-05,-7.613539415657743e-06,-1.478148841291e-05
3585.814594746849,84.15330013632166,-54.99135865539029,417.553518667518,-32.41780783422048,2,1.0,0.0,1.0799288263446378e-05,8.384296527734929e-07,2.9105447646535537e-15,4,0.0045364608648729,0.0045178284117023,0.0470676174626048,0.047049009459682,1.4592467342469384e-05,-2.6504333350086296e-05,0.1688504618787763,-0.2410660605758487,modal_baffled,lossless,0.0,343.0,1.225,1.4,1.81e-05,0.0257,1006.0,1,1.0799288263446378e-05,1.0799288263447122e-05,0.0,0.0,True,dirichlet,exp(+iwt)_rms,120081,16,3.1773292237519045e-14,0.0003100319950136,-0.0005631118543687,-0.0003078214476471,-0.0001364052789069,-9.193920301595449e-05,-3.1148466319312285e-06,-6.515840875090782e-05,-1.3929351713026182e-06,-4.517437413706617e-05,-6.3858958270091e-06,-3.511716475213999e-05,-8.274500936382834e-06,-2.919646577145472e-05,-9.892130557681283e-06,-2.5131256112026505e-05,-1.0485645528741755e-05,-2.2151655805619748e-05,-1.051075587772342e-05,-1.9721122339048315e-05,-1.0889187717033964e-05,-1.814746966623051e-05,-1.0908781150725474e-05,-1.6789180723446148e-05,-1.1324856855305176e-05,-1.5781784969039303e-05,-1.2048970531457555e-05,-1.4529747081548606e-05,-1.057211630260406e-05,-1.3272393909756583e-05,-1.140624938477846e-05,-1.2605106507408455e-05,-1.142356281264394e-05
3648.6709909225856,84.36284344186937,-75.42373464949023,400.38050448971694,-15.777452666617217,2,1.0,0.0,1.1312806988279372e-05,4.4579412529497526e-07,1.803987890225803e-14,4,0.0045364608648729,0.0045178284117023,0.0470676174626048,0.047049009459682,4.71240802678505e-06,-3.0710796944587e-05,0.0762664091172442,-0.2932892715484584,modal_baffled,lossless,0.0,343.0,1.225,1.4,1.81e-05,0.0257,1006.0,1,1.1312806988279372e-05,1.1312806988279377e-05,0.0,0.0,True,dirichlet,exp(+iwt)_rms,120081,16,2.307589427162357e-13,0.0001001199610438,-0.0006524825049618,-0.0003348826363029,3.518897296824348e-06,-9.785952984504532e-05,2.076856318726393e-05,-6.434453825456202e-05,2.1716772177708853e-05,-4.647316230442381e-05,1.0127603755670836e-05,-3.721379214110396e-05,4.858504714454911e-06,-3.200119373810056e-05,1.2493110660914926e-06,-2.822916110280388e-05,-7.466148103808839e-07,-2.531097663082219e-05,-1.8278270351751184e-06,-2.310073994208884e-05,-3.0837353972871266e-06,-2.1560806486737856e-05,-3.623257920350063e-06,-2.0366410663015693e-05,-4.594084053699684e-06,-1.968408127830198e-05,-5.613131845344198e-06,-1.7828894370800756e-05,-4.565475512760861e-06,-1.7042358737433673e-05,-5.958000877439088e-06,-1.6326020846072365e-05,-6.138841793145092e-06
3663.7905923030207,84.45541433536786,-80.53014499145033,398.2744455045091,-10.53874302423164,2,1.0,0.0,1.1382318843419092e-05,3.011876224162748e-07,5.281756972485739e-14,4,0.0045364608648729,0.0045178284117023,0.0470676174626048,0.047049009459682,2.004912149674795e-06,-3.11514869089589e-05,0.0501179335258407,-0.3004639961167782,modal_baffled,lossless,0.0,343.0,1.225,1.4,1.81e-05,0.0257,1006.0,1,1.1382318843419092e-05,1.138231884341867e-05,0.0,0.0,True,dirichlet,exp(+iwt)_rms,120081,16,6.730806350812694e-13,4.259642314097786e-05,-0.0006618454170472,-0.0003298601180488,3.647749736581295e-05,-9.93172806618125e-05,2.80005905382942e-05,-6.297662470376939e-05,2.747378124166434e-05,-4.5920089484161225e-05,1.4327315773864182e-05,-3.702487769669112e-05,8.23315453473504e-06,-3.206116283986136e-05,4.1804449405638e-06,-2.8427023822197108e-05,1.8516261730197163e-06,-2.561925954389107e-05,4.736000307430316e-07,-2.3490841527086585e-05,-9.644191440661986e-07,-2.195052185548144e-05,-1.6108586573702916e-06,-2.0836740467159195e-05,-2.710462733368392e-06,-2.0268504836232445e-05,-3.8014294596552905e-06,-1.828196402689108e-05,-2.9138382978724527e-06,-1.761042467471185e-05,-4.354854543082365e-06,-1.691164483288068e-05,-4.616389775116017e-06
3678.972847276086,84.40227461272288,-85.71568462129886,397.0202311395376,-5.035360208227894,2,1.0,0.0,1.1424433598024538e-05,1.4489472784780162e-07,9.435851512906043e-15,4,0.0045364608648729,0.0045178284117023,0.0470676174626048,0.047049009459682,-7.87846648668581e-07,-3.131514259981727e-05,0.0228481212547,-0.3049869130946421,modal_baffled,lossless,0.0,343.0,1.225,1.4,1.81e-05,0.0257,1006.0,1,1.1424433598024538e-05,1.1424433598024172e-05,0.0,0.0,True,dirichlet,exp(+iwt)_rms,120081,16,1.1920323900641617e-13,-1.6738613321452353e-05,-0.0006653224507209,-0.0003209269260985,6.775451352430248e-05,-0.0001004965255851,3.61196458600144e-05,-6.10567669877668e-05,3.3284501638518825e-05,-4.495045042257761e-05,1.860087380404208e-05,-3.64958479737921e-05,1.1689018185982776e-05,-3.185464457801724e-05,7.1763671018994935e-06,-2.839595943455966e-05,4.513577718561821e-06,-2.567435003528496e-05,2.8855725951723824e-06,-2.3651358256399503e-05,1.257956051020368e-06,-2.218030816756053e-05,4.545403076862382e-07,-2.1180195722244503e-05,-7.780459970088541e-07,-2.068061303400188e-05,-1.896232772634765e-06,-1.85776533684272e-05,-1.192192467451031e-06,-1.8080080384514976e-05,-2.7084638878923708e-06,-1.7391403758744917e-05,-3.0384342446913577e-06
3694.218015469834,84.40824201548483,-90.967278755675,396.6737021270446,0.607228259253775,2,1.0,0.0,1.1436226324199652e-05,-1.7506579755700158e-08,1.1865289533388844e-13,4,0.0045364608648729,0.0045178284117023,0.0470676174626048,0.047049009459682,-3.626161275446386e-06,-3.118021112091932e-05,-0.0051767220207465,-0.3066087650124646,modal_baffled,lossless,0.0,343.0,1.225,1.4,1.81e-05,0.0257,1006.0,1,1.1436226324199652e-05,1.1436226324200172e-05,0.0,0.0,True,dirichlet,exp(+iwt)_rms,120081,16,1.496960173203414e-12,-7.704153026924222e-05,-0.0006624556925085,-0.0003085935950932,9.669825752453306e-05,-0.0001011121276382,4.5214810763907255e-05,-5.854882735790066e-05,3.908066462679041e-05,-4.355467788852105e-05,2.288478906223422e-05,-3.562547000181182e-05,1.5168331915535527e-05,-3.1339640920811004e-05,1.022033774804469e-05,-2.808997429643521e-05,7.230538798593256e-06,-2.550137737071407e-05,5.341468953037238e-06,-2.360638369061265e-05,3.5265552096130595e-06,-2.2193024763152973e-05,2.585630039424878e-06,-2.1312599759014732e-05,1.2398962017368493e-06,-2.0902423504863025e-05,8.512556825818702e-08,-1.870667430375181e-05,5.819962728296552e-07,-1.8372044677881403e-05,-9.737375626768856e-07,-1.7697132834462834e-05,-1.3729944671007353e-06
3709.526357588181,84.40338108670117,-96.27168582001488,397.2530142938501,6.26645382908132,2,1.0,0.0,1.1416734821213863e-05,-1.800928855459391e-07,1.0321492984488044e-14,4,0.0045364608648729,0.0045178284117023,0.0470676174626048,0.047049009459682,-6.465156754014981e-06,-3.073320420269626e-05,-0.0335372908411278,-0.3051595046917366,modal_baffled,lossless,0.0,343.0,1.225,1.4,1.81e-05,0.0257,1006.0,1,1.1416734821213863e-05,1.1416734821214248e-05,0.0,0.0,True,dirichlet,exp(+iwt)_rms,120081,16,1.263428259766642e-13,-0.0001373589126144,-0.0006529585702338,-0.0002935258758173,0.0001228793644221,-0.000100868772358,5.530065455766775e-05,-5.540616692270507e-05,4.47977797311186e-05,-4.169464935412893e-05,2.713724260709518e-05,-3.438238020475919e-05,1.8639385327192956e-05,-3.0499079452368903e-05,1.3275744513423349e-05,-2.749519366776461e-05,9.969668509346994e-06,-2.506954445366245e-05,7.826956951526724e-06,-2.332308401568985e-05,5.831435662496135e-06,-2.198143083850545e-05,4.7539276133771605e-06,-2.123481204275658e-05,3.308580357834244e-06,-2.091595372095163e-05,2.122109010650916e-06,-1.865466156240742e-05,2.393605288019495e-06,-1.8483742579162995e-05,8.205514893912645e-07,-1.782940844342444e-05,3.4933107451416985e-07
3724.898135415365,84.38719478730577,-101.612867819937,398.7769739405616,11.806668437290272,2,1.0,0.0,1.1365971571161328e-05,-3.365145597106891e-07,3.665278623291963e-13,4,0.0045364608648729,0.0045178284117023,0.0470676174626048,0.047049009459682,-9.25565380866621e-06,-2.99704517162624e-05,-0.0617651735337417,-0.3005537566022235,modal_baffled,lossless,0.0,343.0,1.225,1.4,1.81e-05,0.0257,1006.0,1,1.1365971571161328e-05,1.1365971571151838e-05,0.0,0.0,True,dirichlet,exp(+iwt)_rms,120081,16,4.606714095069545e-12,-0.0001966458960031,-0.0006367531082293,-0.0002764549239395,0.0001460508510225,-9.943513049904522e-05,6.630722192309444e-05,-5.159386218578999e-05,5.034926778266703e-05,-3.934556747213445e-05,3.129702700143603e-05,-3.2746325186155186e-05,2.205449077980583e-05,-2.931459876598319e-05,1.630115928541044e-05,-2.6594421112908263e-05,1.2694899574249468e-05,-2.4361911759608588e-05,1.0310426533508925e-05,-2.2784597937927057e-05,8.143904599165209e-06,-2.153067486479444e-05,6.932296005966823e-06,-2.0930682058742186e-05,5.4027201766017046e-06,-2.070492407290657e-05,4.1892376027836e-06,-1.840954227069825e-05,4.222457516631199e-06,-1.839925011178961e-05,2.653174024387454e-06,-1.77743398232425e-05,2.107727743863133e-06
3740.333611820424,84.35990727642931,-106.97278971123778,401.2511572447648,17.077280068050584,2,1.0,0.0,1.1285347035319336e-05,-4.803052365272826e-07,7.391056841290401e-15,4,0.0045364608648729,0.0045178284117023,0.0470676174626048,0.047049009459682,-1.1947189057607122e-05,-2.88995910554764e-05,-0.089368641729438,-0.2928089348661791,modal_baffled,lossless,0.0,343.0,1.225,1.4,1.81e-05,0.0257,1006.0,1,1.1285347035319336e-05,1.1285347035320026e-05,0.0,0.0,True,dirichlet,exp(+iwt)_rms,120081,16,7.061850067303329e-14,-0.0002538303339254,-0.000614001570792,-0.0002581240613267,0.000166177750039,-9.647649481805518e-05,7.806474825298148e-05,-4.709249438107217e-05,5.5631774054245176e-05,-3.649320785227713e-05,3.5291716956182646e-05,-3.070483082740434e-05,2.5357272874695263e-05,-2.777422436235632e-05,1.9247851161859585e-05,-2.5375811046263383e-05,1.536361720437052e-05,-2.3366360933764e-05,1.2754008808621882e-05,-2.1978719557606785e-05,1.0429117261444667e-05,-2.0829636103511658e-05,9.088421316957123e-06,-2.038706851030556e-05,7.4918879687968655e-06,-2.0256722447008176e-05,6.2558990008122464e-06,-1.7961658693003573e-05,6.0443466262734335e-06,-1.8105330318864418e-05,4.498026878463343e-06,-1.7520347577352325e-05,3.877388298790132e-06
3755.83305076169,84.32223753233232,-112.3318957738873,404.6600127349445,21.91102470543817,2,1.0,0.0,1.1177777114604652e-05,-6.052403074242134e-07,1.4867454041698998e-13,4,0.0045364608648729,0.0045178284117023,0.0470676174626048,0.047049009459682,-1.4491360029155085e-05,-2.754005816598972e-05,-0.1158619128099384,-0.2820531928148767,modal_baffled,lossless,0.0,343.0,1.225,1.4,1.81e-05,0.0257,1006.0,1,1.1177777114604652e-05,1.117777711460407e-05,0.0,0.0,True,dirichlet,exp(+iwt)_rms,120081,16,1.8658633560600162e-12,-0.0003078838660288,-0.000585116894601,-0.0002392221672467,0.0001834341303394,-9.168672899184416e-05,9.029763983169858e-05,-4.190460025913819e-05,6.052876660676735e-05,-3.3137995878458974e-05,3.904005762979553e-05,-2.8256358477698577e-05,2.8484299011428218e-05,-2.587522823264815e-05,2.2060991342734823e-05,-2.383542185210384e-05,1.79276173277064e-05,-2.207769239062537e-05,1.5114503217128194e-05,-2.089969430823366e-05,1.264711391910194e-05,-1.9872950554148565e-05,1.1185393861724326e-05,-1.9596131137073043e-05,9.540757688069064e-06,-1.9564258896940024e-05,8.286940617529724e-06,-1.7305195697538938e-05,7.831295708700794e-06,-1.7593313172654177e-05,6.324445934618771e-06,-1.7060024312232294e-05,5.629585894637725e-06
3771.396717291301,84.27540492070867,-117.66985844994504,408.9569435612924,26.1253377199499,2,1.0,0.0,1.1047673350072898e-05,-7.057569307344141e-07,7.916412197868514e-15,4,0.0045364608648729,0.0045178284117023,0.0470676174626048,0.047049009459682,-1.684540589658982e-05,-2.5922412357400298e-05,-0.1407978028925412,-0.2685234292977412,modal_baffled,lossless,0.0,343.0,1.225,1.4,1.81e-05,0.0257,1006.0,1,1.1047673350072898e-05,1.1047673350073236e-05,0.0,0.0,True,dirichlet,exp(+iwt)_rms,120081,16,9.667041772941369e-14,-0.0003578979945176,-0.0005507483436567,-0.0002203182731389,0.0001981765884633,-8.482373334415058e-05,0.0001026298800387,-3.606017092752933e-05,6.491672097117015e-05,-2.9298618869916305e-05,4.245593511200391e-05,-2.541318228785119e-05,3.136794142247057e-05,-2.3626620504454456e-05,2.4682023054564983e-05,-2.1979470434160594e-05,2.033509379269268e-05,-2.049971066815111e-05,1.7345088119498437e-05,-1.955012279478033e-05,1.4754446655520946e-05,-1.8662817892303098e-05,1.3183105678873432e-05,-1.8557263027091e-05,1.151035386711735e-05,-1.8627687835287896e-05,1.024401163996074e-05,-1.643964347795029e-05,9.55237802176754e-06,-1.686078091894453e-05,8.098287282261224e-06,-1.639168487283236e-05,7.332609609307712e-06
3787.024877559737,84.22112619744985,-122.96662672933296,414.05323089294944,29.528301316888207,2,1.0,0.0,1.0900786325231474e-05,-7.773920819511e-07,1.0012640716596172e-14,4,0.0045364608648729,0.0045178284117023,0.0470676174626048,0.047049009459682,-1.897555672781889e-05,-2.4086361791571307e-05,-0.1637998859007728,-0.2525516357537401,modal_baffled,lossless,0.0,343.0,1.225,1.4,1.81e-05,0.0257,1006.0,1,1.0900786325231474e-05,1.090078632523169e-05,0.0,0.0,True,dirichlet,exp(+iwt)_rms,120081,16,1.0213161795105545e-13,-0.0004031552424104,-0.0005117395587466,-0.0002018068702067,0.0002108944976944,-7.574375277720533e-05,0.0001146038295811,-2.961997263265304e-05,6.86736108334936e-05,-2.5014295781552057e-05,4.545385639789152e-05,-2.220331021723673e-05,3.3940445317715093e-05,-2.105083225208824e-05,2.7052078857552908e-05,-1.982591742583036e-05,2.2533568666244e-05,-1.864676743914805e-05,1.9397898608348428e-05,-1.794239416054704e-05,1.6706578905149216e-05,-1.7210346786967892e-05,1.5040399040472913e-05,-1.7278564028886645e-05,1.3360106365100576e-05,-1.745568774781947e-05,1.2087618361455464e-05,-1.5371019594294712e-05,1.1175148061015533e-05,-1.5912905766504083e-05,9.783690685813169e-06,-1.5520562959621388e-05,8.953355914219321e-06
3802.717798820368,84.16156870223928,-128.20372899335075,419.8077383288826,31.930413068926494,2,1.0,0.0,1.074388984144515e-05,-8.171760767678652e-07,5.262469659195272e-15,4,0.0045364608648729,0.0045178284117023,0.0470676174626048,0.047049009459682,-2.085960098173792e-05,-2.2077579874374072e-05,-0.1845892499457848,-0.2345396835293814,modal_baffled,lossless,0.0,343.0,1.225,1.4,1.81e-05,0.0257,1006.0,1,1.074388984144515e-05,1.0743889841443992e-05,0.0,0.0,True,dirichlet,exp(+iwt)_rms,120081,16,6.18945219760199e-14,-0.0004431837026446,-0.0004690609184098,-0.0001838734908944,0.000222141617356,-6.44287096088518e-05,0.0001257120531655,-2.2675638340404836e-05,7.16887675936565e-05,-2.034499406774336e-05,4.795536948031184e-05,-1.8670885117614065e-05,3.613879644910879e-05,-1.818412332909984e-05,2.911609837538473e-05,-1.7404964213109642e-05,2.4473481309256344e-05,-1.6544352199167166e-05,2.1227243446598182e-05,-1.6099250743261142e-05,1.8460872286109032e-05,-1.5536103934911098e-05,1.671777441839416e-05,-1.5777532988615206e-05,1.5050509680146785e-05,-1.6065979349585623e-05,1.3779704322055617e-05,-1.4112567351809132e-05,1.2667582592418458e-05,-1.476314291480685e-05,1.134538213025905e-05,-1.4459407272386595e-05,1.0459417355776354e-05
3818.475749434029,84.09924930448584,-133.36570988414024,426.02035440079504,33.162578265234,2,1.0,0.0,1.0584324798559676e-05,-8.239125100268619e-07,4.2825972255702376e-14,4,0.0045364608648729,0.0045178284117023,0.0470676174626048,0.047049009459682,-2.248816971610581e-05,-1.9943672505767527e-05,-0.2030010155251417,-0.2149250658466849,modal_baffled,lossless,0.0,343.0,1.225,1.4,1.81e-05,0.0257,1006.0,1,1.0584324798559676e-05,1.0584324798560122e-05,0.0,0.0,True,dirichlet,exp(+iwt)_rms,120081,16,5.346970492334504e-13,-0.0004777843223947,-0.0004237238590122,-0.0001664877772555,0.000232458180139,-5.1001009696067925e-05,0.0001354389053774,-1.5345973978465855e-05,7.38726545746035e-05,-1.536920171405971e-05,4.989549754579815e-05,-1.4874729246720427e-05,3.790969722534095e-05,-1.507542803556455e-05,3.0827063718349046e-05,-1.4758192527021876e-05,2.6111939428557204e-05,-1.4228462765646183e-05,2.279302444539689e-05,-1.4053229987913194e-05,1.9979766185640503e-05,-1.3669624867341903e-05,1.8180299272823664e-05,-1.4080718543123694e-05,1.6546030752722834e-05,-1.4484857813902588e-05,1.5286407478414013e-05,-1.268470709098309e-05,1.400028557235584e-05,-1.3433052396770187e-05,1.2751220216671606e-05,-1.3228279518819304e-05,1.182140059754918e-05
3834.298998873602,84.03689055642383,-138.44151844223177,432.4327453424538,33.09912215912431,2,1.0,0.0,1.0429455873270526e-05,-7.982879134862947e-07,2.6949282858636313e-14,4,0.0045364608648729,0.0045178284117023,0.0470676174626048,0.047049009459682,-2.38644358755768e-05,-1.772988592952345e-05,-0.21898722967827,-0.1941423715968299,modal_baffled,lossless,0.0,343.0,1.225,1.4,1.81e-05,0.0257,1006.0,1,1.0429455873270526e-05,1.0429455873270466e-05,0.0,0.0,True,dirichlet,exp(+iwt)_rms,120081,16,3.410330591512352e-13,-0.0005070245141372,-0.0003766896835942,-0.0001494264945251,0.0002422956005558,-3.57221403277277e-05,0.0001433060235273,-7.76967210919799e-06,7.516489428399947e-05,-1.0179350844651115e-05,5.12281000122619e-05,-1.0885061470610862e-05,3.921380952423937e-05,-1.1783680387122996e-05,3.214963003510471e-05,-1.193637651936674e-05,2.741601029916369e-05,-1.1743751760720715e-05,2.40637964071113e-05,-1.1844985338952006e-05,2.123363829129817e-05,-1.1647824724391134e-05,1.940026665450738e-05,-1.222220180075331e-05,1.7817799848523632e-05,-1.2745691183576196e-05,1.6580541392493343e-05,-1.1114155582986414e-05,1.5148595404091122e-05,-1.1951207019575364e-05,1.3974581322298775e-05,-1.1853510637181666e-05,1.3015159458506634e-05
3850.187817728633,83.97739539870409,-143.42567874022473,438.7394927794839,31.68258936316448,2,1.0,0.0,1.0286120705488508e-05,-7.427891580659075e-07,1.5857470457681392e-14,4,0.0045364608648729,0.0045178284117023,0.0470676174626048,0.047049009459682,-2.5002256257301263e-05,-1.547523283347502e-05,-0.2326055148892004,-0.1725864070330723,modal_baffled,lossless,0.0,343.0,1.225,1.4,1.81e-05,0.0257,1006.0,1,1.0286120705488508e-05,1.0286120705487973e-05,0.0,0.0,True,dirichlet,exp(+iwt)_rms,120081,16,1.149879874767361e-13,-0.0005311986797964,-0.0003287872568814,-0.0001323227652523,0.0002519559145356,-1.8974338302101825e-05,0.0001489146553765,-9.53464402905984e-08,7.553911060815551e-05,-4.875532092988151e-06,5.192910833973911e-05,-6.778843174650636e-06,4.002833134974207e-05,-8.374294598737886e-06,3.3062258219879096e-05,-8.996730473385303e-06,2.836487334056749e-05,-9.141061493378402e-06,2.5018837339357045e-05,-9.521160181321956e-06,2.2202822107701456e-05,-9.512335747375295e-06,2.035929501457132e-05,-1.024044747741664e-05,1.8845597976833014e-05,-1.0886481554342531e-05,1.7643248788671434e-05,-9.432352536968546e-06,1.6094052424720776e-05,-1.0351631662553709e-05,1.4996102970831514e-05,-1.0366105134377163e-05,1.4024089747518206e-05
3866.142477709955,83.93736701761112,-148.3158312892738,444.6192496384178,28.931448321316218,2,1.0,0.0,1.0160005230155348e-05,-6.611132255285586e-07,3.915138650288934e-14,4,0.0045364608648729,0.0045178284117023,0.0470676174626048,0.047049009459682,-2.592178954683883e-05,-1.321070908877152e-05,-0.2439831930235929,-0.1505939776281915,modal_baffled,lossless,0.0,343.0,1.225,1.4,1.81e-05,0.0257,1006.0,1,1.0160005230155348e-05,1.0160005230155013e-05,0.0,0.0,True,dirichlet,exp(+iwt)_rms,120081,16,4.91237781909517e-13,-0.000550735111405,-0.0002806751180738,-0.0001147423630762,0.0002615709508139,-1.2411844445711145e-06,0.0001519716876685,7.5239847765598305e-06,7.500401623695659e-05,4.427882940734837e-07,5.200293078321728e-05,-2.6327720199733127e-06,4.035775287541623e-05,-4.895762381804209e-06,3.357187347145035e-05,-5.971471018855292e-06,2.895695897520434e-05,-6.452126469528901e-06,2.565494235951644e-05,-7.104698406107468e-06,2.2880880115181277e-05,-7.316042790970463e-06,2.1041447981545384e-05,-8.211500127474778e-06,1.9619467999744043e-05,-8.95165367644921e-06,1.8471292720324007e-05,-7.67007866948952e-06,1.6834936210552244e-05,-8.653043596309475e-06,1.580912593881469e-05,-8.790809679800698e-06,1.4813243563494548e-05
3882.163251654324,83.875103929402,-153.1260062920168,449.7327851988428,25.005726867043453,2,1.0,0.0,1.005592598120401e-05,-5.591225428895871e-07,1.4418807514391682e-14,4,0.0045364608648729,0.0045178284117023,0.0470676174626048,0.047049009459682,-2.6651080271706985e-05,-1.095356988750088e-05,-0.253337042625516,-0.1283806659524531,modal_baffled,lossless,0.0,343.0,1.225,1.4,1.81e-05,0.0257,1006.0,1,1.005592598120401e-05,1.0055925981196362e-05,0.0,0.0,True,dirichlet,exp(+iwt)_rms,120081,16,1.372662775078337e-13,-0.0005662296438285,-0.0002327198714955,-9.621647773715786e-05,0.0002710314410871,1.6985209316362255e-05,0.0001523340353039,1.4963926494764931e-05,7.359969760462574e-05,5.677899531398094e-06,5.145703265006293e-05,1.474459879059226e-06,4.019095382719026e-05,-1.4568110857892726e-06,3.3654129808232726e-05,-2.9823977342413528e-06,2.918250979425821e-05,-3.779865136681484e-06,2.596102630580092e-05,-4.705362805981139e-06,2.326395205551673e-05,-5.079114099418419e-06,2.1466173652448548e-05,-6.0908194011463865e-06,2.0137683661649435e-05,-6.96961431600302e-06,1.9049492147456536e-05,-5.869349408221757e-06,1.7345790947286546e-05,-6.935000412699004e-06,1.640055887887588e-05,-7.180532779515738e-06,1.544288283258996e-05
3898.250413529105,83.83625177828506,-157.86189985518138,453.82345087664265,20.100780354256383,2,1.0,0.0,9.976519963187302e-06,-4.418807271693661e-07,6.080683650491562e-14,4,0.0045364608648729,0.0045178284117023,0.0470676174626048,0.047049009459682,-2.7212475279121502e-05,-8.715430564759904e-06,-0.2608462666870846,-0.106120795523989,modal_baffled,lossless,0.0,343.0,1.225,1.4,1.81e-05,0.0257,1006.0,1,9.976519963187302e-06,9.976519963187826e-06,0.0,0.0,True,dirichlet,exp(+iwt)_rms,120081,16,7.743776336858789e-13,-0.0005781570588471,-0.0001851682969014,-7.637850916267034e-05,0.0002801206535041,3.514913329592788e-05,0.0001499634371135,2.2094920847368835e-05,7.139256917551257e-05,1.0749187513212236e-05,5.03408046732329e-05,5.479972712269807e-06,3.957387252887163e-05,1.9254551048933057e-06,3.335758931235505e-05,-2.2577029861369132e-08,2.9070625650368337e-05,-1.1250149145759804e-06,2.596206295750208e-05,-2.3104372220427697e-06,2.3368449378753715e-05,-2.8609790181908087e-06,2.1627181680814197e-05,-3.992256032621686e-06,2.040849278854573e-05,-4.98574178183573e-06,1.939867270692209e-05,-4.055379663602821e-06,1.7649938031632522e-05,-5.192625317000525e-06,1.6784808698905422e-05,-5.548188732534571e-06,1.5863367891392487e-05
3914.404238436946,83.80726151881434,-162.54180938667042,456.69095934777016,14.51890513111174,2,1.0,0.0,9.923298006560736e-06,-3.154768435766037e-07,1.137478836898089e-14,4,0.0045364608648729,0.0045178284117023,0.0470676174626048,0.047049009459682,-2.7628338518844172e-05,-6.4963961473511806e-06,-0.2667077039359364,-0.0838786977601211,modal_baffled,lossless,0.0,343.0,1.225,1.4,1.81e-05,0.0257,1006.0,1,9.923298006560736e-06,9.92329800655889e-06,0.0,0.0,True,dirichlet,exp(+iwt)_rms,120081,16,1.396741750233668e-13,-0.0005869925016025,-0.000138022625694,-5.495029852761624e-05,0.0002884492350778,5.27557069917262e-05,0.000144958965755,2.882535060882958e-05,6.846670964120018e-05,1.5587142314994067e-05,4.870187530367428e-05,9.326774197818837e-06,3.8537391622351546e-05,5.1918855273755015e-06,3.270372632455662e-05,2.8487758368578764e-06,2.864189554272468e-05,1.4598357432693973e-06,2.5675231808163618e-05,2.8034264323535586e-08,2.3211275485380203e-05,-6.900750023682615e-07,2.1545208523079406e-05,-1.9282543067554893e-06,2.0446364816033902e-05,-3.0283280799516447e-06,1.952937138074564e-05,-2.258959176656147e-06,1.7751746622303228e-05,-3.465972617426581e-06,1.6970429145126453e-05,-3.925170309547825e-06,1.609941883966707e-05
3930.62500262048,83.78846472363028,-167.18514517495416,458.2382740969964,8.593524173350003,2,1.0,0.0,9.89630560057844e-06,-1.85589345571401e-07,1.9331013511828028e-14,4,0.0045364608648729,0.0045178284117023,0.0470676174626048,0.047049009459682,-2.7914684273346977e-05,-4.290658499732228e-06,-0.2710738608178474,-0.0616603823129469,modal_baffled,lossless,0.0,343.0,1.225,1.4,1.81e-05,0.0257,1006.0,1,9.89630560057844e-06,9.896305600593918e-06,0.0,0.0,True,dirichlet,exp(+iwt)_rms,120081,16,2.2368394843972165e-13,-0.0005930762120161,-9.11594580528991e-05,-3.180142755407499e-05,0.0002955518568241,6.935892571741698e-05,0.0001375171311109,3.508596533912607e-05,6.491586826825051e-05,2.0138946508861206e-05,4.6598190020251565e-05,1.2970830691748882e-05,3.712405968304426e-05,8.304094185081811e-06,3.17271765512714e-05,5.5966600148422296e-06,2.792579033664957e-05,3.942098951501259e-06,2.5126157807655177e-05,2.2798425011176983e-06,2.2815552291467646e-05,1.4061620356307348e-06,2.1241274291525628e-05,7.477602815166198e-08,2.0270516004483632e-05,-1.1220389980555355e-06,1.9459748836851138e-05,-5.044785842230641e-07,1.7664947347356776e-05,-1.7797890628876842e-06,1.697271710156943e-05,-2.333616021498928e-06,1.616529235371926e-05
3946.912983467054,83.78004422544157,-171.8125686823818,458.4705529437228,2.6584760175126507,2,1.0,0.0,9.894437732794263e-06,-5.7373642103104986e-08,1.2681356117853154e-13,4,0.0045364608648729,0.0045178284117023,0.0470676174626048,0.047049009459682,-2.808061654179973e-05,-2.088595401354098e-06,-0.2740451023511325,-0.0394291402467171,modal_baffled,lossless,0.0,343.0,1.225,1.4,1.81e-05,0.0257,1006.0,1,9.894437732794263e-06,9.89443773279372e-06,0.0,0.0,True,dirichlet,exp(+iwt)_rms,120081,16,1.6147690035173382e-12,-0.0005966016139251,-4.437435999418248e-05,-6.955085578086835e-06,0.0003009315977939,8.458609874550557e-05,0.0001279099706699,4.0831756736123934e-05,6.083587678735598e-05,2.4367270576429388e-05,4.409026346083829e-05,1.6379931562496437e-05,3.537925015125372e-05,1.123405824111775e-05,3.0465277637666303e-05,8.195594589793783e-06,2.695453477075704e-05,6.297724010995142e-06,2.4343288074432548e-05,4.422133846985759e-06,2.220680482115036e-05,3.406904624946618e-06,2.0738714659106237e-05,1.997191747417052e-06,1.9902992086361752e-05,7.154513124053478e-07,1.921053029423601e-05,1.1886938138061863e-06,1.740611614967855e-05,-1.537443166646939e-07,1.6809315976186203e-05,-7.907280291145118e-07,1.6076865109122326e-05
3963.268459513471,83.79215476243532,-176.44518855739318,457.4804263911364,-2.981152656078484,2,1.0,0.0,9.915764640372525e-06,6.46156783753238e-08,3.020034309329504e-14,4,0.0045364608648729,0.0045178284117023,0.0470676174626048,0.047049009459682,-2.812817275243413e-05,1.209001460815528e-07,-0.2756649303181215,-0.0171251036408783,modal_baffled,lossless,0.0,343.0,1.225,1.4,1.81e-05,0.0257,1006.0,1,9.915764640372525e-06,9.91576464037066e-06,0.0,0.0,True,dirichlet,exp(+iwt)_rms,120081,16,3.8130257186322956e-13,-0.0005976119945901,2.568648098187841e-06,1.94206290994834e-05,0.0003041078372448,9.814786450428072e-05,0.0001164575668507,4.6036671817814905e-05,5.6317447977626894e-05,2.82478651386382e-05,4.123649533601136e-05,1.9532530745116688e-05,3.334739640217796e-05,1.3964978688893731e-05,2.8954923348521826e-05,1.0634349216715434e-05,2.576191399453032e-05,8.51589904278733e-06,2.335650131708046e-05,6.435376426773209e-06,2.140935922568516e-05,5.299893141113182e-06,2.0061796363950742e-05,3.838815410513539e-06,1.9369873696439812e-05,2.4861092459152743e-06,1.8807170694687576e-05,2.8075218714346656e-06,1.6993491848529378e-05,1.3879103989763024e-06,1.649592014604575e-05,6.884382897566179e-07,1.5848273858715397e-05
3979.691710450752,83.79208373789149,178.90184757596322,455.4442883177394,-8.11324686925489,2,1.0,0.0,9.957357808921396e-06,1.773795481499634e-07,6.415033399557573e-15,4,0.0045364608648729,0.0045178284117023,0.0470676174626048,0.047049009459682,-2.805208660889715e-05,2.3454869810746498e-06,-0.2759150612417544,0.0052889393129995,modal_baffled,lossless,0.0,343.0,1.225,1.4,1.81e-05,0.0257,1006.0,1,9.957357808921396e-06,9.957357808921326e-06,0.0,0.0,True,dirichlet,exp(+iwt)_rms,120081,16,7.096579173200123e-14,-0.0005959954661224,4.983228613468985e-05,4.701078353563658e-05,0.0003046520965774,0.0001098230882071,0.0001035212310843,5.071095425377004e-05,5.145130036266022e-05,3.177300232198352e-05,3.809619994273194e-05,2.2416198238787605e-05,3.107456956107629e-05,1.6473206621919115e-05,2.7233736597688943e-05,1.28670328687815e-05,2.437132200260756e-05,1.055267803839219e-05,2.2188745012374975e-05,8.329628010824082e-06,2.0457994846207026e-05,7.06185338468148e-06,1.923147698430809e-05,5.512695742706844e-06,1.8674652786520044e-05,4.102664722603543e-06,1.824601083620416e-05,4.333821553569677e-06,1.644340362164533e-05,2.8933686897033367e-06,1.6067056212779224e-05,2.111106315964838e-06,1.5509960437131813e-05
3996.18301712892,83.80599773418558,174.20607950643958,452.541863469356,-12.521567802401284,2,1.0,0.0,1.0016731687218428e-05,2.77157087785007e-07,3.866341032427724e-13,4,0.0045364608648729,0.0045178284117023,0.0470676174626048,0.047049009459682,-2.784288552534168e-05,4.594517750649123e-06,-0.2747401421353042,0.0278776335219372,modal_baffled,lossless,0.0,343.0,1.225,1.4,1.81e-05,0.0257,1006.0,1,1.0016731687218428e-05,1.0016731687218642e-05,0.0,0.0,True,dirichlet,exp(+iwt)_rms,120081,16,4.853018812927681e-12,-0.0005915507736813,9.761526073206192e-05,7.543594660872775e-05,0.0003022262661562,0.0001194953351269,8.944018904059986e-05,5.484051204129033e-05,4.6299642551922346e-05,3.4932953126572496e-05,3.47117527982786e-05,2.5025142736774963e-05,2.859340998004809e-05,1.8770949665332773e-05,2.5330095002500485e-05,1.4939535249465092e-05,2.2821045953463573e-05,1.2452155300261604e-05,2.087258753247541e-05,1.0071451809600636e-05,1.936124392370411e-05,8.707735960053865e-06,1.827192691636043e-05,7.124973146641398e-06,1.7864592227424413e-05,5.676636225210592e-06,1.7581235335257717e-05,5.775559141852962e-06,1.5777238323688365e-05,4.276988136498593e-06,1.551634445570169e-05,3.4523201487337315e-06,1.5057946987605256e-05
4012.7426615618047,83.88588587034263,169.45260850594977,448.982664063566,-16.109933547506564,2,1.0,0.0,1.0090874988458124e-05,3.6207038380715996e-07,3.110421907947976e-14,4,0.0045364608648729,0.0045178284117023,0.0470676174626048,0.047049009459682,-2.748517815089875e-05,6.8701570642805695e-06,-0.2720317633082788,0.0506508797830255,modal_baffled,lossless,0.0,343.0,1.225,1.4,1.81e-05,0.0257,1006.0,1,1.0090874988458124e-05,1.009087498845842e-05,0.0,0.0,True,dirichlet,exp(+iwt)_rms,120081,16,3.869426541054124e-13,-0.0005839509121687,0.0001459635612475,0.0001042663765497,0.0002966022803024,0.0001270990055705,7.455145068717779e-05,5.845663394594533e-05,4.091326854671053e-05,3.772634501639585e-05,3.111599779333682e-05,2.735491583383064e-05,2.5924036189877827e-05,2.084673489728236e-05,2.3265052481636545e-05,1.684391263417068e-05,2.1117006284395247e-05,1.4221126278209396e-05,1.942239701342948e-05,1.16792522578422e-05,1.8133681734661413e-05,1.0229401309341764e-05,1.7198120336952073e-05,8.617014912194525e-06,1.695144375829631e-05,7.180449581977145e-06,1.6837766371308257e-05,7.173915740279215e-06,1.5036275262705416e-05,5.598120342350376e-06,1.4866035313516442e-05,4.740145275359137e-06,1.4534066840385132e-05
4029.3709269318606,83.85809285847516,164.64555238757552,445.0429539465223,-18.887617160385737,2,1.0,0.0,1.0174983464905671e-05,4.318261655289268e-07,2.2280563828513854e-14,4,0.0045364608648729,0.0045178284117023,0.0470676174626048,0.047049009459682,-2.6964355180109287e-05,9.163640163706196e-06,-0.2676829971920606,0.0735032666184173,modal_baffled,lossless,0.0,343.0,1.225,1.4,1.81e-05,0.0257,1006.0,1,1.0174983464905671e-05,1.0174983464903976e-05,0.0,0.0,True,dirichlet,exp(+iwt)_rms,120081,16,2.66482657603096e-13,-0.0005728854918465,0.0001946909713666,0.0001327196941282,0.0002875939039881,0.0001325993159876,5.92891770902994e-05,6.157278905200341e-05,3.54062363776969e-05,4.019315518831245e-05,2.740088596396008e-05,2.942770802227249e-05,2.3167610512081177e-05,2.271016778142787e-05,2.110210939710703e-05,1.850205802987924e-05,1.934090009556888e-05,1.572091026106191e-05,1.7879862540579948e-05,1.3130839429871968e-05,1.6849663815158445e-05,1.1612171510262992e-05,1.6037252598704885e-05,9.991937168331408e-06,1.5920087625199258e-05,8.481247048215192e-06,1.5914949236109546e-05,8.309808737718082e-06,1.4117856176217069e-05,6.771795494763781e-06,1.4149651952088896e-05,5.892026654940269e-06,1.3869732643703548e-05
4046.068097595013,83.88243759243606,159.75650552286268,440.81941521756056,-20.787273591348853,2,1.0,0.0,1.0268140245426006e-05,4.842042641217755e-07,1.967784964632517e-14,4,0.0045364608648729,0.0045178284117023,0.0470676174626048,0.047049009459682,-2.6259253011986694e-05,1.1473919315893794e-05,-0.2615307398921388,0.0964500487642923,modal_baffled,lossless,0.0,343.0,1.225,1.4,1.81e-05,0.0257,1006.0,1,1.0268140245426006e-05,1.0268140245425291e-05,0.0,0.0,True,dirichlet,exp(+iwt)_rms,120081,16,2.3368729616828573e-13,-0.0005579048702188,0.0002437752309219,0.0001605872569748,0.0002752671541064,0.0001360812021269,4.383605529163557e-05,6.422581960341918e-05,2.9730608650108597e-05,4.230074943302455e-05,2.3523571138631115e-05,3.1224857674971684e-05,2.0256162864292088e-05,2.435718391523816e-05,1.881134817241627e-05,2.0021302431384844e-05,1.7435223466613437e-05,1.71343288669628e-05,1.623492431883538e-05,1.4455913192515954e-05,1.5450344223773684e-05,1.2879240520929675e-05,1.47894172835172e-05,1.1257132085188086e-05,1.4824947853444427e-05,9.759399718882994e-06,1.4973409764868452e-05,9.46088360790844e-06,1.318502154908931e-05,7.901884074617732e-06,1.3350503110998437e-05,7.013278673868444e-06,1.3175438906701048e-05
4062.83445908552,83.92119928297035,154.78783371065248,436.5107572981596,-21.87940648381572,2,1.0,0.0,1.0366507919449152e-05,5.19604698842273e-07,3.0135046812112006e-14,4,0.0045364608648729,0.0045178284117023,0.0470676174626048,0.047049009459682,-2.535334928850273e-05,1.3783823334669709e-05,-0.253445609166387,0.1193281913322911,modal_baffled,lossless,0.0,343.0,1.225,1.4,1.81e-05,0.0257,1006.0,1,1.0366507919449152e-05,1.036650791944943e-05,0.0,0.0,True,dirichlet,exp(+iwt)_rms,120081,16,3.6531775651663177e-13,-0.0005386580127758,0.0002928515203817,0.0001871885007179,0.0002596893233716,0.0001376104331746,2.853349082511235e-05,6.64371291801081e-05,2.3951020436318638e-05,4.4078607313926186e-05,1.954138269081981e-05,3.276450037497494e-05,1.7251812472640704e-05,2.579678735625489e-05,1.6432171770980324e-05,2.1359039182552063e-05,1.5449882181989196e-05,1.838282491363456e-05,1.4512097848012818e-05,1.5643292454272624e-05,1.3976335679368331e-05,1.4022744401391076e-05,1.3469058264104444e-05,1.2413722273893644e-05,1.3661059928708468e-05,1.0937253368270048e-05,1.3958342496660542e-05,1.0502094232181022e-05,1.2179606809569877e-05,8.944568834264036e-06,1.248760001966226e-05,8.060598378289497e-06,1.241007852708945e-05
4079.670298120857,83.94692599907422,149.73566227074264,432.2569643208807,-22.198036466225908,2,1.0,0.0,1.04672199518168e-05,5.375314902224531e-07,1.8525201385420355e-14,4,0.0045364608648729,0.0045178284117023,0.0470676174626048,0.047049009459682,-2.4229973486759517e-05,1.6073184569468328e-05,-0.2432925347180046,0.1419656122709085,modal_baffled,lossless,0.0,343.0,1.225,1.4,1.81e-05,0.0257,1006.0,1,1.04672199518168e-05,1.0467219951816482e-05,0.0,0.0,True,dirichlet,exp(+iwt)_rms,120081,16,2.233646807435717e-13,-0.0005147907370924,0.0003414913572423,0.000212041339095,0.0002410606785709,0.0001373317416886,1.3626471879308092e-05,6.822871546409944e-05,1.807258525094264e-05,4.553259617797419e-05,1.5464107084028808e-05,3.404986771454084e-05,1.4167501680258447e-05,2.703346935358861e-05,1.397688668690304e-05,2.2526679398883625e-05,1.3392638000639434e-05,1.948500787013521e-05,1.272849573926363e-05,1.671026425156996e-05,1.2455636403986769e-05,1.5055346980495598e-05,1.2097294425559192e-05,1.3466274328150903e-05,1.2423244935754251e-05,1.202576243338062e-05,1.2861592160849777e-05,1.1452156650760909e-05,1.111502303480422e-05,9.908483611612042e-06,1.1576081263032232e-05,9.03271279518652e-06,1.159227283203092e-05
4096.575902606613,83.9795765826141,144.5960886772248,428.1464650635709,-21.83689472630628,2,1.0,0.0,1.0568090543028917e-05,5.390077916722498e-07,1.1291445113575695e-14,4,0.0045364608648729,0.0045178284117023,0.0470676174626048,0.047049009459682,-2.287566051228897e-05,1.8318900529282345e-05,-0.2309643574233031,0.1641615562851612,modal_baffled,lossless,0.0,343.0,1.225,1.4,1.81e-05,0.0257,1006.0,1,1.0568090543028917e-05,1.0568090543028949e-05,0.0,0.0,True,dirichlet,exp(+iwt)_rms,120081,16,5.0112170163586516e-14,-0.0004860169633711,0.0003892039052929,0.0002347009736372,0.0002196902575248,0.0001353695362842,-6.637624308892081e-07,6.962177800445376e-05,1.2108629293939488e-05,4.667320820355201e-05,1.1311775676030757e-05,3.5089941233933264e-05,1.1015450090991216e-05,2.8072511521343957e-05,1.1454717936120868e-05,2.352412132486924e-05,1.1275409374691557e-05,2.0434113858807932e-05,1.0884621845695187e-05,1.7645096160283835e-05,1.0869005931122122e-05,1.597035415008764e-05,1.066473408442312e-05,1.4417618509888306e-05,1.1135885258528752e-05,1.3024813081751536e-05,1.1713075018762906e-05,1.2304342242731782e-05,9.99911931147959e-06,1.079400371554862e-05,1.0608963571726306e-05,9.940973996404336e-06,1.0712954935098932e-05
4113.551561641426,84.01352891639783,139.3681118262633,424.2672393843794,-20.855735610793715,2,1.0,0.0,1.0666685722589828e-05,5.243430475484225e-07,1.5328857800683157e-14,4,0.0045364608648729,0.0045178284117023,0.0470676174626048,0.047049009459682,-2.128005440583748e-05,2.049165448056717e-05,-0.2163746092976148,0.1856644603183487,modal_baffled,lossless,0.0,343.0,1.225,1.4,1.81e-05,0.0257,1006.0,1,1.0666685722589828e-05,1.0666685722590056e-05,0.0,0.0,True,dirichlet,exp(+iwt)_rms,120081,16,1.746473547876813e-13,-0.0004521166685937,0.0004353663003411,0.000254804153052,0.000195950987445,0.0001319085775081,-1.41565201596957e-05,7.062747055258656e-05,6.050908517634164e-06,4.7504024595779445e-05,7.08898894664198e-06,3.588752025301592e-05,7.803908320719756e-06,2.891729300146576e-05,8.8726893960599e-06,2.435699896987372e-05,9.104286598435642e-06,2.1238977983842238e-05,8.991037262708997e-06,1.845787157070979e-05,9.233894709795378e-06,1.6775711414992337e-05,9.183703305702905e-06,1.5271733112658745e-05,9.793670770774026e-06,1.393861383133184e-05,1.0504543306551532e-05,1.3066992942723608e-05,8.837519755414526e-06,1.1605562434892918e-05,9.595232513599088e-06,1.078348219775273e-05,9.781020192474967e-06
4130.597565521914,84.07242571568148,134.05161292295006,420.665140498906,-19.301507172666224,2,1.0,0.0,1.0761363334548538e-05,4.937669219348973e-07,8.197217940426387e-15,4,0.0045364608648729,0.0045178284117023,0.0470676174626048,0.047049009459682,-1.943892877846316e-05,2.2560615189610185e-05,-0.1994898632693734,0.2062057438673638,modal_baffled,lossless,0.0,343.0,1.225,1.4,1.81e-05,0.0257,1006.0,1,1.0761363334548538e-05,1.0761363334548668e-05,0.0,0.0,True,dirichlet,exp(+iwt)_rms,120081,16,9.437516138116329e-14,-0.0004130000587751,0.0004793235010787,0.0002720287517366,0.0001702447737402,0.0001271524052413,-2.6674040170687268e-05,7.124989647949319e-05,-9.900897952173963e-08,4.80259896560268e-05,2.8145914927699777e-06,3.6443688399878886e-05,4.5536561656610536e-06,2.956895375019339e-05,6.246752296087437e-06,2.503272393091787e-05,6.873106240354873e-06,2.1906985744742305e-05,7.043286950154653e-06,1.9158450967831687e-05,7.536883836118247e-06,1.7474525531906935e-05,7.644054729490178e-06,1.602396745309406e-05,8.402341680449832e-06,1.4762094305603108e-05,9.234515587247331e-06,1.37363452810874e-05,7.625071774649635e-06,1.2346649000288723e-05,8.520648754831352e-06,1.1571307154705894e-05,8.766867868699942e-06
4147.714205747647,84.10047186560817,128.6463866946565,417.390234185701,-17.24225364497272,2,1.0,0.0,1.085011641756836e-05,4.482147497154006e-07,1.5596114749562973e-14,4,0.0045364608648729,0.0045178284117023,0.0470676174626048,0.047049009459682,-1.7349628344555582e-05,2.4487378372073105e-05,-0.1802813193253461,0.2254598977201835,modal_baffled,lossless,0.0,343.0,1.225,1.4,1.81e-05,0.0257,1006.0,1,1.085011641756836e-05,1.0850116417568498e-05,0.0,0.0,True,dirichlet,exp(+iwt)_rms,120081,16,1.8110396625602733e-13,-0.0003686107196383,0.0005202595689388,0.0002862930757834,0.0001431164649476,0.0001213021751592,-3.816492888544018e-05,7.148190470032796e-05,-6.388825449833642e-06,4.823579325881932e-05,-1.5342141353601612e-06,3.6760044680514944e-05,1.2372118376703688e-06,3.002445345828473e-05,3.5675763070531683e-06,2.55435428581469e-05,4.598679368688295e-06,2.243380774702756e-05,5.049249611435903e-06,1.9737945837751563e-05,5.803662901622984e-06,1.80694733308848e-05,6.070034736974205e-06,1.6682684825209836e-05,6.975389078540686e-06,1.5511425298688266e-05,7.902881353579851e-06,1.4333907074078856e-05,6.374549891873262e-06,1.3021364675249384e-05,7.414894485806976e-06,1.226862709872688e-05,7.777713299027619e-06
4164.901775026131,84.13087071962943,123.1516301687006,414.52943546562665,-14.803630733930564,2,1.0,0.0,1.0929700811597324e-05,3.903203029852016e-07,5.356960700345427e-15,4,0.0045364608648729,0.0045178284117023,0.0470676174626048,0.047049009459682,-1.501699086687651e-05,2.623520001474091e-05,-0.1587872030588524,0.2430999523011781,modal_baffled,lossless,0.0,343.0,1.225,1.4,1.81e-05,0.0257,1006.0,1,1.0929700811597324e-05,1.0929700811597402e-05,0.0,0.0,True,dirichlet,exp(+iwt)_rms,120081,16,5.6195491726412543e-14,-0.0003190514344348,0.0005573938395242,0.0002974466153295,0.0001150031582439,0.0001145211006058,-4.8518956906207245e-05,7.129919320211168e-05,-1.2810668669563358e-05,4.812495315713919e-05,-5.941532545406937e-06,3.682810319822951e-05,-2.111900143650491e-06,3.028739972634553e-05,8.376914813657667e-07,2.5887882473503517e-05,2.2955046369836595e-06,2.2815132107515835e-05,3.024822338090443e-06,2.019429679033824e-05,4.023923838647934e-06,1.8554875338151405e-05,4.45550086808268e-06,1.7251431681602497e-05,5.487646696343191e-06,1.6164331341363445e-05,6.528976353987115e-06,1.4836109754204126e-05,5.085144670959056e-06,1.3620412300403544e-05,6.25766849488833e-06,1.2924246543786482e-05,6.676213024839519e-06
4182.160567277811,84.12848004872828,117.5702521735108,412.06447823666576,-11.940212005004078,2,1.0,0.0,1.0999868468441104e-05,3.187383734273543e-07,2.377111149375183e-14,4,0.0045364608648729,0.0045178284117023,0.0470676174626048,0.047049009459682,-1.245518019295554e-05,2.7766110579891182e-05,-0.1351241424463025,0.2587958204128237,modal_baffled,lossless,0.0,343.0,1.225,1.4,1.81e-05,0.0257,1006.0,1,1.0999868468441104e-05,1.0999868468440098e-05,0.0,0.0,True,dirichlet,exp(+iwt)_rms,120081,16,2.723247933293817e-13,-0.0002646231286903,0.0005899196109076,0.0003055064036133,8.63807209138996e-05,0.000107078789635,-5.769054515717966e-05,7.066177163969755e-05,-1.937512464456267e-05,4.767339989792372e-05,-1.0408024101518085e-05,3.6641504945970105e-05,-5.525380693377317e-06,3.034597409375545e-05,-1.964480035106572e-06,2.606165425878981e-05,-8.421750374742771e-08,2.304425661660421e-05,9.54742993513423e-07,2.051837875826888e-05,2.2095951871164137e-06,1.892118585443713e-05,2.770188787063226e-06,1.7717747161850314e-05,3.896320670357741e-06,1.673295892069528e-05,5.057379275758162e-06,1.5253409929683629e-05,3.7642495046972567e-06,1.4139034571823883e-05,5.0536544223045766e-06,1.3505192826609584e-05,5.496607630255488e-06
4199.490877641101,84.16075378041022,111.90165224336424,410.0625024041991,-8.743736763868068,2,1.0,0.0,1.105782458467054e-05,2.357852931748531e-07,1.5334475927229542e-14,4,0.0045364608648729,0.0045178284117023,0.0470676174626048,0.047049009459682,-9.681212919095326e-06,2.9038549187073688e-05,-0.1094249327757868,0.2721803903680769,modal_baffled,lossless,0.0,343.0,1.225,1.4,1.81e-05,0.0257,1006.0,1,1.105782458467054e-05,1.105782458467102e-05,0.0,0.0,True,dirichlet,exp(+iwt)_rms,120081,16,1.7503690680694141e-13,-0.0002056873375157,0.0006169538793873,0.0003106528390354,5.7685093755867816e-05,9.914491916662198e-05,-6.570065052744899e-05,6.951789448503474e-05,-2.611879189592193e-05,4.6862286542875656e-05,-1.4927215363604066e-05,3.617497642998012e-05,-8.956026707651077e-06,3.018489461709184e-05,-4.79066428157588e-06,2.6053017818218617e-05,-2.490315710974956e-06,2.311674191622443e-05,-1.1569841003461769e-06,2.071993469129213e-05,3.2864998656610364e-07,1.9172390885455143e-05,1.0471894717877418e-06,1.807376872992609e-05,2.288323914489622e-06,1.7193103440514973e-05,3.5423173559835297e-06,1.557513647573453e-05,2.388893465654525e-06,1.4572323250229964e-05,3.799156257485399e-06,1.401608446866132e-05,4.272970294375109e-06
4216.893002477425,84.17697997430012,106.15787357366187,408.4524939996323,-5.262114592090327,2,1.0,0.0,1.1104615901082026e-05,1.4306134062360416e-07,2.3731842655419343e-14,4,0.0045364608648729,0.0045178284117023,0.0470676174626048,0.047049009459682,-6.728521463532923e-06,3.001648876187988e-05,-0.0819732475797089,0.2829300588018305,modal_baffled,lossless,0.0,343.0,1.225,1.4,1.81e-05,0.0257,1006.0,1,1.1104615901082026e-05,1.1104615901081548e-05,0.0,0.0,True,dirichlet,exp(+iwt)_rms,120081,16,2.6742772252600977e-13,-0.000142954367063,0.0006377312126692,0.000313111680634,2.9288745436980143e-05,9.0990213856604e-05,-7.254734782547969e-05,6.779481828144383e-05,-3.3029937338243995e-05,4.5638455843986106e-05,-1.9468216533969117e-05,3.544691074728197e-05,-1.2441969811427428e-05,2.979127444742046e-05,-7.661162215958343e-06,2.5871985509053653e-05,-4.957384520402163e-06,2.306593562292834e-05,-3.3444129379923338e-06,2.078003528850028e-05,-1.596603781197613e-06,1.9311033883523644e-05,-7.399859832902113e-07,1.831707574457601e-05,6.111724501153296e-07,1.756173017273546e-05,1.9434942501991504e-06,1.582990189515605e-05,9.472052751440068e-07,1.498896176186452e-05,2.4367829106600184e-06,1.4419130705276357e-05,3.001001252795717e-06
4234.367239376294,84.30725665461397,100.33520098723336,407.6251245324575,-1.4604861039189527,2,1.0,0.0,1.1128859230675322e-05,3.9873754782691945e-08,1.41553788273904e-13,4,0.0045364608648729,0.0045178284117023,0.0470676174626048,0.047049009459682,-3.625985523591988e-06,3.065240516333591e-05,-0.0529959866308897,0.2906030834288403,modal_baffled,lossless,0.0,343.0,1.225,1.4,1.81e-05,0.0257,1006.0,1,1.1128859230675322e-05,1.1128859230673637e-05,0.0,0.0,True,dirichlet,exp(+iwt)_rms,120081,16,1.6078471235998789e-12,-7.703779624011831e-05,0.0006512419114413,0.0003130607220129,1.5551733032097658e-06,8.271797945479296e-05,-7.834157209538654e-05,6.538682431910501e-05,-4.006941213141783e-05,4.4014660886170526e-05,-2.400526659763145e-05,3.437482460219263e-05,-1.5915247316431633e-05,2.917984620727309e-05,-1.0509609842950592e-05,2.548339651117447e-05,-7.4124571716644655e-06,2.2795125955592006e-05,-5.5518317209317886e-06,2.06725738464719e-05,-3.593212737799372e-06,1.9313864978360252e-05,-2.540197514711291e-06,1.8434418142154477e-05,-1.0942855195393308e-06,1.779627303509989e-05,3.279064227734531e-07,1.596528767898921e-05,-5.003292293817331e-07,1.5208586731147389e-05,9.974477205032198e-07,1.47729121902048e-05,1.666252194516519e-06
4251.913887160385,84.17479727090274,94.43283907052106,407.1013708722504,2.4578872798338423,2,1.0,0.0,1.1142913862184158e-05,-6.727569151502829e-08,7.54787250185688e-15,4,0.0045364608648729,0.0045178284117023,0.0470676174626048,0.047049009459682,-4.194749645511595e-07,3.0932284672561126e-05,-0.0228751454468433,0.295077974038525,modal_baffled,lossless,0.0,343.0,1.225,1.4,1.81e-05,0.0257,1006.0,1,1.1142913862184158e-05,1.1142913862183838e-05,0.0,0.0,True,dirichlet,exp(+iwt)_rms,120081,16,8.28023886562892e-14,-8.912177568461622e-06,0.0006571882398155,0.0003110718233278,-2.565398453871509e-05,7.44600903594658e-05,-8.322287357249544e-05,6.218461324938816e-05,-4.724014748902642e-05,4.186346641291716e-05,-2.8591750646306088e-05,3.294184685628246e-05,-1.9404013700815418e-05,2.8216825132391035e-05,-1.3464703078376363e-05,2.4819686420693676e-05,-9.961299250117131e-06,2.2321741413186025e-05,-7.783515498382809e-06,2.0398501579826545e-05,-5.609451109531328e-06,1.911869505079364e-05,-4.448128455471122e-06,1.837922127971561e-05,-2.910216772127921e-06,1.787525090380988e-05,-1.4288875762388104e-06,1.595994327687505e-05,-2.0501001005351592e-06,1.5379968283814975e-05,-4.1371168235886994e-07,1.4968303785260847e-05,2.1934913910691686e-07
4269.533245890658,84.17071483939614,88.47389579655825,407.32728872849816,6.540871520926415,2,1.0,0.0,1.1134268485003985e-05,-1.7879435445449386e-07,1.7552448219123837e-14,4,0.0045364608648729,0.0045178284117023,0.0470676174626048,0.047049009459682,2.8320399963695003e-06,3.081716523871212e-05,0.0078848929971377,0.2959589836121957,modal_baffled,lossless,0.0,343.0,1.225,1.4,1.81e-05,0.0257,1006.0,1,1.1134268485003985e-05,1.1134268485002858e-05,0.0,0.0,True,dirichlet,exp(+iwt)_rms,120081,16,1.913828086233419e-13,6.016960596358104e-05,0.0006547424089013,0.0003072788603226,-5.207610873189602e-05,6.640122463829767e-05,-8.728164304859177e-05,5.807044199598106e-05,-5.440458228792939e-05,3.919173165131421e-05,-3.307910909342976e-05,3.1126216710222073e-05,-2.2846848569888243e-05,2.696634163793666e-05,-1.6374955619496382e-05,2.391006419677808e-05,-1.2494742625631936e-05,2.162465135468678e-05,-1.0041039806492118e-05,1.9917066088876863e-05,-7.668356078876732e-06,1.875337808069356e-05,-6.375147174214921e-06,1.8157172274861185e-05,-4.756794536944405e-06,1.7793512200861586e-05,-3.2177013942184658e-06,1.582507952158719e-05,-3.629949884124554e-06,1.5399929009517707e-05,-1.926190941559332e-06,1.5045591659823208e-05,-1.2742478568984665e-06
4287.225616871486,84.16114506277461,82.46882612187663,408.2692233129482,10.667175892511793,2,1.0,0.0,1.110386443541917e-05,-2.901195296037048e-07,2.26713315977314e-14,4,0.0045364608648729,0.0045178284117023,0.0470676174626048,0.047049009459682,6.066315497842225e-06,3.0296494074336317e-05,0.0387515794425434,0.293115013609178,modal_baffled,lossless,0.0,343.0,1.225,1.4,1.81e-05,0.0257,1006.0,1,1.110386443541917e-05,1.1103864435418517e-05,0.0,0.0,True,dirichlet,exp(+iwt)_rms,120081,16,2.510824910848894e-13,0.0001288851194276,0.0006436802138626,0.0003019983437755,-7.790238024615074e-05,5.859477320792466e-05,-9.069675301776608e-05,5.292824110075028e-05,-6.143422413370958e-05,3.594054793674914e-05,-3.741587217457798e-05,2.8888970420438897e-05,-2.6197397608871304e-05,2.537315443411608e-05,-1.923496788732068e-05,2.271054590343825e-05,-1.5005749533199124e-05,2.0674284188024532e-05,-1.2293611319780908e-05,1.9207274085194137e-05,-9.740393150704956e-06,1.817811256427856e-05,-8.324261958183896e-06,1.7735160402203234e-05,-6.636383128950335e-06,1.7520821714481487e-05,-5.049902815464114e-06,1.5529084953218173e-05,-5.247567298076225e-06,1.5264592751768837e-05,-3.4916799102573944e-06,1.4967117694483371e-05,-2.821735891695261e-06
4304.991302655809,84.14433668542414,76.43660634149373,409.9825783089025,14.7149787434408,2,1.0,0.0,1.1050773092739027e-05,-3.96631222304578e-07,1.0711686728758742e-14,4,0.0045364608648729,0.0045178284117023,0.0470676174626048,0.047049009459682,9.213894594790134e-06,2.937072546809828e-05,0.0691169760366261,0.2864961036107382,modal_baffled,lossless,0.0,343.0,1.225,1.4,1.81e-05,0.0257,1006.0,1,1.1050773092739027e-05,1.1050773092737338e-05,0.0,0.0,True,dirichlet,exp(+iwt)_rms,120081,16,1.165826367617765e-13,0.0001957586785035,0.00062401130653,0.0002953815933342,-0.000103368295387,5.106121935458993e-05,-9.36432389623399e-05,4.666739036520048e-05,-6.813419073771926e-05,3.2078721761815286e-05,-4.1501014490818885e-05,2.620478442547346e-05,-2.9386564843084197e-05,2.3411833451554008e-05,-2.1992713562628617e-05,2.1196303305667998e-05,-1.7452301115660328e-05,1.944637222332317e-05,-1.450514259723595e-05,1.824544235287985e-05,-1.179412109504824e-05,1.7367667227548672e-05,-1.0268417734578308e-05,1.708817787662357e-05,-8.523573830674382e-06,1.7032481720839402e-05,-6.902147331905024e-06,1.5048277925504084e-05,-6.885640070889981e-06,1.49518804920949e-05,-5.091093925668837e-06,1.470862016082026e-05,-4.405352307701407e-06
4322.830607050296,84.12037224866924,70.40118958509491,412.5078149414088,18.529142237091826,2,1.0,0.0,1.0975128547367836e-05,-4.929839158403101e-07,1.4336402606989017e-13,4,0.0045364608648729,0.0045178284117023,0.0470676174626048,0.047049009459682,1.2203699134336742e-05,2.8057771517003495e-05,0.0983432825154332,0.2761981690269362,modal_baffled,lossless,0.0,343.0,1.225,1.4,1.81e-05,0.0257,1006.0,1,1.0975128547367836e-05,1.0975128547366905e-05,0.0,0.0,True,dirichlet,exp(+iwt)_rms,120081,16,1.5935363966620853e-12,0.000259280154642,0.000596116247849,0.0002874113890844,-0.0001287662727693,4.376359065266338e-05,-9.629001407831696e-05,3.924541084158241e-05,-7.425835509305028e-05,2.760051676647445e-05,-4.52110815875298e-05,2.306501178026169e-05,-3.2328990530361685e-05,2.1069161346929416e-05,-2.4581202152741165e-05,1.935222789905236e-05,-1.977900617788062e-05,1.792298243791127e-05,-1.6627854791729158e-05,1.701424427118385e-05,-1.378732621516419e-05,1.6301825792142328e-05,-1.2168963563565604e-05,1.6195434810590494e-05,-1.0381902469393864e-05,1.6307525099213902e-05,-8.740190129192536e-06,1.4361033850623177e-05,-8.516684216481459e-06,1.4442926624845e-05,-6.698060320374675e-06,1.4247318724642506e-05,-5.99719843190913e-06
4340.743835120558,84.09626407264216,64.38982546402008,415.8523505132988,21.92490911354333,2,1.0,0.0,1.0878586672635177e-05,-5.735497798363472e-07,6.672411240601673e-14,4,0.0045364608648729,0.0045178284117023,0.0470676174626048,0.047049009459682,1.496952934887926e-05,2.6394186258240505e-05,0.1258163395106054,0.2624793310952162,modal_baffled,lossless,0.0,343.0,1.225,1.4,1.81e-05,0.0257,1006.0,1,1.0878586672635177e-05,1.0878586672634892e-05,0.0,0.0,True,dirichlet,exp(+iwt)_rms,120081,16,7.423157549110477e-13,0.0003180430656124,0.0005607716659805,0.0002778759212101,-0.0001543723165773,3.660781695999976e-05,-9.87804924300953e-05,3.069031648502112e-05,-7.95256310832099e-05,2.2535283399666663e-05,-4.841010424894484e-05,1.9488233432320905e-05,-3.492914516175819e-05,1.8348479151504617e-05,-2.6923145818109597e-05,1.7181425985802673e-05,-2.1920736319379807e-05,1.6091837398381193e-05,-1.8602174236515765e-05,1.5513773854153882e-05,-1.5670091377763433e-05,1.496886999250069e-05,-1.397696393377218e-05,1.5041604846045408e-05,-1.216500311630855e-05,1.5329466133729697e-05,-1.0518802308091786e-05,1.344954563835414e-05,-1.0102273853575365e-05,1.3737314296262131e-05,-8.281675661449788e-06,1.355570453795459e-05,-7.556925592944695e-06
4358.731293196359,84.07942029050048,58.44176656472088,419.9602935971161,24.62857235124523,2,1.0,0.0,1.0765094814682851e-05,-6.313190093294387e-07,1.0288419347333112e-14,4,0.0045364608648729,0.0045178284117023,0.0470676174626048,0.047049009459682,1.7453584474802077e-05,2.44387859979036e-05,0.1509678527009136,0.2457960396703863,modal_baffled,lossless,0.0,343.0,1.225,1.4,1.81e-05,0.0257,1006.0,1,1.0765094814682851e-05,1.0765094814682707e-05,0.0,0.0,True,dirichlet,exp(+iwt)_rms,120081,16,1.1235482177189064e-13,0.0003708193746723,0.0005192271739125,0.0002663472157814,-0.0001803258830742,2.9438958980942126e-05,-0.000101211685803,2.114499094655407e-05,-8.363077602312958e-05,1.696766907755223e-05,-5.094440104931495e-05,1.54838749013779e-05,-3.708397091743075e-05,1.5301986671266765e-05,-2.8930346168473592e-05,1.4670390243897208e-05,-2.3792298904614312e-05,1.403864739683525e-05,-2.0391438877221537e-05,1.3682610795856835e-05,-1.735721998635652e-05,1.3375252043172237e-05,-1.5632728279761417e-05,1.3659643903310998e-05,-1.3829308439949192e-05,1.4148570323007803e-05,-1.2204886074150888e-05,1.2337034540022942e-05,-1.1615153395785924e-05,1.269292140909001e-05,-9.764073361251464e-06,1.273694527948955e-05,-9.056438332274495e-06
4376.793288876846,84.01127629828437,52.57360311491253,424.7113048887826,26.5276789941595,2,1.0,0.0,1.0639772085160358e-05,-6.645654476281582e-07,1.6853950299800627e-14,4,0.0045364608648729,0.0045178284117023,0.0470676174626048,0.047049009459682,1.962468972931637e-05,2.2253318106091512e-05,0.1734575076961903,0.2266565077563507,modal_baffled,lossless,0.0,343.0,1.225,1.4,1.81e-05,0.0257,1006.0,1,1.0639772085160358e-05,1.0639772085160363e-05,0.0,0.0,True,dirichlet,exp(+iwt)_rms,120081,16,1.8654179506785581e-13,0.0004169467414599,0.0004727946581058,0.0002523553778554,-0.0002065951531561,2.213504486996721e-05,-0.0001036059371179,1.0799211807282018e-05,-8.634175268769882e-05,1.1001608568943367e-05,-5.273285269442915e-05,1.1200432742452055e-05,-3.868817079970384e-05,1.193700668637486e-05,-3.0541452893142576e-05,1.1906772129443029e-05,-2.5368254180784488e-05,1.1654921260071504e-05,-2.1871291584458457e-05,1.1664259061706408e-05,-1.884607998320357e-05,1.1563281270530866e-05,-1.7104988453197684e-05,1.20352389872112e-05,-1.528388640092763e-05,1.26592865412578e-05,-1.3721459642559822e-05,1.0969018150709854e-05,-1.2968467745311432e-05,1.1577194937827524e-05,-1.113406285397914e-05,1.1630534075832218e-05,-1.0487685940920036e-05
4394.930131035819,83.95604006029556,46.81392487302388,429.9191763596666,27.335617636951557,2,1.0,0.0,1.050940473592525e-05,-6.682211105021371e-07,2.898440102812875e-14,4,0.0045364608648729,0.0045178284117023,0.0470676174626048,0.047049009459682,2.146736779181252e-05,1.9912368616712e-05,0.1930606455606087,0.2056888601014892,modal_baffled,lossless,0.0,343.0,1.225,1.4,1.81e-05,0.0257,1006.0,1,1.050940473592525e-05,1.0509404735924296e-05,0.0,0.0,True,dirichlet,exp(+iwt)_rms,120081,16,3.201129460151404e-13,0.0004560963343612,0.0004230587756546,0.0002352655342259,-0.0002329128982211,1.4449135330832762e-05,-0.0001059422797748,-3.8588846616078965e-08,-8.74378046156022e-05,4.79581200361494e-06,-5.365868732585153e-05,6.6882319623563056e-06,-3.971781853691934e-05,8.369768662717876e-06,-3.168416795564022e-05,8.941895406029773e-06,-2.654240997561333e-05,9.089138590758031e-06,-2.30470687188692e-05,9.441218484873314e-06,-2.004146463722816e-05,9.521986043219785e-06,-1.8303840082306027e-05,1.0192077205933202e-05,-1.6531934433947308e-05,1.100944922899657e-05,-1.5029293551876378e-05,9.426121612026414e-06,-1.4148331704588482e-05,1.0237664534691738e-05,-1.2369414234243694e-05,1.0326600663001687e-05,-1.1693034586944463e-05
4413.142129827008,83.90753225141071,41.18101598343285,435.28494359747503,26.92712556649237,2,1.0,0.0,1.0382089031476224e-05,-6.422455430748447e-07,9.711902002070975e-14,4,0.0045364608648729,0.0045178284117023,0.0470676174626048,0.047049009459682,2.2990913002475223e-05,1.748531994057421e-05,0.2097657106304661,0.1835132655696049,modal_baffled,lossless,0.0,343.0,1.225,1.4,1.81e-05,0.0257,1006.0,1,1.0382089031476224e-05,1.03820890314893e-05,0.0,0.0,True,dirichlet,exp(+iwt)_rms,120081,16,1.0825525915254005e-12,0.0004884656212042,0.0003714936273217,0.0002146183289474,-0.0002586759541415,6.266420959553054e-06,-0.000108099202586,-1.1002252026288555e-05,-8.682977074076658e-05,-1.4694973777781497e-06,-5.369951139839727e-05,2.0819507712425254e-06,-4.010948570085554e-05,4.68339307101983e-06,-3.232771311895973e-05,5.840068562572301e-06,-2.7302655488208055e-05,6.387921852978726e-06,-2.386150041494777e-05,7.069599649526175e-06,-2.0919307438722352e-05,7.337723461945627e-06,-1.9214470682213863e-05,8.205451318080464e-06,-1.750904246445233e-05,9.197114649104468e-06,-1.609813667810193e-05,7.725932114180472e-06,-1.5106655913207738e-05,8.739802594528537e-06,-1.3399269155460936e-05,8.880744205839394e-06,-1.2720650297815165e-05
4431.42959668938,83.86230144887216,35.67750616820659,440.4707464235866,25.252178571387933,2,1.0,0.0,1.0265380029129108e-05,-5.885140198378602e-07,9.20137234207629e-14,4,0.0045364608648729,0.0045178284117023,0.0470676174626048,0.047049009459682,2.42240603507398e-05,1.5026720107661068e-05,0.2237425598116973,0.1606421815943899,modal_baffled,lossless,0.0,343.0,1.225,1.4,1.81e-05,0.0257,1006.0,1,1.0265380029129108e-05,1.026538002912901e-05,0.0,0.0,True,dirichlet,exp(+iwt)_rms,120081,16,1.030737749457449e-12,0.0005146651064287,0.0003192581421738,0.0001901229656737,-0.0002831081341228,-2.5237723240260576e-06,-0.0001099145198972,-2.172550245050333e-05,-8.453165833953746e-05,-7.619562101763261e-06,-5.287381233512371e-05,-2.494271606837329e-06,-3.987087065429228e-05,9.769468401629124e-07,-3.246572761131318e-05,2.688653706756418e-06,-2.763399019011292e-05,3.622571985819616e-06,-2.430065375915769e-05,4.619207278776457e-06,-2.1461499758697137e-05,5.06638474594828e-06,-1.981344919415685e-05,6.1264687337653736e-06,-1.819889631888757e-05,7.278282081310261e-06,-1.690455889075409e-05,5.917044828191314e-06,-1.5818272440756753e-05,7.129682780282198e-06,-1.420766453254728e-05,7.327238483853005e-06,-1.3534478332691466e-05
4449.792844352461,83.82259861571242,30.29360359153198,445.12072061360993,22.379052872641324,2,1.0,0.0,1.0165832987709352e-05,-5.11101153890954e-07,6.607195660601267e-14,4,0.0045364608648729,0.0045178284117023,0.0470676174626048,0.047049009459682,2.5206313198615974e-05,1.2572617172967711e-05,0.235271379079085,0.1374462617788197,modal_baffled,lossless,0.0,343.0,1.225,1.4,1.81e-05,0.0257,1006.0,1,1.0165832987709352e-05,1.016583298771041e-05,0.0,0.0,True,dirichlet,exp(+iwt)_rms,120081,16,7.244583494158408e-13,0.0005355340796385,0.0002671181982592,0.0001617624776981,-0.0003053102754772,-1.19662323537382e-05,-0.0001111926915442,-3.1870544649516485e-05,-8.066231231795467e-05,-1.3498484679331544e-05,-5.12483205872406e-05,-6.927136465027716e-06,-3.903954523982011e-05,-2.6572665143422032e-06,-3.211968495691756e-05,-4.316740494469421e-07,-2.754791179891325e-05,8.638519303491782e-07,-2.4370374243697978e-05,2.156003068027876e-06,-2.1669905537995464e-05,2.769289281761061e-06,-2.0098602416715504e-05,4.012165629355223e-06,-1.859940054482216e-05,5.306621859564121e-06,-1.744309714094919e-05,4.050482663794012e-06,-1.6272720668825075e-05,5.454090859266772e-06,-1.47861675293574e-05,5.710722984695232e-06,-1.4124116291376032e-05
4468.232186841688,83.79049655481545,25.007570644567775,448.9135163854678,18.496207995799875,2,1.0,0.0,1.008829668139996e-05,-4.156596469737121e-07,2.7171332825592657e-14,4,0.0045364608648729,0.0045178284117023,0.0470676174626048,0.047049009459682,2.597910457008424e-05,1.013892576055261e-05,0.2446707233765065,0.1141311931678732,modal_baffled,lossless,0.0,343.0,1.225,1.4,1.81e-05,0.0257,1006.0,1,1.008829668139996e-05,1.0088296681399427e-05,0.0,0.0,True,dirichlet,exp(+iwt)_rms,120081,16,2.920072937897651e-13,0.000551952828093,0.0002154119181538,0.000129812917421,-0.0003243813903115,-2.2041215251091705e-05,-0.0001117307885468,-4.1162889819897815e-05,-7.542082942037664e-05,-1.8984500471092096e-05,-4.8923966824364206e-05,-1.1125037345049133e-05,-3.767822056276896e-05,-6.14230700911473e-06,-3.13326925870128e-05,-3.4520220169806367e-06,-2.70756734467046e-05,-1.8260704156717216e-06,-2.4094286743157627e-05,-2.617462577268609e-07,-2.1563259680442344e-05,5.02383920252926e-07,-2.008444249157235e-05,1.9146023313502155e-06,-1.872372767654336e-05,3.331044013147121e-06,-1.7723012315937346e-05,2.1751616326992e-06,-1.6474013624358157e-05,3.7569172045891895e-06,-1.513882704407675e-05,4.074158898665776e-06,-1.4493466418571002e-05
4486.747939483775,83.76742005629981,19.78876649849104,451.6093228006027,13.889269383130298,2,1.0,0.0,1.0035607710682142e-05,-3.086456631424036e-07,2.187983520361116e-13,4,0.0045364608648729,0.0045178284117023,0.0470676174626048,0.047049009459682,2.6577797070321888e-05,7.724074573513664e-06,0.2522280011460802,0.0907518099665322,modal_baffled,lossless,0.0,343.0,1.225,1.4,1.81e-05,0.0257,1006.0,1,1.0035607710682142e-05,1.0035607710684556e-05,0.0,0.0,True,dirichlet,exp(+iwt)_rms,120081,16,2.448076145743119e-12,0.000564672666753,0.0001641059180369,9.481360033610325e-05,-0.0003395247871015,-3.2671750444244255e-05,-0.000111339273377,-4.940861496792989e-05,-6.905343391590416e-05,-2.399635249350819e-05,-4.601901059586907e-05,-1.5023282242319277e-05,-3.5863787939081324e-05,-9.421495562060277e-06,-3.0160930105733696e-05,-6.319815564976041e-06,-2.6261246713056385e-05,-4.398417283322302e-06,-2.3508141894223167e-05,-2.5877144007110346e-06,-2.117213394729049e-05,-1.6887229967196091e-06,-1.9797497448488184e-05,-1.2396127325408894e-07,-1.8596274707185384e-05,1.391692688446456e-06,-1.7764343648469068e-05,3.334108623538919e-07,-1.643781447437619e-05,2.075401065800701e-06,-1.527982506846444e-05,2.454077566848617e-06,-1.4656959561648902e-05
4505.340418912108,83.75404300473187,14.601810350882518,453.079901118994,8.898837066048122,2,1.0,0.0,1.0008635440369892e-05,-1.9657728320624609e-07,1.4324191556013885e-14,4,0.0045364608648729,0.0045178284117023,0.0470676174626048,0.047049009459682,2.7026228146045772e-05,5.314343865547498e-06,0.2581486362295614,0.0672513931950919,modal_baffled,lossless,0.0,343.0,1.225,1.4,1.81e-05,0.0257,1006.0,1,1.0008635440369892e-05,1.0008635440369177e-05,0.0,0.0,True,dirichlet,exp(+iwt)_rms,120081,16,1.60290900177143e-13,0.0005742000467204,0.0001129087077706,5.7502846494391536e-05,-0.0003501238247674,-4.373633201779538e-05,-0.0001098556478863,-5.649546825047908e-05,-6.182057030223899e-05,-2.849189231011173e-05,-4.265312726140761e-05,-1.858396131702972e-05,-3.367634573762812e-05,-1.245904837077457e-05,-2.866492091855224e-05,-8.999941922136637e-06,-2.5153950229493853e-05,-6.81936014747849e-06,-2.2653466603968365e-05,-4.789159967015142e-06,-2.053315785888258e-05,-3.770820080584104e-06,-1.927090904666418e-05,-2.0730581185570063e-06,-1.824757785440708e-05,-4.819234506415282e-07,-1.7593211869639792e-05,-1.4415729410393469e-06,-1.618744224644085e-05,4.380611255477099e-07,-1.522974666937978e-05,8.782751499141422e-07,-1.4635477687792304e-05
4524.009943072163,83.75035071412239,9.41077224103091,453.314952094293,3.871472517179991,2,1.0,0.0,1.000657487441626e-05,-8.545974369128707e-08,2.5287189489795242e-14,4,0.0045364608648729,0.0045178284117023,0.0470676174626048,0.047049009459682,2.733429576233653e-05,2.8901834071994584e-06,0.262529844034838,0.0435122466854698,modal_baffled,lossless,0.0,343.0,1.225,1.4,1.81e-05,0.0257,1006.0,1,1.000657487441626e-05,1.000657487441871e-05,0.0,0.0,True,dirichlet,exp(+iwt)_rms,120081,16,2.7746182799624014e-13,0.0005807452604554,6.140492259876346e-05,1.873977765729342e-05,-0.0003557812247207,-5.508283238788117e-05,-0.0001071506912128,-6.238208807660951e-05,-5.397077201346337e-05,-3.246129717343706e-05,-3.893537660326377e-05,-2.1791894311373104e-05,-3.1190578372619665e-05,-1.5237452683745556e-05,-2.690244408953536e-05,-1.14730469534985e-05,-2.3802255595231226e-05,-9.06894681567478e-06,-2.1572043513053196e-05,-6.846176638598112e-06,-1.968387548792596e-05,-5.722744935273841e-06,-1.8539477670647956e-05,-3.913687378963009e-06,-1.770959275858918e-05,-2.2707198107430954e-06,-1.7237470211758972e-05,-3.126290323579209e-06,-1.5749850623980898e-05,-1.1355667086308978e-06,-1.5011866470285248e-05,-6.345429387277742e-07,-1.4452461745066676e-05
4542.756831226933,83.75584853421238,4.182535755171575,452.4067005446784,-0.883148167465457,2,1.0,0.0,1.0027357181521675e-05,1.9574515825518597e-08,2.7655528009159602e-14,4,0.0045364608648729,0.0045178284117023,0.0470676174626048,0.047049009459682,2.7498195490842728e-05,4.321063915109305e-07,0.265357188881852,0.0194052963419665,modal_baffled,lossless,0.0,343.0,1.225,1.4,1.81e-05,0.0257,1006.0,1,1.0027357181521675e-05,1.0027357181515632e-05,0.0,0.0,True,dirichlet,exp(+iwt)_rms,120081,16,2.9936724076850815e-13,0.0005842274789602,9.18054524119982e-06,-2.0570994629433328e-05,-0.0003563263296946,-6.654046168392397e-05,-0.0001031290233275,-6.708118161816142e-05,-4.5724030755643215e-05,-3.59178895166683e-05,-3.4957039113270264e-05,-2.464862859277066e-05,-2.847038998677085e-05,-1.7753125413720225e-05,-2.4923902374039537e-05,-1.3732185824743112e-05,-2.224960919141568e-05,-1.1138438668219109e-05,-2.030206288186089e-05,-8.74939544559614e-06,-1.8659072437007227e-05,-7.533398826330769e-06,-1.7635876383264634e-05,-5.636401547067947e-06,-1.7012109751233508e-05,-3.964332604576725e-06,-1.672347195017853e-05,-4.705957422359525e-06,-1.5152440980578673e-05,-2.633792389516755e-06,-1.4649366595489096e-05,-2.0737849065177896e-06,-1.413080715809046e-05
4561.581403962398,83.7704845531269,-1.111214477706812,450.5216572432579,-5.121280195670351,2,1.0,0.0,1.0068050384751692e-05,1.144480098025559e-07,2.931137711362015e-13,4,0.0045364608648729,0.0045178284117023,0.0470676174626048,0.047049009459682,2.7502493698184715e-05,-2.074715218272827e-06,0.2665179159335725,-0.0051695902788095,modal_baffled,lossless,0.0,343.0,1.225,1.4,1.81e-05,0.0257,1006.0,1,1.0068050384751692e-05,1.006805038475152e-05,0.0,0.0,True,dirichlet,exp(+iwt)_rms,120081,16,3.2244740459755448e-12,0.0005843187988012,-4.407946121175955e-05,-5.954228848876376e-05,-0.0003517975545818,-7.792784907695085e-05,-9.772735586922337e-05,-7.064222698390145e-05,-3.7264041278309466e-05,-3.888950524546229e-05,-3.078846081497727e-05,-2.7166265666825277e-05,-2.5566573408905568e-05,-2.001209912936587e-05,-2.2770050561881237e-05,-1.577926015264226e-05,-2.0532683562040036e-05,-1.3027270064705112e-05,-1.8876487127442377e-05,-1.049708663779518e-05,-1.7489168424927337e-05,-9.198603117881936e-06,-1.6587871024323122e-05,-7.238127937381825e-06,-1.618053875194971e-05,-5.558132385315587e-06,-1.6074757157033013e-05,-6.172134099529204e-06,-1.4421884384890077e-05,-4.0503354770564825e-06,-1.4165222737716804e-05,-3.435575967603877e-06,-1.3690822793936856e-05
4580.483983193003,84.40651237598271,-6.476658183354465,447.764792789802,-8.537735046592722,2,1.0,0.0,1.0127665743336056e-05,1.9310881103072322e-07,2.8976337032229395e-14,4,0.0045364608648729,0.0045178284117023,0.0470676174626048,0.047049009459682,2.7315550093725744e-05,-4.626595101362749e-06,0.2657503198421576,-0.0301687595804183,modal_baffled,lossless,0.0,343.0,1.225,1.4,1.81e-05,0.0257,1006.0,1,1.0127665743336056e-05,1.0127665743335647e-05,0.0,0.0,True,dirichlet,exp(+iwt)_rms,120081,16,3.0826480724669664e-13,0.0005803469894227,-9.829677707903042e-05,-9.755737387436506e-05,-0.0003429413502401,-8.91819889892391e-05,-9.068306936772264e-05,-7.306366595772179e-05,-2.8713538534925727e-05,-4.136302999065332e-05,-2.651299154502012e-05,-2.9382949188221556e-05,-2.2501813614472853e-05,-2.2001450889822517e-05,-2.0476568425734903e-05,-1.7575157675792846e-05,-1.867619053377056e-05,-1.4698135401693186e-05,-1.7322076722067197e-05,-1.2044741442709262e-05,-1.622073748691525e-05,-1.068734535828535e-05,-1.55098340327789e-05,-8.753497492341114e-06,-1.5143007815494488e-05,-7.088081948707707e-06,-1.5164125272780936e-05,-7.544765421635248e-06,-1.341612137903256e-05,-5.4575378796792295e-06,-1.3331321744286395e-05,-4.7151291621180566e-06,-1.3137443970117798e-05
4599.4648921671605,83.82005250699643,-11.97290825464634,444.6204518442189,-11.401040610662854,2,1.0,0.0,1.0196292105835726e-05,2.6145522522554577e-07,6.836270395778365e-14,4,0.0045364608648729,0.0045178284117023,0.0470676174626048,0.047049009459682,2.693123760824629e-05,-7.2493380024275905e-06,0.263038562677255,-0.0557805910206628,modal_baffled,lossless,0.0,343.0,1.225,1.4,1.81e-05,0.0257,1006.0,1,1.0196292105835726e-05,1.0196292105836374e-05,0.0,0.0,True,dirichlet,exp(+iwt)_rms,120081,16,7.431575332108738e-13,0.0005721818749301,-0.000154019650733,-0.0001332840901207,-0.000328663103098,-9.976219824528055e-05,-8.262139254256935e-05,-7.461437996264308e-05,-2.026817470213225e-05,-4.348714555073367e-05,-2.20825969274687e-05,-3.1242097671655794e-05,-1.934865974730573e-05,-2.378340743996379e-05,-1.8050580069101403e-05,-1.925658796812327e-05,-1.6690168177899664e-05,-1.6274142360044577e-05,-1.5632771861682878e-05,-1.3542022850931378e-05,-1.4776818345341695e-05,-1.2127807284577685e-05,-1.4158374495746856e-05,-1.0112059955835048e-05,-1.4197314554395294e-05,-8.471927873788802e-06,-1.44192445110202e-05,-8.786896786697814e-06,-1.2616068833844524e-05,-6.656809459743727e-06,-1.2844535472335083e-05,-5.925582312038682e-06,-1.2521108391569206e-05
4618.524455472783,83.87068475349012,-17.574151638891177,441.0437440302452,-13.324247042474736,2,1.0,0.0,1.0276359955896928e-05,3.104561862697583e-07,2.2154377054206224e-14,4,0.0045364608648729,0.0045178284117023,0.0470676174626048,0.047049009459682,2.6294210586780323e-05,-9.903236719576083e-06,0.2578966983030944,-0.081681614950254,modal_baffled,lossless,0.0,343.0,1.225,1.4,1.81e-05,0.0257,1006.0,1,1.0276359955896928e-05,1.0276359955896032e-05,0.0,0.0,True,dirichlet,exp(+iwt)_rms,120081,16,2.356507865076724e-13,0.0005586475798922,-0.0002104044617819,-0.0001667591908228,-0.0003109077329591,-0.0001098051511719,-7.29155600383002e-05,-7.519956667905989e-05,-1.1925324538874788e-05,-4.518902041564955e-05,-1.7586248528339263e-05,-3.284029898422332e-05,-1.607388476293101e-05,-2.5325429531780243e-05,-1.551611729972852e-05,-2.0694631485460543e-05,-1.4609310069654142e-05,-1.763549984105938e-05,-1.3861168113907804e-05,-1.4843825862678617e-05,-1.3287817707986392e-05,-1.3388207087858476e-05,-1.2795766548031292e-05,-1.1400163403797748e-05,-1.3056661887971774e-05,-9.800265514795938e-06,-1.344538162432337e-05,-9.924582927445426e-06,-1.1594186121979732e-05,-7.844114712469217e-06,-1.207290483313467e-05,-7.0732732029371374e-06,-1.1809687271982644e-05
4637.662999042832,83.87809625376222,-23.2880294137872,437.29676730334114,-14.447752514787126,2,1.0,0.0,1.036256103124591e-05,3.4236639370115525e-07,8.835640741156733e-15,4,0.0045364608648729,0.0045178284117023,0.0470676174626048,0.047049009459682,2.5384831196442156e-05,-1.2567683242054844e-05,0.2501630608301274,-0.1076752810063206,modal_baffled,lossless,0.0,343.0,1.225,1.4,1.81e-05,0.0257,1006.0,1,1.036256103124591e-05,1.0362561031245854e-05,0.0,0.0,True,dirichlet,exp(+iwt)_rms,120081,16,7.42472667488125e-14,0.0005393268783279,-0.0002670133718164,-0.0001972837642668,-0.0002897852563701,-0.0001190462448446,-6.179538572071074e-05,-7.491570703046348e-05,-3.7881773933652178e-06,-4.651346664204944e-05,-1.3023082325721283e-05,-3.416082126164821e-05,-1.2712429324590274e-05,-2.6659581816965943e-05,-1.2899066977526869e-05,-2.1978192668221755e-05,-1.2452316268999166e-05,-1.88705924452864e-05,-1.2005594547011046e-05,-1.6020353810458588e-05,-1.170733056966703e-05,-1.4491505491184208e-05,-1.1354403351161426e-05,-1.2527887315341866e-05,-1.1843706080353294e-05,-1.0992708896004703e-05,-1.2386355499213886e-05,-1.0934443356218807e-05,-1.049135367335646e-05,-8.935313366378028e-06,-1.11966604075148e-05,-8.12057849377182e-06,-1.1017741265781871e-05
4656.880850160889,83.91158933781608,-29.129566197746385,433.5231596762703,-14.76596350833056,2,1.0,0.0,1.0452046380520483e-05,3.560006703157266e-07,1.1268359335510156e-14,4,0.0045364608648729,0.0045178284117023,0.0470676174626048,0.047049009459682,2.417386090330001e-05,-1.5213899846344278e-05,0.2395912892732699,-0.1335167849049508,modal_baffled,lossless,0.0,343.0,1.225,1.4,1.81e-05,0.0257,1006.0,1,1.0452046380520483e-05,1.0452046380520588e-05,0.0,0.0,True,dirichlet,exp(+iwt)_rms,120081,16,8.188944705122567e-14,0.0005135985674759,-0.000323234968467,-0.0002246324512944,-0.0002659637733515,-0.000127229215713,-4.9282791911619146e-05,-7.385482304101372e-05,4.098919352479088e-06,-4.747311890450323e-05,-8.384797481015247e-06,-3.520017427146738e-05,-9.256448315772071e-06,-2.7763495186725563e-05,-1.0174463398675827e-05,-2.305706795425969e-05,-1.0189699562954852e-05,-1.992286265907791e-05,-1.0055771898203927e-05,-1.705427758459688e-05,-1.004340462585055e-05,-1.5491507779189682e-05,-9.833040431459386e-06,-1.3594978059492791e-05,-1.0538609094717366e-05,-1.212839198761575e-05,-1.1226420726632175e-05,-1.186149317443243e-05,-9.323648876533348e-06,-9.969948768892071e-06,-1.0248520304279866e-05,-9.12545622849039e-06,-1.0155696076792206e-05
4676.178337466758,93.6540505798622,-35.08025439326881,429.8408297617124,-14.271160516761476,2,1.0,0.0,1.0542194870246274e-05,3.5001178290965865e-07,2.5490331373427634e-14,4,0.0045364608648729,0.0045178284117023,0.0470676174626048,0.047049009459682,2.2651649368969912e-05,-1.779026337196708e-05,0.2260815445999633,-0.1587764004837298,modal_baffled,lossless,0.0,343.0,1.225,1.4,1.81e-05,0.0257,1006.0,1,1.0542194870246274e-05,1.0542194870246536e-05,0.0,0.0,True,dirichlet,exp(+iwt)_rms,120081,16,2.661221740763953e-13,0.0004812576159599,-0.0003779724645315,-0.0002484681573178,-0.0002399385260574,-0.0001340336119621,-3.519825863844109e-05,-7.219745745046888e-05,1.1871900007670058e-05,-4.8102383852502655e-05,-3.596984586087306e-06,-3.597132924287549e-05,-5.755254881403992e-06,-2.8715091729817476e-05,-7.034191108686573e-06,-2.4139951123064016e-05,-6.923004756486052e-06,-2.1016052488017544e-05,-7.23594222730058e-06,-1.804948645133166e-05,-8.36196923869912e-06,-1.638138857191927e-05,-9.0124940051023e-06,-1.4573472070595977e-05,-1.0038217685980332e-05,-1.3251446855093085e-05,-1.0420064036942351e-05,-1.2804647926896753e-05,-8.013380818616051e-06,-1.0918038514500672e-05,-9.05784171551017e-06,-9.881333317188545e-06,-9.26974461064096e-06
4695.555790962078,84.00052415781757,-41.17735665337708,426.3688186231,-13.284576140774975,2,1.0,0.0,1.0629438633764558e-05,3.311864768158964e-07,1.9211182303838985e-14,4,0.0045364608648729,0.0045178284117023,0.0470676174626048,0.047049009459682,2.077929152021379e-05,-2.0264036975281253e-05,0.2093191174933697,-0.1830989649494333,modal_baffled,lossless,0.0,343.0,1.225,1.4,1.81e-05,0.0257,1006.0,1,1.0629438633764558e-05,1.062943863376513e-05,0.0,0.0,True,dirichlet,exp(+iwt)_rms,120081,16,1.85732661017538e-13,0.0004414774454373,-0.0004305303320564,-0.0002694535882219,-0.0002127382575234,-0.0001395712038825,-2.0343785088805108e-05,-6.95572928173087e-05,1.895402061333648e-05,-4.82898103483856e-05,1.107994506611384e-06,-3.64263938642561e-05,-2.0768522764009613e-06,-2.929996632643953e-05,-4.443343180444858e-06,-2.4661957039750336e-05,-5.401926785739141e-06,-2.1554004126161588e-05,-5.904598392652578e-06,-1.873064702790972e-05,-6.487683702292425e-06,-1.712080594811516e-05,-6.56930485763876e-06,-1.5421899148153235e-05,-7.653745148107162e-06,-1.4131200680191222e-05,-8.62689799823626e-06,-1.3425135382122392e-05,-6.788886611404787e-06,-1.181535959912853e-05,-8.103923105736097e-06,-1.0920358546149609e-05,-8.212422503333833e-06
4715.013542015975,84.02122765505857,-47.37313167428002,423.2912765301939,-11.488282226496064,2,1.0,0.0,1.0709225585179584e-05,2.906523539966683e-07,7.428230525871045e-14,4,0.0045364608648729,0.0045178284117023,0.0470676174626048,0.047049009459682,1.8581986744181763e-05,-2.2556297518697852e-05,0.189474407805386,-0.2058580369791112,modal_baffled,lossless,0.0,343.0,1.225,1.4,1.81e-05,0.0257,1006.0,1,1.0709225585179584e-05,1.0709225585179572e-05,0.0,0.0,True,dirichlet,exp(+iwt)_rms,120081,16,7.692572302017055e-13,0.0003947934428366,-0.0004792317677141,-0.0002871481907378,-0.0001844305106536,-0.000143200641837,-4.152513842205791e-06,-6.638372252265575e-05,2.582740904156555e-05,-4.809160548274607e-05,5.969783116990358e-06,-3.6578332153558165e-05,1.615203935206696e-06,-2.968032431464605e-05,-1.4465088838917834e-06,-2.513575709305551e-05,-2.8530913328454424e-06,-2.208662811552124e-05,-3.672932222090246e-06,-1.931267357075348e-05,-4.526388525477174e-06,-1.772973798316642e-05,-4.821824086494928e-06,-1.619649043281932e-05,-6.156956539981933e-06,-1.4978585044732264e-05,-7.188803643964945e-06,-1.405697302488472e-05,-5.433031083262351e-06,-1.2593262635130044e-05,-6.870838218253004e-06,-1.1712210490035174e-05,-7.08250828592812e-06
4734.55192337072,84.03904104465593,-53.679966667116304,420.5049639055149,-9.20691546802834,2,1.0,0.0,1.0782957578914916e-05,2.360918120974009e-07,3.1701892056867414e-13,4,0.0045364608648729,0.0045178284117023,0.0470676174626048,0.047049009459682,1.6063226906115552e-05,-2.4618182343426346e-05,0.1665746539299029,-0.2265978123773413,modal_baffled,lossless,0.0,343.0,1.225,1.4,1.81e-05,0.0257,1006.0,1,1.0782957578914916e-05,1.0782957578916032e-05,0.0,0.0,True,dirichlet,exp(+iwt)_rms,120081,16,3.2594573753869998e-12,0.0003412797964306,-0.0005230386340032,-0.000302154344471,-0.0001555916550326,-0.0001448118338903,1.3009722836614036e-05,-6.257081582394027e-05,3.228300366903233e-05,-4.747395769128116e-05,1.0883484853618376e-05,-3.639544494710552e-05,5.404070769809196e-06,-2.980929308512919e-05,1.634924910202664e-06,-2.5404799706306868e-05,-2.530272938101233e-07,-2.2442409750050025e-05,-1.4010687249695595e-06,-1.976386355743201e-05,-2.552700569071552e-06,-1.8194661032849575e-05,-3.003719284826902e-06,-1.680746925803809e-05,-4.48457600594125e-06,-1.5692082175955644e-05,-5.639443309267552e-06,-1.457531044404658e-05,-4.00711202383479e-06,-1.3298817672716064e-05,-5.578774100395988e-06,-1.2434964492270984e-05,-5.895971664344653e-06
4754.171269147425,84.06470653137463,-60.085023656523816,418.1919418956197,-6.408744798881984,2,1.0,0.0,1.0845248946322651e-05,1.6620222872365593e-07,2.2142073393366693e-14,4,0.0045364608648729,0.0045178284117023,0.0470676174626048,0.047049009459682,1.3247607448359471e-05,-2.638445758502807e-05,0.1408114170709008,-0.2447305074195589,modal_baffled,lossless,0.0,343.0,1.225,1.4,1.81e-05,0.0257,1006.0,1,1.0845248946322651e-05,1.0845248946322248e-05,0.0,0.0,True,dirichlet,exp(+iwt)_rms,120081,16,2.2439443063073518e-13,0.0002814590617187,-0.0005605649703002,-0.0003148446552622,-0.0001263571468106,-0.0001440743771602,3.081968918494592e-05,-5.814810414577239e-05,3.825080779344563e-05,-4.637714175670103e-05,1.583417029100977e-05,-3.58382285084855e-05,9.238240510526876e-06,-2.963340478686639e-05,4.782620293945692e-06,-2.542327463636638e-05,2.4279778991330065e-06,-2.2582239660214212e-05,9.569389885095154e-07,-2.002625497910236e-05,-4.7666596277457125e-07,-1.8494995284130817e-05,-1.1019445554997996e-06,-1.728577513855954e-05,-2.730767350507664e-06,-1.628057812295247e-05,-3.987605128727017e-06,-1.4979833367206816e-05,-2.5010268869617155e-06,-1.388687050584744e-05,-4.181004073263677e-06,-1.305124395868996e-05,-4.620414399153669e-06
4773.871914851755,84.1456173543128,-66.57615550603752,416.4177811515031,-3.214110934123967,2,1.0,0.0,1.0893364373891156e-05,8.408017891719579e-08,1.1485811563007842e-14,4,0.0045364608648729,0.0045178284117023,0.0470676174626048,0.047049009459682,1.0175654928953807e-05,-2.7796518049371423e-05,0.112518159826293,-0.2597175293617556,modal_baffled,lossless,0.0,343.0,1.225,1.4,1.81e-05,0.0257,1006.0,1,1.0893364373891156e-05,1.0893364373890734e-05,0.0,0.0,True,dirichlet,exp(+iwt)_rms,120081,16,1.067790552794947e-13,0.0002161922671577,-0.0005905656489083,-0.00032558120749,-9.672113517038894e-05,-0.0001407910937272,4.890808845073686e-05,-5.314239720980429e-05,4.364324308629839e-05,-4.475524271339241e-05,2.077912737354801e-05,-3.4870966592780686e-05,1.3091313048158672e-05,-2.912267879763997e-05,7.974240681595925e-06,-2.516419864424216e-05,5.187760705716611e-06,-2.2480486911162365e-05,3.3657475348699766e-06,-2.008073587648561e-05,1.683255212216075e-06,-1.8617925489627763e-05,8.705501992341866e-07,-1.7592393436130124e-05,-9.064183986842782e-07,-1.669958027723413e-05,-2.213921368864655e-06,-1.5249284408114133e-05,-8.915023705333918e-07,-1.4341487016717533e-05,-2.671823297488826e-06,-1.356036956942326e-05,-3.2839208584395026e-06
4793.654197379664,84.10583835086497,-73.12776104886703,415.3043592545805,0.5424005172944248,2,1.0,0.0,1.0923201324219155e-05,-1.426604348531714e-08,8.487737934021997e-14,4,0.0045364608648729,0.0045178284117023,0.0470676174626048,0.047049009459682,6.9097456178544935e-06,-2.879871371853987e-05,0.0822015710123291,-0.271029280430846,modal_baffled,lossless,0.0,343.0,1.225,1.4,1.81e-05,0.0257,1006.0,1,1.0923201324219155e-05,1.0923201324218949e-05,0.0,0.0,True,dirichlet,exp(+iwt)_rms,120081,16,8.506223709974013e-13,0.0001468046608338,-0.0006118583278922,-0.0003347607524486,-6.634137730233797e-05,-0.0001344708801673,6.686981022651003e-05,-4.763890315960105e-05,4.843628650289839e-05,-4.255889005231106e-05,2.5642853883840096e-05,-3.3457446902553275e-05,1.6907281045758463e-05,-2.825113724189205e-05,1.115880958008696e-05,-2.459453217040452e-05,7.883119432229269e-06,-2.211340629356924e-05,5.828540404460057e-06,-1.990398853295285e-05,3.837341836606201e-06,-1.850986142065708e-05,2.872863299525895e-06,-1.771511545807367e-05,1.0441764267791747e-06,-1.6962522297360216e-05,-4.493736757548076e-07,-1.5368673613773847e-05,6.614682472489947e-07,-1.464589182640686e-05,-1.142995423640411e-06,-1.3914701964633028e-05,-1.762272525669298e-06
4813.518455023165,84.10473732385475,-79.72814731448412,414.8926457092602,4.436013797547051,2,1.0,0.0,1.0932809661255196e-05,-1.1689311682152407e-07,1.5154306944923976e-14,4,0.0045364608648729,0.0045178284117023,0.0470676174626048,0.047049009459682,3.5147547723474767e-06,-2.935669826313341e-05,0.0504382775126581,-0.2783210630530663,modal_baffled,lossless,0.0,343.0,1.225,1.4,1.81e-05,0.0257,1006.0,1,1.0932809661255196e-05,1.0932809661254992e-05,0.0,0.0,True,dirichlet,exp(+iwt)_rms,120081,16,1.29103003963984e-13,7.46745843921236e-05,-0.0006237132841163,-0.0003423131075224,-3.491166919071118e-05,-0.0001253909836351,8.398728204622662e-05,-4.168525884496786e-05,5.246342349544492e-05,-3.976355566735533e-05,3.0351677895335424e-05,-3.157258763838367e-05,2.0624466688649088e-05,-2.6987020669853894e-05,1.4297093896698871e-05,-2.3697083382665383e-05,1.0624766814354408e-05,-2.1456053837438623e-05,8.265635417582513e-06,-1.946933361439906e-05,6.057723061013709e-06,-1.818847860375183e-05,4.920725023978862e-06,-1.7608707785883012e-05,3.004627685163769e-06,-1.6994941164625022e-05,1.441228038198911e-06,-1.5310392402818654e-05,2.354992650580388e-06,-1.4765502621813771e-05,5.086309564609166e-07,-1.412594776111066e-05,-2.4757279629877453e-07
4833.46502747609,97.00706967600529,-86.19727308788066,414.9056271532368,5.101155560667075,2,1.0,0.0,1.0932064878657762e-05,-1.3440686241823906e-07,2.8245694871789383e-14,4,0.0045364608648729,0.0045178284117023,0.0470676174626048,0.047049009459682,1.632291126307017e-07,-2.944141350101376e-05,0.0186880102260873,-0.2811591445433965,modal_baffled,lossless,0.0,343.0,1.225,1.4,1.81e-05,0.0257,1006.0,1,1.0932064878657762e-05,1.0932064878658144e-05,0.0,0.0,True,dirichlet,exp(+iwt)_rms,120081,16,1.292008384969071e-13,3.4679705799934945e-06,-0.000625513146579,-0.0003502295125349,1.1475556167893332e-06,-0.0001120883032577,9.921820948773664e-05,-3.495381282479606e-05,5.477635313180322e-05,-3.601962961564353e-05,3.510568617959418e-05,-2.9106000824335824e-05,2.32930327676118e-05,-2.517853514359616e-05,1.60060699700961e-05,-2.2190569476892616e-05,1.3873838366526764e-05,-2.0684904542984457e-05,6.404140161375043e-06,-1.830298345782816e-05,1.1631999697102891e-05,-1.7327528326056978e-05,8.754611874132482e-06,-1.7282111956578416e-05,3.580115203199676e-06,-1.6766235583669182e-05,2.5423323305560165e-06,-1.4831311688540557e-05,5.080243139026214e-06,-1.3976999158552212e-05,6.028196209824331e-06,-1.4343251707381464e-05,-8.22746547140563e-07
4853.4942558399325,84.08876780213362,-92.95125314067016,416.5916614745192,12.624053869377752,2,1.0,0.0,1.0879475877852578e-05,-3.2968276193163146e-07,2.1708086074491432e-14,4,0.0045364608648729,0.0045178284117023,0.0470676174626048,0.047049009459682,-3.3176377402117124e-06,-2.907079966319051e-05,-0.0144345127345725,-0.2799844889366063,modal_baffled,lossless,0.0,343.0,1.225,1.4,1.81e-05,0.0257,1006.0,1,1.0879475877852578e-05,1.0879475877853442e-05,0.0,0.0,True,dirichlet,exp(+iwt)_rms,120081,16,2.1185967499477545e-13,-7.048663006678785e-05,-0.0006176390739617,-0.0003514815298101,3.3083524422777815e-05,-9.902955405159176e-05,0.0001131302566977,-2.898619786978133e-05,5.80880750168473e-05,-3.237001562349707e-05,3.883767306372295e-05,-2.6369220070287488e-05,2.7434665032240907e-05,-2.326458759488169e-05,2.016408698772189e-05,-2.08766284953548e-05,1.579078196125792e-05,-1.920914616739664e-05,1.3015969470506528e-05,-1.7792517570531936e-05,1.0316581016040988e-05,-1.6796783169382993e-05,8.912797801227342e-06,-1.66478529468502e-05,6.974679395470441e-06,-1.6361575051169285e-05,5.269031707676578e-06,-1.4601679179195406e-05,5.750494588295319e-06,-1.4431975273781872e-05,3.805845488632856e-06,-1.397108618618412e-05,2.967554086058537e-06
4873.606482629661,84.06607735961863,-99.51217925709076,418.7944692015121,16.50637545568859,2,1.0,0.0,1.081538772351244e-05,-4.262779563529557e-07,1.470655765603319e-14,4,0.0045364608648729,0.0045178284117023,0.0470676174626048,0.047049009459682,-6.583537512880503e-06,-2.825414346715889e-05,-0.045989596108748,-0.2744645730615925,modal_baffled,lossless,0.0,343.0,1.225,1.4,1.81e-05,0.0257,1006.0,1,1.081538772351244e-05,1.0815387723512771e-05,0.0,0.0,True,dirichlet,exp(+iwt)_rms,120081,16,9.533061100913541e-14,-0.0001398740337369,-0.0006002883721405,-0.0003517498667823,7.026824892466598e-05,-8.259401056457924e-05,0.0001238275555268,-2.256221973840173e-05,5.962330658086011e-05,-2.785135369783101e-05,4.2393627682875096e-05,-2.3113711730610155e-05,3.033086800334724e-05,-2.0838504472096982e-05,2.2727519168649743e-05,-1.8966203534500148e-05,1.810927403274215e-05,-1.7641593808950883e-05,1.5146463870545449e-05,-1.6533823528958632e-05,1.2320952780078762e-05,-1.571168015710489e-05,1.0801842777155162e-05,-1.5780877466292824e-05,8.86466818588972e-06,-1.5680747276529416e-05,7.1174999764498905e-06,-1.392039064972845e-05,7.414409121130938e-06,-1.3922709235367408e-05,5.46661944597855e-06,-1.3592659007543703e-05,4.553754623780656e-06
4893.802051779577,84.04585812128538,-106.00196514286952,421.92319185260834,19.992393498663752,2,1.0,0.0,1.0727777771050266e-05,-5.083246399026524e-07,3.175017193655112e-14,4,0.0045364608648729,0.0045178284117023,0.0470676174626048,0.047049009459682,-9.650713557966037e-06,-2.7042669687135437e-05,-0.0760294208602775,-0.2651117822187528,modal_baffled,lossless,0.0,343.0,1.225,1.4,1.81e-05,0.0257,1006.0,1,1.0727777771050266e-05,1.0727777771050744e-05,0.0,0.0,True,dirichlet,exp(+iwt)_rms,120081,16,3.105045636979839e-13,-0.0002050393471824,-0.0005745493641912,-0.0003478338034226,0.0001094131945164,-6.495799537181275e-05,0.0001313180964713,-1.6318560754503685e-05,6.037836254042828e-05,-2.2899709589219684e-05,4.536132832822493e-05,-1.950847497660634e-05,3.279117815733655e-05,-1.8093212372030637e-05,2.496063299751644e-05,-1.677208676166813e-05,2.0166865296523083e-05,-1.5812439843315524e-05,1.7075689459196266e-05,-1.5027739381086335e-05,1.4151462793245042e-05,-1.4382955287728931e-05,1.254197050028688e-05,-1.4658789629292722e-05,1.0632954047548673e-05,-1.4769901382567608e-05,8.873277646700091e-06,-1.3031528455260452e-05,8.996153058517773e-06,-1.3205656403798347e-05,7.048704702724348e-06,-1.3002982397846674e-05,6.087390080134797e-06
4914.081308649202,84.08581304568182,-112.37847262554568,425.8050333210041,22.77958433888806,2,1.0,0.0,1.0623440779051274e-05,-5.683295082450213e-07,3.628180745884985e-14,4,0.0045364608648729,0.0045178284117023,0.0470676174626048,0.047049009459682,-1.2459834974810991e-05,-2.5505927651624587e-05,-0.1039578269038492,-0.2524898160932721,modal_baffled,lossless,0.0,343.0,1.225,1.4,1.81e-05,0.0257,1006.0,1,1.0623440779051274e-05,1.062344077905128e-05,0.0,0.0,True,dirichlet,exp(+iwt)_rms,120081,16,3.4928766197392306e-13,-0.000264722024324,-0.0005418996972151,-0.0003388132403556,0.0001498051497156,-4.694180631102565e-05,0.000135558047159,-1.040587971709485e-05,6.04277131231379e-05,-1.766360290202503e-05,4.764753888479777e-05,-1.5614844497118184e-05,3.474955880661896e-05,-1.5169279545943653e-05,2.684427414128261e-05,-1.434614083899714e-05,2.192170800782656e-05,-1.3716299299260892e-05,1.872330922203158e-05,-1.3317791357962671e-05,1.5751973734377193e-05,-1.292471983084109e-05,1.412937180616546e-05,-1.3412929998024537e-05,1.2301504962438074e-05,-1.3621183333694575e-05,1.0469440722949606e-05,-1.1887794399609845e-05,1.04472096011164e-05,-1.2310638991308268e-05,8.498167323304657e-06,-1.2263583355967476e-05,7.607900553347558e-06
4934.444600029179,83.95719332244305,-118.66718885056014,430.5249761123836,24.77901732870693,2,1.0,0.0,1.050225461157155e-05,-6.044609800818901e-07,3.0298580889705865e-14,4,0.0045364608648729,0.0045178284117023,0.0470676174626048,0.047049009459682,-1.4998129564955764e-05,-2.369563123009767e-05,-0.129607221973425,-0.2370546121742134,modal_baffled,lossless,0.0,343.0,1.225,1.4,1.81e-05,0.0257,1006.0,1,1.050225461157155e-05,1.0502254611572017e-05,0.0,0.0,True,dirichlet,exp(+iwt)_rms,120081,16,2.973000158829832e-13,-0.0003186507066535,-0.0005034380856206,-0.0003237891144867,0.0001905229836837,-2.9585399128465503e-05,0.0001365177880835,-4.92058162864973e-06,6.00246098177689e-05,-1.220612069376928e-05,4.930719581829734e-05,-1.1593936166135383e-05,3.621649343793225e-05,-1.1993327510762053e-05,2.830232495087125e-05,-1.1753476486264818e-05,2.3356384425448287e-05,-1.151564938287884e-05,2.013455018605216e-05,-1.1434345596704184e-05,1.7143334880790214e-05,-1.1198274693277624e-05,1.5474299375324472e-05,-1.1859454054584756e-05,1.371276518500645e-05,-1.2327006698596312e-05,1.1944241123312256e-05,-1.064198635943857e-05,1.1765785221447303e-05,-1.123859405167936e-05,9.840080083593391e-06,-1.13020205088105e-05,8.921512896017088e-06
4954.892274147207,83.90682822795613,-124.83349510413818,435.7607019890015,25.70025709586824,2,1.0,0.0,1.0374354415140384e-05,-6.118577798681194e-07,1.677406635889593e-13,4,0.0045364608648729,0.0045178284117023,0.0470676174626048,0.047049009459682,-1.7244591867169095e-05,-2.1687103647179795e-05,-0.1527140927583211,-0.2194529185682597,modal_baffled,lossless,0.0,343.0,1.225,1.4,1.81e-05,0.0257,1006.0,1,1.0374354415140384e-05,1.037435441513974e-05,0.0,0.0,True,dirichlet,exp(+iwt)_rms,120081,16,1.6714750355650069e-12,-0.0003663791115169,-0.0004607648488774,-0.0003024785317383,0.0002300852813084,-1.3546829352750896e-05,0.000134845554225,1.2554790317877366e-07,5.931325521346201e-05,-6.682974702768804e-06,5.031481607555576e-05,-7.482266392507896e-06,3.719447362654435e-05,-8.755733130171978e-06,2.9365359052043063e-05,-9.070183195451574e-06,2.4437868639395903e-05,-9.180575345658772e-06,2.12447937468568e-05,-9.420302575642982e-06,1.828927530845354e-05,-9.385274015643525e-06,1.6600394346663983e-05,-1.0243373434996235e-05,1.48954627244882e-05,-1.0921058015124556e-05,1.3192355543527925e-05,-9.249638499046596e-06,1.2902675644856616e-05,-1.0017856540316709e-05,1.1032652047293833e-05,-1.018281682969172e-05,1.0142159434298031e-05
4975.424680673992,83.848181047346,-130.89767205870726,441.2148245113317,25.395488914855196,2,1.0,0.0,1.0247800476552214e-05,-5.898439693003688e-07,2.013382959891068e-14,4,0.0045364608648729,0.0045178284117023,0.0470676174626048,0.047049009459682,-1.921745514058792e-05,-1.953201268783498e-05,-0.1733770628179771,-0.2001683890125908,modal_baffled,lossless,0.0,343.0,1.225,1.4,1.81e-05,0.0257,1006.0,1,1.0247800476552214e-05,1.0247800476552788e-05,0.0,0.0,True,dirichlet,exp(+iwt)_rms,120081,16,2.0013791633471769e-13,-0.0004082946232801,-0.0004149777222812,-0.0002749199549848,0.0002670885978506,5.990211033952444e-07,0.0001311975962956,4.7365233769308735e-06,5.846400181736528e-05,-1.1792450019770745e-06,5.072280346785176e-05,-3.3782364382353976e-06,3.77039698727745e-05,-5.48133815965043e-06,3.0079432643653855e-05,-6.318097658262466e-06,2.523758971085455e-05,-6.782255993388671e-06,2.2088503724913644e-05,-7.342180532049356e-06,1.919358683976504e-05,-7.479361690321831e-06,1.75239352893089e-05,-8.493177035943756e-06,1.5928283925443917e-05,-9.364217057995456e-06,1.4304089695392515e-05,-7.728475843579738e-06,1.386850451564753e-05,-8.717550113722162e-06,1.2059945645504964e-05,-8.98359164600017e-06,1.1212352747327744e-05
4996.042170729228,83.79953978857716,-136.87660816618688,446.6331600770169,23.79835489052515,2,1.0,0.0,1.0128261700737194e-05,-5.39673244003409e-07,6.546416771061112e-13,4,0.0045364608648729,0.0045178284117023,0.0470676174626048,0.047049009459682,-2.093393549089948e-05,-1.7266772633838033e-05,-0.191707677583078,-0.1795437333915086,modal_baffled,lossless,0.0,343.0,1.225,1.4,1.81e-05,0.0257,1006.0,1,1.0128261700737194e-05,1.012826170073664e-05,0.0,0.0,True,dirichlet,exp(+iwt)_rms,120081,16,6.565570112262856e-12,-0.0004447630158363,-0.000366850364745,-0.0002416626603151,0.0003001126166176,1.2619535020158384e-05,0.0001264239300192,9.051179520155164e-06,5.7658724414923294e-05,4.259133045052096e-06,5.06038987824191e-05,6.81968394949177e-07,3.781083647142749e-05,-2.2147154599511663e-06,3.0461863315822265e-05,-3.5527202071450726e-06,2.574859210310277e-05,-4.350244205313243e-06,2.26802564904819e-05,-5.211322035865287e-06,1.9879015739428936e-05,-5.5180980819710046e-06,1.823971911866e-05,-6.685923240684559e-06,1.6755564914803048e-05,-7.736616700741909e-06,1.5234256066249898e-05,-6.131266899888548e-06,1.4655330271775268e-05,-7.33356868697316e-06,1.2940630018351616e-05,-7.683575921149245e-06,1.2145222083555604e-05
5016.745096887603,83.75713575121559,-142.7988677018621,451.6786787087546,20.907180979320145,2,1.0,0.0,1.00220848274535e-05,-4.638995621327024e-07,2.0587675755020533e-14,4,0.0045364608648729,0.0045178284117023,0.0470676174626048,0.047049009459682,-2.241726715426225e-05,-1.4912872015509852e-05,-0.2078811991729355,-0.1577968936165891,modal_baffled,lossless,0.0,343.0,1.225,1.4,1.81e-05,0.0257,1006.0,1,1.00220848274535e-05,1.0022084827453218e-05,0.0,0.0,True,dirichlet,exp(+iwt)_rms,120081,16,2.009282328134293e-13,-0.0004762779244577,-0.0003168393222231,-0.0002036351318857,0.0003279969261217,2.259184795200373e-05,0.0001213683440951,1.3233841810100746e-05,5.700197672677953e-05,9.616622270087205e-06,5.001917441778792e-05,4.679104314259755e-06,3.756476556623777e-05,1.0290974165936915e-06,3.055494869703092e-05,-7.877713569860202e-07,2.6007848002978632e-05,-1.9027733639698365e-06,2.304747238340908e-05,-3.046586014671455e-06,2.036482306000888e-05,-3.516543584917914e-06,1.876648403271659e-05,-4.831979621428455e-06,1.7404055943079055e-05,-6.045035695203793e-06,1.60037436197095e-05,-4.475417493696592e-06,1.527245903688789e-05,-5.885991351022961e-06,1.3683336234292486e-05,-6.305908399552934e-06,1.2943618489053773e-05
5037.533813184827,83.72390084337324,-148.69769503767915,456.0188360503474,16.810772209730295,2,1.0,0.0,9.93446752760728e-06,-3.662262552091817e-07,5.0998028712489286e-14,4,0.0045364608648729,0.0045178284117023,0.0470676174626048,0.047049009459682,-2.36859359404044e-05,-1.2477968478403205e-05,-0.222043937113169,-0.1350170650129691,modal_baffled,lossless,0.0,343.0,1.225,1.4,1.81e-05,0.0257,1006.0,1,9.93446752760728e-06,9.934467527607102e-06,0.0,0.0,True,dirichlet,exp(+iwt)_rms,120081,16,5.108142116276806e-13,-0.0005032320992075,-0.0002651072892805,-0.0001620423135202,0.0003499131819458,3.089493903349291e-05,0.0001167793098561,1.7490687983542115e-05,5.6532804950336495e-05,1.490965246184373e-05,4.9011222660172535e-05,8.621154883864903e-06,3.700629428644907e-05,4.254731276971002e-06,3.0390312014945373e-05,1.9784631542619387e-06,2.6041606579604728e-05,5.590175911520631e-07,2.321282305662645e-05,-8.498176760212472e-07,2.066802043490507e-05,-1.4793948932021874e-06,1.911951981132997e-05,-2.937108919940681e-06,1.789168092558322e-05,-4.292855796845628e-06,1.6624548230717268e-05,-2.772068429390639e-06,1.5730069759671516e-05,-4.38081563881652e-06,1.4299329945210617e-05,-4.858621566254342e-06,1.3614551011551914e-05
5058.408675123684,83.70536793994705,-154.60894138136845,459.3484709124615,11.68945466307092,2,1.0,0.0,9.869467867434126e-06,-2.5115724660155094e-07,1.814542599213305e-14,4,0.0045364608648729,0.0045178284117023,0.0470676174626048,0.047049009459682,-2.474962633217034e-05,-9.959922521063398e-06,-0.2342715933013878,-0.1111955318321072,modal_baffled,lossless,0.0,343.0,1.225,1.4,1.81e-05,0.0257,1006.0,1,9.869467867434126e-06,9.869467867433425e-06,0.0,0.0,True,dirichlet,exp(+iwt)_rms,120081,16,1.7996350219217877e-13,-0.000525831296896,-0.0002116088100056,-0.0001182258894391,0.0003654218748446,3.816381109845381e-05,0.0001132154259019,2.204619510302167e-05,5.6209576548102205e-05,2.0176141993559368e-05,4.758901799859763e-05,1.2535103239835027e-05,3.61552676206256e-05,7.482856270553599e-06,2.9982864868865857e-05,4.763473027393617e-06,2.5861661368657785e-05,3.048272899686802e-06,2.3188933035527192e-05,1.3903400189549072e-06,2.0795017983506303e-05,5.987074778925071e-07,1.9307470457235065e-05,-9.98235710708702e-07,1.8232794164100825e-05,-2.473410353123553e-06,1.7100636987265115e-05,-1.0221093556997353e-06,1.6035969170214414e-05,-2.8152841785951384e-06,1.4797427311585124e-05,-3.340095257391399e-06,1.4163678730817289e-05
5079.370039680117,83.76196052560445,-160.57462760759518,461.48496967504207,5.823569402210411,2,1.0,0.0,9.828572701718278e-06,-1.2402868785397537e-07,3.5407045583930164e-14,4,0.0045364608648729,0.0045178284117023,0.0470676174626048,0.047049009459682,-2.5605713828249084e-05,-7.34869544420722e-06,-0.2445322084110024,-0.0862351188354252,modal_baffled,lossless,0.0,343.0,1.225,1.4,1.81e-05,0.0257,1006.0,1,9.828572701718278e-06,9.828572701716278e-06,0.0,0.0,True,dirichlet,exp(+iwt)_rms,120081,16,3.506210489868178e-13,-0.0005440197572905,-0.0001561306018951,-7.346756995407561e-05,0.0003744487695921,4.523724179663708e-05,0.0001109643776775,2.7127780883995063e-05,5.58884846938631e-05,2.5470600345683656e-05,4.56962233189625e-05,1.6459437369563146e-05,3.500797332923753e-05,1.0746577545789424e-05,2.932138363140868e-05,7.61159674395781e-06,2.5445404048357128e-05,5.598729764001837e-06,2.297492810137432e-05,3.7067351465608576e-06,2.0718200729549773e-05,2.7267926562886857e-06,1.9330323899783045e-05,9.76770167284272e-07,1.846258639243472e-05,-5.639953199640159e-07,1.7406542897782596e-05,7.958767008861277e-07,1.619114341913936e-05,-1.189002195581787e-06,1.5196488248100612e-05,-1.7316332120907395e-06,1.4601719333080184e-05
5100.418265309328,83.79396628635511,-166.5663405343379,461.5033967901442,-0.5485813335448323,2,1.0,0.0,9.82973145281527e-06,1.1684436617971482e-08,7.047213850704486e-14,4,0.0045364608648729,0.0045178284117023,0.0470676174626048,0.047049009459682,-2.625427463669196e-05,-4.66835826195569e-06,-0.2527979905751725,-0.0603819380288961,modal_baffled,lossless,0.0,343.0,1.225,1.4,1.81e-05,0.0257,1006.0,1,9.82973145281527e-06,9.829731452816265e-06,0.0,0.0,True,dirichlet,exp(+iwt)_rms,120081,16,6.994545742352078e-13,-0.0005577990995093,-9.918407843066824e-05,-2.9608720932398088e-05,0.0003776921264864,5.2919457976983024e-05,0.0001100247854557,3.284392276025687e-05,5.5489166021912753e-05,3.073128142351688e-05,4.348733224299242e-05,2.0397781431891303e-05,3.3488234930996615e-05,1.4034463648548452e-05,2.841215946415058e-05,1.0383717925494128e-05,2.490936081842347e-05,8.123936087794484e-06,2.252523274429035e-05,5.983910318774311e-06,2.05943553463942e-05,4.941496743630277e-06,1.9147076062996777e-05,3.165659942878166e-06,1.829937600716393e-05,1.3807045381092477e-06,1.7674416266606763e-05,2.566072193480324e-06,1.6176935041199584e-05,5.861328723585364e-07,1.5332077678665876e-05,-1.092745026146796e-07,1.4802853355013296e-05
5121.553711951908,83.71640859838095,-172.71024884271964,460.5634054738444,-6.851740321279274,2,1.0,0.0,9.847627966867698e-06,1.4650184710208526e-07,1.18243973929116e-14,4,0.0045364608648729,0.0045178284117023,0.0470676174626048,0.047049009459682,-2.664853014705396e-05,-1.8693519451216976e-06,-0.2586360965493363,-0.03308502616384,modal_baffled,lossless,0.0,343.0,1.225,1.4,1.81e-05,0.0257,1006.0,1,9.847627966867698e-06,9.847627966868022e-06,0.0,0.0,True,dirichlet,exp(+iwt)_rms,120081,16,1.1306230236074265e-13,-0.0005661754638043,-3.971630700463848e-05,1.3367135812198028e-05,0.0003752316112392,6.23923880230258e-05,0.0001098951652897,3.947707387557309e-05,5.445487981757812e-05,3.6107200298003794e-05,4.04533811516069e-05,2.4405492695677128e-05,3.1570230545805493e-05,1.7416568371073175e-05,2.7117922360384472e-05,1.336706271564433e-05,2.394618228283564e-05,1.0827864289190357e-05,2.1833433960538012e-05,8.494287296116624e-06,2.006874724398504e-05,7.231727269111483e-06,1.875975219037068e-05,5.306476478227743e-06,1.8167781578328493e-05,3.488468351860599e-06,1.7622033095126776e-05,4.5190450572564576e-06,1.5991704352628014e-05,2.413090415635416e-06,1.542955170826205e-05,1.6749196015039978e-06,1.494872449826358e-05
5142.776741039994,83.7383781103204,-178.96910268786408,457.8416746481538,-12.691234003486096,2,1.0,0.0,9.900754034198152e-06,2.7444593451552976e-07,2.74316132807266e-14,4,0.0045364608648729,0.0045178284117023,0.0470676174626048,0.047049009459682,-2.6775601106486916e-05,1.0108889513578674e-06,-0.2618644258866051,-0.0047121178891746,modal_baffled,lossless,0.0,343.0,1.225,1.4,1.81e-05,0.0257,1006.0,1,9.900754034198152e-06,9.9007540341981e-06,0.0,0.0,True,dirichlet,exp(+iwt)_rms,120081,16,2.170588497331256e-13,-0.0005688752171864,2.1477376715764656e-05,5.4214424580272646e-05,0.0003683257667335,7.425049765822423e-05,0.0001097439932339,4.6905700132457935e-05,5.2547035628117336e-05,4.145474902275457e-05,3.670805527568536e-05,2.8438004934860207e-05,2.913059779116317e-05,2.085192844681633e-05,2.540800327813774e-05,1.638918080916306e-05,2.2652972618723827e-05,1.3572389523661635e-05,2.081407530035842e-05,1.1027282092912565e-05,1.92775559765106e-05,9.57895629988746e-06,1.8093394639261205e-05,7.562925984649654e-06,1.7729482744668397e-05,5.677975356735138e-06,1.7348469086209933e-05,6.495495293439593e-06,1.5585619057517404e-05,4.332996582442333e-06,1.528844222715703e-05,3.539484076047134e-06,1.486404783205212e-05
5164.0877155034495,83.78807914835598,174.63991639466155,453.646885499322,-17.61822597285585,2,1.0,0.0,9.984922102771307e-06,3.87783140480198e-07,2.3706704308880584e-14,4,0.0045364608648729,0.0045178284117023,0.0470676174626048,0.047049009459682,-2.659680235950143e-05,3.952663657352301e-06,-0.2620533006336081,0.0245871456161025,modal_baffled,lossless,0.0,343.0,1.225,1.4,1.81e-05,0.0257,1006.0,1,9.984922102771307e-06,9.984922102771e-06,0.0,0.0,True,dirichlet,exp(+iwt)_rms,120081,16,2.2071116874144435e-13,-0.000565076453692,8.397840958261136e-05,9.27765304377035e-05,0.0003578698980615,8.899031699908806e-05,0.0001083180675959,5.503554533653111e-05,4.929867955787484e-05,4.664140432578013e-05,3.205759269788744e-05,3.241087640116545e-05,2.6053869640728796e-05,2.4272218774918545e-05,2.317759223138209e-05,1.9418874532818574e-05,2.0914918306707504e-05,1.634916937021014e-05,1.9389039473064896e-05,1.3610188326191412e-05,1.81175695785525e-05,1.1972248997275237e-05,1.7089826585503652e-05,9.887731984149789e-06,1.6969978482678203e-05,7.940012186996858e-06,1.6772083293305333e-05,8.514066647632793e-06,1.491207597082266e-05,6.339914070723588e-06,1.4879367799687038e-05,5.470705695025467e-06,1.4533913819735202e-05
5185.486999776071,83.98666344839314,168.11161222981036,448.3639747795988,-21.29210756062531,2,1.0,0.0,1.0095042707332258e-05,4.793978714710173e-07,2.092515993717824e-14,4,0.0045364608648729,0.0045178284117023,0.0470676174626048,0.047049009459682,-2.607861095478696e-05,6.921197084556691e-06,-0.2587991753205424,0.05448276202488,modal_baffled,lossless,0.0,343.0,1.225,1.4,1.81e-05,0.0257,1006.0,1,1.0095042707332258e-05,1.0095042707332271e-05,0.0,0.0,True,dirichlet,exp(+iwt)_rms,120081,16,1.32636509713702e-13,-0.0005540669437008,0.0001470479590358,0.0001291936577352,0.000344591137639,0.0001064612969762,0.0001041474201233,6.353662292312921e-05,4.430485450736136e-05,5.143656170545285e-05,2.6381727230284463e-05,3.617992996494361e-05,2.2230593643987977e-05,2.7585607653235168e-05,2.033459775568766e-05,2.2400953953718152e-05,1.865621548546711e-05,1.9094508836069803e-05,1.7491540401518492e-05,1.6161587309178738e-05,1.6517436223678488e-05,1.4360540855543364e-05,1.568165026015019e-05,1.2294443178322566e-05,1.5793449214276673e-05,1.03089623039421e-05,1.5791418907164113e-05,1.0582218839029454e-05,1.391737909214339e-05,8.40368796106286e-06,1.4134842898838226e-05,7.389183165106671e-06,1.3939744252059572e-05
5206.974959801818,83.9295304919667,161.48812752964878,442.0374407852288,-22.954345589534917,2,1.0,0.0,1.0235017355265362e-05,5.314891993544895e-07,8.281858984695237e-14,4,0.0045364608648729,0.0045178284117023,0.0470676174626048,0.047049009459682,-2.5213204211616734e-05,9.851640889307716e-06,-0.2518885570935319,0.0843387744376201,modal_baffled,lossless,0.0,343.0,1.225,1.4,1.81e-05,0.0257,1006.0,1,1.0235017355265362e-05,1.0235017355265248e-05,0.0,0.0,True,dirichlet,exp(+iwt)_rms,120081,16,7.875853085457544e-13,-0.0005356804863056,0.000209308255238,0.0001645143292673,0.0003292483317381,0.0001258495256961,9.538870890749595e-05,7.182699788169211e-05,3.716358197677254e-05,5.552072174192114e-05,1.967196780830103e-05,3.953673277660031e-05,1.76255441873302e-05,3.059242804460811e-05,1.6773976584056075e-05,2.512142363632958e-05,1.575771983070045e-05,2.162709217772402e-05,1.5054244918852386e-05,1.8560222576731665e-05,1.4425005369943153e-05,1.6592291358866947e-05,1.380762963680525e-05,1.4474031249937256e-05,1.4269302740030978e-05,1.2438170088099572e-05,1.4525426697179206e-05,1.249576124744669e-05,1.2564820349758547e-05,1.0385520368136655e-05,1.3033467218854416e-05,9.410823876970528e-06,1.2775924514610056e-05
5228.551963041074,83.97047519052286,154.73249848652227,435.8644500962284,-23.09755646731528,2,1.0,0.0,1.0378816660617044e-05,5.499996703782317e-07,4.535668426452613e-14,4,0.0045364608648729,0.0045178284117023,0.0470676174626048,0.047049009459682,-2.3966129245556583e-05,1.2709587594818512e-05,-0.2409335460785018,0.1137216159227784,modal_baffled,lossless,0.0,343.0,1.225,1.4,1.81e-05,0.0257,1006.0,1,1.0378816660617044e-05,1.0378816660617355e-05,0.0,0.0,True,dirichlet,exp(+iwt)_rms,120081,16,4.2131576563956153e-13,-0.0005091850944993,0.0002700282759142,0.0001986638832896,0.000311279089093,0.0001455300005436,8.11966551580703e-05,7.925514575628025e-05,2.7869844643384857e-05,5.858782964381096e-05,1.1993003521374564e-05,4.2230803133479664e-05,1.2271981843916466e-05,3.3098055641819495e-05,1.262014077233209e-05,2.745362182329314e-05,1.2335792176732336e-05,2.384245178328174e-05,1.2087381490291285e-05,2.0674040376249e-05,1.1837467303938431e-05,1.858495647243574e-05,1.1499287155172697e-05,1.6523465161317716e-05,1.223170228335831e-05,1.4473369235900856e-05,1.2729717536248931e-05,1.4265992660397664e-05,1.0835560664238786e-05,1.2241231259711036e-05,1.153465411733699e-05,1.1191348514205608e-05,1.1454695001259055e-05
5250.218378476928,84.16573573115483,147.89530064009983,430.1374850879496,-21.467704465943843,2,1.0,0.0,1.0520331799687202e-05,5.25058572640274e-07,4.3263578620523576e-14,4,0.0045364608648729,0.0045178284117023,0.0470676174626048,0.047049009459682,-2.235584706526177e-05,1.54214261160806e-05,-0.2260189028322431,0.1418072244491553,modal_baffled,lossless,0.0,343.0,1.225,1.4,1.81e-05,0.0257,1006.0,1,1.0520331799687202e-05,1.0520331799686926e-05,0.0,0.0,True,dirichlet,exp(+iwt)_rms,120081,16,4.02020617453808e-13,-0.0004749729914207,0.0003276440777639,0.0002323963086231,0.0002901883100851,0.0001633366681291,6.091635604793729e-05,8.501396156449751e-05,1.6596338653968785e-05,6.031105058728702e-05,3.6049720097695313e-06,4.399045561480704e-05,6.330775752410374e-06,3.487981071828122e-05,7.926155943361026e-06,2.9202917851350875e-05,8.422895081366293e-06,2.5538432143376823e-05,8.648662117632776e-06,2.2333521724531027e-05,8.818000504976924e-06,2.017014747708757e-05,8.73428776701858e-06,1.817540780964116e-05,9.78363432006811e-06,1.6107809214728178e-05,1.0588766795089627e-05,1.566919708089942e-05,8.769573492911484e-06,1.3787746654907294e-05,9.697962323554494e-06,1.273272961269284e-05,9.745627021219863e-06
5271.9745766214855,84.08843845834048,141.0622826021503,425.09116304684966,-18.387455024717287,2,1.0,0.0,1.0651806689404271e-05,4.607473254197428e-07,9.770573684977474e-14,4,0.0045364608648729,0.0045178284117023,0.0470676174626048,0.047049009459682,-2.0426518004207468e-05,1.791158149577303e-05,-0.2075609677399952,0.1677063051469132,modal_baffled,lossless,0.0,343.0,1.225,1.4,1.81e-05,0.0257,1006.0,1,1.0651806689404271e-05,1.0651806689406328e-05,0.0,0.0,True,dirichlet,exp(+iwt)_rms,120081,16,8.941496569965558e-13,-0.0004339824088278,0.0003805499929968,0.0002655122575362,0.0002654047000894,0.0001767644666266,3.549565995905044e-05,8.85779294303269e-05,3.841769889671314e-06,6.039525497685603e-05,-5.033234407412017e-06,4.471451444903025e-05,1.911449144569176e-10,3.584206372610023e-05,2.859691983444703e-06,3.0235410657225856e-05,4.138866475726393e-06,2.664974725247945e-05,4.911903668474447e-06,2.344300127513042e-05,5.476742662860621e-06,2.128281042387049e-05,5.835884809469008e-06,1.950212134276612e-05,7.0547166468768485e-06,1.7572439549019266e-05,8.050492254449917e-06,1.6936386129273146e-05,6.396159540586154e-06,1.5095447191222904e-05,7.494281817273939e-06,1.3985615359223732e-05,7.80748788651934e-06
5293.820929522205,84.11257547669965,134.19043411080634,421.4419457948829,-14.256410470032751,2,1.0,0.0,1.0751838330364637e-05,3.637099298599788e-07,5.82139939990436e-14,4,0.0045364608648729,0.0045178284117023,0.0470676174626048,0.047049009459682,-1.819027460559964e-05,2.015839001486123e-05,-0.1857415379194922,0.1910660287921581,modal_baffled,lossless,0.0,343.0,1.225,1.4,1.81e-05,0.0257,1006.0,1,1.0751838330364637e-05,1.0751838330365384e-05,0.0,0.0,True,dirichlet,exp(+iwt)_rms,120081,16,5.294432117220126e-13,-0.0003864711150941,0.0004282857535943,0.0002971298816388,0.000235583193621,0.0001842162727328,6.157217908930011e-06,8.943668467759885e-05,-9.613714206180033e-06,5.893667476493107e-05,-1.356907178859651e-05,4.4241267259578406e-05,-6.336289229597067e-06,3.5835238594707615e-05,-2.281236956561455e-06,3.0464787035246364e-05,-2.421973108052636e-07,2.701587169347284e-05,1.0146172887587654e-06,2.3894727224858503e-05,2.003508408166732e-06,2.1793823603449515e-05,2.677847040175523e-06,2.0192969690878093e-05,4.133102036630464e-06,1.837165398899592e-05,5.411418772003042e-06,1.7575371029811123e-05,3.886869604806538e-06,1.587101135855653e-05,5.176451141127505e-06,1.4815368816651118e-05,5.660791974557752e-06
5315.7578107682575,84.12996720303471,127.33826218434795,419.1594123135183,-9.550421886746046,2,1.0,0.0,1.0817142317622388e-05,2.464653535323604e-07,2.545791518859437e-14,4,0.0045364608648729,0.0045178284117023,0.0470676174626048,0.047049009459682,-1.570398263772015e-05,2.2116208033537414e-05,-0.1612212119085856,0.2113401640609934,modal_baffled,lossless,0.0,343.0,1.225,1.4,1.81e-05,0.0257,1006.0,1,1.0817142317622388e-05,1.0817142317621822e-05,0.0,0.0,True,dirichlet,exp(+iwt)_rms,120081,16,1.7995513863441133e-13,-0.0003336472820235,0.0004698816134279,0.0003259086138888,0.0002005859813261,0.0001845783208914,-2.4654482258327427e-05,8.764164207050406e-05,-2.300194817564017e-05,5.60202362742095e-05,-2.1549085795003907e-05,4.266729599805781e-05,-1.2406183765465375e-05,3.490495250188013e-05,-7.260840797550271e-06,2.9886699953519517e-05,-4.523106788719604e-06,2.6663144332501983e-05,-2.818108584302879e-06,2.370274427344449e-05,-1.4307497468585271e-06,2.174384465421164e-05,-4.5745574354218694e-07,2.0357727144915866e-05,1.183953821442209e-06,1.8690963804812048e-05,2.721607974227282e-06,1.778226289127654e-05,1.3304748132257949e-06,1.622556526917455e-05,2.8000392716818845e-06,1.5244936724867832e-05,3.4571781554479984e-06
5337.785595496919,84.12896373162243,120.5099626226918,418.2807709353914,-4.667935013296704,2,1.0,0.0,1.0844141718060305e-05,1.210185892640616e-07,2.1514645631304532e-14,4,0.0045364608648729,0.0045178284117023,0.0470676174626048,0.047049009459682,-1.3006868167701776e-05,2.3764282080141974e-05,-0.1345249348566853,0.2282872410089712,modal_baffled,lossless,0.0,343.0,1.225,1.4,1.81e-05,0.0257,1006.0,1,1.0844141718060305e-05,1.0844141718059108e-05,0.0,0.0,True,dirichlet,exp(+iwt)_rms,120081,16,1.8690394642485032e-13,-0.0002763443078043,0.0005048966436217,0.0003503437049657,0.0001606312629782,0.0001779357663213,-5.464254870037305e-05,8.341288076531381e-05,-3.560861573530768e-05,5.192853185542949e-05,-2.8684214140103373e-05,4.016362319313256e-05,-1.797286631556633e-05,3.320766414587543e-05,-1.1887846971465024e-05,2.8640470852278937e-05,-8.538589814846805e-06,2.569915803415035e-05,-6.435568989439523e-06,2.2946504901771637e-05,-4.678454165055126e-06,2.1161932858255763e-05,-3.4312481954173385e-06,2.0011310098656973e-05,-1.643327267655103e-06,1.855423199194365e-05,1.2278186490642804e-07,1.753913835711315e-05,-1.138994675178907e-06,1.6141631423844305e-05,4.966298808843064e-07,1.5286323409622364e-05,1.3029896082391983e-06
5359.90466039999,84.11567208562423,113.71036046615632,418.6728224761548,0.0068076266933073,2,1.0,0.0,1.0835336377564782e-05,-1.7618274030451415e-10,1.3541742683091756e-14,4,0.0045364608648729,0.0045178284117023,0.0470676174626048,0.047049009459682,-1.0140547024932634e-05,2.508701768436392e-05,-0.106184623633915,0.2417765289067579,modal_baffled,lossless,0.0,343.0,1.225,1.4,1.81e-05,0.0257,1006.0,1,1.0835336377564782e-05,1.083533637756496e-05,0.0,0.0,True,dirichlet,exp(+iwt)_rms,120081,16,1.1849868842206725e-13,-0.000215446363585,0.0005329995235959,0.0003690894582608,0.0001166409665229,0.0001651547300561,-8.181844420557404e-05,7.72143727685428e-05,-4.696937158968679e-05,4.697990413490171e-05,-3.481591083323132e-05,3.693282222903755e-05,-2.2886614630076856e-05,3.0881095197850055e-05,-1.6022205570375213e-05,2.6830986543199864e-05,-1.2156540399873676e-05,2.421879309404457e-05,-9.716655512775628e-06,2.172225561176601e-05,-7.632139184726081e-06,2.0154266116824083e-05,-6.155295612837407e-06,1.924768866193389e-05,-4.261030778254306e-06,1.803427695449077e-05,-2.3041263902571646e-06,1.6929107541654198e-05,-3.4452517598308287e-06,1.570768300445933e-05,-1.654920649068137e-06,1.5002176738074926e-05,-7.281221958086668e-07
5382.115383730213,84.09292955106281,106.932829658441,420.152277154846,4.200861565652657,2,1.0,0.0,1.0796103349972506e-05,-1.0794404335692484e-07,1.1127844440914847e-14,4,0.0045364608648729,0.0045178284117023,0.0470676174626048,0.047049009459682,-7.1409559958139415e-06,2.60729737966661e-05,-0.0766488874713599,0.2517624727199927,modal_baffled,lossless,0.0,343.0,1.225,1.4,1.81e-05,0.0257,1006.0,1,1.0796103349972506e-05,1.0796103349972228e-05,0.0,0.0,True,dirichlet,exp(+iwt)_rms,120081,16,8.818371974215886e-14,-0.0001517169633981,0.0005539471764718,0.0003812449756954,6.992737901850087e-05,0.0001476399568161,-0.000104827170281,6.953943437623158e-05,-5.68402776491357e-05,4.147995000569992e-05,-3.9918371215681085e-05,3.3189746112565635e-05,-2.70941213087949e-05,2.809919913808912e-05,-1.9607327989231363e-05,2.460669525586404e-05,-1.53212573870042e-05,2.2353350135587845e-05,-1.260825960888156e-05,2.0145990241568548e-05,-1.0241693355853937e-05,1.8820436471032808e-05,-8.578638524362968e-06,1.815941965493836e-05,-6.6107483506608826e-06,1.721535584329152e-05,-4.508581253199662e-06,1.602643905523006e-05,-5.538041834725779e-06,1.4995023876256943e-05,-3.6037597650342313e-06,1.4459250193763729e-05,-2.587664220949173e-06
5404.418145307775,84.22970591598316,100.16869481797004,422.4893221705228,7.870647572330036,2,1.0,0.0,1.0733731727031448e-05,-1.9996107623591978e-07,1.5238254928084412e-14,4,0.0045364608648729,0.0045178284117023,0.0470676174626048,0.047049009459682,-4.04342393130145e-06,2.6712561136120264e-05,-0.0463195682407795,0.2582428366271656,modal_baffled,lossless,0.0,343.0,1.225,1.4,1.81e-05,0.0257,1006.0,1,1.0733731727031448e-05,1.0733731727031198e-05,0.0,0.0,True,dirichlet,exp(+iwt)_rms,120081,16,1.2829678999602278e-13,-8.590670506137142e-05,0.0005675358681017,0.0003863992834571,2.191576064106081e-05,0.0001269559329222,-0.0001230300333023,6.091634737106781e-05,-6.504703688259513e-05,3.5671604187589795e-05,-4.4067400351031335e-05,2.9116437814580637e-05,-3.0585236001568656e-05,2.5004578601359333e-05,-2.2668916996051704e-05,2.2093484036590316e-05,-1.8017893131486524e-05,2.022949226143247e-05,-1.500073157769673e-05,1.8341264523310977e-05,-1.2424591163015124e-05,1.725995072974937e-05,-1.0685619032749296e-05,1.684654349080319e-05,-8.764466272046628e-06,1.618345329438643e-05,-6.481354904018634e-06,1.4897746514970164e-05,-7.293336357455319e-06,1.408559535515298e-05,-5.342089754741367e-06,1.3739504293684158e-05,-4.354299569595236e-06
5426.813326526783,86.29550625954428,93.54665227203384,424.8016371691847,9.627269689109896,2,1.0,0.0,1.0673527807332566e-05,-2.418939141105044e-07,5.2913493819611525e-14,4,0.0045364608648729,0.0045178284117023,0.0470676174626048,0.047049009459682,-9.47496388923746e-07,2.7026235967328663e-05,-0.0162044410895726,0.2614465321414646,modal_baffled,lossless,0.0,343.0,1.225,1.4,1.81e-05,0.0257,1006.0,1,1.0673527807332566e-05,1.0673527807333004e-05,0.0,0.0,True,dirichlet,exp(+iwt)_rms,120081,16,4.732892330473476e-13,-2.0130536449535183e-05,0.0005742002128916,0.000384576704082,-2.484361111511427e-05,0.0001054601234176,-0.0001368302846737,5.128711813975837e-05,-7.144718265723299e-05,3.0101285535869368e-05,-4.7293271033591264e-05,2.465884926265432e-05,-3.328853296025246e-05,2.1808138360887572e-05,-2.5126947080090015e-05,1.978720597181537e-05,-2.0308429297362808e-05,1.7207898296510466e-05,-1.6948611371594234e-05,1.706481800731635e-05,-1.447518741748447e-05,1.574733871491713e-05,-1.2502931001524083e-05,1.4992103960002522e-05,-1.0352931623285928e-05,1.4752641764329667e-05,-8.079695817625494e-06,1.3557263604371356e-05,-8.889865256407158e-06,1.4286862753063744e-05,-7.154579524203692e-06,1.2120182927561905e-05,-5.544219351580811e-06
5449.30131036179,83.97410882244299,86.63793282113895,428.83066973045874,12.354798705291216,2,1.0,0.0,1.0569902896639265e-05,-3.045235143851403e-07,4.1403345523643865e-14,4,0.0045364608648729,0.0045178284117023,0.0470676174626048,0.047049009459682,2.3045780531696398e-06,2.691539787776293e-05,0.0153131006521037,0.2606636794709287,modal_baffled,lossless,0.0,343.0,1.225,1.4,1.81e-05,0.0257,1006.0,1,1.0569902896639265e-05,1.0569902896639183e-05,0.0,0.0,True,dirichlet,exp(+iwt)_rms,120081,16,3.713215233143762e-13,4.89631338361374e-05,0.0005718453435453,0.0003764764351184,-7.206697178563904e-05,8.203956793436427e-05,-0.0001445860794514,4.1715697485051326e-05,-7.743167720844847e-05,2.378468758557296e-05,-4.9909532000240125e-05,2.045535772271309e-05,-3.577529114867611e-05,1.834927981484094e-05,-2.725639777632798e-05,1.6625388964299284e-05,-2.217688848026669e-05,1.5466544772893155e-05,-1.892014355838868e-05,1.431134566224692e-05,-1.5986635342852794e-05,1.37342793182241e-05,-1.4044001307728964e-05,1.3739630837329494e-05,-1.2044962883030724e-05,1.3664633224426909e-05,-9.730357764512356e-06,1.22408573752627e-05,-1.0365371101565262e-05,1.1968183012548144e-05,-8.194253362223921e-06,1.1828413381687089e-05,-7.096774547639382e-06
5471.88248137434,97.21940798312546,79.77942822896223,434.0175308050217,12.11186556972854,2,1.0,0.0,1.0444119064891246e-05,-2.914577341462958e-07,5.395171560510921e-14,4,0.0045364608648729,0.0045178284117023,0.0470676174626048,0.047049009459682,5.5042523724162375e-06,2.6405912054088363e-05,0.0461694496951183,0.2560714484712749,modal_baffled,lossless,0.0,343.0,1.225,1.4,1.81e-05,0.0257,1006.0,1,1.0444119064891246e-05,1.044411906489154e-05,0.0,0.0,True,dirichlet,exp(+iwt)_rms,120081,16,4.771620275457606e-13,0.0001169435095538,0.0005610207925877,0.0003618976082603,-0.000115817161686,5.993213157497183e-05,-0.0001486843152106,3.155177662507358e-05,-8.154357278903687e-05,1.756632384439901e-05,-5.149884036194013e-05,1.6041592999120898e-05,-3.776862127713819e-05,1.4737321805252769e-05,-2.869298360415281e-05,1.4088804719357917e-05,-2.460051887199192e-05,1.3425996313629748e-05,-2.147359887401111e-05,1.239953289481341e-05,-1.793325686748146e-05,1.1799800173271426e-05,-1.5311811230858896e-05,1.15523613035874e-05,-1.2235653773037532e-05,1.198385877407352e-05,-1.0447449857901832e-05,1.0716508196115744e-05,-1.1450077134759004e-05,1.1293513636773656e-05,-1.0665413901081308e-05,1.1155996222482084e-05,-9.195699140954456e-06
5494.557225719555,83.88158457315788,72.99594556288044,436.1586485047555,13.658938246411887,2,1.0,0.0,1.0390751720143973e-05,-3.254014028285333e-07,1.1268884226015308e-14,4,0.0045364608648729,0.0045178284117023,0.0470676174626048,0.047049009459682,8.618246599978735e-06,2.562670595409432e-05,0.0761377158870937,0.248972233440798,modal_baffled,lossless,0.0,343.0,1.225,1.4,1.81e-05,0.0257,1006.0,1,1.0390751720143973e-05,1.0390751720145236e-05,0.0,0.0,True,dirichlet,exp(+iwt)_rms,120081,16,9.797696472094369e-14,0.0001831035234962,0.0005444657566203,0.0003435238388386,-0.0001566914333847,3.946344649996245e-05,-0.0001495292958295,2.1327733209598885e-05,-8.497196747335166e-05,1.1824634719909914e-05,-5.3325455654610047e-05,1.1532929011246413e-05,-3.898822849483696e-05,1.1359888068154344e-05,-3.0244329936058177e-05,1.0810686561213202e-05,-2.4923701123832852e-05,1.043815725509554e-05,-2.1528194792698364e-05,9.97923486739656e-06,-1.841473829278843e-05,9.900416788181096e-06,-1.642834718958138e-05,1.0337021707315236e-05,-1.4502796504204383e-05,1.0827139619019892e-05,-1.224223429877064e-05,9.275765085315763e-06,-1.2561268451918356e-05,9.492863370045058e-06,-1.0334780010863364e-05,9.669158899711152e-06,-9.3508317779854e-06
5517.325931152727,83.83873310269291,66.11089248933659,439.77392882920304,13.053326872508093,2,1.0,0.0,1.0306358322324045e-05,-3.059123227351177e-07,5.623174609921532e-15,4,0.0045364608648729,0.0045178284117023,0.0470676174626048,0.047049009459682,1.1653827967273667e-05,2.4410826403058007e-05,0.105332497516098,0.2378183414161942,modal_baffled,lossless,0.0,343.0,1.225,1.4,1.81e-05,0.0257,1006.0,1,1.0306358322324045e-05,1.0306358322324163e-05,0.0,0.0,True,dirichlet,exp(+iwt)_rms,120081,16,4.7775815987180816e-14,0.0002475975754781,0.0005186331435291,0.000320495492192,-0.0001937975491175,2.080009742907797e-05,-0.0001475557682863,1.07443327790379e-05,-8.718053410440712e-05,5.786187193699619e-06,-5.430210060792928e-05,6.984550723646013e-06,-3.998168317378165e-05,7.780523523625945e-06,-3.1246475432659894e-05,7.831700640816373e-06,-2.5887759509279736e-05,7.848369275531598e-06,-2.245991661339339e-05,7.75166729509408e-06,-1.9311754573272117e-05,7.912542259540344e-06,-1.7343472110326805e-05,8.552059002466526e-06,-1.5474081563254626e-05,9.31003624524388e-06,-1.3287072293499717e-05,7.723576310514433e-06,-1.34295229212935e-05,8.20365775034397e-06,-1.1228242981824965e-05,8.487834095568408e-06,-1.0292632481776816e-05
5540.188987035955,83.80881422428072,59.16962176690021,443.1701635438951,11.686589392474549,2,1.0,0.0,1.0229272582335028e-05,-2.697503538990087e-07,3.542763612287376e-14,4,0.0045364608648729,0.0045178284117023,0.0470676174626048,0.047049009459682,1.4544063485588648e-05,2.281425961284589e-05,0.1331814818834926,0.2231449320991801,modal_baffled,lossless,0.0,343.0,1.225,1.4,1.81e-05,0.0257,1006.0,1,1.0229272582335028e-05,1.0229272582335304e-05,0.0,0.0,True,dirichlet,exp(+iwt)_rms,120081,16,3.1501412725028785e-13,0.0003090036052312,0.000484712438036,0.0002943015257927,-0.0002270972658199,4.279985712846308e-06,-0.0001437092188983,-1.626157904971517e-07,-8.837495171274913e-05,-3.669855119710811e-07,-5.48264082732456e-05,2.348586300232477e-06,-4.059717678211559e-05,4.121664749822758e-06,-3.194116173421346e-05,4.782986884904661e-06,-2.6590357258989696e-05,5.198001371924652e-06,-2.31676942746602e-05,5.466315864018215e-06,-2.0015868296242518e-05,5.861891508655781e-06,-1.8087611833656704e-05,6.705538236092513e-06,-1.6291704948734594e-05,7.710804392127731e-06,-1.419117531598775e-05,6.118401104804939e-06,-1.4154786115594006e-05,6.870828439724414e-06,-1.2020997216241264e-05,7.236022296649546e-06,-1.113922973955933e-05
5563.146784344801,83.86677395669975,52.22372935560186,445.9054178523628,9.629109283283,2,1.0,0.0,1.016885243781226e-05,-2.1959139200612465e-07,3.741304601528343e-14,4,0.0045364608648729,0.0045178284117023,0.0470676174626048,0.047049009459682,1.722477901108511e-05,2.0876459187661373e-05,0.1591082226221097,0.2052965933240302,modal_baffled,lossless,0.0,343.0,1.225,1.4,1.81e-05,0.0257,1006.0,1,1.016885243781226e-05,1.0168852437811966e-05,0.0,0.0,True,dirichlet,exp(+iwt)_rms,120081,16,3.310423498014505e-13,0.0003659581669875,0.0004435418725888,0.0002655697634032,-0.0002570691227109,-9.961122453943968e-06,-0.0001384842480797,-1.1317571731635747e-05,-8.831933915026327e-05,-6.588120193938007e-06,-5.487725548989034e-05,-2.353659534727857e-06,-4.0757731891489366e-05,4.190152848760952e-07,-3.2295722846328775e-05,1.7027284736188413e-06,-2.7010749074493915e-05,2.5098912523574487e-06,-2.359485192275922e-05,3.1616005044582343e-06,-2.0525764668176917e-05,3.788270120169276e-06,-1.864886151238162e-05,4.776409616987699e-06,-1.6899604451905207e-05,6.112949933478218e-06,-1.5078249032537015e-05,4.48734783820202e-06,-1.4756781569671506e-05,5.400636064866053e-06,-1.259362546662776e-05,5.970950226240108e-06,-1.185312382617296e-05
5586.199715674978,83.75369118404713,45.155406145591705,448.54709479673744,6.906769324633449,2,1.0,0.0,1.011128055894256e-05,-1.556944258638301e-07,4.2514377566526197e-14,4,0.0045364608648729,0.0045178284117023,0.0470676174626048,0.047049009459682,1.965929093993929e-05,1.8554626721299825e-05,0.1828682010898056,0.1838629062514452,modal_baffled,lossless,0.0,343.0,1.225,1.4,1.81e-05,0.0257,1006.0,1,1.011128055894256e-05,1.0111280558942349e-05,0.0,0.0,True,dirichlet,exp(+iwt)_rms,120081,16,3.748981718648231e-13,0.0004176818798095,0.000394212150977,0.0002352666685011,-0.0002832009476436,-2.2463933187016364e-05,-0.0001332361380797,-2.300767998911923e-05,-8.713091381150792e-05,-1.3157450206783e-05,-5.432543060621435e-05,-7.2516428503420924e-06,-4.054051959226915e-05,-3.468887569612394e-06,-3.2324040466504324e-05,-1.545953595718687e-06,-2.716371532930143e-05,-3.140595823599385e-07,-2.3847041229736727e-05,7.026664741539867e-07,-2.0831274381741792e-05,1.557861322091419e-06,-1.904389176479853e-05,2.7751756241976583e-06,-1.741552470540043e-05,4.290842859010791e-06,-1.5665984387987943e-05,2.737305220964836e-06,-1.52043397679294e-05,3.957332068214012e-06,-1.3225033827512971e-05,4.525688996123996e-06,-1.2505334880878676e-05
5609.348175249064,83.77043763065764,38.06434063932896,450.39000047591634,3.649170035154607,2,1.0,0.0,1.007163364514468e-05,-8.160284123555323e-08,2.6468176833869077e-14,4,0.0045364608648729,0.0045178284117023,0.0470676174626048,0.047049009459682,2.1775319203005324e-05,1.5933939973453685e-05,0.2037691401590882,0.1595707235409148,modal_baffled,lossless,0.0,343.0,1.225,1.4,1.81e-05,0.0257,1006.0,1,1.007163364514468e-05,1.007163364514448e-05,0.0,0.0,True,dirichlet,exp(+iwt)_rms,120081,16,2.1899494822827825e-13,0.0004626390791993,0.0003385329624154,0.000203409877957,-0.0003066586699709,-3.343695531185588e-05,-0.000128014830401,-3.493700061038089e-05,-8.433324375360425e-05,-1.989741507033644e-05,-5.306367809263861e-05,-1.2254695686513649e-05,-3.976401395338526e-05,-7.454325495567788e-06,-3.19282462921876e-05,-4.883690381974055e-06,-2.6973143177446537e-05,-3.2269876296460025e-06,-2.3791503926931945e-05,-1.830599911777398e-06,-2.0899459886854524e-05,-7.412026504868438e-07,-1.9224230933800106e-05,6.9603508821758e-07,-1.771010808453636e-05,2.413030100431336e-06,-1.61392892773902e-05,8.973107207609994e-07,-1.551010680046639e-05,2.361152569562873e-06,-1.3689793981005245e-05,3.0148793998967657e-06,-1.3017043476200083e-05
5632.59255892324,84.4073102842078,30.9599263107395,451.3442818029895,-0.4306294828271198,2,1.0,0.0,1.005098971708956e-05,9.589691679444488e-09,2.298622824650428e-14,4,0.0045364608648729,0.0045178284117023,0.0470676174626048,0.047049009459682,2.352977481847191e-05,1.3065815599429242e-05,0.2214119689190699,0.1328270522762447,modal_baffled,lossless,0.0,343.0,1.225,1.4,1.81e-05,0.0257,1006.0,1,1.005098971708956e-05,1.0050989717089823e-05,0.0,0.0,True,dirichlet,exp(+iwt)_rms,120081,16,2.0538599629500746e-13,0.000499914295368,0.0002775967066913,0.0001697757574495,-0.0003276654117498,-4.311570662034796e-05,-0.000123492758918,-4.708328524250659e-05,-7.95610611381393e-05,-2.6776348742501585e-05,-5.085725056541415e-05,-1.7391657863928318e-05,-3.845298497409654e-05,-1.145922627747104e-05,-3.0915222728018894e-05,-8.210439768162217e-06,-2.6250462619145663e-05,-6.161594808709788e-06,-2.3344152534253527e-05,-4.401314343610233e-06,-2.059175477263507e-05,-3.156615697976531e-06,-1.9160222472456028e-05,-1.485258939477335e-06,-1.781164730506233e-05,4.779335595305662e-07,-1.63087464926416e-05,-8.333341447625143e-07,-1.5370772824082005e-05,8.096702630349765e-07,-1.3980626300692413e-05,1.3975203923619654e-06,-1.3321657254405144e-05
5655.933264194065,83.7490391067337,23.87416606985393,451.6318113723468,-4.104246293563559,2,1.0,0.0,1.0043770480499714e-05,9.127370289248418e-08,1.6857048424253328e-14,4,0.0045364608648729,0.0045178284117023,0.0470676174626048,0.047049009459682,2.4855413759423044e-05,9.99876451228401e-06,0.2351595068679557,0.1040815230803647,modal_baffled,lossless,0.0,343.0,1.225,1.4,1.81e-05,0.0257,1006.0,1,1.0043770480499714e-05,1.004377048049926e-05,0.0,0.0,True,dirichlet,exp(+iwt)_rms,120081,16,1.1003825449043004e-13,0.0005280788597207,0.0002124340481059,0.0001350115404968,-0.0003469620090154,-5.347773955897496e-05,-0.0001190731176919,-5.8392830396278127e-05,-7.27459636823729e-05,-3.36309083185193e-05,-4.787536955561796e-05,-2.2362324936405464e-05,-3.6238022054695534e-05,-1.552060942601285e-05,-2.966110298555188e-05,-1.165658944189503e-05,-2.538768982781264e-05,-9.145736918457975e-06,-2.26153400976474e-05,-7.067553233522293e-06,-2.010866686574644e-05,-5.582629715197597e-06,-1.873465412739442e-05,-3.8382333173592525e-06,-1.755022349025125e-05,-1.7264294611106044e-06,-1.6449978671054185e-05,-2.923472221063136e-06,-1.5517895535138003e-05,-9.841827515038622e-07,-1.4014469588723451e-05,-2.721224822475591e-07,-1.3486252535936725e-05
5679.370690205265,83.75400399316248,16.78608424272074,450.652639489374,-8.12180195187142,2,1.0,0.0,1.006315615774686e-05,1.8136132835388065e-07,1.9657600262206502e-14,4,0.0045364608648729,0.0045178284117023,0.0470676174626048,0.047049009459682,2.5780699445061352e-05,6.813908460476026e-06,0.2452159264822267,0.0739700720114248,modal_baffled,lossless,0.0,343.0,1.225,1.4,1.81e-05,0.0257,1006.0,1,1.006315615774686e-05,1.006315615774684e-05,0.0,0.0,True,dirichlet,exp(+iwt)_rms,120081,16,1.7123855279833364e-13,0.0005477375069078,0.0001447685017387,9.703847014999558e-05,-0.0003640519903149,-6.386622129250453e-05,-0.0001152283591318,-6.908738881422256e-05,-6.368109145200592e-05,-4.030293434402546e-05,-4.360783057516524e-05,-2.726682480698805e-05,-3.331680422573445e-05,-1.947508931142355e-05,-2.7590849256118515e-05,-1.501984110149901e-05,-2.382942916282878e-05,-1.2119723332283947e-05,-2.1408894186823448e-05,-9.708747054164294e-06,-1.917346883304425e-05,-8.040187865800533e-06,-1.7991685796427494e-05,-6.113081780338647e-06,-1.7001283435196265e-05,-3.855655333614147e-06,-1.617313529024998e-05,-4.912864550804479e-06,-1.512318042899768e-05,-2.7900102374758294e-06,-1.3871165934865288e-05,-2.019550375441812e-06,-1.3407671614642988e-05
5702.90523775457,83.78131307481075,9.736646409725434,448.571279968908,-11.827251484423492,2,1.0,0.0,1.010610698265202e-05,2.664625983647429e-07,1.0228716091316358e-14,4,0.0045364608648729,0.0045178284117023,0.0470676174626048,0.047049009459682,2.629278893390745e-05,3.5794885035728853e-06,0.2513846698200491,0.043135470273054,modal_baffled,lossless,0.0,343.0,1.225,1.4,1.81e-05,0.0257,1006.0,1,1.010610698265202e-05,1.0106106982651971e-05,0.0,0.0,True,dirichlet,exp(+iwt)_rms,120081,16,8.8714074024938e-14,0.000558617375413,7.604991917036767e-05,5.5717965792311815e-05,-0.0003784545410248,-7.520143093326638e-05,-0.0001110515883168,-7.820394997100005e-05,-5.247701181835368e-05,-4.647967799622674e-05,-3.818393977335235e-05,-3.1812489342643215e-05,-2.959303422536145e-05,-2.3173461030013536e-05,-2.490477101688482e-05,-1.819823716879813e-05,-2.174938465860954e-05,-1.4963883222567347e-05,-1.971664071572506e-05,-1.2263526847948846e-05,-1.7811623194413418e-05,-1.0427951003133036e-05,-1.686254765220626e-05,-8.357178612684133e-06,-1.6122775614608075e-05,-6.008020384618766e-06,-1.5615388150942247e-05,-6.942617745733921e-06,-1.4464296685849176e-05,-4.6630018256374976e-06,-1.3477027291744444e-05,-3.773064237931854e-06,-1.3054950773216509e-05
5726.537309300558,83.89648367849112,2.76633947663448,445.6846277532638,-14.957060808859602,2,1.0,0.0,1.0167183504154732e-05,3.412080481507318e-07,2.1280962374792823e-14,4,0.0045364608648729,0.0045178284117023,0.0470676174626048,0.047049009459682,2.6409330782778637e-05,3.693769955328202e-07,0.2537530493720244,0.0122611656683644,modal_baffled,lossless,0.0,343.0,1.225,1.4,1.81e-05,0.0257,1006.0,1,1.0167183504154732e-05,1.0167183504155032e-05,0.0,0.0,True,dirichlet,exp(+iwt)_rms,120081,16,1.4863577805332884e-13,0.0005610934269991,7.847794629211677e-06,1.0405941909232716e-05,-0.0003887049520866,-8.778051352383557e-05,-0.0001062504573855,-8.497797203905306e-05,-3.955871030113006e-05,-5.189253264875593e-05,-3.16665693787668e-05,-3.579203101394409e-05,-2.511180342171466e-05,-2.6523694170841302e-05,-2.16179415364541e-05,-2.111335964554736e-05,-1.914407254465374e-05,-1.7570646258252563e-05,-1.760658424201139e-05,-1.4608228832546812e-05,-1.604425235666962e-05,-1.2678009466654338e-05,-1.5403863819212217e-05,-1.0416088517632328e-05,-1.4927939512185604e-05,-7.979715148522098e-06,-1.4638757994118713e-05,-8.785835564835002e-06,-1.3431260901350648e-05,-6.364889275911317e-06,-1.275406483234169e-05,-5.6075159359216845e-06,-1.244512292661569e-05
5750.267308969541,83.82228802916862,-4.215061464857041,441.78165198502586,-17.06397931256427,2,1.0,0.0,1.0253261750679531e-05,3.960360182768125e-07,5.690731537594045e-14,4,0.0045364608648729,0.0045178284117023,0.0470676174626048,0.047049009459682,2.6171878232195213e-05,-2.819284125173184e-06,0.252634342376104,-0.0186190763692836,modal_baffled,lossless,0.0,343.0,1.225,1.4,1.81e-05,0.0257,1006.0,1,1.0253261750679531e-05,1.0253261750679062e-05,0.0,0.0,True,dirichlet,exp(+iwt)_rms,120081,16,4.856221192178696e-13,0.0005560485030496,-5.9898594344893296e-05,-3.85032237013514e-05,-0.0003937323350619,-0.000101271830367,-9.93342365450668e-05,-8.923424045349196e-05,-2.547618778985517e-05,-5.62317522981464e-05,-2.4206889538915955e-05,-3.906611340663586e-05,-1.9966015931158467e-05,-2.929387070900809e-05,-1.779007697320288e-05,-2.3567719731314857e-05,-1.6096659795879448e-05,-1.983620923955436e-05,-1.5058931897593432e-05,-1.6703830834780114e-05,-1.391179311466728e-05,-1.4705567088258897e-05,-1.3528345543831809e-05,-1.2385402119237506e-05,-1.335224461680505e-05,-9.935399146982145e-06,-1.342643070568333e-05,-1.0596605533010634e-05,-1.2163395444673236e-05,-8.06757259644464e-06,-1.182187678777846e-05,-7.168441667453846e-06,-1.1591525069251471e-05
5774.095642562477,83.88135900294338,-11.176900005041084,437.48230024560274,-18.05732283815901,2,1.0,0.0,1.0351836793872314e-05,4.272777638088323e-07,1.5030348731831745e-13,4,0.0045364608648729,0.0045178284117023,0.0470676174626048,0.047049009459682,2.5595447504124687e-05,-5.941017964480639e-06,0.2481287834962896,-0.049026870014068,modal_baffled,lossless,0.0,343.0,1.225,1.4,1.81e-05,0.0257,1006.0,1,1.0351836793872314e-05,1.0351836793876038e-05,0.0,0.0,True,dirichlet,exp(+iwt)_rms,120081,16,1.2935409821839828e-12,0.0005438016386629,-0.0001262230443085,-9.027031639028032e-05,-0.000391595510474,-0.0001153359912987,-9.01188642438767e-05,-9.051220607392052e-05,-1.1042478271517986e-05,-5.93544593260608e-05,-1.6078114353277337e-05,-4.150587763582104e-05,-1.4354881652049254e-05,-3.14633422234235e-05,-1.3569952050674387e-05,-2.55548014371673e-05,-1.2698580244655729e-05,-2.1703757394318492e-05,-1.2195215825900748e-05,-1.8445676584866112e-05,-1.1479176462116173e-05,-1.641352215460897e-05,-1.1379110167291138e-05,-1.4053878694527727e-05,-1.1518757720544284e-05,-1.1635240140657474e-05,-1.1903080504232887e-05,-1.2158953962374543e-05,-1.0600368509289127e-05,-9.59103114125433e-06,-1.062619042912469e-05,-8.616544498488605e-06,-1.0483406269567792e-05
5798.022717561909,84.19941299509466,-18.175454057609645,433.1431692863694,-17.63074186048708,2,1.0,0.0,1.0456028096565508e-05,4.2560415430369284e-07,4.9221650892570685e-14,4,0.0045364608648729,0.0045178284117023,0.0470676174626048,0.047049009459682,2.4691106881940887e-05,-8.998172571375595e-06,0.2403230612271289,-0.0789001326305988,modal_baffled,lossless,0.0,343.0,1.225,1.4,1.81e-05,0.0257,1006.0,1,1.0456028096565508e-05,1.0456028096565426e-05,0.0,0.0,True,dirichlet,exp(+iwt)_rms,120081,16,4.172397420693315e-13,0.0005245879909166,-0.0001911754419803,-0.0001433156834777,-0.0003810111564373,-0.0001291618290244,-7.817922702724893e-05,-8.89964720100088e-05,2.922643581816353e-06,-6.111743186468024e-05,-7.586026647514233e-06,-4.306437253617112e-05,-8.498370173082629e-06,-3.292086925305891e-05,-9.18079104950778e-06,-2.7008141931421243e-05,-9.041854561462148e-06,-2.311536726563101e-05,-9.111834680651908e-06,-1.979457784313796e-05,-8.887016552824332e-06,-1.7772906290339005e-05,-8.954760239536288e-06,-1.541125541102531e-05,-9.534457618420551e-06,-1.3077739223092534e-05,-1.0413621365694836e-05,-1.34571995001177e-05,-8.854040276740009e-06,-1.0949151625095722e-05,-9.125105187286844e-06,-9.841530804489704e-06,-9.282915969359577e-06
5822.048943138933,84.02361388519492,-25.179259307176626,429.0281960287966,-16.329111656009438,2,1.0,0.0,1.0558510653607054e-05,4.018642620224021e-07,2.2546856791696463e-14,4,0.0045364608648729,0.0045178284117023,0.0470676174626048,0.047049009459682,2.345448988161325e-05,-1.194113731865544e-05,0.2291913524486865,-0.1077479443593642,modal_baffled,lossless,0.0,343.0,1.225,1.4,1.81e-05,0.0257,1006.0,1,1.0558510653607054e-05,1.0558510653607166e-05,0.0,0.0,True,dirichlet,exp(+iwt)_rms,120081,16,1.887252244233484e-13,0.0004983147893612,-0.0002537017584997,-0.00019545879178,-0.0003618677856382,-0.0001421403860477,-6.298685673367009e-05,-8.47050007090031e-05,1.5693227222950488e-05,-6.164995450689099e-05,1.087599458728399e-06,-4.361145122263991e-05,-2.5436294182374368e-06,-3.3801737274952105e-05,-4.519922437748899e-06,-2.7823912235007867e-05,-5.29891874513825e-06,-2.4036583070504017e-05,-5.89893590034408e-06,-2.0683192222928836e-05,-6.055117694911921e-06,-1.870830733800071e-05,-6.475712618342546e-06,-1.639431160099525e-05,-7.277611989554194e-06,-1.4243314403975094e-05,-8.380147739414909e-06,-1.4556014411515385e-05,-6.933817332686773e-06,-1.1926921439964791e-05,-7.640488835291129e-06,-1.0976934739914944e-05,-7.719195947123068e-06
5846.174730160194,83.98615285707297,-32.326661815671315,425.4607512240855,-13.934237288889198,2,1.0,0.0,1.0651041606042943e-05,3.488315683301791e-07,2.0301384319088316e-14,4,0.0045364608648729,0.0045178284117023,0.0470676174626048,0.047049009459682,2.186931621784479e-05,-1.4805044866167206e-05,0.2146140268780092,-0.1358131762183882,modal_baffled,lossless,0.0,343.0,1.225,1.4,1.81e-05,0.0257,1006.0,1,1.0651041606042943e-05,1.0651041606044294e-05,0.0,0.0,True,dirichlet,exp(+iwt)_rms,120081,16,1.6073281779364953e-13,0.0004646361425712,-0.0003145484234023,-0.0002446367800634,-0.0003335322502724,-0.0001531802939253,-4.507606955158962e-05,-7.859319213377555e-05,2.679538274928514e-05,-6.082225165694145e-05,9.637674449279307e-06,-4.338011219395107e-05,3.3880453626378696e-06,-3.392323795364302e-05,6.726030171521334e-08,-2.8155148425657314e-05,-1.4902568203567934e-06,-2.448814399507461e-05,-2.6032559618064e-06,-2.121204187063119e-05,-3.2055877814299127e-06,-1.9311228128533423e-05,-3.872691772875879e-06,-1.7133177660137104e-05,-5.017743299283929e-06,-1.5136726891950084e-05,-6.379253980298563e-06,-1.525056976887498e-05,-4.8834656577902844e-06,-1.2803761567240192e-05,-5.948886149770018e-06,-1.179382811183874e-05,-6.21265930941087e-06
5870.400491194913,84.02309713277076,-39.5778185196011,422.6717039650376,-10.739247078805612,2,1.0,0.0,1.072589937370454e-05,2.725237635641384e-07,1.1835557254875502e-13,4,0.0045364608648729,0.0045178284117023,0.0470676174626048,0.047049009459682,1.9915615838716887e-05,-1.751426127380684e-05,0.1964464225577444,-0.1623865544868611,modal_baffled,lossless,0.0,343.0,1.225,1.4,1.81e-05,0.0257,1006.0,1,1.072589937370454e-05,1.072589937370502e-05,0.0,0.0,True,dirichlet,exp(+iwt)_rms,120081,16,9.851369503579186e-13,0.0004231277662299,-0.000372108515748,-0.0002888259551504,-0.0002973153800772,-0.0001616349117617,-2.4618014533777374e-05,-7.106361044177465e-05,3.582933760943036e-05,-5.882741562716195e-05,1.790964346113864e-05,-4.233870256836342e-05,9.117105876256365e-06,-3.343860568136302e-05,4.548862697074839e-06,-2.795997312590321e-05,2.251040470850202e-06,-2.449645985229687e-05,6.638931526991637e-07,-2.1343726679418647e-05,-3.621737489750408e-07,-1.9545039332730327e-05,-1.269483865456055e-06,-1.753942381607963e-05,-2.7305092571222056e-06,-1.5747362794794813e-05,-4.328398868720526e-06,-1.567224219707315e-05,-2.8062631787440843e-06,-1.3417498386902086e-05,-4.202156686722873e-06,-1.2412006170405393e-05,-4.629097987415127e-06
5894.726640521943,84.09544300180194,-46.93442269394587,420.8467349339914,-7.027463324064557,2,1.0,0.0,1.0776360872578874e-05,1.799478872298023e-07,4.156084146807111e-14,4,0.0045364608648729,0.0045178284117023,0.0470676174626048,0.047049009459682,1.7589539841192545e-05,-2.000845581002589e-05,0.174692455847611,-0.1869053790266516,modal_baffled,lossless,0.0,343.0,1.225,1.4,1.81e-05,0.0257,1006.0,1,1.0776360872578874e-05,1.0776360872578988e-05,0.0,0.0,True,dirichlet,exp(+iwt)_rms,120081,16,3.390898989235359e-13,0.0003737078864288,-0.0004251002470206,-0.0003263653609802,-0.0002544974605515,-0.000166928999195,-2.292357832012153e-06,-6.276789718776885e-05,4.26865582849723e-05,-5.578791250974978e-05,2.5734254432394957e-05,-4.058435180171069e-05,1.458318650531021e-05,-3.239278640262507e-05,8.906481608783074e-06,-2.726066870247643e-05,5.9189281731139e-06,-2.4026505294548618e-05,3.894071801743132e-06,-2.1044637552855277e-05,2.4714036190388062e-06,-1.9386678559563163e-05,1.3426506115948644e-06,-1.7619280227620875e-05,-3.9300594981460346e-07,-1.6075444328365406e-05,-2.1663856567289864e-06,-1.5799366151615188e-05,-6.311776867446701e-07,-1.3765208838330792e-05,-2.3454224655638e-06,-1.2806625042861728e-05,-2.967943855478347e-06
5919.153594136851,84.05517124100874,-54.43706907908838,420.0744252037728,-2.7722235787092813,2,1.0,0.0,1.0798713349877507e-05,7.126462829469168e-08,1.5838827048892095e-14,4,0.0045364608648729,0.0045178284117023,0.0470676174626048,0.047049009459682,1.4886378955235694e-05,-2.2235299329706024e-05,0.1493328484949131,-0.2088712852918658,modal_baffled,lossless,0.0,343.0,1.225,1.4,1.81e-05,0.0257,1006.0,1,1.0798713349877507e-05,1.0798713349877546e-05,0.0,0.0,True,dirichlet,exp(+iwt)_rms,120081,16,1.2383714757527354e-13,0.0003162764498768,-0.000472411830647,-0.0003560470765903,-0.0002069781480295,-0.0001683447347741,2.1535191773244223e-05,-5.447683335128048e-05,4.745354233703744e-05,-5.176611615592557e-05,3.303889046286708e-05,-3.818195642366192e-05,1.967372906401021e-05,-3.0833732522178285e-05,1.2989331382035496e-05,-2.616230276809567e-05,9.344359789192809e-06,-2.325886210364916e-05,6.875528055674183e-06,-2.0519483610792232e-05,5.077992946169474e-06,-1.8983782284611825e-05,3.772214641634651e-06,-1.7450906685313974e-05,1.8186740348229856e-06,-1.6169430315754164e-05,-1.4747719824389786e-07,-1.5706258648822275e-05,1.3291119587684114e-06,-1.392028091410611e-05,-5.829400102622242e-07,-1.303507410320487e-05,-1.312050958534338e-06
5943.681769759038,87.24832800375174,-62.28747699182488,420.36567601028855,2.700429500958537,2,1.0,0.0,1.079125609385232e-05,-6.932303937090277e-08,7.829959739415857e-14,4,0.0045364608648729,0.0045178284117023,0.0470676174626048,0.047049009459682,1.1729189039368171e-05,-2.4132952051367167e-05,0.1197039228045502,-0.2278813418422415,modal_baffled,lossless,0.0,343.0,1.225,1.4,1.81e-05,0.0257,1006.0,1,1.079125609385232e-05,1.0791256093851677e-05,0.0,0.0,True,dirichlet,exp(+iwt)_rms,120081,16,6.389226220615083e-13,0.0002491986990564,-0.0005127294167915,-0.0003781516485475,-0.0001555974624114,-0.0001664996686041,4.643420718839272e-05,-4.709349485196734e-05,5.040752717241919e-05,-4.7146658492782266e-05,4.010445729109304e-05,-3.4747962360860745e-05,2.452949971912397e-05,-2.893950291279033e-05,1.6966389171752167e-05,-2.468005930160768e-05,1.2727973640178035e-05,-2.170665118454654e-05,9.87109855398039e-06,-1.9918696940261404e-05,7.763993271159673e-06,-1.822487888868541e-05,6.222277542590977e-06,-1.6949848207041893e-05,4.072931058185556e-06,-1.6474897158789217e-05,2.037437781544802e-06,-1.6190871180154823e-05,3.4682404451778983e-06,-1.342001057503854e-05,1.2211762331522806e-06,-1.3501468680469866e-05,3.98706973694817e-07
5968.311586838872,84.5374965380916,-69.77116394956153,420.76813575260553,5.686247756679141,2,1.0,0.0,1.0779410674980958e-05,-1.456726271805246e-07,1.1157437742639729e-13,4,0.0045364608648729,0.0045178284117023,0.0470676174626048,0.047049009459682,8.499949138969311e-06,-2.555596391209389e-05,0.089262567876647,-0.2422322845363107,modal_baffled,lossless,0.0,343.0,1.225,1.4,1.81e-05,0.0257,1006.0,1,1.0779410674980958e-05,1.077941067498104e-05,0.0,0.0,True,dirichlet,exp(+iwt)_rms,120081,16,9.10303819584207e-13,0.0001805901721225,-0.0005429627690927,-0.0003918220759852,-0.00010529170339,-0.0001595564396843,6.971481894216152e-05,-3.984132746802937e-05,5.211776683503116e-05,-4.1121182996978974e-05,4.589670424899821e-05,-3.1872980074396804e-05,2.890302025389561e-05,-2.63933039389421e-05,2.0394625491639835e-05,-2.284901753733288e-05,1.5667234311465474e-05,-2.075834750556244e-05,1.2551096168688309e-05,-1.851676284224416e-05,1.0192259411950385e-05,-1.737437778489952e-05,8.55018214506088e-06,-1.6509722946950898e-05,6.337512302412676e-06,-1.563766215052414e-05,3.988908529528184e-06,-1.464029341779718e-05,5.028982443799845e-06,-1.3655816425070972e-05,3.1310133036072293e-06,-1.293513228456818e-05,2.044682388763092e-06
5993.043466564872,84.00486072228594,-77.53389075528813,423.198598741744,8.96668341122628,2,1.0,0.0,1.0714650886740912e-05,-2.2702079508030267e-07,8.885737075925072e-14,4,0.0045364608648729,0.0045178284117023,0.0470676174626048,0.047049009459682,4.950067125256273e-06,-2.6471454389875232e-05,0.055711076998696,-0.2520017500870027,modal_baffled,lossless,0.0,343.0,1.225,1.4,1.81e-05,0.0257,1006.0,1,1.0714650886740912e-05,1.0714650886745276e-05,0.0,0.0,True,dirichlet,exp(+iwt)_rms,120081,16,5.18537157980364e-13,0.0001051692733159,-0.0005624133070025,-0.0003982583761603,-5.3747115736031767e-05,-0.0001495161871552,9.248866525064605e-05,-3.392486041477296e-05,5.304494215532955e-05,-3.456757138905676e-05,5.134313469894252e-05,-2.790416132226984e-05,3.269089596948503e-05,-2.3583571557512376e-05,2.364273880526512e-05,-2.063737904682342e-05,1.8496712823438046e-05,-1.8899313991006067e-05,1.5122311334272746e-05,-1.6969912762695382e-05,1.2431762038956388e-05,-1.60423607479391e-05,1.0605240050048706e-05,-1.5523548553876124e-05,8.22583429814228e-06,-1.4975271806286528e-05,5.92747021265734e-06,-1.3855005179791436e-05,7.003449160612705e-06,-1.3116199169586454e-05,4.758771442646046e-06,-1.2578954176136985e-05,3.5821872429388724e-06
6017.877831870909,83.98491806506544,-85.4295778598888,425.9755295337165,12.239968687481811,2,1.0,0.0,1.0640795425772556e-05,-3.057523115563072e-07,2.7427875738790755e-14,4,0.0045364608648729,0.0045178284117023,0.0470676174626048,0.047049009459682,1.2383032667738477e-06,-2.686554020875457e-05,0.0205400383588524,-0.2569478852115319,modal_baffled,lossless,0.0,343.0,1.225,1.4,1.81e-05,0.0257,1006.0,1,1.0640795425772556e-05,1.0640795425772554e-05,0.0,0.0,True,dirichlet,exp(+iwt)_rms,120081,16,2.0354758229177117e-13,2.630902802245466e-05,-0.0005707860660272,-0.0003984016554656,-3.8244493546559705e-06,-0.0001356294950275,0.0001136840329021,-2.9400846527536037e-05,5.36809407338433e-05,-2.7261371184838903e-05,5.602630700803606e-05,-2.348459901037265e-05,3.6177896777848665e-05,-2.0373061280866665e-05,2.660442863050614e-05,-1.810581373957553e-05,2.1062865405350906e-05,-1.6827833525611586e-05,1.7477606575281315e-05,-1.5294726607213318e-05,1.4580479982608636e-05,-1.4599975403516371e-05,1.2595279987011498e-05,-1.4429361558531168e-05,1.0200153979327865e-05,-1.4161190762119233e-05,7.90444165603317e-06,-1.2872140243084322e-05,8.735335779788875e-06,-1.2415675933839535e-05,6.434479435343773e-06,-1.2114657244263933e-05,5.210576319702932e-06
6042.815107443416,83.92149666477451,-93.36960146273178,429.5777634083912,14.84654742650535,2,1.0,0.0,1.0547679948456272e-05,-3.645361653542625e-07,1.3115500335035165e-13,4,0.0045364608648729,0.0045178284117023,0.0470676174626048,0.047049009459682,-2.501931631652959e-06,-2.6671052938881742e-05,-0.0150978465821542,-0.2564236046771733,modal_baffled,lossless,0.0,343.0,1.225,1.4,1.81e-05,0.0257,1006.0,1,1.0547679948456272e-05,1.054767994845681e-05,0.0,0.0,True,dirichlet,exp(+iwt)_rms,120081,16,1.0679909734310693e-12,-5.315611383220617e-05,-0.0005666539837091,-0.0003932546913788,4.4197157729890086e-05,-0.0001183925807296,0.0001326029924253,-2.5856576122008435e-05,5.470641635917042e-05,-1.9150309791625517e-05,5.9767787021815664e-05,-1.861518276909684e-05,3.918081951360356e-05,-1.6775030307358322e-05,2.92021261507337e-05,-1.5263487844258343e-05,2.33882411167127e-05,-1.4479603145901548e-05,1.9636368835179693e-05,-1.3317180622879976e-05,1.6540275466944422e-05,-1.2888340562598156e-05,1.4449696528933706e-05,-1.3037169711919432e-05,1.2057516808208296e-05,-1.3034925192351704e-05,9.715000811191576e-06,-1.1706621683150998e-05,1.0367540732128794e-05,-1.15166573230878e-05,8.079645307190604e-06,-1.1404232054606494e-05,6.755934950193308e-06
6067.855719728692,83.88184493937877,-101.32166292897026,433.8343244628783,16.627325084025376,2,1.0,0.0,1.0441329105635626e-05,-4.001789705405268e-07,9.454912832186512e-14,4,0.0045364608648729,0.0045178284117023,0.0470676174626048,0.047049009459682,-6.1511273640382325e-06,-2.588975999569965e-05,-0.0501333535781725,-0.2504001753552292,modal_baffled,lossless,0.0,343.0,1.225,1.4,1.81e-05,0.0257,1006.0,1,1.0441329105635626e-05,1.0441329105636708e-05,0.0,0.0,True,dirichlet,exp(+iwt)_rms,120081,16,6.690692936010923e-13,-0.0001306870348584,-0.0005500546106092,-0.0003837471130605,9.03453548997254e-05,-9.823982100188654e-05,0.0001485628453954,-2.2934678417538548e-05,5.659768078753719e-05,-1.029332666218491e-05,6.23753215142165e-05,-1.3278284839849582e-05,4.160177122248067e-05,-1.278923136343094e-05,3.137428075101591e-05,-1.2070487633140586e-05,2.5372926761081424e-05,-1.182013381176584e-05,2.151321787463855e-05,-1.1058496445369409e-05,1.8290133877131636e-05,-1.0931470452468697e-05,1.6113906988145602e-05,-1.1399272858288897e-05,1.3789212939338022e-05,-1.1668608468477373e-05,1.1441366447623064e-05,-1.0321829631274968e-05,1.1870022339800992e-05,-1.0374405175225752e-05,9.624784672060903e-06,-1.050469001067743e-05,8.26909823334425e-06
6093.000096940159,84.12126770567637,-109.25667926818556,438.56825024888246,17.437137918684883,2,1.0,0.0,1.0327471170457976e-05,-4.106123483592885e-07,2.6527745630248907e-14,4,0.0045364608648729,0.0045178284117023,0.0470676174626048,0.047049009459682,-9.59108619166283e-06,-2.454947534542836e-05,-0.0835132753983387,-0.2390557570009269,modal_baffled,lossless,0.0,343.0,1.225,1.4,1.81e-05,0.0257,1006.0,1,1.0327471170457976e-05,1.032747117045771e-05,0.0,0.0,True,dirichlet,exp(+iwt)_rms,120081,16,1.9025910871821645e-13,-0.0002037725023851,-0.0005215788830809,-0.0003704262237455,0.0001350931339618,-7.560429470002464e-05,0.0001613405388864,-2.0029693342928783e-05,5.956625263611491e-05,-6.842343237758319e-07,6.361016562002472e-05,-7.524695740627129e-06,4.339337436515437e-05,-8.433186897858608e-06,3.3004492091490404e-05,-8.352878124932104e-06,2.701262424798088e-05,-9.086036406434158e-06,2.30105515079936e-05,-8.34929394050622e-06,1.9822037220656645e-05,-8.781390081673337e-06,1.7519958561562512e-05,-9.489105917986231e-06,1.53406862101223e-05,-9.970295281391263e-06,1.3015800589385943e-05,-8.825001688869692e-06,1.3156354159861367e-05,-8.795638722036492e-06,1.1113622964261956e-05,-9.614612183790692e-06,9.6093526843899e-06
6118.248669065705,83.80148029716926,-117.08570131502746,443.6995659393884,16.88409536223433,2,1.0,0.0,1.0209388917763312e-05,-3.8849777937624034e-07,1.5615685697405794e-14,4,0.0045364608648729,0.0045178284117023,0.0470676174626048,0.047049009459682,-1.2709565993489855e-05,-2.273986204021164e-05,-0.1141264270063942,-0.2231599057057356,modal_baffled,lossless,0.0,343.0,1.225,1.4,1.81e-05,0.0257,1006.0,1,1.0209388917763312e-05,1.020938891776422e-05,0.0,0.0,True,dirichlet,exp(+iwt)_rms,120081,16,1.1909650999865737e-13,-0.0002700278169717,-0.0004831317849958,-0.0003531946189939,0.0001786726658626,-5.177736308267692e-05,0.0001694061601557,-1.638990814426865e-05,6.401271877839523e-05,8.938473820990955e-06,6.320607440232526e-05,-1.4317530484416935e-06,4.419537044408199e-05,-3.8006213869217327e-06,3.409095048347858e-05,-4.831051727925046e-06,2.803227926105323e-05,-5.582854940551401e-06,2.422006169653206e-05,-5.787427540537459e-06,2.087575711535695e-05,-6.2617888329689465e-06,1.870065629907555e-05,-7.3231778625214225e-06,1.662798058563271e-05,-8.170658038192437e-06,1.4335024204147949e-05,-6.8736648638562e-06,1.440238905235767e-05,-7.466327515832e-06,1.223525004102038e-05,-7.949215142561453e-06,1.102367641983584e-05
6143.601867875024,83.94651777026547,-124.83195974184802,449.0653146582853,15.039072159455342,2,1.0,0.0,1.0090689477643652e-05,-3.37934376669498e-07,6.073066496028537e-14,4,0.0045364608648729,0.0045178284117023,0.0470676174626048,0.047049009459682,-1.5438828268613143e-05,-2.052426895601839e-05,-0.1413754399149022,-0.2031706811123739,modal_baffled,lossless,0.0,343.0,1.225,1.4,1.81e-05,0.0257,1006.0,1,1.0090689477643652e-05,1.0090689477645804e-05,0.0,0.0,True,dirichlet,exp(+iwt)_rms,120081,16,4.91588519529758e-13,-0.000328013804414,-0.0004360592284562,-0.000331500449889,0.0002217074032941,-2.695735153381692e-05,0.0001737229042857,-1.1285813342439617e-05,6.92607267345273e-05,1.884262243138351e-05,6.096406263634184e-05,4.833242466447306e-06,4.418919757829534e-05,1.059126181905868e-06,3.442001782816072e-05,-8.262830381556751e-07,2.856476644650499e-05,-2.1883567209060942e-06,2.4904685286379577e-05,-2.772942396848176e-06,2.158589368945161e-05,-3.613417492339128e-06,1.949484402665586e-05,-4.949623225380225e-06,1.764109320377584e-05,-5.961395976143359e-06,1.5299346705575836e-05,-4.815384206986949e-06,1.5257257772834622e-05,-5.759317896286704e-06,1.3325033468056025e-05,-6.444507264057239e-06,1.2189653418448212e-05
6169.06012692701,83.75861816756901,-132.34958092418978,452.9380753280436,11.6724087390905,2,1.0,0.0,1.00089844051825e-05,-2.579358270020876e-07,1.2539113814906375e-14,4,0.0045364608648729,0.0045178284117023,0.0470676174626048,0.047049009459682,-1.7749278298177115e-05,-1.8092359616772425e-05,-0.1648307383000489,-0.180832007118753,modal_baffled,lossless,0.0,343.0,1.225,1.4,1.81e-05,0.0257,1006.0,1,1.00089844051825e-05,1.000898440518227e-05,0.0,0.0,True,dirichlet,exp(+iwt)_rms,120081,16,7.449612393604683e-14,-0.0003771016944352,-0.0003843908103304,-0.0003048680817957,0.0002636817685229,-2.815487218932007e-06,0.0001740667828957,-4.142607886537444e-06,7.482850513189456e-05,2.794108716703064e-05,5.705452414968623e-05,1.109792245630374e-05,4.3131002377336207e-05,5.898112487137914e-06,3.402331187447749e-05,3.2163280752855584e-06,2.8484413550279847e-05,1.3728617996481336e-06,2.4997047353569323e-05,2.681644319098729e-07,2.187710323926085e-05,-8.617110524780663e-07,1.9885768421760663e-05,-2.368731178542581e-06,1.8192026070640334e-05,-3.913728603268733e-06,1.6204559065671198e-05,-2.7542353824982253e-06,1.5952094243720252e-05,-3.6802782690485168e-06,1.385155521460997e-05,-4.571235668096652e-06,1.2900490265872804e-05
6194.623881577165,83.94770040196072,-139.7608641751579,456.5205323920406,7.201430176897891,2,1.0,0.0,9.93456368245232e-06,-1.5671379844025897e-07,5.2189189578827867e-14,4,0.0045364608648729,0.0045178284117023,0.0470676174626048,0.047049009459682,-1.964826700196889e-05,-1.5451894389523527e-05,-0.1845231720310731,-0.1561503419133371,modal_baffled,lossless,0.0,343.0,1.225,1.4,1.81e-05,0.0257,1006.0,1,9.93456368245232e-06,9.934563682452111e-06,0.0,0.0,True,dirichlet,exp(+iwt)_rms,120081,16,4.244611662726663e-13,-0.0004174476648957,-0.0003282914076073,-0.0002719079140072,0.0003040383988915,2.03477032007876e-05,0.0001708102371027,5.389980447573913e-06,8.012226082083555e-05,3.631185201481424e-05,5.138289694837485e-05,1.713452058058929e-05,4.115845325043768e-05,1.0689029043806218e-05,3.290878155136753e-05,7.221056351573526e-06,2.7816269569467815e-05,4.92923698218701e-06,2.462753731856156e-05,3.4384379656510418e-06,2.162050806969199e-05,1.9341959108196063e-06,1.988583621329293e-05,2.212209291588244e-07,1.8392881905405667e-05,-1.5856347092135808e-06,1.6572747252795028e-05,-4.88183361219001e-07,1.6327504707134695e-05,-1.6510966116571676e-06,1.4238070021106572e-05,-2.687915008749961e-06,1.350331409591691e-05
6220.293568985043,85.86962805875808,-146.67322417777694,456.07479217636944,-0.1164321400702512,2,1.0,0.0,9.946746996400358e-06,2.5393226273299e-09,3.892153726665952e-14,4,0.0045364608648729,0.0045178284117023,0.0470676174626048,0.047049009459682,-2.1222675132767848e-05,-1.2918221177544626e-05,-0.2009567860399372,-0.1321384111466567,modal_baffled,lossless,0.0,343.0,1.225,1.4,1.81e-05,0.0257,1006.0,1,9.946746996400358e-06,9.946746996401624e-06,0.0,0.0,True,dirichlet,exp(+iwt)_rms,120081,16,3.124357026038768e-13,-0.0004508975868521,-0.0002744609112158,-0.0002335768711589,0.0003401271334262,4.024988570484879e-05,0.0001648033091207,1.6809656887649213e-05,8.38117485122908e-05,4.2921159357951325e-05,4.476467786655536e-05,2.2416112960928063e-05,3.854981589592293e-05,1.493921074502204e-05,3.1218575633148134e-05,1.0724380964464306e-05,2.6707158590080935e-05,7.955548761844907e-06,2.39004567483621e-05,6.351923829241451e-06,2.099944351700319e-05,4.453899722934916e-06,1.9537499266690696e-05,2.8057974080739403e-06,1.812226758081983e-05,1.075010061055454e-06,1.6352166119962575e-05,2.2182538213068323e-06,1.599951411036743e-05,7.644216491825581e-07,1.4071768404942202e-05,-5.645718198523268e-07,1.3610478009529256e-05
6246.069628121732,83.71004390150075,-154.13811008751725,458.29830118017486,-4.493486952495784,2,1.0,0.0,9.897537899547212e-06,9.704259714452507e-08,4.5850026471761607e-14,4,0.0045364608648729,0.0045178284117023,0.0470676174626048,0.047049009459682,-2.2424642959556616e-05,-9.96226377406299e-06,-0.2140428677879757,-0.1037577509668286,modal_baffled,lossless,0.0,343.0,1.225,1.4,1.81e-05,0.0257,1006.0,1,9.897537899547212e-06,9.897537899538249e-06,0.0,0.0,True,dirichlet,exp(+iwt)_rms,120081,16,3.579046462804877e-13,-0.0004764346310363,-0.0002116585523364,-0.0001867317364339,0.000373056294546,6.08061393501661e-05,0.0001566919423173,3.130858771337052e-05,8.515222180798637e-05,4.877563418561079e-05,3.63910158624201e-05,2.7835801195115992e-05,3.467958034146941e-05,1.936767046761861e-05,2.857474556895153e-05,1.465424362054301e-05,2.470402914471368e-05,1.1542793629900256e-05,2.233128780105908e-05,9.354722116621658e-06,1.9837463688738657e-05,7.398699383923281e-06,1.8589984115916973e-05,5.45337942873378e-06,1.7496151667780128e-05,3.168594226185008e-06,1.6176000513799614e-05,4.169282141990175e-06,1.5808767381373596e-05,2.458164974997995e-06,1.403469271809722e-05,1.2656959653512246e-06,1.366299179677665e-05
6271.952499777357,89.25395722451765,-161.1651673276426,457.2233711893477,-10.98435139742582,2,1.0,0.0,9.916037592514194e-06,2.3822325858568854e-07,3.8933726014092346e-14,4,0.0045364608648729,0.0045178284117023,0.0470676174626048,0.047049009459682,-2.3354946027270176e-05,-7.147742438197238e-06,-0.2242367263321327,-0.0764885621216145,modal_baffled,lossless,0.0,343.0,1.225,1.4,1.81e-05,0.0257,1006.0,1,9.916037592514194e-06,9.91603759251421e-06,0.0,0.0,True,dirichlet,exp(+iwt)_rms,120081,16,3.038973977265988e-13,-0.0004961998776722,-0.0001518611483548,-0.0001345799046314,0.0003991809493413,7.745888807101511e-05,0.0001462868999109,4.644493863156945e-05,8.324053056661894e-05,5.246391590766476e-05,2.81665353048907e-05,3.206760531434734e-05,3.047255245691691e-05,2.3198210491472048e-05,2.5646631251713395e-05,1.824063338747284e-05,2.2513693330805816e-05,1.454028034110142e-05,2.054857416799903e-05,1.1683409212993348e-05,1.832847295475057e-05,9.85258115577863e-06,1.7394850182036523e-05,8.290051537499486e-06,1.655210012400449e-05,5.131308298101001e-06,1.5539138829683597e-05,5.451873662110281e-06,1.4989239929491488e-05,4.229710533392789e-06,1.3344578474683427e-05,3.882283227310357e-06,1.3212960066221387e-05
6297.942626568615,83.91670535563442,-168.45880351961594,453.33096005773,-15.170890477680087,2,1.0,0.0,9.995756793698787e-06,3.345117473102204e-07,4.425547018335478e-14,4,0.0045364608648729,0.0045178284117023,0.0470676174626048,0.047049009459682,-2.4077182108612217e-05,-4.163745742712576e-06,-0.232293134061451,-0.0474345333277062,modal_baffled,lossless,0.0,343.0,1.225,1.4,1.81e-05,0.0257,1006.0,1,9.995756793698787e-06,9.995756793698548e-06,0.0,0.0,True,dirichlet,exp(+iwt)_rms,120081,16,3.4810308259495065e-13,-0.0005115445269296,-8.846306584395663e-05,-7.94148058301645e-05,0.0004162775911307,9.496398174880772e-05,0.0001373817066277,6.256990406817199e-05,7.836512284279792e-05,5.475757121175879e-05,1.9113259715043628e-05,3.602894191317952e-05,2.5645861982537664e-05,2.6436272083046945e-05,2.2125574457375897e-05,2.090539807068153e-05,1.9697261187902196e-05,1.7258495633193036e-05,1.8301683213541053e-05,1.4496915997043312e-05,1.643526046827469e-05,1.2342567078044146e-05,1.587466532753804e-05,1.0079996020477608e-05,1.53212425048966e-05,7.453587766482502e-06,1.4590036867803262e-05,8.42946972850069e-06,1.4052976957767137e-05,6.093562629018587e-06,1.2835237986300714e-05,5.287865226864668e-06,1.28345446833454e-05
6324.04045294635,83.78340243294282,-175.6776369915944,449.1996637802719,-18.986927328537885,2,1.0,0.0,1.008097463949953e-05,4.261061356774268e-07,1.4052737199681668e-14,4,0.0045364608648729,0.0045178284117023,0.0470676174626048,0.047049009459682,-2.447281989848891e-05,-1.1450579336036408e-06,-0.2370139934567747,-0.0179142059164464,modal_baffled,lossless,0.0,343.0,1.225,1.4,1.81e-05,0.0257,1006.0,1,1.008097463949953e-05,1.0080974639499808e-05,0.0,0.0,True,dirichlet,exp(+iwt)_rms,120081,16,8.391471794444308e-14,-0.0005199502591762,-2.4327934901599543e-05,-2.0349899105997293e-05,0.0004253360627133,0.0001106721220607,0.0001263677216832,7.781268853599477e-05,6.912731031972122e-05,5.5164644541928885e-05,1.0513853125346012e-05,3.9202665640707614e-05,2.047417421579336e-05,2.916619734413268e-05,1.826367652633621e-05,2.336800392290437e-05,1.661054932815618e-05,1.958082373597749e-05,1.5717885317716112e-05,1.6595708061238215e-05,1.4245536852965144e-05,1.4325764855058307e-05,1.3989476490013454e-05,1.2016264559827148e-05,1.368956173840712e-05,9.367572272814064e-06,1.3435074040620144e-05,1.033158360946987e-05,1.2760488855545311e-05,7.817357124509028e-06,1.180141335366363e-05,6.818640609270693e-06,1.1891663452573284e-05
6350.246425203149,83.86451351332646,176.8482664943248,443.8868428309253,-20.991215476921933,2,1.0,0.0,1.019705511392577e-05,4.822142953401183e-07,4.0089632779891846e-14,4,0.0045364608648729,0.0045178284117023,0.0470676174626048,0.047049009459682,-2.4554369460835497e-05,2.030620841815174e-06,-0.2386129226986341,0.0131389048979139,modal_baffled,lossless,0.0,343.0,1.225,1.4,1.81e-05,0.0257,1006.0,1,1.019705511392577e-05,1.0197055113925904e-05,0.0,0.0,True,dirichlet,exp(+iwt)_rms,120081,16,3.1216393308022314e-13,-0.0005216828636024,4.314263077854958e-05,3.9570598322310895e-05,0.0004253882795306,0.0001262557458331,0.0001142057736836,9.168625376836574e-05,5.63092531536972e-05,5.431886728375758e-05,2.4693432395332945e-06,4.165413584446335e-05,1.4962704034675309e-05,3.143584048627377e-05,1.4079195949221836e-05,2.5474191911996782e-05,1.3261028219426804e-05,2.1630345116826465e-05,1.2859766577978392e-05,1.8496624596588053e-05,1.1791414260758598e-05,1.6171538286744115e-05,1.1895654207106545e-05,1.3821156767418935e-05,1.1900355767715395e-05,1.1139686737981947e-05,1.201991367137769e-05,1.2020943077629516e-05,1.1150436955960863e-05,9.407878154742049e-06,1.060473451903138e-05,8.447648334169615e-06,1.082005143466732e-05
6376.560991480974,83.9170341280253,169.2119748219127,438.39561868599134,-21.438642216247786,2,1.0,0.0,1.032318256408273e-05,5.048294464888299e-07,3.7969209530008845e-14,4,0.0045364608648729,0.0045178284117023,0.0470676174626048,0.047049009459682,-2.424675264914968e-05,5.29113998869227e-06,-0.2363557438177634,0.0450360755799213,modal_baffled,lossless,0.0,343.0,1.225,1.4,1.81e-05,0.0257,1006.0,1,1.032318256408273e-05,1.0323182564083875e-05,0.0,0.0,True,dirichlet,exp(+iwt)_rms,120081,16,2.9372835873023125e-13,-0.0005151472276754,0.0001124157175131,9.877924670560883e-05,0.0004162897360014,0.0001418118149241,0.000100162428589,0.0001027895431443,4.011632962318982e-05,5.23267748466076e-05,-4.86566224448235e-06,4.338628746132112e-05,9.208999186454984e-06,3.316728574496348e-05,9.695192975368318e-06,2.7193848132551937e-05,9.584661503723304e-06,2.330954845434013e-05,9.792618454427566e-06,1.9979599658053396e-05,9.150714908345602e-06,1.7793176335733908e-05,9.523777177399323e-06,1.5406879244786202e-05,9.809679992737454e-06,1.2762082150796823e-05,1.0362926580519704e-05,1.3603532397292629e-05,9.43257435473708e-06,1.079546210403404e-05,9.209772097711488e-06,9.894423700925813e-06,9.533644082291048e-06
6402.98460177883,83.93345131514127,161.36319030639717,433.1201678334512,-20.32718534221977,2,1.0,0.0,1.0450888934545378e-05,4.904808691456425e-07,6.062570030809492e-14,4,0.0045364608648729,0.0045178284117023,0.0470676174626048,0.047049009459682,-2.3488903931137216e-05,8.605405484459092e-06,-0.2296981690104662,0.0774662929223517,modal_baffled,lossless,0.0,343.0,1.225,1.4,1.81e-05,0.0257,1006.0,1,1.0450888934545378e-05,1.0450888934544252e-05,0.0,0.0,True,dirichlet,exp(+iwt)_rms,120081,16,4.5431514594160564e-13,-0.0004990459512806,0.0001828307007741,0.0001558473573548,0.0003983985603614,0.0001570339720505,8.366936793463094e-05,0.0001103173406959,2.127003392122633e-05,4.944179974597775e-05,-1.131245087986154e-05,4.440900916250497e-05,3.257657508509581e-06,3.4340649140710484e-05,5.062677630495188e-06,2.8365909234196072e-05,5.758853928035076e-06,2.4504633009693577e-05,6.487687233219953e-06,2.112153628456069e-05,6.29172990866928e-06,1.9017070034701767e-05,6.970312631840528e-06,1.6653827819244216e-05,7.591690502120437e-06,1.4126208736479703e-05,8.545792529759632e-06,1.485092119916074e-05,7.471629639879388e-06,1.204066311468724e-05,7.671449945192238e-06,1.114189269025134e-05,8.04955790639805e-06
6429.517707960456,83.98489282429452,153.30550434738714,428.5020719596501,-17.819765698189805,2,1.0,0.0,1.0568511337595614e-05,4.395040494281446e-07,2.154234268253416e-14,4,0.0045364608648729,0.0045178284117023,0.0470676174626048,0.047049009459682,-2.2220460197593805e-05,1.189224078184085e-05,-0.2180926760485885,0.1096629381165112,modal_baffled,lossless,0.0,343.0,1.225,1.4,1.81e-05,0.0257,1006.0,1,1.0568511337595614e-05,1.0568511337595204e-05,0.0,0.0,True,dirichlet,exp(+iwt)_rms,120081,16,1.617613888691688e-13,-0.000472096558005,0.0002526629012248,0.0002093853407917,0.0003724809473375,0.0001713951238413,6.387794932150677e-05,0.0001135376674722,8.049614433501542e-07,4.59101554050114e-05,-1.676162183997173e-05,4.467287239333223e-05,-2.831401202561101e-06,3.486948402023659e-05,2.533266050746877e-07,2.903012343423996e-05,1.7353398870825418e-06,2.529214362658026e-05,2.987161465124381e-06,2.191051023400957e-05,3.232527088502745e-06,1.9917815855149317e-05,4.223898091663385e-06,1.7614206509578702e-05,5.193918358096677e-06,1.5259050729892313e-05,6.491293395420919e-06,1.582275096780772e-05,5.2796645188624505e-06,1.3085374060084386e-05,5.925908194055036e-06,1.2208979804340183e-05,6.392611044224907e-06
6456.160763762053,94.7642531587093,144.8221929345132,431.1721226881402,-10.002357984883316,2,1.0,0.0,1.0515570563172092e-05,2.439408664280081e-07,4.1507101126516126e-14,4,0.0045364608648729,0.0045178284117023,0.0470676174626048,0.047049009459682,-2.0198716286670963e-05,1.5035794786190143e-05,-0.1994201249224749,0.1405597736896561,modal_baffled,lossless,0.0,343.0,1.225,1.4,1.81e-05,0.0257,1006.0,1,1.0515570563172092e-05,1.0515570563170612e-05,0.0,0.0,True,dirichlet,exp(+iwt)_rms,120081,16,3.0429500205705643e-13,-0.0004291425267641,0.0003194509430636,0.0002527386394527,0.0003376362477002,0.0001848334478427,4.2947288863324496e-05,0.0001116506785722,-2.0528310424194027e-05,4.2232315756790186e-05,-2.059952901281278e-05,4.415541752606759e-05,-8.659635318016325e-06,3.414415751048746e-05,-5.480782254670407e-06,2.9077062977503024e-05,-2.512531433104556e-06,2.56144184612391e-05,5.619833293051536e-07,2.2777725193218507e-05,-4.4311099032691977e-07,2.0514856592997987e-05,6.229062461438363e-07,1.7855507918879255e-05,2.3563905196187894e-06,1.5857976794504437e-05,4.021665625224135e-06,1.6637091833072068e-05,3.007939206280838e-06,1.2929738583776434e-05,4.4936919793414325e-07,1.3341786940084858e-05,5.58817555788992e-06
6482.914224800044,84.4002135485721,136.63159839107394,422.14539459232674,-9.96464688976866,2,1.0,0.0,1.0740220504234186e-05,2.535204842073435e-07,4.9467594005216624e-14,4,0.0045364608648729,0.0045178284117023,0.0470676174626048,0.047049009459682,-1.8051781314675352e-05,1.794079823887529e-05,-0.1791389260611735,0.1692162165393875,modal_baffled,lossless,0.0,343.0,1.225,1.4,1.81e-05,0.0257,1006.0,1,1.0740220504234186e-05,1.0740220504235087e-05,0.0,0.0,True,dirichlet,exp(+iwt)_rms,120081,16,3.6952917741129037e-13,-0.0003835286825176,0.0003811707327894,0.0003012949313373,0.0003010977495584,0.0001931426979879,1.3301489781432596e-05,0.0001061401107964,-3.981555467057064e-05,3.838068600903005e-05,-2.4809399718585592e-05,4.297063420279664e-05,-1.5140467827559363e-05,3.410001676436436e-05,-9.570282588498617e-06,2.8797678362772275e-05,-6.547353766489691e-06,2.538482645429409e-05,-4.4668805635933934e-06,2.200296934492945e-05,-3.192687018053801e-06,2.048173732176832e-05,-1.5919115057562178e-06,1.8607880212775565e-05,8.511830655227127e-08,1.6617592115272544e-05,1.861873559564936e-06,1.673607661540629e-05,4.144836383697229e-07,1.424494307659128e-05,1.9358553531347715e-06,1.3716496854404337e-05,2.8157679036719524e-06
6509.7785485788645,84.17211970319507,128.20766610746668,421.4645624349263,-5.030428493679189,2,1.0,0.0,1.076203103318235e-05,1.2845119705061558e-07,6.468618265851086e-14,4,0.0045364608648729,0.0045178284117023,0.0470676174626048,0.047049009459682,-1.5233489258764234e-05,2.0405273855969316e-05,-0.152507827320168,0.1937495307047884,modal_baffled,lossless,0.0,343.0,1.225,1.4,1.81e-05,0.0257,1006.0,1,1.076203103318235e-05,1.0762031033182347e-05,0.0,0.0,True,dirichlet,exp(+iwt)_rms,120081,16,4.748286702404438e-13,-0.0003236511657057,0.0004335310550227,0.0003387890517475,0.0002571562506629,0.0001972701548594,-1.6010499186531697e-05,9.575661997483422e-05,-5.739552523227611e-05,3.483576097568334e-05,-2.757840008247315e-05,4.092245974646604e-05,-2.110993122337091e-05,3.259329071050337e-05,-1.4396958892652547e-05,2.7635026967232787e-05,-1.0639750640992672e-05,2.4801068313933613e-05,-7.928977947801864e-06,2.169648072630292e-05,-6.181827427844301e-06,2.0203185935688493e-05,-4.576243972828652e-06,1.8461367092876284e-05,-2.705981233126718e-06,1.6928280742897213e-05,-5.380834221361611e-07,1.6749518960275674e-05,-1.8119165568514863e-06,1.4619529358348102e-05,-5.5475046972142334e-08,1.3889509241899416e-05,6.346564404069342e-07
6536.754194498789,84.12837294888445,119.61445519366626,421.6432192694717,-0.0837278596278985,2,1.0,0.0,1.0759003059151866e-05,2.136470496154428e-09,7.210761244899854e-14,4,0.0045364608648729,0.0045178284117023,0.0470676174626048,0.047049009459682,-1.1983375757436602e-05,2.240327664206813e-05,-0.1216092232897613,0.2139452502428142,modal_baffled,lossless,0.0,343.0,1.225,1.4,1.81e-05,0.0257,1006.0,1,1.0759003059151866e-05,1.0759003059151692e-05,0.0,0.0,True,dirichlet,exp(+iwt)_rms,120081,16,5.262302957428185e-13,-0.0002545991576258,0.0004759806816197,0.0003704158084699,0.0002090825775545,0.0001960594243374,-4.80302408706296e-05,8.215874146175684e-05,-7.200684729622103e-05,3.1657444612299016e-05,-3.0062996366587022e-05,3.794882902405493e-05,-2.6957423767378735e-05,3.0429514652064112e-05,-1.904859803396806e-05,2.599772117401144e-05,-1.459169736415716e-05,2.3497821177025615e-05,-1.1521583786237496e-05,2.063927938815432e-05,-9.37159921238442e-06,1.946525080673572e-05,-7.538212488998046e-06,1.801125284531427e-05,-5.442032129775137e-06,1.6756692345256362e-05,-3.109429131721745e-06,1.642000991612393e-05,-4.307558392164345e-06,1.4520446015690443e-05,-2.272760903545484e-06,1.3921263265566353e-05,-1.416982077570223e-06
6563.841623863782,84.04618241904836,111.0179733362206,423.03811300427975,4.7455487670532674,2,1.0,0.0,1.0722178298757496e-05,-1.2027904446822072e-07,6.550420632390798e-14,4,0.0045364608648729,0.0045178284117023,0.0470676174626048,0.047049009459682,-8.45327984263956e-06,2.3822129554496207e-05,-0.0878671496143741,0.2286873038238895,modal_baffled,lossless,0.0,343.0,1.225,1.4,1.81e-05,0.0257,1006.0,1,1.0722178298757496e-05,1.0722178298757664e-05,0.0,0.0,True,dirichlet,exp(+iwt)_rms,120081,16,4.849985937578183e-13,-0.0001795986348651,0.0005061256727817,0.0003956586823449,0.0001575170351005,0.0001884419330787,-8.027817710131718e-05,6.678198208615018e-05,-8.239880871692685e-05,2.884102408982627e-05,-3.2425084342563e-05,3.41630368926194e-05,-3.250865177767757e-05,2.761188439064185e-05,-2.346701734204453e-05,2.378385039009784e-05,-1.8370682647402942e-05,2.1709114775206458e-05,-1.49431808590554e-05,1.9143746153961e-05,-1.233656335663597e-05,1.824300852729834e-05,-1.0303790836829128e-05,1.709834807822442e-05,-7.958975900528988e-06,1.6174914791605295e-05,-5.491508456870389e-06,1.5678285822613517e-05,-6.64065756019478e-06,1.4100759052734598e-05,-4.406706239265773e-06,1.3647941718151637e-05,-3.4612207918080823e-06
6591.041299889393,84.02563025265556,102.4498859640927,425.8342904404122,8.966529327172168,2,1.0,0.0,1.0648391925947158e-05,-2.242166040514981e-07,4.767482360054988e-14,4,0.0045364608648729,0.0045178284117023,0.0470676174626048,0.047049009459682,-4.768634727463763e-06,2.4608928455751733e-05,-0.0524206229231295,0.2374367622382307,modal_baffled,lossless,0.0,343.0,1.225,1.4,1.81e-05,0.0257,1006.0,1,1.0648391925947158e-05,1.0648391925947432e-05,0.0,0.0,True,dirichlet,exp(+iwt)_rms,120081,16,3.5012614971969093e-13,-0.0001013145551982,0.0005228420256305,0.0004145338782175,0.0001028515263416,0.0001740192519206,-0.0001108350528528,5.0538302101258685e-05,-8.883301009921695e-05,2.6396775674713103e-05,-3.5003131152881887e-05,2.954140307764157e-05,-3.760674855905694e-05,2.4129260323997743e-05,-2.7474212472783025e-05,2.099856540564317e-05,-2.1799362368256684e-05,1.941846533497183e-05,-1.809216145619669e-05,1.722623530748781e-05,-1.510494288671827e-05,1.6642363387684714e-05,-1.2969589693332482e-05,1.585580598015195e-05,-1.0469402500441343e-05,1.5264971539807325e-05,-7.896177988432529e-06,1.461600781065614e-05,-8.925937202608834e-06,1.336420528833828e-05,-6.513258585103987e-06,1.3066326097789232e-05,-5.488869698310192e-06
6618.353687710669,84.95155783820033,93.91518414658616,429.6572550534244,12.308272971759314,2,1.0,0.0,1.0549667406652928e-05,-3.0221341470472977e-07,3.05867126393889e-14,4,0.0045364608648729,0.0045178284117023,0.0470676174626048,0.047049009459682,-1.058171928443851e-06,2.4766002570934696e-05,-0.0164386378209888,0.2401925687604129,modal_baffled,lossless,0.0,343.0,1.225,1.4,1.81e-05,0.0257,1006.0,1,1.0549667406652928e-05,1.0549667406652578e-05,0.0,0.0,True,dirichlet,exp(+iwt)_rms,120081,16,2.0195607220215653e-13,-2.2481952252725925e-05,0.0005261792269517,0.0004265447176628,4.5074956299918e-05,0.0001536333059032,-0.0001383202330688,3.497997863804205e-05,-9.188222181707867e-05,2.422361056705207e-05,-3.8110761309002445e-05,2.4120097299450343e-05,-4.217401586900169e-05,1.9999767852155173e-05,-3.10935283836522e-05,1.7669815196962796e-05,-2.485382899257772e-05,1.6598760874220653e-05,-2.0964854271503395e-05,1.4770941982497824e-05,-1.7597413053481973e-05,1.4644434494348965e-05,-1.5548688885778656e-05,1.4331228739914412e-05,-1.2936783811085031e-05,1.3993066268588158e-05,-1.016556955513004e-05,1.3107328694617102e-05,-1.106528257058576e-05,1.2268778057496308e-05,-8.535684217795176e-06,1.2373601691677092e-05,-7.53868390350593e-06
6645.779254390127,83.98769257599517,85.57150886203969,434.7361796513011,14.614601318652328,2,1.0,0.0,1.042319490498329e-05,-3.503983453254858e-07,7.019967729842336e-14,4,0.0045364608648729,0.0045178284117023,0.0470676174626048,0.047049009459682,2.511083443949508e-06,2.435471843804135e-05,0.0183828028606347,0.2373627404861959,modal_baffled,lossless,0.0,343.0,1.225,1.4,1.81e-05,0.0257,1006.0,1,1.042319490498329e-05,1.0423194904983732e-05,0.0,0.0,True,dirichlet,exp(+iwt)_rms,120081,16,5.135381628682805e-13,5.335055350835549e-05,0.0005174410720362,0.000430713407652,-1.3328319038812975e-05,0.0001285110466898,-0.0001595882730311,2.087553772984353e-05,-9.116476580588524e-05,2.1328178017334905e-05,-4.1836426018731045e-05,1.7897073809181774e-05,-4.600797604209154e-05,1.5440613576982548e-05,-3.395932074368179e-05,1.398396147028832e-05,-2.7455455473899367e-05,1.3499585019376905e-05,-2.3238470986511456e-05,1.2303250062732823e-05,-1.978019666747336e-05,1.2307479769974424e-05,-1.7447204444510452e-05,1.2191110795960362e-05,-1.477927857370322e-05,1.2312394496743576e-05,-1.2238576989147664e-05,1.1476323283770788e-05,-1.2965450536878274e-05,1.094605544156426e-05,-1.037754571037922e-05,1.0910639199560024e-05,-9.063760849727949e-06
6673.318468925703,84.52572410139427,77.29651241843698,440.808439661324,15.209918023767658,2,1.0,0.0,1.027899177478627e-05,-3.546724794597859e-07,5.11530731583415e-14,4,0.0045364608648729,0.0045178284117023,0.0470676174626048,0.047049009459682,5.888556015497861e-06,2.340693747085122e-05,0.0516783287439107,0.2292497633512839,modal_baffled,lossless,0.0,343.0,1.225,1.4,1.81e-05,0.0257,1006.0,1,1.027899177478627e-05,1.0278991774787549e-05,0.0,0.0,True,dirichlet,exp(+iwt)_rms,120081,16,3.748351128314318e-13,0.0001251084361806,0.0004973044894283,0.0004264628260604,-7.391136722098156e-05,9.99725267042966e-05,-0.0001761910304098,8.833700986479505e-06,-8.87904254601149e-05,1.773529152136144e-05,-4.594786455744901e-05,1.0950114959886112e-05,-4.8918993656849925e-05,1.0328133242848416e-05,-3.622794867128324e-05,9.682974709656073e-06,-2.9257678876378887e-05,9.99318891099162e-06,-2.522422423454229e-05,9.30166801520278e-06,-2.1547180587312023e-05,9.591636337146652e-06,-1.9229589442827845e-05,9.910808752666794e-06,-1.658128588131938e-05,1.0447868929167556e-05,-1.4122759643832392e-05,9.403236889324396e-06,-1.4568625651167312e-05,9.336698918741062e-06,-1.2037353052476324e-05,9.396817002645e-06,-1.063747817045428e-05
6700.97180225882,84.04352471237402,69.19102202442517,445.90530750604927,14.420532267552751,2,1.0,0.0,1.0162967790934156e-05,-3.286693441326151e-07,5.460367132294747e-14,4,0.0045364608648729,0.0045178284117023,0.0470676174626048,0.047049009459682,8.981235139480697e-06,2.205491063205549e-05,0.0825112852521895,0.217110003800126,modal_baffled,lossless,0.0,343.0,1.225,1.4,1.81e-05,0.0257,1006.0,1,1.0162967790934156e-05,1.016296779093447e-05,0.0,0.0,True,dirichlet,exp(+iwt)_rms,120081,16,4.0409122739990273e-13,0.0001908155887987,0.0004685792870135,0.0004139998329741,-0.0001340444960704,7.232058819743574e-05,-0.0001857073968709,-5.59702686433833e-07,-8.686219944912037e-05,1.3007381661184005e-05,-5.126132781127435e-05,3.3212398404774184e-06,-5.09911482103424e-05,4.803346337554974e-06,-3.787795761422903e-05,5.437882800681581e-06,-3.103311952399056e-05,6.094868442226704e-06,-2.6724234114102586e-05,5.970660422855148e-06,-2.2893379700051327e-05,6.752134479753635e-06,-2.063320395237525e-05,7.320359075982737e-06,-1.8080783964908456e-05,8.113384355630287e-06,-1.5555428978426633e-05,7.364568444979993e-06,-1.599357014161975e-05,7.407079517263572e-06,-1.329273518193326e-05,7.788287383884145e-06,-1.2275202060242228e-05
6728.739727282414,83.81916573585497,61.172855511422455,451.1665787564206,11.643693564118625,2,1.0,0.0,1.0048265039420757e-05,-2.593253234593601e-07,1.3144840127699733e-13,4,0.0045364608648729,0.0045178284117023,0.0470676174626048,0.047049009459682,1.1789394312618929e-05,2.034440732758176e-05,0.1107350602021181,0.2012004767739344,modal_baffled,lossless,0.0,343.0,1.225,1.4,1.81e-05,0.0257,1006.0,1,1.0048265039420757e-05,1.0048265039418692e-05,0.0,0.0,True,dirichlet,exp(+iwt)_rms,120081,16,9.611033410307246e-13,0.0002504778220819,0.0004322378829509,0.000392105487783,-0.0001924776342884,4.399036268251575e-05,-0.0001908718233198,-8.701303704857016e-06,-8.468913282326137e-05,6.594712228845781e-06,-5.578685359750116e-05,-4.7996619299003e-06,-5.174707087172106e-05,-1.0629997183121364e-06,-3.861581192954165e-05,6.21201790782817e-07,-3.1766879262401766e-05,1.9867410863816944e-06,-2.758833094596537e-05,2.4762802741551507e-06,-2.3804283694129428e-05,3.5270405367456803e-06,-2.1729128556461325e-05,4.538276411056897e-06,-1.919291799511276e-05,5.674317131292694e-06,-1.6767813749940597e-05,4.777935659066946e-06,-1.7126399814404804e-05,5.246657593400376e-06,-1.4416890458246027e-05,5.839236939547694e-06,-1.3418714671086114e-05
6756.622718849019,83.8542194302672,53.23618909583493,455.46661607468815,6.987399069821426,2,1.0,0.0,9.95768578999552e-06,-1.527627316052933e-07,7.223828570029414e-14,4,0.0045364608648729,0.0045178284117023,0.0470676174626048,0.047049009459682,1.429297502198215e-05,1.834628515555023e-05,0.1361274325619684,0.1822051117017914,modal_baffled,lossless,0.0,343.0,1.225,1.4,1.81e-05,0.0257,1006.0,1,9.95768578999552e-06,9.957685789995702e-06,0.0,0.0,True,dirichlet,exp(+iwt)_rms,120081,16,5.343516156734836e-13,0.0003036689722682,0.0003897857198768,0.0003614652932528,-0.0002472081294961,1.7214001354843858e-05,-0.0001920729252362,-1.6241382926172937e-05,-8.362299307841476e-05,-1.751567762472564e-06,-5.988288372953171e-05,-1.324910615905376e-05,-5.117744585599009e-05,-7.130222848728397e-06,-3.85056653038457e-05,-4.351524400164452e-06,-3.186159048526122e-05,-2.310719713331995e-06,-2.7870212904284547e-05,-1.2116233503170544e-06,-2.4167040133088216e-05,9.376335603571729e-08,-2.230317688241692e-05,1.4532139197780617e-06,-1.9925398198745756e-05,2.926799436488173e-06,-1.768674899567473e-05,2.0350223097791457e-06,-1.792482898439605e-05,2.898417721502931e-06,-1.5184456202698064e-05,3.652367664708427e-06,-1.4265732307261544e-05
6784.621253778902,83.74039163439527,45.422235107422814,458.31598017595536,1.1093504173336637,2,1.0,0.0,9.898049562098694e-06,-2.3958155262855786e-08,6.89800654261652e-14,4,0.0045364608648729,0.0045178284117023,0.0470676174626048,0.047049009459682,1.6472385974093514e-05,1.6133237677460788e-05,0.1584084995907121,0.160760624831484,modal_baffled,lossless,0.0,343.0,1.225,1.4,1.81e-05,0.0257,1006.0,1,9.898049562098694e-06,9.898049562080969e-06,0.0,0.0,True,dirichlet,exp(+iwt)_rms,120081,16,4.926739672921853e-13,0.0003499728021538,0.0003427672473602,0.0003223695592464,-0.00029711835014,-7.045113623236016e-06,-0.0001906289275305,-2.4788997877243063e-05,-8.355906314933379e-05,-1.193831435701453e-05,-6.25742179132655e-05,-2.181500547859891e-05,-4.907602479570079e-05,-1.328663983572218e-05,-3.732943452816095e-05,-9.34764062880274e-06,-3.113529102166393e-05,-6.72628342910773e-06,-2.7452101345708417e-05,-5.058725112565257e-06,-2.3953023348819784e-05,-3.420045755453449e-06,-2.220380876239403e-05,-1.64776219913218e-06,-1.997588114767184e-05,1.5713746729978014e-07,-1.7935348415061105e-05,-7.626563154867876e-07,-1.803823563072053e-05,5.100004617012376e-07,-1.5558236270393142e-05,1.3658319932645735e-06,-1.4796018654008333e-05
6812.735810868204,84.06960816276316,37.472804580818206,458.7969697010997,-5.055076627130446,2,1.0,0.0,9.88653044887724e-06,1.0893090472696953e-07,4.8481097305629166e-14,4,0.0045364608648729,0.0045178284117023,0.0470676174626048,0.047049009459682,1.841789777684258e-05,1.3675054643929278e-05,0.1783242687970805,0.1366985953115871,modal_baffled,lossless,0.0,343.0,1.225,1.4,1.81e-05,0.0257,1006.0,1,9.88653044887724e-06,9.886530448876907e-06,0.0,0.0,True,dirichlet,exp(+iwt)_rms,120081,16,3.584480739300384e-13,0.0003913072037579,0.0002905406175444,0.0002763145254844,-0.0003404042315644,-2.9688749070547517e-05,-0.0001877688046535,-3.4654106312050204e-05,-8.426146213520798e-05,-2.393770244890675e-05,-6.309406701185271e-05,-3.026196535851336e-05,-4.5500748752177706e-05,-1.9407420445149317e-05,-3.519232361619547e-05,-1.4375955127270566e-05,-2.958328142189027e-05,-1.119838175231961e-05,-2.636726698036927e-05,-9.00269544213943e-06,-2.310110271797896e-05,-6.93214261514248e-06,-2.163786590864833e-05,-4.865125349019488e-06,-1.968945581889153e-05,-2.958563408670351e-06,-1.787797358167566e-05,-3.826993857691255e-06,-1.7826334728156974e-05,-2.078955857901963e-06,-1.537666168343507e-05,-8.166984621880728e-07,-1.5048684274525748e-05
6840.966870897134,83.83899584340453,29.7063311409426,456.7022148983355,-12.118558742798331,2,1.0,0.0,9.926093704544344e-06,2.63388145975641e-07,2.991059678571435e-13,4,0.0045364608648729,0.0045178284117023,0.0470676174626048,0.047049009459682,2.001341684353785e-05,1.1092284658314335e-05,0.1946297646157332,0.1110433629991503,modal_baffled,lossless,0.0,343.0,1.225,1.4,1.81e-05,0.0257,1006.0,1,9.926093704544344e-06,9.92609370454409e-06,0.0,0.0,True,dirichlet,exp(+iwt)_rms,120081,16,2.2032149163222266e-12,0.0004252056492861,0.0002356670096404,0.0002255511473203,-0.0003761910406044,-5.404703412166079e-05,-0.0001846341480728,-4.700032691594084e-05,-8.316756225706239e-05,-3.637549094979941e-05,-6.055068201755626e-05,-3.785474860830829e-05,-3.9967010260519605e-05,-2.509996850875384e-05,-3.178530346883885e-05,-1.9211820861731577e-05,-2.703513468514161e-05,-1.5359884441815006e-05,-2.4399133169221003e-05,-1.2685228421506614e-05,-2.153809394376917e-05,-1.0612856221219945e-05,-2.0323530386685236e-05,-8.13556214242324e-06,-1.875053763931453e-05,-5.698953048763397e-06,-1.7291784201911552e-05,-6.523947938847817e-06,-1.711319276428029e-05,-4.62835325672428e-06,-1.503673244604748e-05,-3.7357064534516753e-06,-1.4551243667920929e-05
6869.314916638189,83.81811423342654,21.752203931425942,452.5621884589578,-17.782177750375975,2,1.0,0.0,1.0008498341967994e-05,3.93256222171902e-07,2.207834317037194e-13,4,0.0045364608648729,0.0045178284117023,0.0470676174626048,0.047049009459682,2.1339945362035863e-05,8.275856045899082e-06,0.2080727296421012,0.0830218795244864,modal_baffled,lossless,0.0,343.0,1.225,1.4,1.81e-05,0.0257,1006.0,1,1.0008498341967994e-05,1.0008498341967398e-05,0.0,0.0,True,dirichlet,exp(+iwt)_rms,120081,16,1.616641981570951e-12,0.0004533891136297,0.0001758290836045,0.000170338937389,-0.0004046512898848,-7.804913042346292e-05,-0.0001793453258891,-6.151283458482297e-05,-8.003482034769819e-05,-4.891749648555356e-05,-5.494585620821734e-05,-4.456575886943104e-05,-3.311758845041931e-05,-3.030603174097127e-05,-2.737316888756277e-05,-2.3595717679583036e-05,-2.3727788348148472e-05,-1.9333975192741076e-05,-2.173700723034176e-05,-1.625376419924203e-05,-1.9320623237760887e-05,-1.394113119757844e-05,-1.8466751004304672e-05,-1.1142516098753954e-05,-1.719314291813219e-05,-8.525427659322506e-06,-1.612409112221968e-05,-9.314856647637725e-06,-1.5938061864726245e-05,-7.101923204411295e-06,-1.4107353537659194e-05,-6.073661261602393e-06,-1.37520776069494e-05
6897.780432864412,83.85457356345192,13.619123253539442,446.7887903691878,-21.28945369605664,2,1.0,0.0,1.0130478182685873e-05,4.827165560957558e-07,4.8903841769444055e-14,4,0.0045364608648729,0.0045178284117023,0.0470676174626048,0.047049009459682,2.234955447408171e-05,5.245403381296809e-06,0.2181251299279053,0.052847092055344,modal_baffled,lossless,0.0,343.0,1.225,1.4,1.81e-05,0.0257,1006.0,1,1.0130478182685873e-05,1.013047818268724e-05,0.0,0.0,True,dirichlet,exp(+iwt)_rms,120081,16,3.447756631120385e-13,0.0004748392988414,0.0001114439961925,0.0001114324502708,-0.0004252093333356,-0.0001039098636612,-0.0001713793396731,-7.73622544404883e-05,-7.325614353996581e-05,-6.040536181985925e-05,-4.593616701694598e-05,-4.9864526160504e-05,-2.4873843429615826e-05,-3.469757843653162e-05,-2.1985825589146764e-05,-2.7395860682539647e-05,-1.9544024153520256e-05,-2.279974260757988e-05,-1.824479662099107e-05,-1.93989851000652e-05,-1.638085472652512e-05,-1.6938036140104123e-05,-1.5894538262164045e-05,-1.3910936931622177e-05,-1.5111442630295977e-05,-1.1185771022033429e-05,-1.4439039012476802e-05,-1.1854117215573624e-05,-1.4141252460205662e-05,-9.35333071799355e-06,-1.2701834451133462e-05,-8.307088788380863e-06,-1.249059190324156e-05
6926.363906357677,84.05232342780056,5.415706070511011,440.1853814560507,-23.06559758623663,2,1.0,0.0,1.0277576801349203e-05,5.38542306601407e-07,3.4306872188039634e-14,4,0.0045364608648729,0.0045178284117023,0.0470676174626048,0.047049009459682,2.294622396239329e-05,2.06256665822545e-06,0.223884610108975,0.0212252484638991,modal_baffled,lossless,0.0,343.0,1.225,1.4,1.81e-05,0.0257,1006.0,1,1.0277576801349203e-05,1.027757680135001e-05,0.0,0.0,True,dirichlet,exp(+iwt)_rms,120081,16,2.410201501659283e-13,0.0004875161565299,4.3821352543798414e-05,5.085515581728378e-05,-0.0004381105279601,-0.0001307588797975,-0.0001589755857112,-9.338326344350206e-05,-6.196917434134379e-05,-6.976308312264747e-05,-3.403715954593604e-05,-5.345390056824589e-05,-1.5707580630880487e-05,-3.789372074653331e-05,-1.5804729871696667e-05,-3.0376145460582813e-05,-1.461975734552492e-05,-2.5652922274267727e-05,-1.4170147230391027e-05,-2.190012590848357e-05,-1.2887025456740122e-05,-1.9383878162728615e-05,-1.280590928140714e-05,-1.6416973963218795e-05,-1.25036653718578e-05,-1.333162911385048e-05,-1.2288113111008354e-05,-1.4135171403043866e-05,-1.198918388758874e-05,-1.155621279931974e-05,-1.0846343923409389e-05,-1.0353793948373677e-05,-1.08156164285173e-05
6955.06582591702,86.83046806460054,-3.110429208441824,434.2087173692616,-21.4836674801287,2,1.0,0.0,1.0422136484971228e-05,5.156637942052749e-07,3.3544657438645616e-14,4,0.0045364608648729,0.0045178284117023,0.0470676174626048,0.047049009459682,2.3101456304897114e-05,-1.3256095711452036e-06,0.2251493973071013,-0.0122347586997402,modal_baffled,lossless,0.0,343.0,1.225,1.4,1.81e-05,0.0257,1006.0,1,1.0422136484971228e-05,1.042213648497083e-05,0.0,0.0,True,dirichlet,exp(+iwt)_rms,120081,16,2.3369244538822336e-13,0.0004908142274941,-2.8163940360873335e-05,-1.3181450180023587e-05,-0.0004418684876753,-0.0001587303609946,-0.0001408348845995,-0.0001071828378658,-4.578596495921256e-05,-7.52944330721689e-05,-2.0695224775626224e-05,-5.529857645142095e-05,-5.807531931671238e-06,-3.968193846109436e-05,-9.146020362325958e-06,-3.2606400147562565e-05,-9.110219931510696e-06,-2.76378376380909e-05,-9.520579164246528e-06,-2.439532072352848e-05,-8.63615457031481e-06,-2.1059860325310747e-05,-9.31923801358668e-06,-1.832967341879341e-05,-9.445578159201304e-06,-1.4923704708101136e-05,-9.853562140436514e-06,-1.459953689446598e-05,-9.847506347159606e-06,-1.3065149171949356e-05,-8.683292218663314e-06,-1.2193763944962055e-05,-8.692081137036206e-06
6983.886682366992,84.58047523490765,-11.578045102546447,428.6309366105595,-18.968260625013382,2,1.0,0.0,1.05629200117792e-05,4.674422740667417e-07,5.256396936281069e-14,4,0.0045364608648729,0.0045178284117023,0.0470676174626048,0.047049009459682,2.275252290120036e-05,-4.699663625212215e-06,0.221216537902884,-0.0453209021237002,modal_baffled,lossless,0.0,343.0,1.225,1.4,1.81e-05,0.0257,1006.0,1,1.05629200117792e-05,1.0562920011778976e-05,0.0,0.0,True,dirichlet,exp(+iwt)_rms,120081,16,3.617416913023034e-13,0.0004834007780248,-9.984919310917088e-05,-7.687380093005178e-05,-0.0004379222962869,-0.000183146435209,-0.0001159741335474,-0.0001167454361503,-2.5139385026039064e-05,-7.858877636887949e-05,-4.371531664751378e-06,-5.450061216613952e-05,3.781284516136928e-06,-4.052400845732612e-05,-2.0110406841053845e-06,-3.334110959648569e-05,-3.488203637022861e-06,-2.865227971811685e-05,-4.802635541338241e-06,-2.5001532001873425e-05,-4.461980741801477e-06,-2.236893150196395e-05,-5.30792888338528e-06,-1.9199746328114303e-05,-6.262138780465436e-06,-1.6379416350444007e-05,-6.8922716428224015e-06,-1.6951203615690576e-05,-6.414581956499498e-06,-1.4019291963455935e-05,-6.0498717497777975e-06,-1.3086207695937083e-05,-6.62766178849952e-06
7012.826968566058,84.11474147693666,-20.21728068670993,423.3781583739317,-15.032257269947934,2,1.0,0.0,1.070142407225101e-05,3.7995951521621057e-07,6.53229791051953e-14,4,0.0045364608648729,0.0045178284117023,0.0470676174626048,0.047049009459682,2.1913197207266567e-05,-8.098837734675535e-06,0.2126290500626466,-0.0783050771341307,modal_baffled,lossless,0.0,343.0,1.225,1.4,1.81e-05,0.0257,1006.0,1,1.070142407225101e-05,1.0701424072246037e-05,0.0,0.0,True,dirichlet,exp(+iwt)_rms,120081,16,4.4735048975853264e-13,0.0004655684393771,-0.0001720681473012,-0.0001392034456755,-0.0004245763532316,-0.0002027872884589,-8.70158089783041e-05,-0.0001218573384759,-2.776399178502229e-06,-7.784011446249116e-05,1.0261804008217146e-05,-5.253174240157904e-05,1.2716998049464732e-05,-4.0152240597784776e-05,4.672442074250822e-06,-3.3145340149435564e-05,1.931874697138919e-06,-2.889492835835589e-05,2.474190673811539e-07,-2.4963695551641197e-05,-5.817428668786074e-07,-2.2717262580164524e-05,-1.638208684836873e-06,-1.989185274192729e-05,-2.8387840821967733e-06,-1.7161676089417585e-05,-3.958974684868749e-06,-1.7648106728808982e-05,-3.5265868859908007e-06,-1.4795728826916333e-05,-3.885923564576859e-06,-1.376252544221121e-05,-4.1257272835231895e-06
7041.887179415017,85.27022069781816,-28.996652280968657,420.2035141246912,-10.256024585079563,2,1.0,0.0,1.0789438646527785e-05,2.633408438967988e-07,1.0505186349808608e-13,4,0.0045364608648729,0.0045178284117023,0.0470676174626048,0.047049009459682,2.0494068857226877e-05,-1.138784562005194e-05,0.1984239844813034,-0.1099730552041414,modal_baffled,lossless,0.0,343.0,1.225,1.4,1.81e-05,0.0257,1006.0,1,1.0789438646527785e-05,1.0789438646528118e-05,0.0,0.0,True,dirichlet,exp(+iwt)_rms,120081,16,6.918572735045799e-13,0.0004354175962594,-0.000241946506621,-0.0002019080703319,-0.0004013495410347,-0.0002167213562437,-5.199112815349669e-05,-0.0001205036888105,2.1151812521024612e-05,-7.329383946446454e-05,2.452396045110225e-05,-4.8837667243885856e-05,2.0778477722755428e-05,-3.832178854529768e-05,1.115404377556572e-05,-3.196664289958695e-05,7.36143041467681e-06,-2.805546639779192e-05,4.818561244942087e-06,-2.4468071370893326e-05,3.39378987129754e-06,-2.2412909006553787e-05,1.9425281722825848e-06,-1.9814800558070292e-05,5.966233223402128e-07,-1.721270563004265e-05,-9.253322901192212e-07,-1.760904770001971e-05,-6.092316721107248e-07,-1.4962869546219928e-05,-1.3131019932912232e-06,-1.3929788393193316e-05,-1.5907188028020592e-06
7071.067811865476,93.33931135500636,-37.5036559207416,418.5267088018047,-9.719266948310956,2,1.0,0.0,1.0833276896710226e-05,2.515765609930469e-07,1.3487211086147248e-13,4,0.0045364608648729,0.0045178284117023,0.0470676174626048,0.047049009459682,1.8599922627339734e-05,-1.4262550061827143e-05,0.1795276661587674,-0.1377746242583432,modal_baffled,lossless,0.0,343.0,1.225,1.4,1.81e-05,0.0257,1006.0,1,1.0833276896710226e-05,1.083327689671283e-05,0.0,0.0,True,dirichlet,exp(+iwt)_rms,120081,16,8.646386058725586e-13,0.0003951745091435,-0.0003030225626601,-0.0002623240291447,-0.0003663725301194,-0.0002246951939178,-1.4244950426908708e-05,-0.000115648021221,4.2864454667746325e-05,-6.69203500226609e-05,3.837500983903236e-05,-4.345683233096258e-05,2.905055634331199e-05,-3.5256434635321585e-05,1.7006017151726033e-05,-2.9716098002131727e-05,1.3192417264529547e-05,-2.639477284769333e-05,1.0218787935918852e-05,-2.3091356769904184e-05,7.566506183917544e-06,-2.146560314709747e-05,4.327535662505782e-06,-1.9151418222381968e-05,2.381553502422213e-06,-1.6907051170504885e-05,9.57820740048384e-07,-1.7364235370658414e-05,2.418854754038058e-06,-1.445380061902073e-05,3.2376231842890343e-06,-1.3762690377620727e-05,1.7158278042004055e-07
