{
    "driver_id": "ciare-hwb130",
    "manufacturer": "Ciare",
    "model_name": "HWB130",
    "driver_type": "cone",
    "parameters": {
        "fs_hz": 48.0,
        "re_ohm": 5.8,
        "bl_tm": 7.2,
        "sd_m2": 0.008700000000000001,
        "mms_kg": 0.0095,
        "le_h": 0.0013000000000000002,
        "qts": 0.3,
        "nominal_impedance_ohm": 8.0,
        "xmax_m": 0.0045000000000000005,
        "qms": 5.7,
        "qes": 0.32
    },
    "nominal_diameter": "6in"
}
