{
    "driver_id": "ciare-hw162",
    "manufacturer": "Ciare",
    "model_name": "HW162",
    "driver_type": "cone",
    "parameters": {
        "fs_hz": 44.0,
        "re_ohm": 6.1,
        "bl_tm": 7.5,
        "sd_m2": 0.013300000000000001,
        "mms_kg": 0.013000000000000001,
        "le_h": 0.0006500000000000001,
        "qts": 0.33,
        "nominal_impedance_ohm": 8.0,
        "xmax_m": 0.0045000000000000005,
        "qms": 2.29,
        "qes": 0.39
    },
    "nominal_diameter": "6in"
}
