{
    "driver_id": "celestion-tn1225",
    "manufacturer": "Celestion",
    "model_name": "TN1225",
    "driver_type": "cone",
    "parameters": {
        "fs_hz": 61.4,
        "re_ohm": 5.2,
        "bl_tm": 15.79,
        "sd_m2": 0.053092999999999994,
        "mms_kg": 0.042100000000000005,
        "le_h": 0.0006500000000000001,
        "qts": 0.306,
        "nominal_impedance_ohm": 8.0,
        "xmax_m": 0.0025,
        "qms": 3.12,
        "qes": 0.34
    },
    "nominal_diameter": "12in"
}
