{
    "driver_id": "celestion-ntr21-5010jd",
    "manufacturer": "Celestion",
    "model_name": "NTR21-5010JD",
    "driver_type": "cone",
    "parameters": {
        "fs_hz": 32.2,
        "re_ohm": 5.57,
        "bl_tm": 33.85,
        "sd_m2": 0.16619,
        "mms_kg": 0.34400000000000003,
        "le_h": 0.0022500000000000003,
        "qts": 0.32,
        "nominal_impedance_ohm": 8.0,
        "xmax_m": 0.009000000000000001,
        "qms": 5.82,
        "qes": 0.34
    },
    "nominal_diameter": "18in"
}
