{
    "driver_id": "lavoce-waf123-03",
    "manufacturer": "LaVoce",
    "model_name": "WAF123.03",
    "driver_type": "cone",
    "parameters": {
        "fs_hz": 50.0,
        "re_ohm": 4.6,
        "bl_tm": 17.8,
        "sd_m2": 0.055600000000000004,
        "mms_kg": 0.066,
        "le_h": 0.0009000000000000001,
        "qts": 0.29,
        "nominal_impedance_ohm": 8.0,
        "xmax_m": 0.009800000000000001,
        "qms": 6.6,
        "qes": 0.3
    },
    "nominal_diameter": "12in"
}
