{
    "driver_id": "lavoce-fbass10-18",
    "manufacturer": "LaVoce",
    "model_name": "FBASS10-18",
    "driver_type": "cone",
    "parameters": {
        "fs_hz": 65.0,
        "re_ohm": 5.6,
        "bl_tm": 12.48,
        "sd_m2": 0.035300000000000005,
        "mms_kg": 0.032200000000000006,
        "le_h": 0.00049,
        "qts": 0.43,
        "nominal_impedance_ohm": 8.0,
        "xmax_m": 0.0045000000000000005,
        "qms": 4.84,
        "qes": 0.48
    },
    "nominal_diameter": "10in"
}
