{
    "driver_id": "lavoce-fsn030-71",
    "manufacturer": "LaVoce",
    "model_name": "FSN030.71",
    "driver_type": "compression",
    "parameters": {
        "fs_hz": 134.0,
        "re_ohm": 6.2,
        "bl_tm": 3.82,
        "sd_m2": 0.0033,
        "mms_kg": 0.0020800000000000003,
        "le_h": 7.000000000000001e-05,
        "qts": 0.67,
        "nominal_impedance_ohm": 8.0,
        "xmax_m": 0.0021000000000000003,
        "qms": 6.2,
        "qes": 0.74
    }
}
