{
    "driver_id": "lavoce-msf051-22",
    "manufacturer": "LaVoce",
    "model_name": "MSF051.22",
    "driver_type": "cone",
    "parameters": {
        "fs_hz": 141.0,
        "re_ohm": 5.7,
        "bl_tm": 7.36,
        "sd_m2": 0.007854000000000002,
        "mms_kg": 0.0069299999999999995,
        "le_h": 0.00023,
        "qts": 0.56,
        "nominal_impedance_ohm": 8.0,
        "xmax_m": 0.0031000000000000003,
        "qms": 4.67,
        "qes": 0.64
    },
    "nominal_diameter": "6in"
}
