{
    "driver_id": "lavoce-waf124-02",
    "manufacturer": "LaVoce",
    "model_name": "WAF124.02",
    "driver_type": "cone",
    "parameters": {
        "fs_hz": 49.0,
        "re_ohm": 5.0,
        "bl_tm": 18.23,
        "sd_m2": 0.0531,
        "mms_kg": 0.07690000000000001,
        "le_h": 0.0009000000000000001,
        "qts": 0.33,
        "nominal_impedance_ohm": 8.0,
        "xmax_m": 0.008199999999999999,
        "qms": 5.08,
        "qes": 0.36
    },
    "nominal_diameter": "12in"
}
