{
    "driver_id": "lavoce-saf184-02",
    "manufacturer": "LaVoce",
    "model_name": "SAF184.02",
    "driver_type": "cone",
    "parameters": {
        "fs_hz": 38.0,
        "re_ohm": 4.9,
        "bl_tm": 25.5,
        "sd_m2": 0.115,
        "mms_kg": 0.23900000000000002,
        "le_h": 0.0016899999999999999,
        "qts": 0.41,
        "nominal_impedance_ohm": 8.0,
        "xmax_m": 0.008400000000000001,
        "qms": 6.48,
        "qes": 0.43
    },
    "nominal_diameter": "18in"
}
