{
    "driver_id": "lavoce-fsf030-70-16",
    "manufacturer": "LaVoce",
    "model_name": "FSF030.70-16",
    "driver_type": "compression",
    "parameters": {
        "fs_hz": 127.0,
        "re_ohm": 12.4,
        "bl_tm": 4.32,
        "sd_m2": 0.0033,
        "mms_kg": 0.0022500000000000003,
        "le_h": 0.0001,
        "qts": 0.99,
        "nominal_impedance_ohm": 16.0,
        "xmax_m": 0.0021000000000000003,
        "qms": 5.93,
        "qes": 1.19
    }
}
