{
    "driver_id": "lavoce-fsn021-00",
    "manufacturer": "LaVoce",
    "model_name": "FSN021.00",
    "driver_type": "compression",
    "parameters": {
        "fs_hz": 219.0,
        "re_ohm": 5.8,
        "bl_tm": 3.67,
        "sd_m2": 0.0019050000000000002,
        "mms_kg": 0.00125,
        "le_h": 6.7e-05,
        "qts": 0.59,
        "nominal_impedance_ohm": 8.0,
        "xmax_m": 0.0018000000000000002,
        "qms": 2.96,
        "qes": 0.73
    }
}
