{
    "driver_id": "lavoce-wan102-50",
    "manufacturer": "LaVoce",
    "model_name": "WAN102.50",
    "driver_type": "cone",
    "parameters": {
        "fs_hz": 78.0,
        "re_ohm": 5.6,
        "bl_tm": 15.3,
        "sd_m2": 0.035,
        "mms_kg": 0.032600000000000004,
        "le_h": 0.0005200000000000001,
        "qts": 0.35,
        "nominal_impedance_ohm": 8.0,
        "xmax_m": 0.0050999999999999995,
        "qms": 4.73,
        "qes": 0.38
    },
    "nominal_diameter": "10in"
}
