{
    "driver_id": "beyma-8g40",
    "manufacturer": "Beyma",
    "model_name": "8G40",
    "driver_type": "cone",
    "parameters": {
        "fs_hz": 70.0,
        "re_ohm": 6.1,
        "bl_tm": 12.2,
        "sd_m2": 0.022000000000000002,
        "mms_kg": 0.021,
        "le_h": 0.0013000000000000002,
        "qts": 0.36,
        "nominal_impedance_ohm": 8.0,
        "xmax_m": 0.006500000000000001,
        "qms": 6.8,
        "qes": 0.38
    },
    "nominal_diameter": "8in"
}
