{
    "driver_id": "beyma-8wr250",
    "manufacturer": "Beyma",
    "model_name": "8WR250",
    "driver_type": "cone",
    "parameters": {
        "fs_hz": 62.0,
        "re_ohm": 5.9,
        "bl_tm": 15.1,
        "sd_m2": 0.022000000000000002,
        "mms_kg": 0.026000000000000002,
        "le_h": 0.0009000000000000001,
        "qts": 0.24,
        "nominal_impedance_ohm": 8.0,
        "xmax_m": 0.006,
        "qms": 2.4,
        "qes": 0.26
    },
    "nominal_diameter": "8in"
}
