{
    "driver_id": "eminence-basslite-sc10-16",
    "manufacturer": "Eminence",
    "model_name": "BASSLITE_SC10-16",
    "driver_type": "cone",
    "parameters": {
        "fs_hz": 46.0,
        "re_ohm": 12.21,
        "bl_tm": 12.79,
        "sd_m2": 0.035010000000000006,
        "mms_kg": 0.026000000000000002,
        "le_h": 0.0008900000000000001,
        "qts": 0.45,
        "nominal_impedance_ohm": 16.0,
        "xmax_m": 0.0044,
        "qms": 2.23,
        "qes": 0.56
    },
    "nominal_diameter": "10in"
}
