{
    "driver_id": "eminence-nsw4018-8",
    "manufacturer": "Eminence",
    "model_name": "NSW4018-8",
    "driver_type": "cone",
    "parameters": {
        "fs_hz": 36.0,
        "re_ohm": 5.86,
        "bl_tm": 28.24,
        "sd_m2": 0.1217,
        "mms_kg": 0.23700000000000002,
        "le_h": 0.0015400000000000001,
        "qts": 0.38,
        "nominal_impedance_ohm": 8.0,
        "xmax_m": 0.015210000000000001,
        "qms": 8.46,
        "qes": 0.39
    },
    "nominal_diameter": "18in"
}
