{
    "driver_id": "eminence-alpha-4-8",
    "manufacturer": "Eminence",
    "model_name": "Alpha_4-8",
    "driver_type": "cone",
    "parameters": {
        "fs_hz": 123.0,
        "re_ohm": 6.73,
        "bl_tm": 4.94,
        "sd_m2": 0.005770000000000001,
        "mms_kg": 0.004,
        "le_h": 0.00028000000000000003,
        "qts": 0.75,
        "nominal_impedance_ohm": 8.0,
        "xmax_m": 0.0026000000000000003,
        "qms": 6.83,
        "qes": 0.84
    },
    "nominal_diameter": "6in"
}
