{
    "driver_id": "eminence-lab15",
    "manufacturer": "Eminence",
    "model_name": "LAB15",
    "driver_type": "cone",
    "parameters": {
        "fs_hz": 28.0,
        "re_ohm": 4.9,
        "bl_tm": 26.7,
        "sd_m2": 0.08237000000000001,
        "mms_kg": 0.308,
        "le_h": 0.0032300000000000002,
        "qts": 0.35,
        "nominal_impedance_ohm": 6.0,
        "xmax_m": 0.011800000000000001,
        "qms": 5.36,
        "qes": 0.37
    },
    "nominal_diameter": "15in"
}
