frequency_hz,mid_pressure_real_pa,mid_pressure_imag_pa,impedance_real_ohm,impedance_imag_ohm,excursion_peak_mm,throat_velocity_rms_m_s,baseline_same_front_rear_db,baseline_original_assumptions_tmm_db,spl_front_0cc_db,spl_front_5cc_db,spl_front_10cc_db,spl_front_20cc_db,spl_front_40cc_db,spl_front_60cc_db
226.274,-1.3901973587035825,0.14082835825391038,6.731260142689653,-6.190173087307701,0.22205069091162852,1.0401548050131473,98.15331697921239,96.07881904264781,96.80799130518557,96.82727776279675,96.84658625175489,96.88526896796078,96.96289474034526,97.0408623221502
227.77649120828488,-1.3940477247009473,0.1969950991412026,6.678795001389493,-6.057076474589953,0.21889015558244196,1.032396611464894,98.23616765350913,96.17206484422765,96.87292129137833,96.89236342938904,96.91182773972321,96.9508225011596,97.02907382485249,97.10766860578684
229.28895916966965,-1.3956961398607626,0.25390232312804023,6.629260007857519,-5.9280636878202575,0.21574632802363908,1.0245672631890583,98.31944948328322,96.266293553687,96.93808206413192,96.957682363662,96.9773049812598,97.01661677331656,97.09550366847662,97.17473572415963
230.8114701311996,-1.3950866867485827,0.3114751663541244,6.582455172829147,-5.802937158888232,0.21261983278634083,1.016669649891592,98.40320017006695,96.36152783080222,97.00350818573236,97.0232692084819,97.04305269999116,97.08268667008718,97.1622194827357,97.24209921657625
232.34409077980877,-1.3921651352139628,0.36963595158289875,6.538197569315632,-5.681510310719893,0.20951125439518015,1.0087065559428599,98.48745754527948,96.45779073529394,97.06923438281001,97.08915877064769,97.10910578304893,97.14906723972743,97.22925663971955,97.30979478055902
233.88688824524277,-1.386879012185119,0.42830417877025345,6.4963196706137385,-5.563606869112314,0.20642113773750925,1.0006806572966358,98.57225955154777,96.55510572778985,97.13529554246193,97.15538601695476,97.17549927707353,97.21579368897176,97.29665066769851,97.37785826715502
235.43993010299724,-1.3791776735391033,0.48739651200670037,6.456667873394053,-5.449060212702564,0.2033499885157987,0.992594518678626,98.65764422403474,96.6534966698162,97.20172670963693,97.22198607152066,97.24226838547906,97.28290138017194,97.36443724798774,97.44632567749551
237.0032843772796,-1.369012378581987,0.5468267627416545,6.419101183226886,-5.337712760544592,0.20029827375748013,0.9844505910305843,98.74364967162401,96.7529878226823,97.26856308575817,97.28899421434744,97.30944846695364,97.35042582966784,97.43265221303695,97.51523316057066
238.57701954398658,-1.3563363676923554,0.6065058692211398,6.383490042931824,-5.229415396293352,0.19726642237669498,0.9762512091958726,98.83031405778569,96.85360384509677,97.33584002855065,97.3564458810869,97.37707503516071,97.41840270735506,97.50133154570563,97.58461701217632
240.1612045337055,-1.3411049436984572,0.6663418720926264,6.349715286730301,-5.1240269276654775,0.19425482578255962,0.9679985898319781,98.91767558093811,96.95536978934817,97.403593053019,97.42437666395368,97.44518375958512,97.48686783739092,97.57051137966238,97.65451367496723
241.75590873473146,-1.3232755575852073,0.7262398861542058,6.317667205408727,-5.0214135796335055,0.19126383852882387,0.9596948295356033,99.0057724540771,97.05831109583714,97.47185783354568,97.49282231375474,97.51381046749196,97.55585720000536,97.64022800087025,97.72495973957408
243.36120199610866,-1.3028078991456504,0.786102068246938,6.287244709614419,-4.9214485196786235,0.1882937790000094,0.9513419031659214,99.09464288344985,97.16245358575351,97.54067020705006,97.5618187429754,97.58299114693726,97.62540693435287,97.7105178500903,97.79599194671191
244.97715463068772,-1.2796639932178973,0.8458275813113196,6.25835458005789,-4.824011413363126,0.18534493012943207,0.9429416623520175,99.18432504600182,97.26782345164014,97.61006617715469,97.63140202986703,97.65276195077402,97.69555334234812,97.78141752634068,97.86764719021167
246.60383741820755,-1.2538083021753483,0.905312554652154,6.230910794818783,-4.728988008463353,0.1824175401447874,0.9344958341709005,99.27485706531166,97.37444724557082,97.6800819193032,97.70160842347892,97.72315920159596,97.76633289342357,97.85296379124453,97.93996252090272
248.24132160839343,-1.225207835366361,0.964450040477678,6.20483392518448,-4.6362697459191144,0.17951182333731694,0.9260060199830813,99.36627698569295,97.48235186462759,97.75075378675783,97.77247434956243,97.7942193975445,97.837782230133,97.92519357418507,98.01297515125808
249.8896789240799,-1.193832266233622,1.0231299668038305,6.180050592517157,-4.5457533958955505,0.17662796085091464,0.9174736944135318,99.45862274410963,97.59156453332851,97.82211831741208,97.84403641728022,97.86597921891142,97.90993817453017,97.99814397819009,98.086722460718
251.54898156435013,-1.1596540578797114,1.0812390868386146,6.156492979570839,-4.457340717310446,0.1737661014879328,0.9089002044668556,99.55193213952256,97.70211278261817,97.89421224134338,97.91633142664452,97.93847553545896,97.9828377352409,98.07185228645805,98.16124200159642
253.2193022077005,-1.1226485978840934,1.1386609249872124,6.134098390484634,-4.37093813924667,0.17092636252880422,0.9002867687665438,99.64624279923429,97.81402442497857,97.96707248901485,97.9893963765919,98.01174541436347,98.05651811513142,98.14635596942053,98.23657150545687
254.9007140152217,-1.0827943432248273,1.1952757196478063,6.112808854379895,-4.286456462746286,0.16810883056307904,0.8916344769097612,99.74159214176878,97.92732752517544,98.04073620004357,98.0632684736099,98.0858261286958,98.13101671948215,98.22169269224234,98.31274888984994
256.5932906338054,-1.0400729762070355,1.250960362998744,6.092570768101006,-4.203810581560321,0.1653135623298871,0.88294428893059,99.83801733576627,98.0420503660892,98.11524073243596,98.13798514081432,98.16075516633538,98.20637116455983,98.29790032264269,98.38981226528594
258.2971061993681,-0.9944695723567305,1.3055883380106335,6.073334574175191,-4.122919220509648,0.16254058556636777,0.8742170348666821,99.93555525432272,98.15822140901523,98.19062367217855,98.21358402736288,98.23657023920148,98.28261928646647,98.37501693890609,98.46779994230036
260.01223534010006,-0.9459727813027528,1.3590296529575197,6.055054470536522,-4.043704690191945,0.15978989986311332,0.865453414426397,100.03424242415237,98.27586924775142,98.26692284307525,98.29010301809453,98.31330929268807,98.35979915014676,98.4530808379537,98.5467504384711
261.73875317973227,-0.8945750217379299,1.4111507737415145,6.0376881489722996,-3.966092656849085,0.15706147752627986,0.8566539967561684,100.13411496887919,98.39502255570066,98.34417631669393,98.36758024325366,98.39101051515948,98.437949058405,98.53213054331397,98.62670248521226
263.476735340829,-0.8402726916301652,1.461814554397282,6.021196559613896,-3.8900119262846307,0.15435526444661907,0.8478192203106882,100.2352085457023,98.51571002513361,98.42242242228892,98.44605408816395,98.46971234736759,98.51710756078654,98.61220481283374,98.70769503417205
265.22625794809784,-0.7830663949392607,1.5108801661956857,6.005543699116542,-3.8153942407962913,0.15167118097642465,0.8389493928321466,100.33755827459309,98.63796029764512,98.50169975653317,98.52556320268116,98.54945349161738,98.59731346214318,98.69334264593498,98.78976726302268
266.9873976317262,-0.7229611861931307,1.5582030258353126,5.990696420457512,-3.742174088155889,0.14900912281609582,0.8300446914484741,100.44119865910952,98.76180188473768,98.58204719290187,98.60614651026384,98.63027292051571,98.67860583070967,98.77558329022747,98.87295858043528
268.76023153073567,-0.6599668343809058,1.603634723279481,5.97662426253743,-3.670288521739254,0.14636896191295132,0.8211051629055295,100.54616349781168,98.88726307732989,98.66350389049772,98.68784321644785,98.71220988508486,98.76102400546472,98.85896624723239,98.95730862997445
270.54483729636297,-0.594098107740261,1.6470229498898339,5.963299297996277,-3.5996769909691895,0.14375054737581922,0.8121307239532564,100.65248578516304,99.01437184285163,98.74610930212162,98.7706928165236,98.79530392203566,98.84460760256125,98.94353127698176,99.04285729265533
272.3412930954587,-0.525375081143725,1.6882114276032565,5.950695997860726,-3.530281181296697,0.14115370641006947,0.8031211619123652,100.76019760068922,99.14315570843009,98.82990318133844,98.8547351021615,98.87959485994004,98.92939652055577,99.0293184012005,99.12964468784553
274.14967761391364,-0.45382346793158157,1.7270398400191043,5.938791111824351,-3.4620448630019145,0.13857824527895762,0.7940761354553506,100.86932998505017,99.27364162850638,98.91492558827325,98.94001016671446,98.9651228240267,99.01543094414822,99.11636790475771,99.21771117217097
275.9700700601027,-0.3794749781959866,1.7633437664024694,5.927563563130445,-3.3949137481504374,0.13602395029857509,0.7849951756442878,100.97991280154207,99.40585583502427,99.00121689384824,99.02655840890219,99.05192823929768,99.10275134611751,99.20472033504458,99.30709733605256
277.80255016835673,-0.30236770568968113,1.7969546197647752,5.916994357181905,-3.32883535509294,0.13349058887531845,0.7758776872780031,101.09197458140072,99.53982366812266,99.08881778210991,99.11442053451975,99.14005183160202,99.19139848707391,99.29441649886846,99.39784399743013
279.64719820245267,-0.22254654572139157,1.8276995903758337,5.907066503145107,-3.263758879944864,0.13097791059665928,0.7667229506130261,101.20554235113524,99.6755693850468,99.17776925028492,99.20363755580078,99.22953462628824,99.28141341263424,99.38549745643526,99.48999219220687
281.50409495913124,-0.14006364660083392,1.8554015962750787,5.897764947948384,-3.1996350745312916,0.12848564838816107,0.7575301235367373,101.32064143993163,99.81311594471708,99.26811260612972,99.29425078799241,99.32041794398441,99.37283744755005,99.478004511911,99.58358316086476
283.3733217716339,-0.054978897417470834,1.8798792426065574,5.889076522201493,-3.1364161303288878,0.12601351975222796,0.7482982442876491,101.43729526501538,99.95248476514895,99.35988946209571,99.38630184265365,99.41274339300764,99.4657121862709,99.57197920000206,99.67865833064259
285.2549605132674,0.03263954482636953,1.9009467919019352,5.880989897682881,-3.0740555679821036,0.1235612281069845,0.739026234837093,101.55552509263693,100.09369545058163,99.4531417257777,99.47983261713443,99.50655285784939,99.56007947936583,99.66746326792929,99.7752592926007
287.1490936009875,0.12271468545194948,1.9184141477788337,5.873495556158016,-3.012508132017616,0.12112846424716144,0.7297129050697142,101.67534977218251,100.23676548489038,99.54791158602191,99.57488527959944,99.6018884830879,99.65598141513033,99.76449865206953,99.87342777278761
289.0558039990114,0.21516007616218735,1.9320868549337131,5.866585769406427,-2.9517296904273063,0.11871490795288744,0.7203569579273359,101.79678544066826,100.38170988747336,99.6442414940177,99.6715022489079,99.69879265202643,99.75346029564797,99.86312744847461,99.97320559665471
290.97517522244925,0.30987914908377473,1.9417661187746003,5.860254590448789,-2.8916771388385167,0.1163202297770594,0.7109569957130877,101.91984519469024,100.52854082746632,99.74217413857255,99.76972616853361,99.79730795922498,99.8525586064444,99.96339187633862,100.07463464571794
292.9072913409644,0.40676449665276915,1.947248848599928,5.854497856080086,-2.8323083090410677,0.1139440930475619,0.7015115277909894,102.04453872666113,100.67726719172583,99.84175241470588,99.86959987364402,99.89747717602862,99.95331897880085,100.06533423340697,100.17775680538057
294.85223698245335,0.5056970928851886,1.9483277288640655,5.849313200932484,-2.773581881695434,0.11158615612725248,0.6920189799617877,102.17087192197197,100.82789410164318,99.9430193845363,99.97116635029491,99.99934320802907,100.05578414362533,100.1689968421431,100.28261390264426
296.81009733675506,0.606545451250477,1.944791323828414,5.844700083413066,-2.715457303105547,0.10924607498244619,0.6824777058499354,102.29884641349477,100.98042237342484,100.04601822934089,100.07446868559784,100.102949043296,100.15999687567458,100.27442198535391,100.38924763231186
298.78095815937985,0.7091647140360302,1.936424221765558,5.84065982398949,-2.657894706007049,0.10692350611996061,0.672886000701296,102.42845908966763,101.13484791608397,100.1507921914907,100.17955000754186,100.20833769003595,100.26599992673587,100.38165182978169,100.49769947008038
300.7649057752677,0.8133956677680926,1.9230072259006379,5.837195656432035,-2.600854834395552,0.10461810996376143,0.6632421180678376,102.55970155223481,101.29116106098718,100.25738450479753,100.28645341297882,100.31555210216185,100.37383594619845,100.49072833597876,100.60801057072005
302.7620270825673,0.9190636789443035,1.9043176004553093,5.834312792765771,-2.5442989725062803,0.10232955475536938,0.6535442899474544,102.69255951961651,101.44934581646496,100.36583831161039,100.39522188208122,100.42463509105335,100.4835473872346,100.60169315256007,100.72022164930216
304.7724095564444,1.0259775440561707,1.8801293815345763,5.832018502843479,-2.4881888781554076,0.10005752107771347,0.6437907510563557,102.82701217181211,101.6093790406829,100.47619656479272,100.50589817737327,100.53562922157539,100.59517639659177,100.71458749269627,100.83437284319076
306.79614125291107,1.133928247643851,1.850213764180048,5.8303222096206735,-2.4324867207703234,0.09780170712062013,0.6339797680421684,102.96303143279704,101.77122952579501,100.5885019124243,100.6185247251423,100.64857669012731,100.70876468569482,100.82945199039318,100.95050355218396
308.8333108126848,1.2426876219708747,1.8143395787644563,5.829235601400915,-2.377155024572863,0.09556183482806967,0.6241096746016893,103.10058118650613,101.93485698632323,100.70279656282668,100.733143476791,100.76351918224276,100.82435338049723,100.94632653382888,101.06865225389856
310.88400746506863,1.352006901846691,1.772273872026563,5.828772762524903,-2.322156617544255,0.09333765709351835,0.614178913653622,103.23961642279691,102.10021094483773,100.81912212715568,100.84979574733097,100.8804977068971,100.94198284714962,101.06525007263122,101.18885629108937
312.9483210318622,1.4616151682175325,1.7237826105082543,5.8289503242032605,-2.267454586994481,0.09112896620055548,0.6041860879385355,103.38008231029147,102.26722950841159,100.93751943646014,100.96852202786879,100.99955240432593,101.06169249019055,101.1862603956,101.31115162719715
315.0263419312931,1.5712176744292314,1.668631526984912,5.829787637442997,-2.213012242794682,0.08893560374301085,0.5941300206834154,103.52191319369027,102.43583803001114,101.05802832968013,101.08936176850631,101.1207223237232,101.18352051952256,101.30939387491654,101.43557256594413
317.11816118198,1.6804940496174658,1.6065871337331912,5.831306970293977,-2.1587930896131424,0.08675747230216208,0.584009828283486,103.66503151421641,102.60594765017844,101.18068740860657,101.2123531276199,101.24404516672729,101.30750368196433,101.4346851723959,101.56215143028956
319.22387040691666,1.7890963745763004,1.537417930202316,5.833533731947205,-2.104760809837832,0.0845945492101277,0.5738250073289604,103.80934665321723,102.77745371605228,101.30553375530314,101.33753268295857,101.36955699207189,101.43367695263238,101.56216690278056,101.6909181954894
320.0,1.828702047146211,1.5102063273687611,5.834533769500183,-2.0849749596372162,0.08380475233406794,0.5700717579891181,103.86257870144057,102.84070943718362,101.3518980027126,101.38401931338224,101.4161656222525,101.4805283251047,101.60949794014826,101.73871952651282
321.34356183748787,1.8966471268042848,1.4608958368960416,5.836496726553351,-2.05087925928197,0.08244690278891618,0.5635755387484406,103.95475370079441,102.95023407719515,101.43260260690481,101.46493509940812,101.49729187618337,101.5620731807987,101.69186924845343,101.82190007036952
323.4773283175064,2.002736993360313,1.3767978920905242,5.840228440000076,-1.9971124782726333,0.08031471152517956,0.5532620123649802,104.10113215371194,103.1241472609817,101.56192698206885,101.59459274762789,101.62728152385954,101.69272268421835,101.82381951928127,101.95512102024767
325.62526330728224,2.106922552842826,1.2849082534461271,5.8447653632911605,-1.9434247213334868,0.07819828672239248,0.5428857757757966,104.24834454979495,103.29903053460228,101.6935372526398,101.72653526704525,101.75955482244115,101.82565278518973,101.95804165056032,102.09060122419741
327.78746088771385,2.2087238314331192,1.1850205526596045,5.850148356609598,-1.8897805094174527,0.07609809926565034,0.5324491121826966,104.39623504975725,103.47469786632196,101.82746065329064,101.86078906589456,101.89413733208517,101.96088728080431,102.09455563122705,102.22835645854411
329.9640157644112,2.3076217427723096,1.0769406580690482,5.85642305861825,-1.8361447095536283,0.074014811239433,0.5219554526251994,104.54462798189574,103.65093780564328,101.96372072104664,101.99737675012626,102.03105070388833,102.09844583898203,102.23337685364211,102.36839739764622
332.15502327184174,2.4030554277680887,0.9604899075602452,5.8636403460508415,-1.7824826478803972,0.07194931325404443,0.5114096290040626,104.69332637047985,103.8275113106779,102.10233665565855,102.13631647207637,102.1703120166738,102.23834331095671,102.37451537534271,102.51072882213437
334.3605793775084,2.4944195186174403,0.8355088821833199,5.871856849163989,-1.7287602633906132,0.06990276845833227,0.5008181753220383,104.84211047505065,104.00414956156398,102.24332259077825,102.27762118877344,102.31193302224652,102.38058894988154,102.5179750822001,102.65534872387764
336.58078068615043,2.5810613618269036,0.7018617994746685,5.881135529141776,-1.6749443113674687,0.06787666433722708,0.49018968568551274,104.99073637514255,104.18055181117795,102.38668676482901,102.42129781871012,102.45591928788124,102.52518552420354,102.66375274145511,102.80224729606401
338.81572444397773,2.6622782483223757,0.5594416143994849,5.8915463240451444,-1.621002627511656,0.06587287349935675,0.4795352387517605,105.13893464325483,104.35638333884174,102.53243057934156,102.56734628479697,102.602269223713,102.67212831339732,102.8118369321359,102.95140579593118
341.06550854292715,2.7373147154798767,0.40817592479150205,5.9031668703415585,-1.5669044662289664,0.06389372472998499,0.4688688993712521,105.28640915802362,104.53127358899211,102.68054753140831,102.7157584301201,102.7509729816269,102.82140397262646,102.96220683946683,103.10279526695403
343.3302315249532,2.8053600067594107,0.24803378670542808,5.916083307383482,-1.5126209295650068,0.06194208558183148,0.45820830899261444,105.43283611929907,104.70481459455709,102.83102200579258,102.86651679203979,102.9020112111936,102.97298925192486,103.11483089907998,103.25637510672038
345.60999258634155,2.8655458003712098,0.0790335525555032,5.930391172348012,-1.4581255069560395,0.060021457644900134,0.4475753766912959,105.57786333688986,104.87655980347044,102.98382791120623,103.01959321918757,103.05535365726362,103.12684955466048,103.26966527625414,103.41209146643789
347.90489158205645,2.916944349887212,-0.09874814965775511,5.946196392994364,-1.4033947504541162,0.058136085292100535,0.4369970820177119,105.72110987452967,105.04602344530682,103.13892714439544,103.17494731510827,103.21095758308793,103.28293731943631,103.42665216512087,103.56987546811895
350.2150290301118,2.9585672178078077,-0.28516617562347957,5.963616384981865,-1.348409115546757,0.056291078017899523,0.4265063985811579,105.86216613947649,105.2126805920406,103.2962678650607,103.33252469176063,103.36876600238503,103.44119020932263,103.58571789294105,103.72964122615514
352.54050611597665,2.989364828663649,-0.4799952450609577,5.98278125919843,-1.2931540043187741,0.05449254530187912,0.4161433424367791,106.00059451512172,105.3759680804663,103.45578256444367,103.49225501600556,103.52870570380382,103.60152909258447,103.74677081537088,103.89128366144327
354.88142469700443,3.0082271219916112,-0.6829168360435783,6.003835142269854,-1.2376210557164873,0.052747741012485805,0.40595614058851837,106.13593063793382,105.53528647143597,103.61738591079134,103.6540498327306,103.69068505189773,103.76385580004455,103.90969899030553,104.05467609868886
357.2378873068972,3.013985647936701,-0.8935045069660652,6.026937609729187,-1.1818097373095218,0.0510652114430504,0.39600250048730257,106.26768541966185,105.69000321989121,103.7809723561247,103.81780014965445,103.8545915503062,103.92805064619607,104.07436762072906,104.21966764132934
359.6099971601937,3.005417519270383,-1.1112075947202904,6.052265225639511,-1.1257293044575631,0.04945493684921591,0.3863509391102915,106.39534790950016,105.8394572164944,103.94641349110648,103.98337377145015,104.02028915566979,104.09396970449745,104.2406162613827,104.38608032408212
361.99785815679314,2.9812517124365283,-1.3353332913991653,6.080013173989532,-1.069401206410371,0.04792845060554317,0.3770820976867848,106.51838907747795,105.98296483341684,104.11355513866755,104.15061237496973,104.18761533523453,104.26144183230981,104.40825579037822,104.55370605083712
364.40157488650345,2.9401782948074593,-1.565027180043582,6.110396954845932,-1.012862034791686,0.04649891282220333,0.36828992343700884,106.63626657828897,106.1198275607269,104.28221418289425,104.31932832353559,104.35637786763343,104.43026544818798,104.57706515565717,104.72230333600608
366.82125263362485,2.8808612418566466,-1.799252419074602,6.143654100614681,-0.9561671281982801,0.045181106974139254,0.3600825424737808,106.74843052329437,106.24934125427954,104.45217513806655,104.48930122705647,104.52635139553585,104.60020507428331,104.7467879180019,104.89159388106886
369.25699738155873,2.8019555901839106,-2.036767912215674,6.180045842931755,-0.8993949671240009,0.043991320210643475,0.35258258160443207,106.85433024716525,106.37080693104161,104.62318647427055,104.6602742667283,104.697273751334,104.77098767005953,104.91712862771708,105.06125903544238
371.7089158174527,2.7021297407747444,-2.2761059931843053,6.219858626189392,-0.8426525155110746,0.042947063250254616,0.34592663099384763,106.9534220052361,106.48354294586652,104.79495673139391,104.83195031899382,104.86884209348011,104.9422988010339,105.08774909172844,105.23093621245542
374.17711533687054,2.5800937679424205,-2.515550398763663,6.263405316316055,-0.7860816876859121,0.042066588275971276,0.3402634938718717,107.04517747988473,106.58689827022137,104.96715047334155,105.00398793403603,105.04070891225743,105.11377870854857,105.25826461228758,105.40021535757587
376.6617040484992,2.4346345844464277,-2.7531156044511755,6.311025889177388,-0.7298671398969494,0.041368177985298016,0.3357508738488194,107.12909291222363,106.68026647674452,105.13938415956845,105.17599724992193,105.21247799018275,105.2850183740968,105.42824030798222,105.56863559712232
379.1627907788809,2.2646587381644046,-2.986528953961434,6.3630872970170955,-0.6742456000960724,0.040869209747442736,0.3325502420373431,107.20469861343642,106.76309992499542,105.31122204226114,105.34753595529345,105.38370043454007,105.45555570499744,105.59718766256842,105.73568223138905
381.6804850771831,2.0692434404851148,-3.2132174205519504,6.419982098168116,-0.6195169513886488,0.04058504509202874,0.3308198362541417,107.27156855372667,106.83492355647158,105.48217223482817,105.51810545125906,105.55387093769176,105.62487200700994,105.76456148664869,105.90078427535383
384.2148972199936,1.847696116750372,-3.4303012769143164,6.482125289003851,-0.5660572633792117,0.0405278481166433,0.330706075740266,107.32932968211004,106.89534765411793,105.65168314075271,105.6871474067337,105.72242446455184,105.79238895332152,105.92975752040344,106.06331279132934
386.7661382161537,1.5996222878252118,-3.634597388667021,6.549948592649431,-0.5143339058385867,0.04070548002888307,0.33233407642041923,107.37767060329969,106.94407891460881,105.8191404802494,105.8540409496979,105.88873361458013,105.95746630655141,106.0921109501294,106.2225802980876
389.33431981161755,1.3250009052749623,-3.8226352324412107,6.623891233867786,-0.464922757936098,0.04112063072159065,0.3357983113174418,107.41634923377931,106.98092922780047,105.98386520358419,106.01810078754504,106.05210695552864,106.11940069830369,106.25089615380995,106.37784157598875
391.9195544943497,1.0242653473887038,-3.9906889985208225,6.704385967445495,-0.4185273118198282,0.04177031889166578,0.34115463311916516,107.4451990813044,107.00582165825729,106.14511263083756,106.17857659913697,106.21178867401991,106.27742581503077,106.40532802625378,106.5282962117582
394.52195549924915,0.6983871381751884,-4.134829171649337,6.791838843882791,-0.3759991190974828,0.04264582376319529,0.34841475121569593,107.46413384128375,107.0187932727189,106.30207320306285,106.33465408392442,106.3669599281852,106.4307143734874,106.55456525578862,106.6730932326683
397.1416368131119,0.348958111573339,-4.250996673786981,6.886600927606918,-0.33835848995789347,0.04373302639732243,0.35754383273224866,107.47315007769112,107.01999464211198,106.45387526191689,106.48545808203679,106.516742312406,106.57838228594629,106.69771592383613,106.81133815977547
399.77871317962104,-0.021734704256458917,-4.335101872542726,6.988929999145497,-0.30681356855124925,0.04501306712454182,0.36846130676109995,107.47232785014512,107.00968604906642,106.59959028466041,106.6300581842595,106.66020384426903,106.71949540513678,106.83384576667821,106.9421027550407
402.4333001043753,-0.41064860940923076,-4.383149394418385,7.098940293288512,-0.28277482253897257,0.04646319007066437,0.38104439814205004,107.46182925495133,106.9882306310666,106.73824097814969,106.7674772215764,106.7963678485546,106.8530791912724,106.96198936614933,107.064437640114
405.1055138599451,-0.8139474190958182,-4.391387662802757,7.216538736378127,-0.26786057967748234,0.048057650408206476,0.3951335764835283,107.44189495689301,106.95608486497109,106.86881256777787,106.89670294949008,106.92422503181743,106.97813154878631,107.08116441530109,107.17738782058204
407.795471490969,-1.2269951435175328,-4.356479421518084,7.341347210092589,-0.263887579069275,0.04976859298915089,0.4105390419637436,107.41283889076007,106.9137869339687,106.99026749526497,107.01670311327382,107.04274890520723,107.09363893131112,107.19038903256026,107.28001095879063
410.5032908192767,-1.644389679034805,-4.275686347737869,7.47261241238968,-0.2728387888614612,0.0515668539116435,0.42704752826819936,107.37504139827041,106.86194360236675,107.10156355657006,107.1264438914788,107.15091451846179,107.1985956080371,107.28870187617487,107.37139800835307
413.22909044905293,-2.0600435403135693,-4.14705750522975,7.609108235255028,-0.29679942773217693,0.05342267377904038,0.4444289673129507,107.32894113038802,106.80121625320339,107.20167526862058,107.224911468342,107.24772021774103,107.2920257287779,107.37518455100675,107.45069557017291
415.9729897720294,-2.467315805936812,-3.969608307643838,7.749040413397472,-0.3378519948432199,0.055306334845240016,0.46244281567817397,107.27502608322482,106.73230672184603,107.2896179615127,107.31113619317307,107.33221184755793,107.37300753507101,107.44898552319184,107.51712907830274
418.73510897271734,-2.859195233465746,-3.7434744465480967,7.889969291184071,-0.39792328432768803,0.05718874288384614,0.4808440183270935,107.21382414676278,106.65594349412204,107.364473773724,107.38421847008777,107.40350850752846,107.4406987677722,107.50934449561562,107.57002570653361
421.5155690336683,-3.2285292119849167,-3.470024519031238,8.02877291853933,-0.4785821267205643,0.059041971731359874,0.49938866105782614,107.14589353155728,106.57286874237181,107.42541841628528,107.44335522004151,107.46082868417444,107.4943620550951,107.5556159861645,107.6088357389233
424.314491740777,-3.5682874586183346,-3.151916386265612,8.16167724649025,-0.5807969232130706,0.060839778823599144,0.5178393551058138,107.07181340360391,106.48382656053374,107.47174731159284,107.48786551275631,107.50351535010799,107.53338887150448,107.58729073014693,107.63315110222749
427.1319996886115,-3.871843990851612,-2.7930858577066218,8.284379786229108,-0.7046766716609931,0.06255808823787108,0.5359703381450264,106.99217500727174,106.38955264260457,107.50289955084122,107.51721382479423,107.53105850214057,107.55732057850061,107.60401353099937,107.64271983827838
429.968216285787,-4.133256902141881,-2.3986619667988993,8.392284197806399,-0.8492356079121176,0.06417542733848265,0.5535722005595299,106.90757349682583,106.2907655380679,107.51847809227661,107.53102938054124,107.54311363237376,107.56586512370188,107.6055963279248,107.63745550593724
432.8232657603675,-4.3475237260353135,-1.9748102589655603,8.480843743914665,-1.0122344198017654,0.0656732964460828,0.5704560829343245,106.81860063446905,106.18815952067149,107.51826476639343,107.52912019752426,107.53951481093148,107.55890819651002,107.59202553358838,107.61744083124611
435.69727316531066,-4.510791257117269,-1.5285131275131418,8.54598304062656,-1.190152857442033,0.06703644914969001,0.5864571589309163,106.72583845210059,106.08239902770875,107.50222896519978,107.51148078390369,107.52028139963028,107.53651800397299,107.56346309418095,107.58292533643954
438.59036438394156,-4.620502656092007,-1.0673030778207824,8.584537255232167,-1.3783331177220908,0.06825306398572775,0.6014372249201398,106.62985391896211,105.97411456738398,107.47052934399068,107.4782928942414,107.48561787967853,107.49894330114446,107.52024119235338,107.53431712421374
441.50266613547,-4.6754709769165075,-0.5989697149712003,8.594627594722294,-1.5712997802079354,0.06931479532651857,0.6152862618751437,106.53119461055618,105.86389995137596,107.42350840275599,107.42991928510347,107.43590680739635,107.44660482819964,107.46285099181229,107.47216941723377
444.43430598053743,-4.675875911948675,-0.13126342458273368,8.575893118028564,-1.7632182078794492,0.07021670090546717,0.6279229063078154,106.43038533696279,105.75231068634099,107.36168037071651,107.36689095530723,107.37169544108994,107.38008080480523,107.39192625015738,107.3971628028575
447.38541232680774,-4.6231883018400275,0.3283821179438029,8.529526000583617,-1.948414494143304,0.0709570536206259,0.6392938511688396,106.32792566114125,105.63986334889282,107.28571331801535,107.2898888354064,107.2936770407828,107.30008754730616,107.30822295253486,107.31008437123647
450.3561144345879,-4.520033589855632,0.7730900021536186,8.45810325653947,-2.1218621192054967,0.07153705435957937,0.6493722793943042,106.22428821944831,105.52703577040955,107.19640680110913,107.19972124880871,107.20266817570668,107.20745655892713,107.21259631056077,107.21180504288937
453.3465424224933,-4.370010014788591,1.1967295260413748,8.365256078690571,-2.279551217455766,0.07196046925473776,0.6581554992641131,106.11991774628814,105.41426786770812,107.09466657292964,107.09729866693381,107.09958355057297,107.10310957355387,107.10597651910399,107.10325636158854
456.35682727314367,-4.1774795028948475,1.5940481521692182,8.255250806237257,-2.418690800050825,0.07223321830226372,0.6656619935941075,106.01523070116116,105.3019629704439,106.98147794366074,106.9836073149749,106.98540987612184,106.9880330116642,106.98934458037597,106.98540789978634
459.3871008389033,-3.947349000431533,1.9607452320830758,8.132563400739725,-2.5377378258778376,0.07236294259891582,0.671928111080231,105.91061539793765,105.19048951376205,106.85787927806912,106.85968307068623,106.86118018210719,106.86325315632048,106.86370931932706,106.85924621811431
462.437495847653,-3.6848578403222056,2.2934918991956788,8.001514093928126,-2.6362837037623446,0.07235857504003855,0.677004619825422,105.80643254149977,105.08018298343067,106.7249368959615,106.72658687234642,106.72794973864288,106.72981311568773,106.73008646437947,106.72575607328804
465.5081459086074,-3.395383337008953,2.5899051979325,7.866000810865416,-2.7148488661032655,0.07222993498053422,0.6809533156627162,105.70301608478476,104.97134801919626,106.58372234919148,106.58538255885955,106.58677445931613,106.5887523493369,106.58948039176799,106.5859043134779
468.599185518163,-3.0842728720242603,2.8484865641940162,7.729341009515534,-2.774638426194742,0.07198736200027053,0.6838438384650563,105.60067432856508,104.8642605994431,106.43529272810171,106.43711774975806,106.43869235003751,106.44108923879044,106.44286886367007,106.44062666364924
471.7107500657933,-2.7567068880137446,3.068535338313261,7.594209980122292,-2.817301861569697,0.07164139837250008,0.6857508053366592,105.4996911962941,104.75917024599498,106.28067434187545,106.28280807322001,106.28470827684893,106.28780691013617,106.2911908543837,106.2908174035268
474.84297583997517,-2.4175938886693973,3.2500473947868915,7.46265225969704,-2.844724350001283,0.0712025247528122,0.686751326368684,105.40032762630885,104.65630220171226,106.12084984926608,106.1234247924326,106.12578207827852,106.1298422888941,106.13533736945357,106.13732178677347
477.9960000341619,-2.0714959836060123,3.3936076027438244,7.336140305689352,-2.85886261507927,0.07068094939345088,0.6869229306918302,105.30282303318914,104.55585954536312,105.95674870456602,105.95988567910487,105.96281985616301,105.96807819468188,105.9761450250953,105.98093094330977
481.1699607527887,-1.7225817827277992,3.5002830625823655,7.215657742798465,-2.8616270152290704,0.07008644802404965,0.6863419001837224,105.20739679889871,104.45802521820139,105.78924063336537,105.79304884144801,105.79666814591648,105.80333816650894,105.8143920675675,105.82237894352977
484.3649970173258,-1.3746024697206605,3.5715222048097024,7.101790162884851,-2.8548048635919323,0.06942824942615283,0.6850819861029858,105.11424976217683,104.3629639447735,105.61913176032871,105.62370912860744,105.6281105885848,105.63638364342083,105.6507964677853,105.66234167645484
487.5812487723633,-1.0308865315371698,3.609063104005268,6.994812360983185,-2.8400169222638927,0.06871496054704429,0.6832134696741431,105.02356568160695,104.27082403706153,105.44716296829678,105.45259669559373,105.45786669381437,105.46791310070438,105.4860157165441,105.50143719514813
490.8188568917454,-0.694348725400773,3.6148528823235715,6.894765832151633,-2.81869849788954,0.06795452456751665,0.6808025200848263,104.93551265369683,104.18173907618764,105.27401006360347,105.28037731146625,105.28659228448768,105.29856274872984,105.3206479609008,105.34022720369121
494.0779631847361,-0.3675092675118626,3.5909789075660026,6.801523941427809,-2.792097460782493,0.06715420545996892,0.6779108010187987,104.8502444723184,104.09582946988111,105.10028534530797,105.10765401790445,105.11488123957847,105.12890842972688,105.15523415381558,105.17921939322767
497.35871040223515,-0.05251979304363262,3.5396116320366406,6.714844486819788,-2.7612829921672417,0.0663205930620825,0.6745952782550969,104.76790192000627,104.01320388689298,104.92654021609289,104.93496978574092,104.94326819251509,104.95946838884912,104.99026092993395,105.0188703740888
500.66124224302627,0.2488067381974683,3.4629583385507043,6.634410675185721,-2.7271604254393313,0.0654596233913527,0.6709081846942799,104.68861398496685,103.9339605716904,104.75326852154024,104.76281086557044,104.77223189040338,104.79070664285034,104.82616396470453,104.85958899223942
503.98570336007526,0.534964403361276,3.363226711185385,6.559862128687463,-2.690488928367234,0.06457660971665956,0.6668971043517219,104.61249900034609,103.85818854427662,104.58091035622543,104.59161057935363,104.60219896932223,104.62303671762336,104.66333161795617,104.7017398581474
507.3322393668621,0.804722601533136,3.242596978283399,6.490817696585838,-2.6518998781147594,0.06367628069946532,0.662605142575173,104.53966570440895,103.78596869096799,104.4098561252298,104.42175334891922,104.43354794871867,104.45682557133267,104.5021087039626,104.5456469526946
510.70099684376265,1.0570954397935688,3.103201334594262,6.426891756966367,-2.6119146055894675,0.06276282266389108,0.6580711554358125,104.47021422188257,103.71737475252722,104.24045069559084,104.25357880194119,104.26661329136803,104.29239756089581,104.34280026643361,104.39159720685953
514.0921233444652,1.2913130050280606,2.9471093960899784,6.36770548493819,-2.570960768002436,0.061839923720523875,0.6533300165505709,104.4042369679012,103.65247421630633,104.07299751249366,104.08738583504665,104.10168941326425,104.13003834517417,104.18567526816608,104.23984397926176
517.5057674024373,1.5067949958075406,2.7763185412124196,6.3128943170897704,-2.5293869999353085,0.06091081803950102,0.6484129043195325,104.34181947684918,103.59132911908644,103.90776258909695,103.92343654671194,103.93903455974203,103.9699986481142,104.03097013114834,104.09061037827229
520.9420785374275,1.7031269525721782,2.5927481207791585,6.262112600455082,-2.4874757431960774,0.05997832904241887,0.6433475966222002,104.28304115894561,103.53399676712374,103.7449783069225,103.76195997969818,103.77887449030865,103.81249782949303,103.87889208407086,103.9440923936535
524.4012072620187,1.880039151540849,2.398236657490165,6.21503619918223,-2.4454543059094886,0.059044910665470254,0.6381587634032747,104.22797598776059,103.4805303796337,103.58484698615895,103.60315563441543,103.62140593553957,103.65772723033592,103.72962229093089,103.80046181705369
527.8833050882164,2.0373881066636503,2.1945412929613233,6.171363651193525,-2.403504283860733,0.058112686147711166,0.6328682503340789,104.17669312200887,103.43097966156579,103.42754420272449,103.44719673146537,103.4667998056365,103.50585327514366,103.58331874734596,103.6598689417213
531.3885245340892,2.175140543623505,1.9833388680737494,6.13081632062948,-2.361769515713573,0.057183484029906674,0.6274953489267451,104.12925746497777,103.3853913110802,103.27322184219048,103.29423321437159,103.31520414252502,103.35702032442498,103.4401189408774,103.52244504003046
534.9170191304452,2.2933596607448727,1.766228137202116,6.093137876426362,-2.3203627549690142,0.05625887122272552,0.6220570501830672,104.08573016484257,103.34380946665478,103.12201089047564,103.14439449293519,103.16674681642836,103.21135327938967,103.30014227875807,103.38830462339779
538.4689434275605,2.3921934655788206,1.544732716895971,6.058093338254249,-2.279371236692724,0.05534018312905895,0.6165682801573666,104.0461690589336,103.3062760982463,102.97402396817648,102.99779193432545,103.02153797425353,103.0689599465365,103.1634922913621,103.25754749330436
542.0444530019448,2.4718649663485173,1.3203044547566378,6.0254678633509515,-2.238861303528725,0.054428550893727584,0.6110421167772296,104.01062906476803,103.27283134642158,102.82935762015734,102.85452111356992,102.8796722514831,102.92993317385596,103.03025862307031,103.13026059487852
545.64370446316,2.5326639991996354,1.0943269753930251,5.995065397061469,-2.1988822380351336,0.05352492591312944,0.6054899879635227,103.97916252033546,103.24351381283975,102.68809437502809,102.7146638379711,102.74123076199243,102.79435277283488,102.90051882419382,103.00651968611209
549.2668554606754,2.5749404813843304,0.8681192188271908,5.966707272326732,-2.159469429792287,0.052630101774459745,0.5999218515788126,103.9518194757766,103.21836080495046,102.55030459087877,102.57828996162401,102.60628288176954,102.66228724183892,102.7743399587082,102.88639083662117
552.9140646907767,2.5990988941681823,0.6429388341027614,5.940230815848264,-2.120646987697692,0.05174473381463319,0.5943463580588807,103.92864793820466,103.19740853725276,102.4160481043518,102.44545900686312,102.47488784311386,102.53379530694504,102.65178004286774,102.76993177003536
556.5854919035137,2.605593815303609,0.41998532876625994,5.915487998716123,-2.0824298912491757,0.05086935649747063,0.5887709967844986,103.90969407098959,103.18069229092858,102.28537570021935,102.31622160952315,102.34709615591652,102.40892729626933,102.53288932965496,102.65719306391486
560.2812979097007,2.5949263378394924,0.20040290484644163,5.8923441550050875,-2.0448257598159376,0.05000439880759258,0.5832022273615092,103.89500234838923,103.16824653315808,102.15833041816616,102.19062080441961,102.22295087213644,102.28772636332819,102.41771145348507,102.54821922054659
564.0016445879565,2.5676412288595487,-0.014717064636709278,5.870676781745588,-2.0078363060026203,0.049150197853494976,0.5776455970212866,103.88461566591737,103.160104996877,102.03494871272838,102.06869316670576,102.10248870883905,102.17022957423015,102.30628444886422,102.44304962127244
567.7466948917989,2.524324697801079,-0.22433394653519836,5.850374426647672,-1.9714585281568724,0.04830701086251478,0.5721058453503168,103.87857540636423,103.15630072123342,101.9152614813742,101.95046982381051,101.98574104422276,102.05646887257616,102.19864165582581,102.34171937617734
571.5166128567777,2.465602658911312,-0.42745615992563135,5.831335665162685,-1.935685687701725,0.04747502573834628,0.5665869975216865,103.87692146082928,103.15686605243133,101.79929497461971,101.83597735158357,101.87273479999743,101.94647193491747,102.0948125240062,102.24426008006526
575.3115636076642,2.3921393859655624,-0.6231398936870987,5.813468165286262,-1.9005081091006288,0.046654370338532494,0.5610924471439331,103.87969220358642,103.1618326041088,101.68707160096743,101.72523856718912,101.76349322241258,101.84026292859247,101.99482332626798,102.1507004847689
579.1317133656788,2.3046364695042287,-0.8104882253234239,5.796687836479332,-1.865913833688965,0.0458451206157527,0.5556250297725646,103.88692441899222,103.17123117580485,101.57861063831191,101.61827323016692,101.65803657313148,101.73786318270281,101.89869779179566,102.06106709693167
582.9772294557772,2.2038319975748974,-0.9886506314025154,5.780918057872695,-1.8318891531407016,0.04504730775325186,0.5501870880523564,103.89865317802841,103.18509162747256,101.47392886237164,101.51509866201485,101.55638274010417,101.6392917819873,101.806457667667,101.97538470955027
586.8482803139733,2.0904998903488163,-1.156822875915716,5.7660889802804105,-1.798419043813096,0.04426092441182867,0.5447805293791185,103.91491166138869,103.20344270735048,101.37304110166991,101.41573029363312,101.45854777759757,101.5445660923967,101.7181232170227,101.89367687475968
590.7450354947226,1.9654493271105395,-1.3142472599818438,5.752136896298057,-1.7654875194722859,0.04348593019359574,0.5394068768907002,103.93573092529566,103.22631182982099,101.2759607275969,101.32018214899674,101.36454638358839,101.45370222625866,101.63371366111562,101.81596632456478
594.6676656783435,1.8295242111269925,-1.460213214320656,5.739003672776111,-1.733077916818258,0.04272225641641302,0.5340673145208681,103.96113960546057,103.25372479916068,101.18270008720444,101.22846727256332,101.2743923218814,101.36671545411268,101.55324757177797,101.74227534554304
598.6163426784983,1.6836026238837611,-1.5940582145525788,5.726636240143409,-1.7011731256867226,0.0419698102825111,0.5287627267775887,103.99116355378368,103.28570547432456,101.09327088553505,101.14059810708787,101.18809879549742,101.2836205695103,101.47674322012007,101.67262611287241
602.5912394497135,1.5285962252736853,-1.7151689984535694,5.714986133346561,-1.6697557737139892,0.04122847851539567,0.5234937338400318,104.0258254014847,103.32227536905259,101.00768452354023,101.05658682778551,101.10567877715967,101.20443221238729,101.40421888664054,101.60704098845503
606.5925300949609,1.3654495606375041,-1.8229830636622257,5.704009079521551,-1.6388083735297396,0.04049813053061247,0.5182607225065743,104.06514404143385,103.3634531807222,100.92595239697053,100.97644563812469,101.02714530206103,101.12916515599548,101.33569313735714,101.5455427873791
610.6203898732776,1.1951392391906743,-1.9169904238682418,5.69366462789319,-1.6083134391271117,0.03977862119834171,0.5130638734695381,104.1091340214474,103.40925424041218,100.84808616097233,100.90018703189656,100.9525117274709,101.05783456178,101.27118507000691,101.48815501643979
614.6749952074482,1.0186729514382562,-1.9967356011469846,5.683915817784109,-1.5782535768943056,0.03906979324899119,0.5079031853410099,104.1578048392739,103.45968987564626,100.77409796461424,100.82782402570571,100.881791963249,100.99045620611645,101.21071453393122,101.43490208803766
618.7565236917266,0.8370882957432624,-2.0618198317389114,5.6747288809945555,-1.5486115558339593,0.03837147936694522,0.5027784958080013,104.2111601289258,103.51476667623537,100.70400065902042,100.75937036549051,100.81500067680601,100.9270466823121,101.15430232678067,101.38580951231998
622.8651540996203,0.6514513863768636,-2.1119034621974504,5.666072975177746,-1.5193703607072122,0.03768350401229788,0.49768950025379044,104.26919672692392,103.57448565254955,100.63780798239284,100.6948407102938,100.75215347567098,100.86762358090996,101.10197037083681,101.34090407011307
627.0010663917155,0.4628552171859189,-2.146708512359553,5.657919945178296,-1.4905132311906422,0.03700568500573236,0.49263576814561105,104.33190360596399,103.63884127445428,100.57553472475638,100.63425079606338,100.69326707039033,100.81220565091164,101.0537418713457,101.30021396880824
631.1644417235647,0.2724177565445254,-2.166021381047037,5.650244109620305,-1.462023689599099,0.03633783490760044,0.48761675745620625,104.39926066250683,103.70782037805027,100.51719687494575,100.5776175819522,100.63835942017937,100.76081294424083,101.00964145898148,101.26376898309846
635.3554624536157,0.08127975055127627,-2.1696956697220413,5.643022070326344,-1.4338855592880526,0.03567976221869677,0.4826318273582392,104.47123734395964,103.78140092636411,100.46281175200531,100.52495938124508,100.58744986340832,100.71346694543874,100.96969531823939,101.23160058214975
639.574312151205,-0.10939778745566588,-2.1576550985073717,5.636232542418966,-1.406082975486383,0.035031272427111994,0.4776802494054151,104.54779110043629,103.85955060920739,100.4123981228922,100.47629597876121,100.54055923473081,100.67019068831412,100.93393130329781,101.20374204453347
643.821175604593,-0.2984364220250273,-2.1298964880190248,5.629856203203611,-1.3786003900133974,0.03439216892288972,0.4727612173925544,104.62886564582908,103.9422252667945,100.36597630812166,100.43164873633307,100.49770997041622,100.63100886102838,100.90237904265031,101.18022856200238
648.0962388290623,-0.48464349546558655,-2.0864927793300487,5.623875558157243,-1.3514225710891379,0.033762253799921024,0.4678738560681591,104.7143890130842,104.02936712133838,100.32356827674516,100.39104068771644,100.458926203203,100.59594790085399,100.87507003356636,101.16109733294111
652.3996890750607,-0.6668157017904698,-2.0275960630890113,5.6182748225526815,-1.3245345992473208,0.033141328562585386,0.46301722885728064,104.80427138950114,104.12090280104017,100.28519773183648,100.35449662407026,100.42423384777528,100.56503607962975,100.8520377272189,101.14638764608705
656.7317148364078,-0.843743053332515,-1.9534405873446647,5.613039817436056,-1.2979218601971099,0.032529194753035055,0.45819034473936865,104.89840271970239,104.21674114173055,100.2508901874723,100.32204317095818,100.39366067777686,100.53830358074684,100.83331760511881,101.13614095489568
661.0925058585466,-1.0142132579292564,-1.86434571196178,5.60815787884632,-1.2715700353482704,0.03192565451371687,0.4533921644152562,104.99665006705229,104.31677075325567,100.22067303799324,100.29370885762106,100.36723639507397,100.51578256829237,100.81894724727383,101.13040094267426
665.4822531468586,-1.177016523884485,-1.76071877565237,5.603617779322869,-1.2454650906084075,0.031330511098690325,0.4486216058892666,105.09885472908115,104.42085734080908,100.19457562016353,100.26952417910066,100.34499269180603,100.49750724880039,100.80896639229238,101.12921357837232
669.9011489750254,-1.3309508092033842,-1.6430578395695574,5.599409660892286,-1.2195932639783884,0.030743569346549256,0.4438775495867678,105.20482910936359,104.52884077618556,100.17262926866846,100.24952165161302,100.3269633055798,100.48351392586652,100.80341698943272,101.13262716265123
674.349386893456,-1.4748275308596392,-1.5119542691080317,5.595524978859519,-1.1939410524082557,0.03016463612724484,0.43915884312408426,105.31435335787727,104.64053192089108,100.15486736522695,100.23373586140451,100.3131840679908,100.47384104770153,100.80234324238397,101.14069236358333
678.8271617377579,-1.60747774906045,-1.368095113003207,5.59195645585428,-1.16849519833012,0.029593520774870846,0.4344643058468209,105.427171804674,104.75570921266726,100.14132538142961,100.22220350715104,100.30369294648,100.46852924750809,100.80579164433192,101.1534622410285
683.3346696372778,-1.7277588406154856,-1.2122652359933517,5.588698045701614,-1.1432426762538548,0.02903003551848372,0.42979273325422623,105.5429892284357,104.87411503997068,100.1320409152356,100.21496343577863,100.29853007934179,100.46762137635703,100.81381100360525,101.17099225839353
687.872108023686,-1.8345616745640205,-1.0453491581816654,5.58574490679807,-1.118170679795855,0.028473995923323028,0.42514290143158806,105.66146702274521,104.9954519458912,100.12705372088325,100.21205667139665,100.29773780350556,100.47116252802371,100.82645245892016,101.19334028010122
692.4396756396295,-1.926818302156141,-0.8683325507659828,5.583093384783047,-1.0932666095091081,0.027925221355367454,0.4205135716198669,105.7822193492715,105.11937872460221,100.1264057317866,100.21352643684297,100.30136067451018,100.47920005501693,100.84376948293928,101.22056655267292
697.0375725474316,-2.0035101720826836,-0.6823033339490038,5.580741004399882,-1.068518061895281,0.02738353548305114,0.4159034950623121,105.90480939885711,105.24550650023969,100.13014107577676,100.21941816711573,100.309445477852,100.49178357476396,100.86581787250466,101.25273366682634
701.6660001378608,-2.0636768804831025,-0.4884523185460423,5.578686470544681,-1.0439128200060093,0.026848766831187792,0.41131141828193135,106.02874591878444,105.37339491056699,100.13830608182542,100.22977951373096,100.32204123063842,100.50896496462947,100.89265572351175,101.28990649742659
706.3251611389454,-2.1064254636844937,-0.2880733280068874,5.576929678603547,-1.0194388460828399,0.02632074940376344,0.40673608896203645,106.15348020658041,105.50254855579246,100.15094927714016,100.24466033878161,100.33919917219451,100.5307983441183,100.92434338794037,101.33215211747014
711.0152596248594,-2.1309402397913053,-0.0825627321770298,5.575471734281834,-0.9950842767440006,0.02579932339429414,0.4021762626251402,106.27840381635164,105.6324139160638,100.16812137323697,100.26411269716895,100.36097274194628,100.55734004223588,100.96094341003109,101.37953968151193
715.7365010248549,-2.136493203085673,0.12658168194437638,5.574314983233473,-0.9708374213045124,0.025284336004986373,0.39763071033421166,106.40284727009058,105.76237698787219,100.18987523926978,100.28819080512976,100.38741754252824,100.58864854754358,101.00252043798413,101.4321402730428
720.4890921322665,-2.122454972639893,0.33776258405917114,5.573463050904433,-0.9466867639155779,0.024775642399028713,0.3930982276753282,106.52608010979841,105.89176193739534,100.21626586055544,100.31695099281272,100.41859128566473,100.62478443797315,101.0491411068739,101.49002670929944
725.2732411135623,-2.088306293453068,0.5492858084371013,5.572920893113021,-0.9226209703348438,0.024273106814102562,0.3885776453235542,106.64731266087566,106.0198311135411,100.2473502797817,100.35045163817506,100.45455371785349,100.66581028685937,101.10087388761994,101.55327329572869
730.0891575174684,-2.0336500846891203,0.7593639940696171,5.572694858000428,-0.8986289002941494,0.023776603869694584,0.38406784154538864,106.76569989558585,106.14578679928113,100.28318751792908,100.38875307897443,100.49536652234275,100.71179054100931,101.15778889592052,101.62195552091491
734.9370522841405,-1.9582240250029106,0.9661212655180811,5.572792760097892,-0.8746996266224664,0.023286020106162156,0.37956775705316564,106.88034777856181,106.26877509918657,100.32383847136472,100.43191749901442,100.54109319322467,100.76279136583757,101.21995765392137,101.69614968107821
739.8171377544099,-1.8619136592656917,1.1675990744672982,5.573223967370314,-0.8508224625149926,0.022801255799849394,0.37507641270092457,106.99032243436021,106.38789235456139,100.36936578092428,100.48000878410475,100.59179887671183,100.81888045170007,101.28745279608509,101.77593242128032
744.7296276790779,-1.744766003916946,1.3617633352903658,5.573999502208741,-0.8269869986243078,0.02232222710603202,0.3705929305997767,107.0946623904964,106.50219443504622,100.41983366802761,100.5330923423658,100.64755017376092,100.88012677448758,101.36034770917837,101.86138017814388
749.6747372282842,-1.6070036192799284,1.5465130031888847,5.575132157451793,-0.8031831519950915,0.021848868590195362,0.3661165593357067,107.19239401091772,106.61070916717338,100.47530773202072,100.59123488257936,100.708414897198,100.94660030233518,101.43871609452448,101.95256850621077
754.6526830009254,-1.4490391059340442,1.7196902609529845,5.576636628614383,-0.7794012292841662,0.021381136218280857,0.3616467040969328,107.2825500418513,106.71245201849365,100.53585470187842,100.65450414314188,100.77446177525736,101.0183716388307,101.52263143853818,102.04957126687356
759.6636830341484,-1.271489967983455,1.8790925004013341,5.578529663582839,-0.7556320072161188,0.02091901088815045,0.3571829626638626,107.36419094915283,106.80644495787355,100.60154213424191,100.72296856291712,100.8457600920722,101.09551159146261,101.61216637515118,102.15245965518109
764.7079568128944,-1.0751937678998296,2.022486307378716,5.580830231087989,-0.7318668338408308,0.020462502597695616,0.35272516838541423,107.43642844793382,106.89173816314616,100.67243804834816,100.79669688374656,100.92237925398621,101.1780906520651,101.70739192086407,102.26130103554299
769.7857252795185,-0.8612234744504239,2.1476236850919372,5.583559709276635,-0.7080977549028424,0.020011655359687665,0.34827344146342415,107.49845033643867,106.96743396134562,100.74861048680768,100.87575767264059,101.00438826866466,101.2661783737646,101.80837655988483,102.37615755248979
774.8972108434609,-0.6309028756225107,2.25226077973717,5.58674209564486,-0.6843176705301061,0.019566552989449173,0.34382825009449364,107.54954548157448,107.03271209013677,100.83012698930338,100.96021874962844,101.09185512176212,101.35984262629115,101.9151851530026,102.49708447705389
780.0426373909953,-0.38582189062614575,2.3341794048987974,5.590404239444156,-0.6605205285290442,0.019127325908228354,0.3393904832767716,107.58912760390271,107.0868550977434,100.91705396410305,101.05014650488178,101.18484603333638,101.4591487084715,102.02787763947656,102.62412824301188
785.2222302950283,-0.1278515667518,2.39121169694745,5.594576097381829,-0.636701561868529,0.018694159121929364,0.3349615373772632,107.61675641552239,107.12927249482291,101.00945593977009,101.14560508600943,101.28342457324726,101.56415829322646,102.14650749625058,102.75732412016677
790.4362164249776,0.14084151474720782,2.42126827216599,5.599291012953992,-0.6128575794835238,0.0182673015500867,0.33054341886903865,107.63215470651767,107.15952217685586,101.10739467655088,101.24665543327582,101.38765061137352,101.6749281763791,102.27111991317318,102.89669346406468
795.6848241567026,0.41778177794556426,2.422370296612198,5.604586018996472,-0.5889873213706388,0.017847076891301782,0.3261388659780774,107.63522016874572,107.17732768195042,101.21092811360556,101.35335413691892,101.49757907460958,101.79150879603938,102.40174963663775,103.04224047318742
800.9682833825136,0.7001725902916922,2.392685920035829,5.610502161912879,-0.565091891122974,0.01743389621508766,0.32175149230901773,107.62603108092931,107.18259005090201,101.32010912445493,101.4657520866551,101.61325847819695,101.91394248419797,102.53841842715728,103.19394837594798
806.2868255212361,0.9848861784760387,2.330571562654739,5.617084844402058,-0.5411752815995681,0.0170282724607104,0.3173859558187267,107.60484542283936,107.17539340401603,101.43498404875317,101.58389287887958,101.7347291940247,102.04226140648588,102.68113206899899,103.35177496120743
811.6406835283487,1.2684562588032489,2.2346185737949713,5.624384181176266,-0.5172450123729331,0.01663083699316084,0.31304815672926734,107.57209348554528,107.15600380768683,101.55559096371348,101.70781094195704,101.8620214130675,102.17648513983731,102.82987686230145,103.51564735818128
817.0300919061895,1.547074315374522,2.1037057976146665,5.632455358895024,-0.4933129009571218,0.016242358303597448,0.3087454680460298,107.52836453511168,107.12486151718407,101.681957653219,101.83752933437171,101.99515275316298,102.31661783113395,102.98461552043474,103.68545596555334
822.4552867142241,1.816590702646289,1.9370585735887764,5.641358987023201,-0.46939599355873857,0.015863762831040278,0.30448700216546454,107.47438850644293,107.08256718423966,101.81409922694677,101.973057164496,102.13412545701789,102.4626448730563,103.14528238837453,103.86104742697736
827.9165055793858,2.072522046725208,1.7343146541406775,5.651161420149444,-0.4455176851244656,0.015496157703528583,0.3002839164665046,107.41101400344581,107.02986304472512,101.9520153357618,102.11438657442193,102.27892311880504,102.61452902658512,103.31177789235221,104.04221655306982
833.413987706483,2.3100667794741896,1.4955974192707069,5.661935023957797,-0.4217090625861811,0.015140854925013275,0.2961497595649646,107.33918403425497,106.9676104032092,102.09568692345474,102.26148922399224,102.42950687134984,102.7722059134615,103.48396212836667,104.22869710163093
838.94797388868,2.524131066577902,1.2215965815724417,5.673758345891167,-0.3980105090747951,0.014799396139447045,0.29210085777967437,107.25991091369096,106.8967648807474,102.24507244892932,102.41431220527728,102.58581096021884,102.93557879721317,103.66164749914368,104.42015135235371
844.5187065180417,2.7093678862805146,0.9136562690012663,5.686716136807748,-0.3744736098855547,0.01447357655536991,0.28815673793308455,107.17425163891306,106.81835088856857,102.40010350769003,102.57277331288081,102.7477376267644,103.10451256922923,103.8445903183588,104.61615845514558
850.1264295961483,2.860232572763342,0.5738699007865566,5.700899150715906,-0.35116340216650993,0.014165465888309196,0.2843405774177029,107.08328482301967,106.73343665457585,102.56067977775542,102.73675559260462,102.91515122052664,103.27882685850518,104.03248132091959,104.81620159933922
855.7713887447852,2.971058736853924,0.20518057546648077,5.716403625011546,-0.3281610081760025,0.013877423268781094,0.2806796649624181,106.98808999629286,106.64311089817085,102.72666321401218,102.90610109145682,103.08787146390262,103.4582881923279,104.22493505335618,105.01965415273511
861.4538312167025,3.0361590755384946,-0.18851530155497212,5.733330312606353,-0.30556668428211725,0.01361210200365704,0.27720584517850844,106.8897297954918,106.54846196444582,102.89787141809371,103.08060373760213,103.26566580085543,103.64260115337814,104.4214781746411,105.22576506380835
867.1740059064434,3.049956107390229,-0.6022647909333648,5.751782899265093,-0.28350330141792685,0.013372438967416122,0.27395590631922123,106.78923529047962,106.45055993197411,103.07407012029833,103.26000129217235,103.44824077961542,103.83139851051996,104.621536782023,105.433644016702
872.9321633612444,3.0071482048981566,-1.029961059851978,5.771865594376941,-0.26212024292046676,0.013161622433440845,0.2709718536571075,106.68759446666256,106.35044193213432,103.25496472863782,103.44396633910463,103.63523245056243,104.02423035085985,104.82442299647857,105.6422470838507
878.7285557920106,2.902916256790024,-1.4642597166685813,5.793679632632327,-0.24159765644251985,0.012983031648868451,0.26830099107076477,106.58574370280965,106.24910068430573,103.4401909315138,103.63209631855779,103.82619580953305,104.220552315525,105.02932120615614,105.85036393701961
884.563437084365,2.7331756261026228,-1.89651959519914,5.8173183714412415,-0.2221509200866633,0.012840141834933708,0.26599571261098326,106.48456195927938,106.14747607160933,103.62930438933674,103.82390266909547,104.02059338937086,104.419713147824,105.23527458039382,106.05660804577823
890.4370628097666,2.494876425641224,-2.3167822020311966,5.842860622169708,-0.2040350697175924,0.012736390026562537,0.2641128874738144,106.3848673174158,106.04644945816347,103.82176962195948,104.01879922954622,104.21778320490748,104.62094190685292,105.44117273433372,106.25941168771006
896.3496902367035,2.1863520759595643,-2.713807850313759,5.870361826253353,-0.18754877469010503,0.012675000612338845,0.26271271157956777,106.28741547873348,105.94684037635537,104.01694829915782,104.21609016961347,104.41700639523904,104.8233353881086,105.64574174019192,106.45702796773435
902.3015783419623,1.8077111466600206,-3.075190271683195,5.899842702510384,-0.17303723494305084,0.012658774634169123,0.2618569046113767,106.19289983274187,105.84940518283193,104.21408727649293,104.41495787471175,104.617375087453,105.02584652792797,105.8475380284227,106.64754231485026
908.2929878219741,1.361260130651737,-3.3875745198516896,5.931275083227149,-0.1608931019075424,0.012689853344759921,0.26160616189752,106.10195272511781,105.75483728461755,104.41230689362806,104.61445140909575,104.81786123026806,105.22727484710938,106.044948064158,106.8288959811177
914.3241811042308,0.8519347479942924,-3.637004153532346,5.96456486986528,-0.15155421141286063,0.012769473066327546,0.26201683390879504,106.01514759479264,105.66376856196229,104.61059026837538,104.81347642173611,105.01728741079086,105.42626029685107,106.23619596052595,106.99892377297198
920.3954223587779,0.28770470944672527,-3.8094214782625766,5.9995324303141375,-0.145496596703749,0.012897733493415841,0.2631369057538671,105.9330016923654,105.57677165340667,104.80777457354698,105.0107876336323,105.21432095938847,105.6212821776107,106.41936131223949,107.15540746159851
926.5069775097875,-0.3200975873166255,-3.8913371525936147,6.0358913837809105,-0.1432210015681417,0.013073403779665956,0.265001479457761,105.8559791379048,105.4943628140993,105.0025455616261,105.20498533344448,105.40747293848992,105.8106650584172,106.59240938757215,107.29614495202975
932.659114247207,-0.9565882696437009,-3.87067078894594,6.073227608696371,-0.14523106825062074,0.013293789307828973,0.2676281057833686,105.78449412002998,105.41700510535367,105.1934368771267,105.39451757417089,105.59510385383834,105.99259375684413,106.7532352831224,107.41903334669018
938.852102038483,-1.6033577787648716,-3.737740917727989,6.110981432815832,-0.15200171926082498,0.013554677320543764,0.2710124414400459,105.71891407796912,105.34511171824754,105.37883592275504,105.57768995036488,105.7754380521267,106.1651393529791,106.89972262386044,107.52216168692021
945.0862121403624,-2.2387885011056627,-3.4863509286453245,6.148437175662041,-0.16393720655406688,0.013850372851557009,0.27512478754778685,105.65956274292097,105.27904927457286,105.5569981574169,105.75268486569672,105.9465886882395,106.32629779900178,107.02981584894935,107.60390675896261
951.3617176107741,-2.8387303297288526,-3.1148800499992557,6.184725194064578,-0.1813200507552927,0.014173829129424475,0.2799080659357717,105.60672294409103,105.21914098352939,105.72607161748243,105.91759198161364,106.10659475982379,106.47404185732978,107.14160314951855,107.66302343723056
957.6788933207929,-3.377570408618764,-2.6272512955242937,6.218841828332145,-0.2042546606905279,0.01451686976671802,0.285277695001581,105.56063910840379,105.16566956191328,105.8841330752031,106.07045097679382,106.25347093038128,106.60638581306905,107.23340496525131,107.69872018746277
964.0380159666759,-3.829682904477397,-2.033621414501491,6.249691548919635,-0.23261250632223576,0.014870493649305054,0.29112364029134585,105.521519401507,105.118879849312,106.02923649968585,106.20930677842134,106.38526965415168,106.72146071334248,107.3038610077205,107.7107110132291
970.4393640819801,-4.171177336532583,-1.3506331117510868,6.276152668106141,-0.26598855587109665,0.015225246980900676,0.2973146604103296,105.48953747200332,105.07898106855022,106.15947333019761,106.33227604845253,106.50015352303141,106.81759597103246,107.35200755761926,107.69923742269029
976.883218049765,-4.38179076846876,-0.6010976340420129,6.2971631910488925,-0.30368010035144744,0.015571640066717757,0.30370448471323086,105.46483377146905,105.04614869588694,106.273042554288,106.43762202173663,106.59647394526233,106.89340135732508,107.37733673720376,107.66505760142316
983.3698601148745,-4.446707682692296,0.18695954907727733,6.311817547035983,-0.34469781424874807,0.01590057963674917,0.31013939145000374,105.4475164306077,105.02052591608462,106.36832686323064,106.52383302461388,106.67285053544488,106.94784211742055,107.37983083685705,107.60940418867165
989.8995743962987,-4.358061800405673,0.9818622606312221,6.319459780269113,-0.38781423470165244,0.016203782335945004,0.3164664503748827,105.43766167746634,105.00222464510435,106.44396951478377,106.58969849333619,106.7282443368025,106.98029959527753,107.35996748129651,107.53391596450717
996.472646899615,-4.11589211257431,1.7503216655405542,6.319756449159911,-0.43164731266536555,0.01647413349706616,0.3225415922969685,105.43531378774932,104.99132610856623,106.49894533527622,106.63437545544824,106.76201760399684,106.99061062329578,107.31869499015448,107.44055155636349
1003.0893655295188,-3.728394594649327,2.4597217564177662,6.312734607748368,-0.4747682974522597,0.016705959103160934,0.32823669404080374,105.44048456062262,104.987880967972,106.5326189098385,106.65743857353583,106.77397361892355,106.97908102973985,107.25738099210108,107.33149449928979
1009.7500201024346,-3.21141922711097,3.0803733232945723,6.298776878652017,-0.5158168375259218,0.016895188252332365,0.33344502063625425,105.45315231662669,104.99190898960406,106.54478369698629,106.65890813860427,106.76437191980446,106.94647162543347,107.17774042171959,107.20905861250948
1016.4549023592092,-2.58728332265094,3.5874618845532953,6.278574893803485,-0.5536042713137985,0.017039397035766787,0.33808461846772,105.47326041815649,105.00339825367132,106.5356775919107,106.63925272685871,106.73391712279417,106.89395837306418,107.08175088938549,107.07560104151604
1023.2043059778875,-1.8830762109470465,3.9624746297203637,6.253051172679365,-0.5871893969121296,0.0171377397252642,0.342099551247335,105.5007153181645,105.02230390431761,106.50597310215274,106.59936620449508,106.68372267891634,106.8230714377866,106.97156384134979,106.93344801751265
1029.9985265865778,-1.1286925993889954,4.193988574671675,6.223264962552881,-0.6159181937484871,0.017190786303948522,0.3454591535063104,105.53538415004404,105.04854644515055,106.45674330178059,106.54052179898662,106.6152538027851,106.73561989189639,106.849419062802,106.78483596764303
1036.837861776403,-0.35484213593771097,4.277809985615661,6.190318362564105,-0.6394273055236689,0.017200294098054174,0.34815569122000817,105.57709188200177,105.08200959078457,106.38940750090734,106.4643084520968,106.53025587905672,106.63360969053706,106.7175683253445,106.63186849711538
1043.7226111145328,0.40875355480058767,4.216547593218829,6.155275789962759,-0.6576178803484677,0.017168944426441103,0.3502009365859505,105.62561807348453,105.12253769319877,106.30566257996767,106.37255618666707,106.43067558043151,106.51916216429655,106.57821184363547,106.47648819195092
1050.6530761573028,1.134830898737386,4.018762064540757,6.119104395882752,-0.67061003604859,0.017100073163029594,0.35162218181339694,105.68069329044602,105.1699327733966,106.20740688184684,106.26725758349684,106.3185816997595,106.3944389693927,106.43344913187887,106.32046121465196
1057.6295604634254,1.799650812721778,3.6978567004680967,6.082637474321524,-0.6786886631550038,0.016997418402636095,0.35245815536487246,105.74199526137659,105.22395120476872,106.0966633982133,106.15049178586307,106.19609154866039,106.26157761676025,106.285244143607,106.16537221722224
1064.6523696072877,2.383657489070566,3.270864852558523,6.046558674724758,-0.6822494160483648,0.016864900960763166,0.3527551951734684,105.80914488797318,105.28430011561147,105.97550794240733,106.02435604008107,106.06530709014018,106.1226397877212,106.13540337699516,106.01262704780069
1071.7218111923335,2.871773645669109,2.757259315087128,6.011402461831492,-0.6817508338425288,0.016706445965270038,0.35256390896702045,105.8817022637981,105.3506336053522,105.84600642528214,105.89090803399229,105.92826315189457,105.9795729572805,105.98556493599857,105.86346093814333
1078.8381948645347,3.253403385327079,2.177870018075502,5.9775655816294355,-0.677675627251053,0.01652584750723328,0.35193643660625634,105.95916290140686,105.42254890283195,105.71016361913254,105.75212056962904,105.78688842609894,105.83418456757308,105.83719627247905,105.71895020697266
1086.0018323259562,3.5222222734172077,1.5539583324916442,5.945324751194467,-0.6705018738816474,0.01632667377429918,0.35092433763042713,106.0409544226802,105.49958263591373,105.56988421295733,105.60984865363238,105.64297868844143,105.68812717392747,105.69159837793057,105.58002590768899
1093.2130373484104,3.675829444565613,0.9064650236840757,5.9148568176600875,-0.6606833741764917,0.01611220734024252,0.3495770638754639,106.1264340267351,105.58120742952313,105.42694571677072,105.4658080344221,105.49818082700027,105.54289258125453,105.54991442738248,105.44748822891562
1100.4721257871988,3.71532418114448,0.25542663239424157,5.886258788696381,-0.6486376561009972,0.015885414054755964,0.34794094028607975,106.21488711142251,105.66682910286036,105.28298193238237,105.32156357484014,105.35398583049559,105.39981290640776,105.41314120485433,105.32202079016768
1107.7794155949446,3.644854184056296,-0.38045841869274105,5.859566165180336,-0.6347398843710501,0.015648933857352734,0.34605856154015263,106.3055274826443,105.75578479362036,105.13947525204458,105.17852556723005,105.21172876377531,105.26006663742405,105.28214198919086,105.20420424925601
1115.1352268355208,3.471167898758001,-0.9841390101061243,5.834768798325085,-0.6193210237280996,0.015405087416275227,0.3439685114621568,106.39749963253495,105.84734239346332,104.99775590129633,105.03795208479475,105.07259385764598,105.1246880182064,105.15765990708536,105.09452885166084
1122.539881698072,3.2031905505588765,-1.5404220227159116,5.811824037567895,-0.6026688601562629,0.015155893426116241,0.34170532057970454,106.4898835924262,105.94070172852534,104.85900631648066,104.90095562431749,104.93762306906413,104.99457839404805,105.040331043568,104.99340571082756
1129.993704511124,2.8516336691633954,-2.036108782423392,5.790667269795443,-0.5850307876023607,0.014903092441067915,0.3392995899938894,106.58170285647066,106.03499795281293,104.72426905340848,104.76851254945149,104.80772675367717,104.87051845952969,104.93069683063015,104.9011767206897
1137.4970217567875,2.4286408263204553,-2.4600778424187624,5.771220128382569,-0.5666175568299346,0.014648174119912729,0.3367782238168049,106.6719358126201,106.12930763000962,104.59445689122022,104.64147412995656,104.68369538542929,104.7531806266476,104.82921541286773,104.8181230771747
1145.0501620850603,1.9474676861062554,-2.8033304556074503,5.753396722852779,-0.5476074278502461,0.01439240563195095,0.3341647258355305,106.75953099563499,106.22265794785827,104.47036407455246,104.52057825010377,104.56621152660566,104.64314096364774,104.73627182059134,104.74447243249722
1152.6534563282244,1.4221917542182463,-3.059010924815235,5.737108247479539,-0.5281503595338928,0.014136859688409588,0.3314795277817911,106.84342628188466,106.3140394258479,104.35267789666719,104.40646110623712,104.4558614810287,104.54089034067192,104.65218687357654,104.68040473217636
1160.3072375153354,0.8674458958998835,-3.222410280898149,5.722266299138275,-0.5083720125210843,0.013882441221184259,0.32874032624436733,106.92257187507921,106.40242233009472,104.24199004999706,104.29966841905802,104.35314624826273,104.44684455967283,104.5772248004026,104.62605679583092
1168.011840886806,0.29816933202099655,-3.290958572874687,5.708785190531526,-0.4883774423463329,0.013629912146485854,0.32596241286621064,106.9959565945855,106.48677679278029,104.13880735292739,104.20066584901423,104.2584915393295,104.3613533490275,104.51159959647951,104.5815257036235
1175.7676039090925,-0.2706299222373555,-3.26420847383335,5.6965834963154265,-0.4682544278838659,0.013379913948505162,0.3231589882325764,107.06263659708159,106.56609634937993,104.04356160330472,104.10984842639164,104.17225671953273,104.28470817468698,104.45548016447322,104.54687104421069
1183.574866289478,-0.8241065877103211,-3.1438108557443893,5.685585023161134,-0.4480764242170392,0.013132988021974335,0.3203414540765774,107.1217652776441,106.63942426953908,103.95661841458882,104.0275488970095,104.0947426179796,104.21714886638676,104.40899428899868,104.52211606999533
1191.4339699909501,-1.347808203818874,-2.933481379015685,5.675719353497237,-0.42790515580970406,0.012889593844696448,0.3175196814120439,107.17262276083773,106.70588169522098,103.87828496546639,103.95404494595637,104.02619819255366,104.15886908527156,104.37223149693963,104.50724779330235
1199.3452592471767,-1.827907414093506,-2.6389558861228295,5.666922077652657,-0.40779288080848447,0.012650125130366096,0.31470225423150017,107.21464316575498,106.76469625530416,103.80881664422375,103.88956530163958,103.96682606927843,104.11002067331012,104.3452448486169,104.50221604450654
1207.3090805775848,-2.251439120961372,-2.2679313975711497,5.65913480026795,-0.38778436441190867,0.012414924153058511,0.311896689716827,107.24743776611915,106.81522955137382,103.74842260076491,103.83429474580467,103.91678699109423,104.07071692906884,104.32805169553,104.50693150153649
1215.3257828025426,-2.606544157110439,-1.8299887113774875,5.652304983513578,-0.36791860132411996,0.01218429444873568,0.30910963669181113,107.27081230486152,106.85700175933437,103.69727023661822,103.7883780664944,103.8762032170166,104.04103485189685,104.32063342932395,104.52126269096185
1223.3957170586339,-2.8827200592516133,-1.3364919495381373,5.646385670973747,-0.3482303262869388,0.011958512093972785,0.3063470544444013,107.28477706942826,106.88971161042701,103.65548867042693,103.75192299360299,103.8451609115159,104.02101638970181,104.32293423540892,104.54503195552272
1231.5192368140365,-3.071078399906577,-0.800459840001664,5.641335121123104,-0.32875134880430845,0.011737835743225995,0.3036143741680605,107.28954886062752,106.91325022685794,103.62317121643245,103.72500215356902,103.8237115582615,104.01066871621987,104.33485885471737,104.5780103833974
1239.6966978840073,-3.164606893938314,-0.23640305292876165,5.637116367312047,-0.3095117441983266,0.011522515576651387,0.30091664518927397,107.2855446307033,106.92770768470734,103.60037690861185,103.70765407284259,103.81187242386831,104.00996355339687,104.35626934968255,104.61991170288313
1247.928458446468,-3.1584330983345636,0.339878471156305,5.633696711374638,-0.2905409284721814,0.011312801272430518,0.2982586679081836,107.27336723855419,106.93337171995643,103.58713109535415,103.69988325079265,103.80962608754302,104.01883554457137,104.38698086728402,104.67038516537046
1256.2148790576932,-3.0500849077244228,0.9115445289820878,5.631047149808784,-0.2718686392498555,0.011108949071217998,0.2956451150059636,107.25378437846604,106.93071861387303,103.58342512028312,103.70165931299873,103.81691904277325,104.03717967578507,104.42675639475058,104.72900747292819
1264.5563226680986,-2.83974115109645,1.4610164184922236,5.629141724526827,-0.2535258392691382,0.010911227945285987,0.2930806419729022,107.22770220351606,106.92039690763048,103.58921509534055,103.71291524663091,103.833659368675,104.06484773711462,104.4753005145955,104.79527385858226
1272.9531546381422,-2.5304633545154505,1.9703377077948248,5.62795678416945,-0.23554555232805477,0.010719924820275952,0.29056998737865664,107.19613543461968,106.90320512016584,103.60441976363228,103.73354471199815,103.85971346251182,104.1016438149331,104.53225218789443,104.86858850194392
1281.405742754329,-2.1283970968774644,2.4215996834535454,5.627470136827688,-0.21796363391359008,0.010535348722187218,0.28811806252448424,107.16017580613553,106.88006501329367,103.62891744307066,103.76339841969474,103.89490182274137,104.14731881145114,104.59717663164696,104.94825456486474
1289.9144572453185,-1.6429283209389174,2.7974359833521745,5.627660070848303,-0.20081946957753696,0.01035783363583964,0.28573002916494494,107.12096056878876,106.85199212887339,103.66254203880732,103.80227956256859,103.93899387542676,104.20156400207533,104.66955641165325,105.033464265085
1298.479670798138,-1.0867764860664009,3.08158889850359,5.628504217588758,-0.1841565830257337,0.010187739764348981,0.28341136284354546,107.07964249605749,106.82006531282036,103.70507811454617,103.84993829792622,103.9917018482268,104.26400366704614,104.74878195104282,105.12328957234254
1307.1017585745092,-0.47600265778088724,3.2595466287524397,5.62997822924667,-0.16802312243277387,0.01002545277531302,0.28116789804350545,107.03736247944101,106.78539676756571,103.75625502205791,103.9060652902943,104.05267371812414,104.33418687494989,104.83414176065946,105.21667430909481
1315.7810982272824,0.17009325612098491,3.319246006772085,5.632054247322775,-0.15247217739601887,0.009871380515355077,0.2790058498263786,106.99522540982446,106.74910388556611,103.81574010716656,103.97028435161747,104.12148529488758,104.41157855607997,104.92481283431914,105.31242865842886
1324.518069916977,0.8292154830928355,3.251828427534379,5.634699144460377,-0.13756186021971345,0.00972594658274505,0.2769318049763527,106.9542796752227,106.71228376631028,103.88313104221305,104.04214425742174,104.19763155577135,104.49555008746421,105.01985182054227,105.40922730675759
1333.3130563284285,1.4764875220267721,3.052427512361131,5.637872536405656,-0.12335506446610969,0.009589580087469879,0.27495267401475204,106.91550029376356,106.67599095970911,103.95794738317976,104.1211098781626,104.28051742229202,104.58536972263359,105.11818777951541,105.50561264758787
1342.1664426875534,2.0850719769050676,2.7209550873641586,5.6415245841381525,-0.10991879246487264,0.00946270092720095,0.2730755940251326,106.87977546301664,106.64121865052883,104.03962151830166,104.20655284884107,104.36944827111563,104.68019334058069,105.21861754965052,105.60000459892798
1351.0786167782255,2.6270248324422285,2.2628373373492727,5.64559364147417,-0.09732292468596496,0.009345700002379182,0.27130777139223333,106.84789614745988,106.60888322847633,104.12748926816475,104.29774211080183,104.46362060128861,104.77905615985449,105.31980496213974,105.69071857995297
1360.0499689592584,3.0744059491674216,1.6896360094200455,5.650003852884539,-0.0856382924228012,0.009238914026418042,0.2696562538171729,106.82054823986844,106.57981198948133,104.22078051843384,104.39383479995985,104.56211344026356,104.8808662606355,105.42028532143894,105.77599298195491
1369.0808921814998,3.400652365931852,1.0194716386564255,5.654662870721714,-0.07493391827841929,0.009142594999871658,0.26812762298170445,106.79830680880379,106.55473358697813,104.31861041714617,104.49386812533211,104.66388125842785,104.98440096779915,105.51847666713984,105.85402698652376
1378.1717820050467,3.582196592513338,0.27714951311006303,5.6594599384211,-0.06527331598238065,0.009056875040730411,0.2667276037396919,106.78163197021524,106.53427079123638,104.41997184725757,104.59675307573308,104.76774936677346,105.08830734896276,105.61269928731326,105.92302878539179
1387.3230366165733,3.600277115931975,-0.5061214523786556,5.66426466952249,-0.05670980305413283,0.008981728098660555,0.2654605934078148,106.77086598361817,106.51893510926085,104.52373008457046,104.70127099860767,104.8724129764068,105.19110823802117,105.70120469715752,105.98127314604528
1396.53505684677,3.4428430679821203,-1.2935260044726526,5.6689269275623255,-0.04928088702281008,0.008916931081875037,0.2643291260103518,106.76623126159527,106.50912285566612,104.62862075558223,104.80607429068544,104.97644127115605,105.29121525733424,105.78221476769913,106.02716592575887
1405.808246187896,3.1064023913587757,-2.0440463394430046,5.673278256722774,-0.04300194384972596,0.008862027976304282,0.26333330096672825,106.76782908680113,106.50511233487717,104.73325239250704,104.90969259045323,105.07828794152866,105.38695021966178,105.85397085255897,106.05931173683356
1415.143010811456,2.597609786589098,-2.714519562017749,5.677135297820717,-0.0378596109003058,0.0088163014459809,0.2624702224269643,106.77563894704109,106.5070618877117,104.83611500376271,105.01054591864886,105.17630959285677,105.47657597901271,105.91479163430579,106.07657976288229
1424.5397595859936,1.9343486358649167,-3.262324373064918,5.680305516252182,-0.03380554426774359,0.008778756914981608,0.26173351165624786,106.7895185214725,106.51500866333737,104.93559608468159,105.10696611534755,105.26879320887006,105.55833721323896,105.96313709064114,106.07816201493522
1433.998904094997,1.1460452412819437,-3.648573947907405,5.682595342501183,-0.030751397799551248,0.008748123967695273,0.2611129666026921,106.80920447559461,106.52886809522101,105.03000532311754,105.19722760736379,105.35399336521752,105.63051073769365,105.99767464737897,106.06361835537777
1443.520858654924,0.27298045262715276,-3.84157636245498,5.683820478121409,-0.028566004888709067,0.008722878842499645,0.26059444529732895,106.83431434489344,106.54843418225285,105.11760884705365,105.2795879551949,105.43017911067417,105.6914638027257,106.01734249602215,106.03290354037107
1453.106040333352,-0.6355544806013519,-3.8202113916506546,5.683817684136973,-0.02707571139804922,0.008701289759445854,0.26016003865810505,106.86434990090285,106.57338079920001,105.19667317309676,105.35233775393456,105.49568937975009,105.73971752992591,106.02140449012786,105.98637327631675
1462.754868967248,-1.5242722753925693,-3.5767915771988825,5.682456923559527,-0.02606856120552997,0.00868148397287837,0.25978857132131233,106.89870249053007,106.60326437835437,105.2655180431619,105.41385833289482,105.54899455260106,105.7740113876217,106.0094912271536,105.92476858390512
1472.4677671813567,-2.335907247286643,-3.118956973682826,5.67965239191273,-0.025302562267116666,0.008661532197927155,0.2594564278357481,106.93666090814234,106.63752840900506,105.32257614295978,105.46268442545981,105.58876050204388,105.79336365155098,105.98162296735394,105.84918019413406
1482.245160406707,-3.01587736828,-2.47021992910956,5.6753708641915415,-0.024517618648939858,0.008639543060544425,0.2591386521515705,106.97742238522964,106.6755102826604,105.36645642087112,105.49756775586852,105.61391039933228,105.79712240705378,105.93821184292187,105.7609968068172
1492.0874768992496,-3.517074337658244,-1.6689327454563916,5.669636000152154,-0.023450034151806545,0.008613758164057086,0.2588102210020171,107.02010724697651,106.71645105590413,105.39600658569945,105.5175365640593,105.62367895518166,105.78500202187388,105.88004307999527,105.66184245650518
1501.9951477586183,-3.8041870187042184,-0.765675437997794,5.66252778504736,-0.02184795121049667,0.008582637808339802,0.2584473580804823,107.0637776709898,106.75950869280072,105.41036961601856,105.5219457212738,105.61765387525932,105.75710120708153,105.80823727683128,105.55350877041798
1511.968606947009,-3.856994063804927,0.18069233829136383,5.65417703917739,-0.019485845536395683,0.008544928561338894,0.2580287450892361,107.10746077597827,106.80377526691092,105.4090290031881,105.5105124681726,105.59580021658692,105.71390065228752,105.72419772246954,105.43788759540071
1522.0082913081847,-3.6722018353509203,1.1078587764394903,5.644755725522109,-0.01617633554030425,0.00849970655354556,0.2575365012954126,107.15017596067696,106.84829843297406,105.3918381199129,105.48333398274808,105.55846497382927,105.6562404591704,105.62954797514439,105.3169085131865
1532.1146405866123,-3.2636238551217134,1.9551827056376017,5.63446441919375,-0.011778054278343095,0.008446393947444593,0.2569568415149298,107.19096601278437,106.89210720995142,105.35903054093205,105.4408848226185,105.50636134954429,105.58527979263472,105.52606530612438,105.19248444027376
1542.288097446727,-2.660746104521932,2.668511070420871,5.623518627019855,-0.006199034365503111,0.008384749730831422,0.2562803738367405,107.22893104009222,106.93424175179176,105.31121014155721,105.38399448031612,105.44053438780337,105.5024429215571,105.41561520799289,105.06646710607049
1552.5291074923184,-1.9059422307262,3.204180417954081,5.612135613253187,0.000604214662373274,0.008314839046197595,0.2555020506785864,107.26326378869774,106.97378633832317,105.24932201432588,105.31380743911126,105.36231156631727,105.40935685102623,105.30009117339722,104.94061294393147
1562.8381192860447,-1.050751234253749,3.5318562892582563,5.600523057093025,0.008631172162083006,0.008236987200655103,0.2546208290766417,107.29328447311323,107.00990433534626,105.17460726578216,105.23172983119602,105.27324322292597,105.30778595846502,105.18136264812738,104.81655894696901
1573.2155843690832,-0.15168905339419175,3.6360582266824846,5.5888703676126,0.017844211548211062,0.00815172515030984,0.2536391218835944,107.31847292814051,107.04187341014327,105.08854622914924,105.13936780740181,105.17503817790042,105.19956852421919,105.06123271851935,104.69580737949065
1583.6619572809113,0.7339587552043698,3.5163977477752293,5.577342955031337,0.028176762813566094,0.008059732782006255,0.2525621294384336,107.33849577715654,107.06911892093794,104.99279534399001,105.03846293417375,105.06949963080167,105.08655901056866,104.94140590976848,104.57971787555634
1594.1776955792127,1.5519992224766348,3.1866921855404526,5.566079316342968,0.039541681296031944,0.007961785082553973,0.25139713423453813,107.35322644893412,107.0912432035888,104.88912288489885,104.93082942419133,104.95846553700781,104.97057866068174,104.82346556378289,104.46950534084607
1604.763259859915,2.2545966836978497,2.67319661135996,5.5551904972817425,0.05183902605246163,0.007858704703898923,0.25015282445113995,107.36275627964528,107.10804851868673,104.77934800555454,104.81829699360662,104.84375646002754,104.85337570816623,104.70885966660381,104.36624213193804
1615.4191137773682,2.802800431202333,2.0122224519374345,5.5447613493595505,0.06496274419708696,0.007751322856710626,0.24883869155197924,107.36739557375735,107.11955172728638,104.66528643960801,104.70266188355293,104.72713260862044,104.73659538752726,104.59889368114828,104.27086315100732
1626.1457240646548,3.168291092339249,1.247397745611952,5.534852983265948,0.0788060257399178,0.007640449131402685,0.2474645270314345,107.36766428566767,107.12598931808095,104.54870492610931,104.58564732790528,104.61026060528702,104.62175911123408,104.49472885344738,104.18417270924922
1636.9435605540316,3.3343707199516914,0.42678632721032284,5.52550588630068,0.09326530198127776,0.007526849866011635,0.2460400266471039,107.36427280906797,107.12781214828928,104.43128522447356,104.46887366850612,104.49468961750406,104.51025165111174,104.39738453172762,104.10685223979455
1647.813096197504,3.2962639431421747,-0.39996384017816833,5.516743280281417,0.10824299939351485,0.007411234065561829,0.24457449832258468,107.3580941010421,107.12567008134017,104.31459759786753,104.35383750711063,104.3818358596578,104.40331489954193,104.30774320455286,104.03946815579906
1658.7548070875448,3.060817412036696,-1.184318799476927,5.508574415324127,0.1236492366543744,0.007294245575810114,0.24307666231527666,107.35012891911013,107.12038748507668,104.20008293988836,104.24189876145337,104.27297412689909,104.30204673135387,104.2265571761382,103.9824793385151
1669.7691724779518,2.6456886869213636,-1.8813171685127263,5.500997603539222,0.13940267956236405,0.007176460146425738,0.24155452848915684,107.34146624827842,107.11293118197864,104.08904229800893,104.13427423170616,104.16923490215612,104.2074035753911,104.15445601802804,103.93624389871874
1680.8566748048356,2.078110233515072,-2.4517314956919214,5.494002884936048,0.15543076305300452,0.007058386103502852,0.24001533460258553,107.33324102791359,107.10437283774944,103.9826323671383,104.03203622694065,104.07160562107926,104.12020547674032,104.09195414419767,103.90102498345071
1692.0177997077465,1.3933047630851336,-2.8638932777332275,5.487574283073003,0.1716694654884657,0.006940467519895632,0.2384655304235164,107.3265910883306,107.09584790387675,103.88186552749883,103.93611488569476,103.9809348257691,104.04114264022104,104.03945803960926,103.87699550232371
1703.2530360509502,0.6326187686680423,-3.095152792651201,5.481691652077798,0.18806278834075751,0.0068230889730103005,0.23691079439644516,107.32261484157611,107.08851310975469,103.7876131209258,103.84730299286247,103.8979381364999,103.97078266073491,103.99727282636235,103.86424172888539
1714.5628759448432,-0.15856571901667854,-3.1329492082802446,5.476332143503904,0.204562061280283,0.006706581179676415,0.23535607190501728,107.32233082353295,107.08350418644456,103.70061084528112,103.76626230140889,103.82320518460435,103.90957784667869,103.96560797767002,103.86276579831164
1725.9478147675043,-0.9330840541431157,-2.9754671597003637,5.4714713354838755,0.22112516250808523,0.006591226977265518,0.2338056265082099,107.32663973787437,107.08189507550541,103.62146535763175,103.69353058005693,103.75720685562213,103.85787221891832,103.94458209165322,103.87248717850655
1737.408351186389,-1.644348012745055,-2.631855390632456,5.467084071802972,0.2377157187843929,0.006477267270560144,0.23226309765157155,107.336289277099,107.08465941634655,103.550661386071,103.62952880748288,103.70030237672559,103.81590791669517,103.93422671923955,103.89324324235224
1748.9449871801748,-2.248746664343936,-2.121983114424766,5.463145058110481,0.2543023294814261,0.006364906683125426,0.2307315601645228,107.35184174424903,107.09263468916899,103.48856884177913,103.57456810970403,103.65274594107964,103.78383086451946,103.93448930841096,103.9247891184564
1760.5582280607523,-2.7080153977999517,-1.475712207421711,5.459629258955492,0.27085784380828304,0.006254318742253977,0.22921358232541653,107.37364440543774,107.106489076455,103.43544958982864,103.52885618695896,103.6146926939818,103.76169565412768,103.94523538537032,103.96679704933894
1772.2485824953535,-2.991487260011271,-0.7316697210126618,5.456512134395788,0.2873587094206792,0.006145650492112085,0.227711280429017,107.40180258728938,107.12669093461537,103.3914636778378,103.49250310047081,103.58620401412063,103.74946967745242,103.96625014585544,104.01885554147157
1784.0165625288291,-3.0781271208043917,0.06448318779197383,5.453769749717369,0.303784403108914,0.00603902647540938,0.2262263686699325,107.43615580207182,107.15348076340305,103.35667493769708,103.46552639121468,103.56725211206529,103.74703661467436,103.9972396796418,104.08046865121858
1795.8626836060796,-2.958235720723417,0.8622718492982527,5.451378787020656,0.3201169493328104,0.005934552054645036,0.22476020381147024,107.47625763263622,107.18684573660946,103.33105597080966,103.44785558627636,103.55772404141577,103.7541994396429,104.0378320998323,104.15105581295532
1807.7874645946363,-2.634699528664961,1.6090790435153517,5.449316483473133,0.33634052929406055,0.00583231606429639,0.22331382459195362,107.52136072006462,107.22649721625422,103.31449260560882,103.43933621758539,103.5574252796617,103.77068315610329,104.0875788959297,104.22995267653157
1819.7914278073833,-2.1236561905847764,2.253194637122184,5.447560518080151,0.3524411813461725,0.005732392799276394,0.22188798617289995,107.57040892556631,107.2718522061474,103.30678798108586,103.43973353592435,103.56608308842615,103.79613752372455,104.14595687417503,104.31641347394586
1831.8750990254323,-1.4544473590254068,2.7471326589818577,5.446088866916841,0.3684065922682903,0.005634843356159279,0.22048319018994322,107.62203950213575,107.3220203843768,103.30766646440478,103.44873615233911,103.58334990796264,103.83014007299131,104.21237108659687,104.40961546971852
1844.0390075211558,-0.6687444179988089,3.0510595735267163,5.444879645807353,0.3842259777746233,0.005539716355127965,0.21909971115265509,107.67459877298091,107.3757991337396,103.31677765578794,103.46595988012345,103.6088070785273,103.8721997409938,104.28615917582151,104.50866605293824
1856.2836860813727,0.18123828624522403,3.1361300532255307,5.443910959241241,0.399890049168175,0.005447048084862423,0.21773762006828482,107.72617516837192,107.43167976423004,103.33370076972129,103.49095208269432,103.64196921005649,103.92176148279283,104.36659756810297,104.61261298591934
1868.609671030682,1.035480418942261,2.9874814665113725,5.443160774581831,0.41539106092192873,0.005356862131539255,0.21639680624228796,107.77465325509,107.48786872921414,103.35794970654588,103.5231968535477,103.68228953827467,103.97821222040945,104.45290992264984,104.72045821864879
1881.0175022549488,1.8298123227277423,2.606602412898113,5.4426068409415045,0.4307229309260059,0.005269168577744252,0.2150769982321674,107.81779131596345,107.54232784287284,103.38897913963973,103.56212136031635,103.72916660539639,104.04088847736462,104.54427818084632,104.83117549563111
1893.507723224957,2.500372448350368,2.0127726332856164,5.442226671962755,0.44588142105632356,0.005183962887227508,0.21377778489046365,107.8533228767016,107.59283702115502,103.42619193623891,103.60710367067865,103.7819525812357,104.10908600396235,104.63985644472777,104.94373171418326
1906.0808810202188,2.9886418742325125,1.243281364425184,5.441997610564274,0.46086436067268244,0.0051012246253583846,0.21249863731325475,107.87907930097714,107.63708160169577,103.46894819926634,103.65748233778606,103.83996348964857,104.18207162027232,104.73878774338559,105.05711164322418
1918.7375263529234,3.2467196085792103,0.3521783739992806,5.441896990883707,0.4756718899655474,0.005020916199410051,0.21123893229745658,107.89312648349284,107.6727636652225,103.5165761579981,103.71256795149264,103.90249152024657,104.25909738474184,104.84022351782818,105.17034519691785
1931.478213592074,3.242395484817256,-0.5925961125713278,5.441902407654895,0.4903066943550513,0.004942981832184535,0.20999797759374772,107.8939044829664,107.69773304839023,103.56838504249039,103.7716567547651,103.96881948248244,104.33941703449675,104.94334537653015,105.28253601383875
1944.303500787755,2.963494729984755,-1.5137172374034538,5.441992095802298,0.5047741963034356,0.004867347000343413,0.20877503882353152,107.8803557248098,107.71012936209593,103.62367994834108,103.83404628102943,104.03823729847508,104.42230444205651,105.04738836357342,105.392889672934
1957.2139496955888,2.4209310327744467,-2.330450914915085,5.442145413205523,0.5190826680460485,0.004793918567996746,0.20756936742662857,107.85202632396589,107.70852220289662,103.68177853610362,103.8990527909366,104.11006023726598,104.50707360250405,105.151664668107,105.50073954758922
1970.2101258013267,1.649933873940441,-2.965725684813562,5.442343407984818,0.5332432290344584,0.004722585820426331,0.20638022846131232,107.80912694115548,107.69203406004158,103.74202922041451,103.96603008515412,104.18364837816529,104.59309942321921,105.2555864266418,105.60556812526465
1983.292598345633,0.7090261159505272,-3.353720805062059,5.442569439460235,0.5472696962717838,0.004653222548807289,0.20520692655082842,107.75254442682096,107.66043031346882,103.80383030046865,104.03438905867563,104.25842657269749,104.6798383602882,105.3586860717202,105.707021655981
1996.4619403490024,-0.3234766527453428,-3.447217510633979,5.442809810819277,0.5611782646528772,0.004585690255450504,0.2040488278367789,107.68380241051788,107.61416379146142,103.86664928478383,104.10361716320752,104.33390397754245,104.76684776171639,105.46063260214879,105.80491626421407
2009.7187286368737,-1.355404509193741,-3.223859064927071,5.4430543634243245,0.5749870075743562,0.00451984244700095,0.20290537553827817,107.60497631664822,107.55436729515608,103.93004149281369,104.17329678294192,104.40969208217288,104.85380266822764,105.56124221977227,105.89923415318744
2023.0635438648803,-2.2887555197900395,-2.6904680281075133,5.443296979400556,0.588715204207557,0.004455529872267406,0.20177609669064941,107.51857423219123,107.48279502177503,103.99366689896304,104.24312143124213,104.48552008076342,104.94050881287873,105.66048200390006,105.99010919567638
2036.4969705442986,-3.0291348290953795,-1.8846949979338112,5.443535941858941,0.602382516847915,0.004392606457824061,0.20066059787998086,107.42739831383061,107.40172107536921,104.05730414367612,104.31290866317944,104.56124645846435,105.02691066498213,105.758465660476,106.07780195806043
2050.019597067634,-3.4956818955487505,-0.873520151387062,5.44377411099645,0.6160080570757792,0.004330935614859197,0.19955854828608302,107.33440159698603,107.3138084854655,104.12086068678228,104.38260868382402,104.63686578587634,105.11309357974868,105.85544084815346,106.16266494856491
2063.632015734409,-3.6303968079519917,0.25152816941052936,5.444018888309471,0.6296093905338014,0.004270396548484399,0.1984696490341602,107.24255265413555,107.2219643217256,104.1843782239944,104.452307813931,104.71250993633768,105.19927942273142,105.95176808984336,106.24509953085919
2077.3348227770907,-3.4057519641741214,1.3821807883438018,5.4442819580475135,0.6432015350516955,0.0042108902027547905,0.1973935886358881,107.15471660184588,107.12919555291901,104.24803271808432,104.5222262374437,104.78844323663536,105.28581540195775,106.04789176316609,106.32550644579302
2091.128618387221,-2.8295983512011396,2.403618985904088,5.444578811885598,0.6567960049165074,0.004152344519110407,0.196329985061,107.07355663646268,107.03847704632506,104.31212868778493,104.59270976983596,104.86505139835565,105.3731562153422,106.1443040727066,106.40423222586703
2105.014006741691,-1.9466319852812153,3.2060880482374916,5.444928076578869,0.6703999460084502,0.004094718762190657,0.19527831562537645,107.00145649685142,106.95263873870302,104.37708771544465,104.66421571454364,104.94282441270214,105.46183996040128,106.2415032086961,106.4815140021694
2118.9915960292183,-0.8360390691445351,3.6967615177736817,5.445350672645934,0.6840153943413144,0.004038006757720604,0.1942378363618142,106.94046151216423,106.87427467429859,104.44343143998829,104.73729317637384,105.02233388553071,105.552458519729,106.33994708782112,106.55742535879682
2133.061998476972,0.39466183792302567,3.8106083579926646,5.445868833599079,0.697638677225323,0.003982238972102914,0.19320749287366454,106.89223432019028,106.80567308698687,104.51175955853957,104.81255844107623,105.10420550955504,105.64562330754548,106.44000418036845,106.63182606595038
2147.225830377404,1.6191673014254886,3.5190730500002982,5.446505009983547,0.7112599651156292,0.003927483423086315,0.19218582495362443,106.85802081622823,106.74876435775255,104.58272354140186,104.89066618666898,105.18908750014019,105.74192733911268,106.54190300856976,106.7043187894092
2161.483712115225,2.70456471013552,2.835551440927129,5.44728067196091,0.7248629762932542,0.0038738454303367423,0.1911708676450679,106.83862218926025,106.70508251182527,104.65699685832404,104.97227735809074,105.27761586070272,105.84190458631917,106.64568202541282,106.7742162607556
2175.8362681945987,3.5250999647509387,1.8169028370034612,5.448215010990379,0.7384248382448695,0.003821466185337034,0.19016005215027573,106.83436980318984,106.6757357401523,104.73524252285995,105.05802452314485,105.37037731250514,105.94598754842352,106.75114182706221,106.84052286180506
2190.284127266473,3.9763087049873573,0.560550153786632,5.449323528835032,0.7519161204135724,0.003770520040921401,0.18915011129621373,106.84510103243863,106.66138198837749,104.81807870524463,105.14847546067449,105.46787065572187,106.05446394942001,106.85780207865909,106.9019349977489
2204.8279221561374,3.9881691535782813,-0.8029386940297343,5.4506164948581795,0.7653010732155735,0.0037212102995610244,0.18813699639407605,106.87013588619888,106.66220674003767,104.90604307410379,105.24409564943926,105.570467269129,106.16743353268188,106.96486617335445,106.95686476990178
2219.4682898909196,3.535890959299071,-2.1215342767177248,5.452097255209205,0.7785381368280294,0.00367376313376008,0.18711581545282271,106.90825632829716,106.67790159274216,104.99955644361039,105.34521027376664,105.67837145582882,106.2847661198184,107.07119747078323,107.0034909794954
2234.2058717281093,2.64697624772921,-3.2370574653217905,5.453760395414691,0.7915808173738313,0.00362841913141692,0.1860808068632113,106.95769259001455,106.70764402379194,105.09888626985423,105.45196638824818,105.7915814543421,106.40606248630732,107.17531185818969,107.03984002911102
2249.0413131830246,1.4032867997293212,-4.003067555255788,5.455589796704299,0.8043790621600921,0.003585421869321586,0.1850253676149351,107.01612336430105,106.75008084020489,105.20411060344006,105.56429603605591,105.90985220632575,106.5306202141612,107.27539211125352,107.06389654792098
2263.9752640573056,-0.06294258560834318,-4.303818334772084,5.45755669092568,0.8168812900446997,0.003545002943072781,0.18394216014083153,107.0806992527762,106.80332015831331,105.31508330690565,105.6818814352998,106.03266144073557,106.65740750759005,107.36932973493333,107.07373951494444
2279.0083784673575,-1.5798331980861695,-4.072288621391214,5.459617910862231,0.829037233236117,0.003507363102061407,0.1828233256111307,107.14810060812277,106.86493920179905,105.43140171996556,105.80412386343356,106.15918131338992,106.78504893615782,107.45479916152831,107.0676946954145
2294.1413148730176,-2.95341376040021,-3.3048342348073887,5.4617146468287014,0.8408017031974037,0.0034726496380846216,0.18166083167694408,107.21464102962184,106.93201737817554,105.55237852183707,105.9301185841608,106.28825870437751,106.91182804473118,107.5293668872574,107.04448928268408
2309.374736106389,-3.991164370827496,-2.0696928412004043,5.463772138754735,0.8521392837202449,0.003440931013608482,0.18044697620082187,107.27642505212474,107.0012053357439,105.67702028871052,106.05863903452973,106.41840823285305,107.03571246441106,107.590634035233,107.00339112438691
2324.7093094008687,-4.529507019742216,-0.5065938164288775,5.465700820036694,0.8630297615991238,0.003412170871514465,0.1791750519929932,107.32956198245944,107.06884006393639,105.80401611938206,106.18813441451947,106.5478229164433,107.15440717009702,107.63640508471518,106.94431422136341
2340.1457064203773,-4.461788472810576,1.1846743833535167,5.467399430967614,0.8734738311285126,0.0033862048832090357,0.1778401484951649,107.37042715634273,107.13111249956391,105.93174057544196,106.31674559657723,106.67440788394788,107.26544036867908,107.66486893708515,106.86787519458092
2355.684603288784,-3.7619998395826917,2.7674897109351497,5.468760471807989,0.8834982902589358,0.0033627250215378652,0.17644002524046978,107.3959484825828,107.18428675652913,106.05827583227187,106.44234458833535,106.79584224020756,107.36628371414845,107.67477266885925,106.77539192976481
2371.3266806195134,-2.49877537278681,4.001920080406053,5.469678020389169,0.8931596701782601,0.003341276280440717,0.17497594477529999,107.40388338612236,107.22495918562271,106.18145803864918,106.56260223416737,106.90967262743226,107.45450393307561,107.6655652393015,106.66882424111401
2387.0726235453567,-0.8346975792354059,4.684238905250838,5.4700574033254545,0.902545136202144,0.003321270071372509,0.17345331251292093,107.39304394677404,107.25033279253904,106.29895203666544,106.6750870060001,107.01343886657968,107.52793683272816,107.6374897674016,106.5506649633121
2402.9231217484817,0.9919605321523745,4.6854618107723995,5.469825582937981,0.911769700151218,0.0033020162090862857,0.17188195600582484,107.36343049107245,107.25847166790871,106.4083564155245,106.77739431769872,107.10482724593133,107.58486811221145,107.59160930989593,106.42379622345253
2418.8788694906484,2.702259519001851,3.9804534579034367,5.468940601653218,0.920969358610652,0.0032827717814049814,0.17027590381449428,107.31624753041686,107.24849548414817,106.50733715731143,106.86730085735384,107.1818410549467,107.62420014781256,107.52976121705856,106.29132841993082
2434.940565643613,4.0231481554226685,2.659837017507177,5.467398252162719,0.9302906399966092,0.0032628011566367323,0.1686526012530683,107.25379767623393,107.22067922397711,106.5937830685694,106.94293259095615,107.24297202718219,107.64558196503039,107.45444650894495,106.15643851201567
2451.108913719732,4.736525499828299,0.9201521195444572,5.465234483311828,0.9398779631775042,0.0032414382424622813,0.16703161420567678,107.17927225550362,107.17643837106932,106.66597054182063,107.00292961596018,107.2873521843575,107.64948238170103,107.36867019887609,106.02222052121618
2467.384621902785,4.720178391981146,-0.9672060266985876,5.462522887675098,0.9498608485097355,0.0032181410990824765,0.165432990454923,107.09647441313189,107.11820096957057,106.72272030494847,107.0465876347667,107.314864922566,107.63719388814908,107.27575373618868,105.89155610623764
2483.768403078995,3.971393033594048,-2.7023625369922644,5.459367702219143,0.9603431115669315,0.0031925306368503843,0.16387552956006754,107.00951694417085,107.04918862990087,106.76352634176966,107.07395606108278,107.32619807723711,107.61076559666564,107.1791409741722,105.76700808682153
2500.2609748682507,2.608172474584628,-4.0089546877963755,5.455893714411058,0.971395657113584,0.003164408876133689,0.16237522682258834,106.92253287330864,106.97314234966174,106.78863846509805,107.08587740526463,107.32282978248983,107.57287467153662,107.08221514702356,105.650735822626
2516.863059655532,0.8483916504318354,-4.681063963492094,5.452234979735518,0.9830535725049956,0.0031337567980013453,0.16094409991643885,106.83942549193821,106.89403266327888,106.79908548835529,107.08396095661183,107.30694832779153,107.52665403633006,106.98813810851371,105.54442884552407
2533.5753846225584,-1.027942739533278,-4.616323098551307,5.448524202462796,0.9953172380098365,0.0031007156896816915,0.15958950185842347,106.76367110164834,106.81578795956243,106.79663459779627,107.0704938714824,107.28131712930329,107.47549789561967,106.89971652656793,105.44925412917786
2550.3986817796417,-2.725258533857471,-3.830226953959425,5.444884121229134,1.0081564418423659,0.003065558091335598,0.15831390969419823,106.69817613798142,106.74206356362825,106.78369221514849,107.04830189007345,107.24910277200232,107.42286543339537,106.81929432352852,105.36581266611991
2567.3336879977464,-3.9791908248693253,-2.450898640269415,5.441421524779388,1.021516168531086,0.0030286547605512873,0.15711508957774142,106.64518276570375,106.67606183932462,106.76315979157499,107.02057771835852,107.21368640577764,107.37209818584557,106.74866715651042,105.29410236076977
2584.3811450407575,-4.596275076168681,-0.6970001381865918,5.438223852684796,1.0353227993515517,0.002990442918290887,0.15598649427693456,106.60621373955846,106.62040350730507,106.73826260201781,106.99069652568994,107.17847671266128,107.32626000395747,106.68901328692917,105.233486428129
2601.5417995979774,-4.481586980084374,1.1564546696300009,5.435357867741239,1.0494897872295832,0.0029513991409608506,0.15491774841787223,106.58204750324703,106.57704416721396,106.71236999614476,106.96203538260494,107.14673755292735,107.28800211437557,106.6408355840386,105.18266935822723
2618.8164033168364,-3.651780221746757,2.8188899295813012,5.432869661775885,1.0639222869543343,0.00291201827054879,0.15389510786467286,106.5727169642762,106.54722768681202,106.6888223271785,106.93780821462597,107.12143709432561,107.25945085213326,106.60391133586958,105.13968590509018
2636.2057128358083,-2.2329682547577416,4.026251350431501,5.430785234087732,1.0785206170651702,0.0028727980318375085,0.1529018274624078,106.57752900366344,106.53146882169786,106.6707743994838,106.92092173836586,107.10511937711146,107.24211277087817,106.57724973846383,105.10191219340209
2653.710489817548,-0.4442947570675445,4.579682470498989,5.429110991528222,1.0931827464065023,0.0028342278139527406,0.15191842450828014,106.59510562399959,106.52956002870964,106.6610594038234,106.91385236070906,107.09979492718666,107.23679111225648,106.55906119132014,105.0661113166866
2671.3315009822586,1.431042264835872,4.376731697393979,5.427833702023749,1.1078062295071633,0.002796779263425309,0.1509228782463553,106.62345090950893,106.54060087421122,106.66207224677045,106.91854006693211,107.10684464983132,107.24350887794544,106.54674756687768,105.02852769289298
2689.069518141277,3.0848331372316644,3.4314978950260127,5.4269196604167975,1.1222901771060063,0.002760895868745626,0.1498908575540624,106.66004988706834,106.56305180905946,106.67566766620101,106.93629325385857,107.1269308621769,107.26143682896763,106.53692786809962,104.98504345050338
2706.925318230877,4.229662326686076,1.88043815731729,5.426313099977676,1.1365379533490796,0.0027269785724079927,0.14879612011936968,106.7020051215164,106.59481657365795,106.70306680906646,106.96769829771063,107.15991085888194,107.28882955011946,106.52551797319204,104.93140457183601
2724.899683346294,4.646976449197442,-0.02904401630111978,5.425934227266531,1.1504613236569345,0.002695364742412229,0.14761127343981223,106.74621371414361,106.63335831987199,106.7447660200094,107.01252931833355,107.20475181598415,107.3229791642581,106.50788452127628,104.86351332599482
2742.993400775983,4.231242075265787,-1.9691926056360312,5.4256776880213,1.1639866769267044,0.002666298852201834,0.1463091182709221,106.78958096870822,106.67585295100147,106.80044341539686,107.06965714411879,107.25945120281895,107.36020396185532,106.47908878323194,104.77776730374052
2761.2072630361135,3.0221054276195587,-3.58158569675826,5.425412754541255,1.1770636067043185,0.0026398953374286937,0.144864781818971,106.8292578985569,106.71937869356847,106.86886249962377,107.13696206793153,107.32097425823163,107.39589694501723,106.43422412038348,104.67140748303873
2779.542067905273,1.2150779086701777,-4.542071605956322,5.424986924626909,1.189675439179531,0.0026160975757825626,0.14325874960083465,106.86287980274648,106.76113364783774,106.94777788534103,107.21126277980406,107.38522918240149,107.42466456614613,106.36882975588608,104.54282426188692
2797.9986184594054,-0.8581648767713329,-4.631583807801448,5.424234660149483,1.2018502008438636,0.0025946414755821296,0.14148067781770246,106.88877537414173,106.79866415349564,107.03385637160744,107.28828362658615,107.44711018553198,107.44058469744184,106.27933739835109,104.39176808505677
2816.5777231069915,-2.7844907611390406,-3.7972864323376703,5.422992291376639,1.2136692156517146,0.0025750364061868734,0.13953349962670808,106.9061136140588,106.83007854459353,107.12263704317635,107.36269274350299,107.50064535555175,107.43760020422908,106.16348398399687,104.21942413874235
2835.280195624465,-4.154561368254215,-2.1845173643259965,5.421118399864089,1.2252695657996264,0.002556577608507562,0.13743689877961468,106.91496147109652,106.8542162712188,107.2085653125466,107.42825133057566,107.53928524564373,107.41003714092588,106.02061450204954,104.02833659210386
2854.106855191848,-4.661659935006199,-0.12223538268233168,5.418516472257605,1.2368368894027788,0.0025383999248663755,0.13522890373269073,106.91623826958988,106.87074407967364,107.28514439673789,107.47811364361641,107.5563526777779,107.35319688709362,105.85181192350962,103.82219886939862
2873.058526428629,-4.186222523211895,1.9440021867238269,5.415154263627356,1.248587094486428,0.0025195716430129046,0.13296442848303291,106.91157035999336,106.88015986324703,107.34524728179905,107.50530083910384,107.54564007110174,107.26393079466425,105.65982616094387,103.6055517739675
2892.136039429886,-2.836152264447989,3.558887060354655,5.411073638359835,1.2607392938383546,0.0024992124681669043,0.13071024840853412,106.90306596845309,106.8836992143867,107.38161465457425,107.50333448294296,107.50209071763834,107.14108296429734,105.44881940606992,103.38344311534128
2911.340229802652,-0.9245836807217664,4.373411517925847,5.406386759331518,1.2734860549402447,0.002476608072357564,0.12853704548161687,106.89304139222791,106.88315570900878,107.38752371058871,107.46696056563428,107.42245004235949,106.98569906270939,105.22398408351536,103.16109923772332
2930.6719387025023,1.1109412401900685,4.232635263757301,5.401258908576263,1.2869687406044035,0.0024512923545863103,0.12651030349305573,106.88373337227435,106.8806390361562,107.35755271499119,107.39283931614459,107.30574703768626,106.8009499173143,104.99110854350752,102.94364477236961
2950.132012870401,2.821687156838312,3.207347980865822,5.395882818249755,1.3012640674714042,0.002423079248425797,0.12468235495697282,106.8770295632241,106.87830214853736,107.2883057433001,107.28004824504754,107.15348676323447,106.59179067513566,104.75616122993237,102.73588886776639
2969.721304669799,3.85668336173899,1.5634069993160808,5.390451756764751,1.3163838501867973,0.0023920432174480083,0.12308745228912714,106.87424243910925,106.8780691187437,107.17893271030337,107.13027025927096,106.96950355013895,106.36443963143816,104.52494308727671,102.54217999619071
2989.4406721239593,4.036419539782692,-0.3155725955609536,5.38513779667532,1.3322855267292746,0.0023584626493924478,0.12174059466424683,106.8759449951219,106.88139117342487,107.03130856998298,106.94761619328004,106.75951536697329,106.12579074725,104.30283140999158,102.36632035027552
3009.2909789535356,3.376681810618891,-2.0244867908852036,5.380078679510122,1.3488885350251931,0.0023227470428091594,0.12063961030438894,106.8818814071277,106.88905238266034,106.84982213929959,106.73813133464355,106.53049280689886,105.88286467466116,104.0946154292729,102.21152528926785
3029.2730946144075,2.0654262146144964,-3.2248271417118057,5.375373382536066,1.3660915091508126,0.002285366783965117,0.11976922785887688,106.89096276812245,106.90104126829547,106.64083427691232,106.50911347039106,106.28998272247938,105.64236750894382,103.90440918571593,102.0804120973716
3049.3878943357695,0.40699720507869747,-3.7063499046272277,5.3710843005469195,1.3837867950212228,0.0022467972448875313,0.11910574701103747,106.90135575703624,106.91650132045262,106.4119471023991,106.2683949878112,106.04550503422638,105.41038421013552,103.73562081310426,101.97500379986643
3069.636259158462,-1.2484325424381888,-3.4150978498736406,5.367243240560959,1.401870738333291,0.0022074813450201985,0.11862125902088759,106.91066807374108,106.93377147544851,106.17124843057952,106.023714098195,105.80409217373665,105.19219987022194,103.59095704604752,101.89673649744068
3090.019075973554,-2.574416654187593,-2.4492566362761936,5.36385877674254,1.4202497250246935,0.0021678092995187173,0.1182868671750088,106.91622603496916,106.95052490322172,105.9266617215725,105.78224473518188,105.57198950873648,104.99222275617379,103.47244485727506,101.84646168723921
3110.5372375611964,-3.3255318390144906,-1.0293610332220482,5.360923309454595,1.4388427840408209,0.0021281116259438335,0.11807478325991033,106.91542552104316,106.96400812404335,105.68547006517593,105.55029943581755,105.35449854631818,104.81397697088688,103.38145649518236,101.8244379116079
3131.191642629732,-3.375786429396853,0.5486703881916047,5.358418961423323,1.457581807821063,0.0020886609515863514,0.11795943662294457,106.90611899782725,106.97137020313447,105.45402388661664,105.33318174826276,105.15592701183331,104.6601350396652,103.31872856902523,101.83030877466456
3151.9831958550535,-2.7351900180302,1.9690413265040165,5.35632201968818,1.4764103494361163,0.002049678789537968,0.11791783854169839,106.88698377648694,106.97005347016272,105.23760362206207,105.13514780971563,104.97960716266846,104.53256715566019,103.28436971344787,101.86306711311124
3172.912807920222,-1.544190404202616,2.9520951277718237,5.3546059674900635,1.4952817263463871,0.0020113444628865624,0.11792945049968907,106.85780773777319,106.95819651869172,105.04039284252744,104.95943558556255,104.82794947941194,104.43239106390165,103.27785475694013,101.92100826500896
3193.981395555363,-0.04766619223577074,3.3035847046970863,5.353243300943141,1.5141569269456716,0.001973804310053404,0.11797576433335916,106.81963523612323,106.93498457350452,104.86551784673239,104.80832757226032,104.70250777936657,104.36001306383605,103.29800649596466,102.00167934178361
3215.1898815778263,1.4481152516460538,2.950718308983594,5.352206363277052,1.5330026337768277,0.0019371800205538704,0.11803975174468188,106.77473924125567,106.90088029573253,104.71511854913243,104.68322279267068,104.60404059619299,104.31515592744289,103.34296951100887,102.10183643959775
3236.5391949325963,2.6304050659295495,1.9594288634363497,5.351467414148305,1.5517895589696145,0.0019015754054622414,0.1181052994073572,106.72641972979636,106.85768477425702,104.59042655097014,104.58470341365626,104.53256103620411,104.29687384524811,103.41018427323601,102.21742770880353
3258.030270732979,3.239669755112125,0.5286809649283103,5.350998123797982,1.5704912241015818,0.0018670811497492102,0.11815672048672693,106.67866127296797,106.80841105846659,104.49183639938624,104.51258907990089,104.48737310177036,104.30355823793533,103.49637417900894,102.3436262597434
3279.6640503015624,3.125080011085805,-1.0401861254537559,5.350768666927337,1.5890832907587213,0.001833777201720254,0.11817842314641813,106.63570361728284,106.75699044900519,104.4189641381889,104.46597805393536,104.4670970416571,104.33294179097764,103.59756276394835,102.47494097001527
3301.4414812114564,2.285281436939373,-2.3977319672823536,5.350746603071312,1.6075435382364947,0.0018017325168590323,0.11815481632849918,106.60158297632798,106.70786142726323,104.37069342356969,104.44327892973641,104.46969012117148,104.38211155378843,103.70914212077402,102.60543196979916
3323.3635173277903,0.8836013887138007,-3.2182970189927813,5.350895773204067,1.625852566661382,0.0017710019863632393,0.11807053391156892,106.57969171377756,106.66550347950707,104.34521422551174,104.44224052437636,104.49247260589857,104.44754518241398,103.82601449720993,102.72904675849021
3345.4311188494844,-0.7712454358163163,-3.277847210966675,5.351175508272542,1.6439952505006712,0.0017416206430540112,0.11791104780536862,106.57238812758641,106.63397260720261,104.34006292184554,104.45999078784985,104.5321716770853,104.52518665311368,103.9428244418281,102.84006958321478
3367.6452523513153,-2.282639619088914,-2.520677302401525,5.351540508788996,1.661962854551006,0.0017135957246956451,0.117663703664876,106.58067477535909,106.61647886547343,104.3521755687516,104.49309803867939,104.5849979246793,104.61057769429908,104.05428605886658,102.93364236649998
3390.0068908262597,-3.2563322627268567,-1.0947941403009838,5.351941769181287,1.6797555424457142,0.0016868978878723155,0.1173191366299737,106.60395913344645,106.6150284858731,104.37796799836265,104.53766887189249,104.6467689611127,104.69905702162892,104.15558816748984,103.00627894371829
3412.517013728103,-3.4062937715435826,0.6619470301000364,5.352328826297534,1.6973847809370193,0.001661453662119325,0.11687290672709448,106.63991625231463,106.63014198174862,104.41345636264734,104.58949558365298,104.71309117231988,104.78602966456239,104.24283275515066,103.05627120818863
3435.1766070143362,-2.6478745579932497,2.2928582375631246,5.352653361086641,1.7148749464456141,0.0016371417902273937,0.11632705503628839,106.68448707659535,106.6606591596149,104.4544286778052,104.64426063374937,104.77960241697771,104.86729301429285,104.31343754440317,103.08389152102717
3457.986663189346,-1.1454571643422093,3.3409168885145033,5.35287378624293,1.7322633915826613,0.0016137959797639888,0.11569117270583314,106.73206121026062,106.70365202916068,104.49667076496286,104.69779570918686,104.84226536399703,104.93938707540705,104.36642331799895,103.09133544801935
3480.9481813478956,0.7107250055629818,3.4847877287697906,5.352960017099504,1.7495984397544633,0.0015912154678808476,0.11498256451241304,106.77589703330287,106.75448301490805,104.53623848777067,104.74637892588208,104.89768492276689,104.99991928258694,104.40251974522708,103.08241044024555
3504.0621672188777,2.4030051822592484,2.6485251646787096,5.3528973406070275,1.7669352653227974,0.0015691827690328855,0.11422522999218399,106.80880975578681,106.80705993412816,104.56975379779809,104.78703835814696,104.9434082024055,105.04780652487958,104.42405942663677,103.06203491384467
3527.3296332093587,3.4360855899267095,1.0428978538320797,5.3526883566022745,1.7843302488209027,0.0015474856974796362,0.11344766938595612,106.82409759511513,106.85433754920163,104.5946884108736,104.81781830713214,104.97815762638864,105.08338456490534,104.43467693095238,103.03564543090275
3550.7515984489314,3.491212708568251,-0.8832412554461705,5.352352419521629,1.8018349087645493,0.0015259392359397478,0.11267985658845157,106.81658337629659,106.8890829381603,104.60959107838005,104.83796204089133,105.00195235042894,105.10835826173603,104.43886993450663,103.00860901079118
3574.329088834359,2.53184914503357,-2.5709929348805325,5.351922700476381,1.8194906553163182,0.0015044028229732962,0.11194996586472214,106.78355779823252,106.90485054620598,104.61421702505103,104.84797458139305,105.01609107249271,105.12559824283196,104.44149916425837,102.98571127459509
3598.0631370745045,0.8234635689651971,-3.5187883509535247,5.351441621673307,1.837325314275039,0.0014827901659919135,0.11128148303421437,106.72537708385661,106.89701599938707,104.60953266228742,104.84955024882211,105.022996073155,105.13881978770199,104.44729947319088,102.97075581541077
3621.9547827355545,-1.1400334374477976,-3.4351970919043096,5.350955726405366,1.8553517867689506,0.0014610709946432914,0.1106911641627373,106.64553358903056,106.86363804599355,104.59759179361399,104.84537586177606,105.02594509996672,105.15219767972683,104.46045331420628,102.96628071103069
3646.0050722865626,-2.779721243136537,-2.329620595024446,5.350510961808261,1.8735686158231997,0.0014392662201921744,0.11018801655341601,106.55016981220074,106.80591127962428,104.58130393733842,104.83884310263944,105.02873576000441,105.16997262017186,104.48425191015131,102.97338194021931
3670.215059145291,-3.601157517593852,-0.5147817561356424,5.350148987369486,1.8919618524443327,0.0014174390575099874,0.1097731988241889,106.44717184788867,106.72806739551204,104.56413325059181,104.8337157381036,105.03533187856812,105.19609339139205,104.52084843309581,102.99163099173511
3694.5858037243443,-3.3411764245659965,1.4783924856545307,5.349904685701783,1.9105075266024798,0.0013956846869802243,0.10944056555200705,106.34507542365836,106.63674694236474,104.54977312637052,104.83379708072127,105.04953400496811,105.23392133104315,104.57109637385948,103.0190812710427
3719.118373477608,-2.051744630120153,3.049673748554419,5.349804711902505,1.9291741695898879,0.0013741203229880132,0.10917754418533634,106.25201263264118,106.54001549264405,104.54183699638016,104.84263314670176,105.07470210925909,105.2860069391727,104.63446515425278,103.05236939823442
3743.813842947013,-0.09748719764628191,3.7031935796879436,5.349866746779928,1.947925082024579,0.0013528765846216573,0.10896609752097396,106.17484914751786,106.44626557784997,104.54359421704439,104.86327285502412,105.11354356842432,105.3539370647742,104.70903115481914,103.08692695453702
3768.673293809606,1.9359854297729657,3.2006430848542946,5.350099107911209,1.9667202888799113,0.0013320901970192893,0.10878364154058048,106.11856717065338,106.36321458410899,104.55776642267818,104.89809349325628,105.1679681335558,105.43824639122448,104.79155158137073,103.11731925821276
3793.697814924922,3.404713242097038,1.6512022251806486,5.350500473075285,1.9855183061562722,0.0013118974760050145,0.1086039091421692,106.08588284168354,106.2971205761425,104.58638857158016,104.94869065230165,105.23900543256067,105.53838777586978,104.8776361628129,103.13771467678757
3818.8885023826697,3.8022278012865547,-0.49365522294255076,5.351059632165252,2.0042779373708757,0.0012924278221725003,0.10839784448756212,106.07706324828945,106.25224900856956,104.6307320682159,105.01582764632104,105.3267792338427,105.65276006810214,104.96203231589247,103.14245860060767
3844.2464595507463,2.9358242343335625,-2.5523411295240965,5.351755364147686,2.022960313955073,0.0012737965748724665,0.10813466178907928,106.08992009769946,106.23056911817073,104.6912847587972,105.09943910325624,105.4305344397779,105.7787965310107,105.0390282896264,103.12668570340668
3869.7727971235763,1.024903503227445,-3.815554783303404,5.3525566950814545,2.041531289289637,0.0012560970328435572,0.10778319307032797,106.11998721573497,106.23164623329528,104.76778292117285,105.19868508658661,105.54871537577334,105.91311903373571,105.10295372112118,103.0868673421827
3895.4686331707503,-1.326598456922036,-3.7888451818367144,5.353423882187806,2.0599640980963985,0.0012393921749957717,0.10731357195569399,106.16091738120599,106.25271342551464,104.85929173163952,105.31205372512856,105.67909517468878,106.05176012358213,105.14872180507598,103.02117854345221
3921.3350931859914,-3.3002837586141434,-2.397135199984746,5.354310427587237,2.078241935956128,0.001223707444582211,0.10669915644282457,106.20513972749542,106.28893414636556,104.96433123150423,105.43751001210256,105.81895404679004,106.19044523373178,105.17232390747893,102.92959610952188
3947.373310136459,-4.142110593090882,-0.06523797633596157,5.355166206102263,2.096359880968826,0.0012090265723449026,0.10591841092784113,106.24478330220023,106.33388684291673,105.08104304617382,105.57268484046602,105.96529784898539,106.32491107095511,105.17117358251447,102.81370304707639
3973.584424512382,-3.4614691918677374,2.38453369350125,5.3559414057561066,2.1143254992318132,0.001195292390649922,0.10495631216891049,106.27278908007517,106.38029408452942,105.2073882399182,105.71509105984214,106.1150978636885,106.45121743209258,105.14421695684489,102.67625135241457
3999.969584377005,-1.4293821323786469,4.012205958693171,5.356590540862326,2.132157670762094,0.0011824136227738893,0.10380480860425688,106.28402374824671,106.42096945072018,105.34135899159538,105.86234336234808,106.26552025265012,106.56599554650441,105.09178051274078,102.52059384623098
4026.529945416866,1.2289778317576212,4.1298398888468535,5.357075513720106,2.1498836702695274,0.0011702768085003962,0.10246202625474607,106.27612971176686,106.44986941867623,105.48117784869501,106.01234875382639,106.41410344304839,106.66657513111079,105.01519754457317,102.35011576238881
4053.266670992424,3.4789946189826857,2.6128125446776966,5.357366782299922,2.1675351990026375,0.001158760476376214,0.10093028289287527,106.24986155922204,106.46304702706485,105.62545096687273,106.16342809568346,106.55883889878582,106.75095049355033,104.91631363496151,102.16777837215432
4080.1809321890237,4.384386929289966,0.004544801407215363,5.357442213155528,2.1851446101571637,0.0011477473423516483,0.0992134447756025,106.20879159995057,106.45926437930098,105.77323923905945,106.31433055828737,106.698119460555,106.81758224053787,104.79699818696767,101.97584571674764
4107.273907868182,3.51575971622028,-2.6596387912452633,5.357284021260426,2.202742717301042,0.001137130460439551,0.09731456111096509,106.15846242987337,106.4400776236897,105.92401602140225,106.46411399451247,106.83054071557287,106.86507679447871,104.65877854083436,101.77581968637443
4134.546784719211,1.1754434376853684,-4.262939870338892,5.356875021481111,2.220359190898376,0.001126811004596744,0.09523487041294201,106.1052237776664,106.40935483011226,106.07749275469928,106.61188466445297,106.95457187569937,106.89182806915593,104.5026751640202,101.56856946295746
4162.000757311212,-1.6833666526038213,-4.091232923818904,5.3561959257861576,2.2380257069207437,0.0011166882086229941,0.09297509469285306,106.05504331385687,106.3723577934036,106.23331247756865,106.75641655891309,107.06814813023388,106.89573221445417,104.32926543667969,101.3546118446805
4189.6370281453965,-3.8385132776561304,-2.177253037761445,5.3552253977646735,2.255780933046761,0.001106645092621826,0.09053940949447387,106.012529797858,106.33463070646373,106.39063340507008,106.89570046370662,107.16827090643342,106.8740888879458,104.13895148241409,101.13447847051629
4217.456807707756,-4.336051542457967,0.6700445038500165,5.35394391290172,2.273675415155777,0.0010965360563931156,0.08794164313988193,105.98030862067878,106.30095242568545,106.54764884227254,107.02650381078126,107.25073084149125,106.82377569707327,103.93236229946643,100.90909454948546
4245.461314522071,-2.9430873196766343,3.198164112017287,5.352341177156693,2.2917738334480298,0.001086183252561047,0.08521223368347099,105.95880135105037,106.27454678826068,106.70111641853472,107.14405276587188,107.31008321576883,106.74172349587562,103.71078938684165,100.68009375782744
4273.65177520329,-0.2855565028765776,4.279044154438546,5.350425176814747,2.3101523862307265,0.001075386883846717,0.0824035408367507,105.94640459503962,106.25665909983063,106.84600047063498,107.24197255792133,107.33999324201618,106.62563332590989,103.47654618341147,100.4500080228806
4302.029424511266,2.4264226672698936,3.4462099995884823,5.348229531199584,2.3288905421712007,0.0010639498353769033,0.0795907817828036,105.94002763206431,106.24653526064867,106.975363452871,107.31262509221288,107.33400888483078,106.4747809174425,103.23316043750943,100.22229795308624
4330.595505404834,3.9709608716093356,1.1216563872791874,5.345815649959447,2.348058791234357,0.0010517106698941189,0.07686668189950248,105.93590840902789,106.2417896780654,107.08066022121184,107.34793636299683,107.28669873995024,106.29069046408102,102.98535211258263,100.00122323473506
4359.351269096239,3.6960780109730154,-1.5968385026163272,5.343267841376023,2.3677061847872225,0.0010385742047905127,0.0743300058315569,105.93057012050687,106.23910271147268,107.15256036540492,107.34068295314603,107.19493201969448,106.07746756801221,102.73880380320966,99.79158239127413
4388.297975105951,1.8078850086270808,-3.4764582709615173,5.3406824133601205,2.3878519607758664,0.0010245289585614397,0.07207070106963767,105.92171885372666,106.23513082099217,107.18230911957562,107.28601482781913,107.05894797076098,105.841674937283,102.49977652939599,99.5983690886151
4417.436891317846,-0.7702247404099354,-3.728592815578929,5.338154317968608,2.408483872918467,0.0010096461938437528,0.07015605213205395,105.90885427000211,106.22744578839159,107.16342804982784,107.18280773870035,106.88285851326576,105.59177719047844,102.27464633515177,99.42639431018875
4446.769294034722,-2.865158168270289,-2.336997708961987,5.335765517527826,2.429562980555976,0.0009940628730455965,0.06862193045511046,105.8934078984195,106.21527322436651,107.09332405114009,107.0343916140798,106.67439354386674,105.33730431871682,102.06943323765024,99.27991322413047
4476.296468034203,-3.59274220218922,-0.005821184638684642,5.333577859555201,2.4510323544239925,0.000977956149988034,0.06747106112834228,105.87834136695746,106.1998159204711,106.97427136069717,106.84837459272133,106.44396299206156,105.08793259702622,101.88937193115629,99.1622793854504
4506.019706625013,-2.7165287826970017,2.201730367194363,5.331631003747409,2.472826498175929,0.0009615178317879988,0.06667749342611973,105.86728697178857,106.18404264945102,106.81338526090462,106.63561104960563,106.20332674152188,104.85265079566055,101.73854628399127,99.0756344822323
4535.940311703642,-0.6984718207012619,3.3395513567251403,5.329944188937053,2.4948790976685644,0.0009449345388686024,0.06619461598324036,105.86343277371682,106.17196918723505,106.6215785281695,106.40865611503158,105.96422459533612,104.63910380882447,101.61958825512858,99.02063467697523
4566.059593811351,1.5390369470086862,2.963761923544523,5.328519955637075,2.5171280883329867,0.0009283755415463552,0.06596375163532654,105.86840703003524,106.16759388221816,106.41186398577703,106.18014817205531,105.7372289062067,104.45312998530058,101.53343260692654,98.99621778161956
4596.3788721915735,3.016357255765388,1.2899273166147738,5.3273481587628275,2.5395181863212724,0.0009119873666668851,0.06592125681525948,105.88141150557038,106.17372476682152,106.19752060415904,105.9614561828073,105.53093025160413,104.29846053936949,101.47912343426862,98.99942998946187
4626.899474847704,3.1023207960027825,-0.9165082918793869,5.326409223356691,2.5620016598711493,0.0008958928420968789,0.0660033371755934,105.89882332302429,106.19094423837163,105.99053814549575,105.76173459364486,105.35143983794129,104.17653584238566,101.45368607232037,99.02535531625136
4657.622738601276,1.7745468599211693,-2.664664697689681,5.325676234250991,2.5845382974605657,0.0008801919762849901,0.06614884691117491,105.91444601828721,106.21693366945273,105.80052705146906,105.58736580729851,105.2021307539934,104.08640760896827,101.45210529623873,99.06721981415123
4688.5500091505055,-0.36208117432071485,-3.158134767207089,5.325115961148127,2.6070954468643293,0.0008649624359158591,0.06630094053533091,105.92051502618658,106.2463551649235,105.63408065568314,105.44169294634841,105.08353922600323,104.02472801638355,101.46748108230997,99.11676321927212
4719.682641129225,-2.3186800401566727,-2.15374655195919,5.324689311587906,2.6296487787107954,0.0008502580721763766,0.06640864152201065,105.9093976723764,106.27145337508792,105.49447995021944,105.3249465107337,104.99338428563851,103.98586683892196,101.49145280274602,99.16496102048697
4751.021998166226,-3.1542735517613596,-0.10540327407693771,5.324352008941444,2.6521840804724097,0.0008361049312315584,0.06642927358062803,105.87565862356763,106.2834435161986,105.38163058005216,105.23431612642354,104.92671787253883,103.96223393504165,101.51496938860829,99.20311476584848
4782.569452944998,-2.431193930781206,2.0025405147879116,5.324056458291481,2.6746998581625556,0.0008224955768332659,0.06633226911909715,105.81788907302808,106.27453467098923,105.29217797335872,105.1641829673643,104.87626908579998,103.94489874402268,101.5294129158088,99.22419903582903
4814.326387263841,-0.4763966531513803,3.1060554193100907,5.3237556047746,2.6972098239518973,0.0008093842571765615,0.06610407137508689,105.73962547160812,106.24012257315783,105.21982091154038,105.10658523219887,104.83307584425924,103.92456619898816,101.5279513532141,99.22419556386073
4846.294192096379,1.7263874437530118,2.6119563872144402,5.3234088835165085,2.7197437196094834,0.0007966867838653935,0.0657527636748358,105.64895348697817,106.18043996813726,105.15590462399801,105.05201266590562,104.78747856264323,103.89287039567432,101.50684333951679,99.20304557981466
4878.474267652502,3.0204939295202564,0.7544530743997792,5.322989133210186,2.7423448808450246,0.0007842886983720442,0.06531014325483116,105.5568977346143,106.10100815536639,105.0903894731342,104.9905870693149,104.73046024012838,103.84379538223408,101.46633218824434,99.16490196718924
4910.8680234396925,2.707820666561896,-1.485841305690705,5.322488172448366,2.76506394993473,0.0007720624473076171,0.06482900020091917,105.47512459503633,106.01165986048696,105.0132276716787,104.91356496766998,104.65516074925858,103.77489164010947,101.41083269982687,99.11757423710883
4943.476878324768,0.9585117178619263,-2.903814656059896,5.321918587773847,2.7879499857127548,0.0007598897313779159,0.06437491367989581,105.41359635409879,105.92446562902303,104.9160262881995,104.814919427061,104.5582317542331,103.68792690714017,101.34833242527822,99.07132548003524
4976.30226059601,-1.2705665977405112,-2.7432512291524795,5.3213106713704095,2.811041779283942,0.0007476818533009228,0.06401441952330884,105.37864376355077,105.85123490981103,104.79367644096605,104.69260884901806,104.4406406611767,103.58875122891092,101.28918687982068,99.03735088717794
5009.34560802573,-2.7716417630344377,-1.115760918630303,5.320705658197556,2.834362225808114,0.0007353915066801657,0.0638033189184285,105.37168543094475,105.80122850688852,104.64550304600502,104.54914080561751,104.3076573629501,103.48641675310188,101.24464170961177,99.02626645297502
5042.608367933268,-2.75208454577438,1.0773238493910486,5.320147925513416,2.8579170183745073,0.0007230137543105171,0.06377875319558883,105.38869640326013,105.77945985297279,104.47556007876231,104.3912404046365,104.16802972407211,103.39182832267214,101.22540050151258,99.04680642377728
5076.091997248362,-1.2483673893071496,2.65057697299243,5.3196787041227145,2.881696903709158,0.0007105787827498087,0.06395659792357622,105.42054635107134,105.78572617779136,104.29197417300918,104.22874435586613,104.03262209716836,103.31628676841922,101.24042372920357,99.10477047245813
5109.797962574961,0.9157342997103863,2.766734441308537,5.319332520629233,2.9056815776887204,0.000698141404689767,0.06433326970734479,105.45438249652022,105.81443142665152,104.10557631156743,104.07308329445937,103.91290804252765,103.27021012607977,101.2959906909049,99.20215839718406
5143.727740255472,2.5715899515498486,1.3654993246408043,5.319136136877393,2.9298433617266397,0.0006857717063146025,0.06488965665818275,105.4761399061054,105.85530929321521,103.92825946638196,103.93576320889571,103.81964314682341,103.26216171955814,101.39495585745097,99.33641557085275
5177.88281643543,2.810392842067579,-0.8061916809795212,5.319108915973248,2.9541495840610743,0.0006735491346564332,0.06559491315466347,105.47387723078855,105.89518119854796,103.77147532434881,103.82713269541529,103.76187973249279,103.29817373657343,101.536109663725,99.49979044514672
5212.264687128589,1.4617603976107445,-2.564500776682459,5.3192633807621,2.9785634519493587,0.0006615602288354853,0.06640872459902149,105.44104771171311,105.92071273052949,103.64510818541498,103.75553931627691,103.7463295800535,103.38128043485484,101.71360911319772,99.67896982071623
5246.874858282431,-0.7780890478618081,-2.893531071168536,5.3196049459491785,3.0030438384979727,0.0006498987554623517,0.06728166132728984,105.37845366387717,105.92168772685784,103.55677181013286,103.72683695128421,103.7769928120442,103.51116931123151,101.91656792783631,99.85537818808234
5281.714845844145,-2.6548656528746553,-1.514567664995229,5.320130156032853,3.02754484657649,0.0006386660896076458,0.06815408698688659,105.29397724954597,105.89380024881514,103.51145324040709,103.74414420489344,103.8549547099057,103.68390417230493,102.12907398098457,100.00669441173171
5316.786175827031,-3.007266533954638,0.8698037611134877,5.320823227982625,3.0520163745642863,0.0006279689981077165,0.0689547969656248,105.20017257434188,105.83983166031585,103.51139153562659,103.8077588506173,103.97828479095857,103.89175416680594,102.33107378646365,100.1100138244742
5352.090384377332,-1.4783143973933854,2.8550636814746757,5.321651446705838,3.0764071789758516,0.0006179116102855899,0.06960123807445617,105.11074246243767,105.76864950377752,103.5561023969452,103.9151759822619,104.1420299752985,104.12326209654518,102.50057597402352,100.14640877363433
5387.629017841508,1.1207578403500147,3.109550438361746,5.322561145122368,3.100671779627812,0.0006085790863374196,0.07000365417305074,105.03716938592811,105.69245068154115,103.64250903724542,104.06121342417967,104.33835795372504,104.36377437067905,102.61725295031532,100.10553514034078
5423.403632833979,3.141869416833995,1.2868345533116892,5.323477360496908,3.1247813538362377,0.0006000136405773885,0.07007519076456525,104.98636827917481,105.62336831805675,103.76519138318693,104.23829910108498,104.55695926849329,104.59667099720875,102.66669254968681,99.9882261729629
5459.415796305311,3.1172712574843775,-1.5418878874778825,5.324310686143271,3.1487361015237236,0.0005921896663177034,0.06974794631751052,104.95967724796485,105.57056786567696,103.91680287845051,104.43700349857144,104.78582879589327,104.805386406848,102.643703114831,99.80567636159006
5495.667085610846,0.886282806180926,-3.4342059537336853,5.324972647061291,3.1725733802430556,0.0005850009712611414,0.068990958316201,104.95316029717598,105.53849624320237,104.08871096695954,104.64688338160818,105.01248220220043,104.97595369695567,102.5530584734428,99.57563948836166
5532.159088579773,-2.0772243565913167,-2.937171474030523,5.325395739079472,3.196365145233535,0.0005782728913587721,0.06782215074585296,104.95906151867892,105.52647027128356,104.27187839568397,104.85762027846819,105.22549923825011,105.09935944250822,102.40725555424896,99.31754167880813
5568.893403584693,-3.6165216609923485,-0.2886075037809078,5.325549275730883,3.220202643107553,0.0005718005412274523,0.0663063516345745,104.9681271103948,105.52951339470489,104.45791302363047,105.06029384153302,105.41606361740389,105.17279158861898,102.22241783327361,99.04844251664704
5605.871639611636,-2.530329607149635,2.615380521866538,5.325442635349685,3.2441741461314466,0.0005653976955224406,0.0645377935171635,104.97226735074153,105.54019351822444,104.64009724374138,105.24848173838522,105.57901459341268,105.19919277702796,102.01416336513728,98.7807747104724
5643.095416330527,0.4261165691594832,3.6081685616402543,5.325114571536966,3.2683462512768715,0.000558933366763004,0.06261435908753198,104.96675687554743,105.55102244323697,104.81412351865185,105.4188234652335,105.71298797626784,105.1852893263988,101.79477339178658,98.52180384535606
5680.566364166113,3.057076658939762,1.9273349832761808,5.324615244421698,3.2927564850795625,0.0005523420863283548,0.06061517779130759,104.95115038497076,105.5567314521667,104.97827980185684,105.57080384137979,105.81953927763004,105.13894419805906,101.57206148443939,98.27429566964604
5718.286124369394,3.387837751802985,-1.1695621131789502,5.323990115210946,3.3174176320616833,0.0005456101979120365,0.05859003966966484,104.92852340149727,105.5556232174049,105.13297421398946,105.70577952787032,105.90155479112391,105.06684942183037,101.34966884269018,98.0378484547988
5756.256349089518,1.1796036127430114,-3.3436458847631805,5.323271463860901,3.342328620367238,0.0005387508283721476,0.05656208189576499,104.90337392097116,105.5494436112133,105.27970883598732,105.82555773946243,105.96153297157349,104.97324776037513,101.1282610130535,97.81046025146483
5794.478701446134,-1.8722888294519953,-2.956691379801034,5.3224782487109215,3.367485704560129,0.0005317806180993725,0.054539526673717524,104.87910670309091,105.5418103004192,105.41980393416053,105.93099822635415,106.00033330493281,104.85987080084769,100.90709647606405,97.58999563717833
5832.954855602233,-3.429849652030464,-0.3379392447267587,5.321621622113118,3.3928896120205243,0.0005247061503713827,0.05252999093107239,104.85616171826013,105.53586648381679,105.5532567369434,106.02109451696877,106.01678720428231,104.7268594636506,100.68550665153232,97.37528048079447
5871.6864968374775,-2.3248772850424193,2.4622488460211267,5.3207121742975145,3.418547042983976,0.000517522119665759,0.05055133953458075,104.83157255125471,105.53215359134259,105.6780815479417,106.09283586503398,106.00825925733196,104.57417231967591,100.46392469619903,97.16663626459295
5910.67532162204,0.5271647666246091,3.2781623312521866,5.31976529182681,3.44446737131246,0.0005102185500618448,0.048635145670785855,104.80022663423136,105.52762122743046,105.79035199273308,106.14191440809486,105.9719234851206,104.40289099831071,100.24425033770507,96.9657991570113
5949.923037690894,2.864576314964583,1.5342442518036417,5.318802470318392,3.47065714120044,0.0005027914522623305,0.04682199048498904,104.75745366101287,105.51632116227174,105.88497690674319,106.16406120596834,105.90624708792842,104.21591707577923,100.02954032701001,96.77532987059283
5989.431364118598,2.8856178876664984,-1.3274256850326671,5.317848553727032,3.497115470420715,0.0004952509447804413,0.04515126208932617,104.70191009992692,105.49174901248824,105.95700190477551,106.15652776245169,105.81205603304082,104.01781654031421,99.823213296896,96.59774966081885
6029.202031394611,0.6576097370678872,-3.0321067555684404,5.316926733724029,3.523832517509791,0.0004876231766325237,0.04365033780046786,104.63737929904923,105.45005932913057,106.00298701389953,106.11909628361272,105.6926953238546,103.81391367678879,99.62808186284576,96.43469079124465
6069.236781499098,-1.988824471198923,-2.286281442072759,5.316053791100912,3.5507913813573597,0.00047994592058272584,0.04232789079566874,104.57244523583073,105.39275126195608,106.0218845929861,106.05413082731376,105.55317594017114,103.60901211000578,99.44554268412301,96.28632457669299
6109.537367979214,-2.951223877733617,0.23209670626301154,5.315237414406147,3.5779723064826077,0.00047226034118986874,0.041173827208657636,104.51796717017871,105.32740435770125,106.01496041814212,105.9655721424984,105.39863767905982,103.40622122115191,99.27518937682231,96.15125395824327
6150.105556025905,-1.5236356766499335,2.4592373420536253,5.314476249867181,3.605357519431016,0.00046460217280805914,0.04016552506506519,104.48326618291657,105.26588105344972,105.98467339886348,105.85724479365254,105.2327294315024,103.20629869647844,99.11500319895939,96.0269532503228
6190.943122551231,1.068683506909147,2.617868494545696,5.313762392813436,3.63293523294982,0.0004569949158215494,0.039277990529009016,104.47235634186639,105.22061576858735,105.93288956490403,105.73114716689459,105.05652429122816,103.00775853220094,98.9621414187357,95.91070866998399
6232.051856266212,2.6864616048932506,0.6468817795985732,5.313085515459633,3.660701802532642,0.000449446696568882,0.03849462363333808,104.48144011931879,105.20035333198672,105.85913160248964,105.58642579096932,104.86840639417903,102.80779309770502,98.81418315140198,95.80086211040157
6273.433557759162,2.0380555196526484,-1.7696197286248208,5.312437513353988,3.6886614651798175,0.0004419515482414139,0.037815156650829754,104.49863798207737,105.20669521490639,105.759641871813,105.41953829589218,104.66508026107489,102.60382935305526,98.67052438978217,95.69802161722461
6315.090039574538,-0.2613265295982141,-2.6220985467362747,5.311816322710747,3.7168236670583936,0.0004344948038632999,0.03725787792502196,104.50664524525264,105.23247186548099,105.62786625393956,105.22575229011609,104.44350157135005,102.39530478858866,98.53350185351813,95.60584686182042
6357.0231262923535,-2.240646910505361,-1.2629759841228598,5.311227655101404,3.745198795179489,0.0004270609105670209,0.03685486961933183,104.48827602629183,105.26270622889804,105.45655159288317,105.00164463828858,104.20315662811407,102.18509701084109,98.40885392337583,95.5311078337998
6399.234654608098,-2.264917850738595,1.0866145223601138,5.31068411226424,3.773793834910373,0.0004196408977162923,0.036641724177082446,104.43329695718937,105.27860594885101,105.24099018595686,104.74776448877617,103.94787595709504,101.98009560031136,98.30532198752722,95.48293091501192
6441.726473413179,-0.3935648043829832,2.426189965628894,5.310202281381839,3.8026094878292604,0.0004122369336859712,0.036645823236165755,104.34336295928553,105.26402533360516,104.98223400201769,104.47038363125516,103.68646163405116,101.79069764552787,98.23346878555608,95.47137723959936
6484.500443875889,1.737514282525559,1.67393870460667,5.309799231009286,3.831639434489722,0.00040486303223992003,0.03687780326401564,104.23211817112049,105.2121003195231,104.68883320834037,104.18155901009946,103.43187842804403,101.62939597661267,98.20399073986671,95.50562064826022
6527.558439522943,2.331551051570169,-0.47496578516800586,5.309489750497377,3.8608712931509683,0.000397542915417223,0.03732863789557163,104.12021236742092,105.12864239801907,104.37623680904069,103.89749052162911,103.1993442037029,101.50888611248675,98.22583598069883,95.5919705721579
6570.902346321549,0.9149039944315555,-2.1761757724041972,5.309284868101495,3.890288189535322,0.00039030699893517583,0.03797147970216602,104.02787545068948,105.0301568196936,104.06414971197556,103.635872227677,103.0039864981123,101.44012710744215,98.30434187992049,95.73189352123201
6614.534062762001,-1.2916917318729457,-1.9728506512937114,5.3091912968697565,3.9198699833663384,0.000383190099122466,0.03876538875052252,103.9683363701835,104.93752205771716,103.77301276957071,103.41314842051524,102.8586679650953,101.43062228128413,98.4394958468751,95.92015819361575
6658.455499940824,-2.372320737848087,-0.013207031696844172,5.309210977026235,3.9495938136046846,0.00037623033968340057,0.03965826303262488,103.94406762611806,104.86859618760327,103.52080444805635,103.24229951437623,102.77228630071548,101.48300279135191,98.62442928372676,96.14338845051023
6702.668581644492,-1.3184784012570565,2.0088064468608455,5.3093398953627835,3.9794343507510215,0.00036946852390984787,0.04058796514578265,103.9464605040449,104.83271433245716,103.3207894912193,103.13134480037726,102.74858246596071,101.59393368141082,98.84445923111767,96.37970391319715
6747.175244433706,1.012974071023639,2.227916363718826,5.309565810930183,4.009364785824533,0.0003629462560346207,0.041482750711970426,103.95891130721691,104.8284465103653,103.18024766662484,103.08247179068049,102.78539658977552,101.75347094668763,99.07737516940897,96.60058699304992
6791.977437728205,2.483150206324941,0.306783892418494,5.309865463332467,4.03935996110839,0.00035670063686845977,0.04226400279036934,103.96276689907174,104.84480219393566,103.09995105268194,103.09167809153126,102.87440785558785,101.94524838626813,99.2959778619956,96.77603659035671
6837.07712389213,1.566760470614947,-2.0260237608066975,5.31020329691631,4.06940263326956,0.0003507542481144266,0.04285520131663755,103.94436695301107,104.86549298446435,103.07422022372977,103.14897609664028,103.00160910945019,102.14811450300489,99.47351708306738,96.88260112988408
6882.476278320001,-0.9982591344900368,-2.4205176166318974,5.3105349488631814,4.099491841751771,0.00034510253579041097,0.043199282371448364,103.900089453464,104.8751117843946,103.09161875116318,103.23943159151517,103.14894944086376,102.33974508646482,99.59107087275605,96.91117392283921
6928.176889523249,-2.649169371916814,-0.31337869128429485,5.310817689892167,4.129648915234296,0.00033970596795703016,0.04328034600356542,103.83664498504052,104.86491779011273,103.13655486954956,103.34540006240525,103.29748452135257,102.50194535517639,99.6436669291281,96.86991414548919
6974.180959217299,-1.564441091431576,2.2079209914941083,5.311025127708056,4.159914832016052,0.00033449638544814626,0.043137430919657035,103.76653503917368,104.83541467919989,103.19204622108902,103.45006266830879,103.43176561176266,102.62592926203588,99.64136792530104,96.77998123557869
7000.0,-0.0388632147495196,2.7223787481038038,5.311107236705819,4.1768788630667215,0.0003316408622700409,0.042991007210231004,103.72905047909697,104.81326020093289,103.2219888257872,103.50324392861967,103.49730524496127,102.67925595689876,99.6234636973565,96.71801021983897
7020.490502409234,1.2224366576315548,2.445328744281001,5.311157830915217,4.190336676245071,0.0003293996819608469,0.0428566297633644,103.70151848519073,104.7943428008721,103.24349352227267,103.54164626562249,103.54418435198195,102.7149217534471,99.60417937983051,96.66641038824146
7067.10754748607,2.754553534629644,0.05724905866790412,5.311242086752855,4.220949271351803,0.00032436402386236656,0.0425396577634753,103.64766713814521,104.75145318527933,103.28256201028455,103.61687442145757,103.63732122414378,102.78229996581484,99.5533884520283,96.54882396065548
7114.0341363036105,1.327908542458729,-2.4370906085109745,5.311317024428607,4.251762052924412,0.00031937805294447155,0.042263277082208894,103.60414931232818,104.71323717802088,103.30968887211193,103.682015795307,103.72290508378416,102.8458590893547,99.50331203558972,96.43534847984078
7161.272324275869,-1.5834109309360054,-2.3085267175620747,5.311417310923904,4.282756549488016,0.0003144720654871037,0.04204816382291872,103.56580021918,104.68042543654016,103.33399561468525,103.75084633478755,103.8176301339104,102.92061358641723,99.45610164426071,96.32077562750652
7208.824180465084,-2.801437074822251,0.3950750000268684,5.3115580671407905,4.31389307383402,0.0003097056064627681,0.04184606205283287,103.52775878285128,104.6492901044214,103.37054271385888,103.84031554483286,103.93746842968577,103.01254356108038,99.40057455387745,96.18888714849662
7256.691787672358,-0.8702698261190968,2.7271410825635445,5.3117244394760625,4.345123617718345,0.0003051467894689282,0.04154432370982924,103.48935739344736,104.61574193268865,103.43606143184647,103.96552569719212,104.09225731119622,103.11471374749827,99.31537972801911,96.01856029696002
7304.877242528902,2.1288775743326154,1.9590563594460413,5.31186735171315,4.376410203598162,0.00030084505147824885,0.04098691556337256,103.45471284306592,104.57962827550273,103.5446413923674,104.13536537784537,104.28161420395347,103.20666584620994,99.17634275381815,95.79232287431233
7353.382655587849,2.673221622998531,-1.150505283742149,5.311910454915184,4.407747444460311,0.00029680003018693385,0.04001579518399842,103.42939650874278,104.54630458168856,103.70434824901436,104.3494040822774,104.49268075370173,103.25811946379764,98.96617810978759,95.50420728132335
7402.210151416691,0.003449140035064942,-2.9033924912846993,5.31177445380322,4.439180506766891,0.0002929399177184964,0.0385322195835527,103.41507507131398,104.52406464046179,103.9150715575113,104.59624543913465,104.7003528849585,103.23752120232581,98.68236899532596,95.16301199125857
7451.3618686903465,-2.6399358703547873,-1.1143764053464325,5.311414191357619,4.47080155035145,0.0002891321043984423,0.03655603786071644,103.40546303130976,104.51859633866235,104.16759733136702,104.85370335562098,104.87109055797006,103.12341147501226,98.33882406911472,94.78935998713686
7500.83996028485,-1.9921930354085289,1.9631845494744322,5.310845275022313,4.502716513067531,0.00028523342287213653,0.03424127583959659,103.38666512493543,104.52752363752293,104.44400886752825,105.09154152234706,104.9709027855111,102.91309267735203,97.96062126064848,94.4087744810622
7550.64659337164,1.0180277907900555,2.5062524627628746,5.310137013906239,4.535001454866757,0.0002811494522096517,0.031825596115796016,103.3430893938191,104.53840604882527,104.71972923546474,105.2772995430358,104.975645549532,102.62313540766966,97.57557130002442,94.04475687651933
7600.783949512457,2.600786020916891,0.019740603781236876,5.3093774864382866,4.567680251272955,0.000276860092272553,0.029543874093537485,103.26667455600985,104.53246584341588,104.9673737588385,105.3842132993403,104.87868496203288,102.28174272818578,97.20721697393833,93.7145473246575
7651.254224754923,0.9775635200293837,-2.29480596001899,5.3086394861390644,4.600733344266189,0.00027240275257344663,0.02756144098682781,103.16375816699447,104.49365935388562,105.16178886335608,105.39804420176378,104.69122501505353,101.91853600298961,96.87149616041624,93.42800859078395
7702.059629728739,-1.6692000805113805,-1.7143726359888605,5.307966360779502,4.634121136040887,0.00026783847606442373,0.025955207257994106,103.05421009126903,104.41867034260176,105.28458770635304,105.31918884598689,104.43556493368966,101.55738442252854,96.57677337683862,93.18877200284143
7753.202389742499,-2.139009407826999,0.8454894033838788,5.307375415890653,4.667803577789663,0.000263225685669937,0.02473235354120047,102.96263507459435,104.32101491658713,105.32629228087266,105.15929843026862,104.13637007459721,101.2141321452148,96.32589594548584,92.9965310307246
7804.684744881144,-0.0386534566545135,2.217499052355116,5.30686808663377,4.7017495206097975,0.00025860870965605626,0.023861936774519123,102.90670534400789,104.22564423025905,105.28559834726254,104.9353976288603,103.8149192499494,100.89798831952861,96.11893811977602,92.84952817963438
7856.508950104092,1.97008137945962,0.8524574187050843,5.306439209413992,4.735938011505638,0.0002540170795399598,0.02330090992365349,102.88847390735714,104.15719530626843,105.167250953648,104.66536499551081,103.48772335140573,100.614434587498,95.95559696515814,92.74647047542048
7908.677275344028,1.4902055487816053,-1.4604345783362127,5.306082699553794,4.770355646236186,0.0002494697020149342,0.02300742508252756,102.89232623260149,104.12858282959075,104.98056629961604,104.36637048778036,103.1679539913716,100.36786711096053,95.83652277805038,92.68732205567837
7961.192005606307,-0.7802906028738684,-1.8825643032707435,5.305793754815469,4.804993039534945,0.0002449798150727878,0.022942905504259117,102.8911021636827,104.13503947998139,104.73925100281761,104.0552479324184,102.86734389187592,100.16291668526159,95.76324993064586,92.67275892219811
8014.055441069027,-2.0006891510065237,0.032693311472866964,5.305568692241784,4.839842064133255,0.0002405586713232677,0.0230683806750762,102.85918843611832,104.15584492417065,104.46140145839877,103.74885001285838,102.59694274857183,100.0041519670964,95.73686188669997,92.70251677149693
8067.269897183793,-0.6833424971340076,1.8539346083775274,5.30540361814938,4.874894463827694,0.000236217306964161,0.023340526874572796,102.78647324211667,104.1637776704077,104.16814843980335,103.46314564783839,102.36629352920795,99.89453210637956,95.7559707324925,92.77329045363707
8120.837704777145,1.4827927634807088,1.284833820697756,5.305292854105002,4.910141850595431,0.00023196651483472022,0.023710598462085092,102.68385765625607,104.13894325273438,103.88050142338332,103.21107477189821,102.18154651062036,99.83341210516029,95.81490206692104,92.87714258122271
8174.7612101526465,1.7124880196647778,-0.9490258979911997,5.305227759011474,4.9455768984509065,0.00022781536695049573,0.024127283049495647,102.57599937315858,104.07928304074221,103.61529960409875,103.00002920925353,102.04348724071073,99.81508894674677,95.9031102714751,93.0014863866291
8229.042775193628,-0.3249099847187733,-1.9338765126070168,5.305196553420029,4.981195477643669,0.00022376869667289234,0.024543587910706356,102.48690886962719,104.0003456135899,103.38171508240043,102.83004999465544,101.94651940077136,99.82886597512757,96.00672671327675,93.13145927866438
8283.684777466655,-1.9426642795420233,-0.31681665494510797,5.30518585991449,5.016999112958342,0.0002198243618237479,0.024927219132921487,102.42815181551032,103.92466672803153,103.17952204140892,102.6937056253717,101.8795066337176,99.86135194027221,96.11250401913193,93.25457843121106
8338.68961032569,-0.9111676729804747,1.754871115588591,5.305184335537959,5.052996390177991,0.00021597194929369194,0.025271767328828892,102.39552929717219,103.86884718343153,102.9999368219269,102.57834902772674,101.82899173668945,99.90094457710292,96.2130684819693,93.36595053773632
8394.0596830169,1.4033110640789956,1.4066456267361156,5.305187466552729,5.089201523324635,0.0002121949153938622,0.025602609151691897,102.37445248290088,103.83646685808074,102.8294042365763,102.47084130045741,101.78439918215392,99.94309877162151,96.31088765493436,93.47098419878881
8449.797420784173,1.7683237227587134,-0.9312927379558957,5.3052010324858525,5.125629412769414,0.0002084766708835701,0.025970738926361234,102.3500730297742,103.81968109239071,102.65582808178095,102.36360777164558,101.74344002555758,99.99377965584011,96.4181158098428,93.58306150259666
8505.90526497535,-0.38646072236892004,-1.9785031997604405,5.305240835587316,5.162288873155608,0.00020480837254428433,0.0264334679043814,102.31560923774565,103.80708010884781,102.47524527991423,102.25953166142874,101.71503749514741,100.0687519889259,96.55124117507066,93.71604834999287
8562.385673149192,-2.0354810115530095,-0.1845613924574146,5.305328493356371,5.199176868499308,0.00020119506795990633,0.027029182085537555,102.27321396872469,103.79197689591075,102.29584188788917,102.17305847499843,101.71789327932578,100.18830045525064,96.72189639836805,93.87392922290789
8619.241119182989,-0.7402429804329383,1.95108761449116,5.305484869083558,5.236275206550406,0.00019765867686338177,0.027755003307953243,102.22750311131554,103.77502624104926,102.13708128817161,102.12670477313237,101.77503869401484,100.36898504290775,96.92647824161787,94.04096786985171
8676.47409338091,1.7475718523433357,1.2466028452224494,5.305721822547024,5.273549476262892,0.0001942382295936295,0.028549888886202874,102.17811449331282,103.75943672480412,102.02440745144233,102.14455817476697,101.90642789970778,100.61454932619722,97.13774153919397,94.17687828209722
8734.087102583091,1.6779009594483854,-1.4541314094143576,5.306030920027903,5.310951344754799,0.00019098621007741293,0.02928155828036478,102.11847484646634,103.7434056686474,101.98214203424216,102.2452415163514,102.12157878305199,100.90773695029411,97.30332386725344,94.22348125354027
8792.082670275462,-1.1029558339646188,-2.0157833398549867,5.306369255872397,5.3484300122329405,0.00018795484876549048,0.029744424858984077,102.04261345886891,103.71722528673338,102.02712894042287,102.4359626834489,102.4133247493016,101.20565216021929,97.35840351272833,94.1274981897059
8850.463336700253,-2.2479476959805487,0.724432056079459,5.30665256519015,5.385960505335285,0.00018516504094739168,0.02969599406479446,101.95433546328658,103.6692165876238,102.16426101785645,102.70821707729218,102.7536765696908,101.44424019091355,97.25450270578943,93.87073310915532
8909.23165896724,0.3422007142619698,2.368376870171485,5.306778448619438,5.423580856898937,0.00018256861460114857,0.028960395869709582,101.86958312919506,103.5970366213124,102.38405337026268,103.03580348927642,103.09443775462091,101.55814888873165,96.98840027810208,93.48357401933418
8968.390211165768,2.3799972253401087,0.028938316728140196,5.306685681959684,5.461398189434772,0.00018004736411013318,0.027558929796121154,101.8078487354451,103.51448099238375,102.66266059076905,103.37707520276848,103.37696498823959,101.51157111761353,96.60503423086271,93.02843569508349
9027.941584477518,0.37992477311158074,-2.296385155606589,5.306399220147659,5.499533731505026,0.0001774757383756032,0.02573727668954091,101.7778660197202,103.44602869730167,102.9655760758327,103.68403648417838,103.55234382594756,101.3175717515135,96.17124078906606,92.56918677843913
9087.88838728998,-2.1385242003347518,-0.7025090572660478,5.306006215568406,5.538053937160491,0.00017479154530690812,0.02382943060764169,101.7677271808868,103.4116268089335,103.25609737196052,103.91781985734,103.6023352209312,101.02674176056958,95.7447785909946,92.14961551203223
9148.233245310688,-0.9877144247667705,1.9287015136733927,5.305593188580942,5.5769559685656445,0.000172005584985119,0.02208438761656265,101.7478907769623,103.41203131689595,103.50683088731154,104.06283091576903,103.54405336198916,100.69619015323276,95.35830857458626,91.78756474777386
9208.978801682242,1.6862950063303896,1.2275617970531272,5.305208602946409,5.616200943282151,0.00016916353552130846,0.02059563023380945,101.6888408828874,103.42472762769822,103.70817286291367,104.12848768868886,103.41334533532567,100.36479063265824,95.01902488729499,91.47957048124715
9270.127717098097,1.4169748789177061,-1.426515943570702,5.3048636485639795,5.655749409027332,0.0001663090240610015,0.01933726631552377,101.58320239390547,103.41539178110335,103.86720241314003,104.13619392725002,103.241381247094,100.04618564357463,94.71699701157047,91.21029112375729
9331.682669919095,-1.1606400961897456,-1.5545477506813907,5.30454956269151,5.69557839442588,0.0001634673479504638,0.018240030393996833,101.45352465689825,103.36066484422804,103.99679485721194,104.10171641208315,103.04122899627023,99.73555485666098,94.43663056239564,90.96318187120524
9393.646356290741,-1.642471466926884,0.8967054456895757,5.304254665678206,5.73568261851542,0.00016064550550514992,0.017255423052900083,101.33732947795787,103.26604247311536,104.10210946581954,104.02523556820213,102.80930140503202,99.42230500740658,94.16719271546398,90.72927023829945
9456.021490261335,0.6404200245107503,1.6859604178717222,5.303974531281226,5.776066961068287,0.00015784051125741105,0.01638445097897119,101.26205363808526,103.1624593141094,104.17286446629501,103.89400426294587,102.53675553185906,99.1017071152348,93.90874139179024,90.51095768413643
9518.810803900855,1.6922445003605606,-0.39605999912343115,5.303713607332045,5.8167369096763935,0.00015504902990239088,0.01566776400187574,101.22866719297527,103.08420753448914,104.18584707417672,103.69435955637368,102.22205981629406,98.78026752653524,93.67158434133545,90.31982265238113
9582.017047420608,-0.16701051483901586,-1.669325339584327,5.303480630462775,5.8576927195851285,0.00015227285885289818,0.01515287450394472,101.21321113506427,103.04693009374938,104.11649988223586,103.42435305347908,101.87672791045586,98.47347372369306,93.47089415236971,90.17068194446354
9645.64298929367,-1.624915040853297,-0.04417376167305307,5.303282999082469,5.898929266505728,0.0001495187541984935,0.014864619988356599,101.18441234360779,103.04055413923464,103.95256697900561,103.09812032047589,101.52188658496277,98.19922168152517,93.3204894578075,90.07579476203644
9709.691416376174,-0.23597098265113517,1.5658569144767482,5.303124002569847,5.94043928825044,0.0001467951584649313,0.014796581332796519,101.12548801682212,103.03951716174005,103.70041390411723,102.74015612962873,101.18020955741994,97.97196569316753,93.22920669321631,90.04201219454535
9774.165134029385,1.4980283761533573,0.40807001838324214,5.30300335787564,5.9822166445158755,0.00014410913064259983,0.014922000385612009,101.04292154178061,103.02208178951354,103.38051470288241,102.3758331176555,100.8697177090209,97.80066990541236,93.20093329281393,90.07138733143165
9839.066966242559,0.5613720345266123,-1.4265736127913302,5.3029194796532355,6.024257777003395,0.00014146510100266396,0.01521074658909412,100.95559500537179,102.98377866029509,103.01802859181319,102.02558613233359,100.60262716256568,97.6905422411329,93.23716746439462,90.16382063804464
9904.399755756627,-1.356320109875441,-0.6977668984463448,5.30287182105226,6.066561170358235,0.000138865497197076,0.01564015567655804,100.87692013202961,102.93431271237881,102.63675202997847,101.70508357742196,100.38821046222142,97.6463987062676,93.33967943853477,90.3192149117095
9970.16636418871,-0.8196542308166189,1.2922554253455125,5.30286220049727,6.1091253845641305,0.00013631260156674271,0.01619518555677108,100.80736721454144,102.88346011853676,102.25901669748464,101.42876648898053,100.23645002168612,97.6748186218753,93.51063884341144,90.53656298185908
10036.369672157496,1.2399230345424255,0.9291771035317338,5.302894559847617,6.15194646757444,0.00013381083724232814,0.016859758176564616,100.74180455296718,102.8319782871032,101.90814969631519,101.21261609751397,100.15937122852166,97.78292232297335,93.74858728069619,90.8086552562826
10103.012579409395,1.02714429813405,-1.2055370585522391,5.3029729237419705,6.1950155749555655,0.00013136872307886272,0.017603752867353804,100.68086905634397,102.77635172552613,101.60897096255766,101.07345318400766,100.16861096176657,97.97327279699763,94.0407269686882,91.11365052829497
10170.098004945481,-1.1954671046259226,-1.111692461948834,5.303097395952942,6.238317795023647,0.0001289996417920807,0.018370020622667294,100.63192465301955,102.72023968108093,101.38451478845806,101.0246667555215,100.26987521478972,98.2363750366539,94.35488860368592,91.40844558525532
10237.628887149463,-1.1771226632418645,1.2145562523428441,5.303258434934716,6.28183403852964,0.0001267198947271256,0.01906705178920952,100.59706212725693,102.67724903816475,101.25027867553611,101.07024853454095,100.45648617426909,98.54422139986684,94.63808024086946,91.63267179070439
10305.608183916318,1.2630887967217628,1.2142390216702519,5.303432055627688,6.325548666930452,0.00012454198270768642,0.019578727789161428,100.56151663605861,102.65857719370143,101.20864391598025,101.19984001581122,100.70524386376624,98.8504580520391,94.83002662699991,91.73052968651663
10374.038872781857,1.2139382858443848,-1.3341281033214214,5.303582950543027,6.369462274291496,0.00012246405294843435,0.01980450616106983,100.49896430949298,102.65642326364927,101.24611899412884,101.38789830268722,100.97870673879859,99.10296687437975,94.89132510621255,91.68162273764814
10442.92395105317,-1.4152064431065392,-1.1730267376452412,5.303680812860853,6.413599041929911,0.00012046472022625085,0.019718541914052114,100.39491854433741,102.64170929187958,101.33596157366028,101.6000975459346,101.23706725719842,99.26702623211442,94.82585295526982,91.51280477671335
10512.266435939824,-1.0961979608858041,1.4954066643435644,5.303718896622105,6.457994825108725,0.00011851414230581646,0.019391379623236546,100.26632624149369,102.5849435809757,101.4479333352189,101.80742821557352,101.45636661752833,99.34232119457191,94.6728100917002,91.27544270413345
10582.069364686147,1.570818066206574,0.9901084824312028,5.303712874899734,6.502672720094966,0.0001165943255704185,0.018929674857530943,100.15293776253051,102.48533675005504,101.56310322791016,102.00141187135617,101.6399439113768,99.35480084299171,94.47305403419143,91.00842494327921
10652.335794704199,0.855629639562863,-1.6411889537158983,5.303678433950641,6.54763183760924,0.00011470724935947717,0.018378242437500688,100.08533139117502,102.37713598356976,101.68541082804907,102.19819554591851,101.80995574852054,99.32677072162639,94.23924352857041,90.71685691513026
10723.068803707616,-1.7006811516955531,-0.6877127134944278,5.3036100792165515,6.592860962408332,0.00011286274898308548,0.017673945986887665,100.05840192577861,102.30281619359116,101.84040520919233,102.42477190982065,101.98113510556063,99.2495929751904,93.95150551595727,90.37817406497199
10794.271489846555,-0.4852281294372228,1.7327096233840718,5.303481481526124,6.638365353190565,0.00011105715216003515,0.01669669104674888,100.0332456747583,102.27836435551885,102.05980650671934,102.69354082687227,102.13355191800262,99.0818050073962,93.58051306260522,89.96953569363184
10865.946971843305,1.7178791333821288,0.2626520868534071,5.303271919448271,6.684182287630289,0.00010926232433294563,0.015395357811328262,99.9691091077154,102.2807504784906,102.35973070369451,102.97837905947603,102.20455337055415,98.77960589360208,93.12137080321138,89.49672292157538
10938.098389128905,0.04791760969407829,-1.6513225284407507,5.302996602770034,6.730362715991455,0.00010744133709891606,0.013889317222646611,99.85961924833957,102.26758052568701,102.72166350006572,103.20674414209974,102.11634616044,98.3396935461661,92.6100094653262,89.001233504503
11010.728901980687,-1.5490204906907228,0.13604193385277352,5.302703414480524,6.7769334258428655,0.00010557738257171107,0.012431035480525873,99.73615186115725,102.2138432200833,103.08392462090303,103.28423468160543,101.83208402144338,97.81391256062332,92.1085555471769,88.54175964251341
11083.841691660597,0.28478574988686944,1.4345623930510027,5.302439652894473,6.823883903921085,0.00010368211401291658,0.011260254469368266,99.63563272503875,102.13132401093198,103.35453231841487,103.15188670853713,101.39066368046892,97.2816544873865,91.67647340828113,88.16882498509284
11157.439960554677,1.3238600392142228,-0.40840225379866407,5.3022294033813795,6.871184662402535,0.00010178046274137802,0.010493290257244287,99.56948067925794,102.05136627079898,103.45254475364194,102.83023973637532,100.88084527544048,96.81105002335967,91.35055557870247,87.90979770236169
11231.526932313265,-0.5206806022259483,-1.2209422346129495,5.302075023297771,6.918807980233809,9.989488309983713e-05,0.0101136989460843,99.52201834115571,101.99366724052015,103.35499779530691,102.40027559671904,100.38731263359949,96.43898643012585,91.14046373808863,87.76708800508418
11306.10585199212,-1.1213268642509717,0.6319933328129675,5.3019677633541615,6.96673626136807,9.803953752844507e-05,0.010029236568321456,99.47275783485435,101.95500496206898,103.10314892688109,101.9466863507493,99.95962390685541,96.17207344614039,91.03507041726405,87.72506913837682
11381.179986194698,0.7470194652961561,1.016756044112913,5.3018962410278645,7.014961871845259,9.622087916389412e-05,0.01013745246960338,99.41494731700422,101.92337209111753,102.76331186424892,101.52205427054211,99.6125210063105,95.99836948961376,91.01374364103889,87.7610641347766
11456.752623215138,0.8987821092816174,-0.8653401049667997,5.301851100134273,7.063484113768563,9.444019794148498e-05,0.010364365940828351,99.35080388183752,101.89475134010779,102.38822099022342,101.14630366579749,99.34123120999828,95.9012338963019,91.05759640376981,87.85582539112295
11532.827073182316,-0.9833068283204354,-0.760463105963732,5.301826886824702,7.112305628160746,9.269640575976212e-05,0.01067117513854888,99.27594182248954,101.87033032512893,102.0077117729869,100.82271880796455,99.1372645269587,95.8692371154678,91.1557519986948,87.9985539021516
11609.406668204852,-0.5961123917426028,1.095564165937527,5.301821729197829,7.161429203689518,9.098836722516586e-05,0.011041104892914362,99.18051368584827,101.84078393022392,101.63879591718091,100.55233772212559,98.99692633770573,95.89840965351783,91.30385538832748,88.18406773832987
11686.494762516966,1.1948535948920969,0.40032450564918626,5.301835536313341,7.210856001725182,8.931611142445832e-05,0.011462440385844918,99.06919739761177,101.78555015486971,101.2955601311096,100.33886520861755,98.92094572628764,95.98772681466698,91.49735858489107,88.4054175280835
11764.094732625535,0.16827705226805362,-1.270356715586164,5.301868143238545,7.260585653781846,8.76806966038426e-05,0.01192009281824367,98.96946973966251,101.69715509821054,100.99030481796132,100.18581466079934,98.90956300024189,96.13345785519908,91.72617408906568,88.64895669575154
11842.209977457922,-1.3065571891512278,0.10191762775317219,5.301918856873796,7.310617399550078,8.608338846512962e-05,0.012398709682051558,98.9074754972064,101.60112253419042,100.72984344226784,100.09303740299792,98.9599635319614,96.32831416751199,91.97553272619584,88.896128136532
11920.843918510767,0.4063876936023604,1.2841108803072752,5.301987697790346,7.360950309277979,8.452550383240052e-05,0.012889514389632224,98.87438601800939,101.53800099387978,100.51516771708896,100.05871618315817,99.06981402324762,96.56599247476075,92.23052320562245,89.12806259014056
12000.0,1.1812495158522762,-0.7339835367195228,5.302076454586387,7.411580730681055,8.301008369086498e-05,0.013385993182632762,98.824929887192,101.52114982917416,100.34812930769114,100.08664347320885,99.2437786342763,96.84414948089261,92.47471794793226,89.32289133634478
