{
    "driver_id": "sica-10d1-5cs",
    "manufacturer": "SICA",
    "model_name": "10D1,5CS",
    "driver_type": "cone",
    "parameters": {
        "fs_hz": 68.2,
        "re_ohm": 5.0,
        "bl_tm": 6.26,
        "sd_m2": 0.033010000000000005,
        "mms_kg": 0.022600000000000002,
        "le_h": 0.00026000000000000003,
        "qts": 1.12,
        "nominal_impedance_ohm": 8.0,
        "xmax_m": 0.0025,
        "qms": 12.27,
        "qes": 1.23
    },
    "nominal_diameter": "10in"
}
