{
    "driver_id": "sica-8fe2cp",
    "manufacturer": "SICA",
    "model_name": "8Fe2CP",
    "driver_type": "cone",
    "parameters": {
        "fs_hz": 67.0,
        "re_ohm": 6.1,
        "bl_tm": 12.27,
        "sd_m2": 0.021380000000000003,
        "mms_kg": 0.0217,
        "le_h": 0.0007800000000000001,
        "qts": 0.32,
        "nominal_impedance_ohm": 8.0,
        "xmax_m": 0.0045000000000000005,
        "qms": 2.27,
        "qes": 0.37
    },
    "nominal_diameter": "8in"
}
