{
    "driver_id": "sica-8h2cp",
    "manufacturer": "SICA",
    "model_name": "8H2CP",
    "driver_type": "cone",
    "parameters": {
        "fs_hz": 38.0,
        "re_ohm": 6.1,
        "bl_tm": 9.45,
        "sd_m2": 0.021380000000000003,
        "mms_kg": 0.03270000000000001,
        "le_h": 0.00059,
        "qts": 0.48,
        "nominal_impedance_ohm": 8.0,
        "xmax_m": 0.006500000000000001,
        "qms": 5.25,
        "qes": 0.53
    },
    "nominal_diameter": "8in"
}
