{
    "driver_id": "sica-18pfs4",
    "manufacturer": "SICA",
    "model_name": "18PFS4",
    "driver_type": "cone",
    "parameters": {
        "fs_hz": 29.0,
        "re_ohm": 3.1,
        "bl_tm": 19.72,
        "sd_m2": 0.11642000000000001,
        "mms_kg": 0.23800000000000002,
        "le_h": 0.00138,
        "qts": 0.33,
        "nominal_impedance_ohm": 4.0,
        "xmax_m": 0.009000000000000001,
        "qms": 5.3,
        "qes": 0.35
    },
    "nominal_diameter": "18in"
}
