frequency,spl,phase_deg,z_real,z_imag,schema_version,inlet_p_real,inlet_p_imag,inlet_u_real,inlet_u_imag,relative_residual,converged_reason,inlet_area_m2,mesh_inlet_area_m2,mouth_area_m2,mesh_mouth_area_m2,mouth_u_real,mouth_u_imag,mouth_p_real,mouth_p_imag,radiation_model,loss_model,flange_width_m,air_c_m_s,air_rho_kg_m3,air_gamma,air_viscosity_pa_s,air_conductivity_w_m_k,air_heat_capacity_j_kg_k,element_degree,input_acoustic_power_w,mouth_acoustic_power_w,viscous_wall_power_w,thermal_wall_power_w,power_balance_available,bc_mode,phasor_convention,mesh_cells,modal_mode_count,modal_interface_relative_error,modal_v_0_real,modal_v_0_imag,modal_v_1_real,modal_v_1_imag,modal_v_2_real,modal_v_2_imag,modal_v_3_real,modal_v_3_imag,modal_v_4_real,modal_v_4_imag,modal_v_5_real,modal_v_5_imag,modal_v_6_real,modal_v_6_imag,modal_v_7_real,modal_v_7_imag,modal_v_8_real,modal_v_8_imag,modal_v_9_real,modal_v_9_imag,modal_v_10_real,modal_v_10_imag,modal_v_11_real,modal_v_11_imag,modal_v_12_real,modal_v_12_imag,modal_v_13_real,modal_v_13_imag,modal_v_14_real,modal_v_14_imag,modal_v_15_real,modal_v_15_imag
565.6854249492379,79.7532052798694,-32.857862998208034,143.42941967979712,550.2844031334669,2,1.0,0.0,1.4715726834931874e-06,-5.645867476919212e-06,3.1679552414240304e-17,4,0.0033178996307172,0.0032686174847488,0.0247220855230298,0.0246702480084229,-8.106988273544814e-07,-1.5244374449075969e-05,0.1603743426777568,-0.1035835890914145,modal_baffled,lossless,0.0,343.0,1.225,1.4,1.81e-05,0.0257,1006.0,1,1.4715726834931874e-06,1.4715726834931866e-06,0.0,0.0,True,dirichlet,exp(+iwt)_rms,5333,16,6.198636166048163e-16,-3.2792493440704015e-05,-0.0006166297918059,-1.975680086763159e-05,9.414137447973537e-05,-5.983644640277467e-06,1.5170908026187773e-05,-2.843731349109396e-06,5.685151272336501e-07,-1.014995077142304e-06,-3.915903633078713e-06,4.77261738783604e-07,-4.548538230168041e-06,1.7759539658644825e-06,-4.626546054718754e-06,3.242398063611428e-06,-3.876689216816126e-06,4.8047884237098926e-06,-2.903370018066619e-06,6.245305395384307e-06,2.5521767630343454e-07,8.069339669571082e-06,2.73700136057252e-06,1.034164537927719e-05,5.067844906203358e-06,1.2898713981392064e-05,7.175545936866887e-06,1.5676105717188076e-05,9.149702169122708e-06,1.8441810493238904e-05,1.0915107069243569e-05,2.1164662728160903e-05,1.2951646944149048e-05
576.1476427247859,79.88567319439771,-33.7596467168176,160.50644086450995,569.9474255314144,2,1.0,0.0,1.518940780225008e-06,-5.393655124124942e-06,3.1589084786603934e-17,4,0.0033178996307172,0.0032686174847488,0.0247220855230298,0.0246702480084229,-9.10223613040266e-07,-1.5238554269215612e-05,0.1611358219785495,-0.1077067609260254,modal_baffled,lossless,0.0,343.0,1.225,1.4,1.81e-05,0.0257,1006.0,1,1.518940780225008e-06,1.5189407802250072e-06,0.0,0.0,True,dirichlet,exp(+iwt)_rms,5333,16,1.1223574789631991e-15,-3.681823736886381e-05,-0.0006163943674986,-2.048369019512166e-05,9.328816807169376e-05,-6.2841314300255656e-06,1.5016504370752252e-05,-3.061625992266167e-06,4.64999759110011e-07,-1.183602542234093e-06,-4.011390417901806e-06,3.489754067567047e-07,-4.66081943669169e-06,1.6818307312164075e-06,-4.749995736066987e-06,3.1831626158881537e-06,-4.017209697941422e-06,4.777250504056517e-06,-3.0690402195828176e-06,6.236213554563423e-06,2.7060709720600276e-08,8.086703979364655e-06,2.459978863158349e-06,1.0396325752422124e-05,4.742229667693263e-06,1.2996430982866048e-05,6.7958805755581625e-06,1.5821814323925487e-05,8.713852425307894e-06,1.863158443772465e-05,1.0420256853670649e-05,2.1396957358981336e-05,1.239891281473702e-05
586.8033567368556,80.02292050141607,-34.6990392122661,180.1360608237424,590.1913790578576,2,1.0,0.0,1.5696240106292087e-06,-5.142660249143623e-06,3.588880836393325e-17,4,0.0033178996307172,0.0032686174847488,0.0247220855230298,0.0246702480084229,-1.0182135322072292e-06,-1.524171391333598e-05,0.1618573861674545,-0.1120713521809072,modal_baffled,lossless,0.0,343.0,1.225,1.4,1.81e-05,0.0257,1006.0,1,1.5696240106292087e-06,1.5696240106292083e-06,0.0,0.0,True,dirichlet,exp(+iwt)_rms,5333,16,3.947182571235865e-16,-4.1186393083977926e-05,-0.0006165221740349,-2.1248712967178904e-05,9.251304121518585e-05,-6.6013554751976725e-06,1.4882530515961418e-05,-3.2933553341821613e-06,3.678492865192185e-07,-1.363963689115689e-06,-4.106100196760787e-06,2.1085192153183178e-07,-4.775090342613407e-06,1.5796122414571002e-06,-4.877221252792217e-06,3.1176785162759547e-06,-4.1627435304019215e-06,4.745044976107856e-06,-3.2408973262542437e-06,6.223115080675466e-06,-2.0740477065102794e-07,8.101246497349604e-06,2.1762305961225776e-06,1.0449974277201056e-05,4.4089896785766495e-06,1.3095118973626013e-05,6.407091856907941e-06,1.5970726058164506e-05,8.267006793766832e-06,1.8826480531664616e-05,9.912416569213078e-06,2.163626959573625e-05,1.1831554007565517e-05
597.6561456524518,80.16507345593405,-35.67836827350743,202.7295620935813,610.8282740140111,2,1.0,0.0,1.623899952257167e-06,-4.8928434253254185e-06,3.4958552756790255e-17,4,0.0033178996307172,0.0032686174847488,0.0247220855230298,0.0246702480084229,-1.135513848138765e-06,-1.525393274779496e-05,0.1625269385771474,-0.1166944332061943,modal_baffled,lossless,0.0,343.0,1.225,1.4,1.81e-05,0.0257,1006.0,1,1.623899952257167e-06,1.6238999522571665e-06,0.0,0.0,True,dirichlet,exp(+iwt)_rms,5333,16,4.753807474237847e-16,-4.593115120004643e-05,-0.0006170164217571,-2.2053482191093705e-05,9.182102650365428e-05,-6.936162409452332e-06,1.477083405561236e-05,-3.539852182805363e-06,2.7802538544216284e-07,-1.5569920013725966e-06,-4.199491393525447e-06,6.20366643004011e-08,-4.891095825925391e-06,1.4685179531601708e-06,-5.008175164227096e-06,3.0452563510785988e-06,-4.313429408576712e-06,4.707549319640819e-06,-3.419259999796168e-06,6.2053837956040265e-06,-4.486313347290195e-07,8.112378655640832e-06,1.8851560899374112e-06,1.050207380015024e-05,4.0673223302185696e-06,1.3194329631744776e-05,6.008121166145636e-06,1.612246770395987e-05,7.807814530412574e-06,1.9026171909244795e-05,9.389948032337711e-06,2.1882326883593413e-05,1.1247670392880829e-05
608.7096543251765,80.31225233880888,-36.70014051305779,228.7477793748317,631.5705927128413,2,1.0,0.0,1.6820710666015366e-06,-4.644183315886387e-06,3.5416811277433586e-17,4,0.0033178996307172,0.0032686174847488,0.0247220855230298,0.0246702480084229,-1.2630613762482862e-06,-1.527526125906049e-05,0.163130245627137,-0.1215941600263647,modal_baffled,lossless,0.0,343.0,1.225,1.4,1.81e-05,0.0257,1006.0,1,1.6820710666015366e-06,1.682071066601538e-06,0.0,0.0,True,dirichlet,exp(+iwt)_rms,5333,16,9.843090469454164e-16,-5.109040558377163e-05,-0.0006178791528259,-2.289951748022504e-05,9.121782987522411e-05,-7.289388218086127e-06,1.4683515387764624e-05,-3.802094585705535e-06,1.966450997374061e-07,-1.7636663066828518e-06,-4.290914972272489e-06,-9.839927428972532e-08,-5.008506902414266e-06,1.347689728605923e-06,-5.142761787936208e-06,2.965128715327852e-06,-4.469381308190256e-06,4.664060453894918e-06,-3.604443465530796e-06,6.18230558625854e-06,-6.970793627923059e-07,8.119420041915868e-06,1.5861321150792707e-06,1.0552012117371798e-05,3.716379896342419e-06,1.3293513349900425e-05,5.597836807918645e-06,1.6276557299578174e-05,7.334819676322693e-06,1.9230212750894546e-05,8.851077690261532e-06,2.2134729653114667e-05,1.064519880948899e-05
619.967595019335,80.46456924925883,-37.767055248208734,258.69197489221546,651.996457135186,2,1.0,0.0,1.7444664984365845e-06,-4.3966805582027456e-06,3.3179543664292284e-17,4,0.0033178996307172,0.0032686174847488,0.0247220855230298,0.0246702480084229,-1.4018939000318749e-06,-1.5305710934660117e-05,0.1636505899120452,-0.1267897617032556,modal_baffled,lossless,0.0,343.0,1.225,1.4,1.81e-05,0.0257,1006.0,1,1.7444664984365845e-06,1.7444664984365845e-06,0.0,0.0,True,dirichlet,exp(+iwt)_rms,5333,16,4.346634384453376e-16,-5.6706134226658944e-05,-0.0006191108319078,-2.3788189110056377e-05,9.070991043643048e-05,-7.661840791633805e-06,1.4622959826819622e-05,-4.08110080792586e-06,1.250041810967308e-07,-1.98503156475691e-06,-4.379595882996165e-06,-2.714633556191792e-07,-5.126905899552963e-06,1.2161853681456289e-06,-5.280825440138484e-06,2.876442042665059e-06,-4.63067970937269e-06,4.61378473558624e-06,-3.7967532754280183e-06,6.153066590855231e-06,-9.532117526428684e-07,8.121584985734165e-06,1.2785163603718292e-06,1.0599066549123693e-05,3.355270607402151e-06,1.3392001028377128e-05,5.175031959505267e-06,1.643238270628365e-05,6.846455436654745e-06,1.9438013414596876e-05,8.293887873589478e-06,2.239292345788986e-05,1.0021901372284178e-05
631.4337486566802,80.62212546181927,-38.88201895111357,293.0821936768985,671.5070733901074,2,1.0,0.0,1.8114437896393604e-06,-4.150362403566559e-06,3.719602904173247e-17,4,0.0033178996307172,0.0032686174847488,0.0247220855230298,0.0246702480084229,-1.5531601224029234e-06,-1.53452417677699e-05,0.1640683712766792,-0.1323014947830625,modal_baffled,lossless,0.0,343.0,1.225,1.4,1.81e-05,0.0257,1006.0,1,1.8114437896393604e-06,1.8114437896393609e-06,0.0,0.0,True,dirichlet,exp(+iwt)_rms,5333,16,6.843214797093003e-16,-6.282480177313823e-05,-0.0006207098407403,-2.4720646547149404e-05,9.03045678334566e-05,-8.054275796994313e-06,1.4591873101317608e-05,-4.377921452948084e-06,6.460361480327843e-08,-2.222198114101096e-06,-4.464611556725499e-06,-4.5824517987895836e-07,-5.245768952117603e-06,1.0729722049099992e-06,-5.422136276516706e-06,2.778247970146977e-06,-4.797360727381537e-06,4.555826983574526e-06,-3.996477205373229e-06,6.116740044500527e-06,-1.2174867408986754e-06,8.11796741260092e-06,9.616528979503845e-07,1.0642386240762315e-05,2.9830612965558053e-06,1.3488982889021026e-05,4.738423967792854e-06,1.658917638454326e-05,6.341039644213983e-06,1.964881096803306e-05,7.716308962622354e-06,2.2656165790910847e-05,9.375354512565206e-06
643.1119660862162,80.78500827303225,-40.0481600804532,332.4159760790912,689.2783337232293,2,1.0,0.0,1.8833904074969291e-06,-3.905288238977189e-06,3.488142010739788e-17,4,0.0033178996307172,0.0032686174847488,0.0247220855230298,0.0246702480084229,-1.718129986809433e-06,-1.539374689757183e-05,0.1643606500955159,-0.1381505531306394,modal_baffled,lossless,0.0,343.0,1.225,1.4,1.81e-05,0.0257,1006.0,1,1.8833904074969291e-06,1.8833904074969291e-06,0.0,0.0,True,dirichlet,exp(+iwt)_rms,5333,16,4.904588859867121e-16,-6.949777700626861e-05,-0.0006226718568395,-2.569772782090322e-05,9.001003685938151e-05,-8.467365462481116e-06,1.4593320235477746e-05,-4.69362785622661e-06,1.7179598903544454e-08,-2.47633877144832e-06,-4.544867082060742e-06,-6.599189793248289e-07,-5.36444540640805e-06,9.169210388768196e-07,-5.566373303788093e-06,2.6694943854895405e-06,-4.969402719067155e-06,4.489178560543741e-06,-4.203874839786256e-06,6.072271749513755e-06,-1.49034834706296e-06,8.107523849197333e-06,6.348799519775327e-07,1.068097195171546e-05,2.5987821556108007e-06,1.35834839189323e-05,4.286655565140613e-06,1.6745985810487993e-05,5.816771925650304e-06,1.98616343894047e-05,7.116113143398136e-06,2.2923486696828808e-05,8.702939474407805e-06
655.0061693774861,80.9532872528525,-41.26884401636372,377.0983892074559,704.2124491789845,2,1.0,0.0,1.9607249495140176e-06,-3.6615561306574434e-06,3.814328693616186e-17,4,0.0033178996307172,0.0032686174847488,0.0247220855230298,0.0246702480084229,-1.8982051027200423e-06,-1.5451033817385132e-05,0.1645006273206468,-0.1443589182282738,modal_baffled,lossless,0.0,343.0,1.225,1.4,1.81e-05,0.0257,1006.0,1,1.9607249495140176e-06,1.9607249495140163e-06,0.0,0.0,True,dirichlet,exp(+iwt)_rms,5333,16,1.443730046987787e-15,-7.678175455512308e-05,-0.0006249890933753,-2.671984538818593e-05,8.983558844132984e-05,-8.901658578298423e-06,1.4630767626359543e-05,-5.029295661870452e-06,-1.5262814812350657e-08,-2.748683001024872e-06,-4.6190666982729975e-06,-8.777444559427725e-07,-5.482133688814069e-06,7.468008029230814e-07,-5.713104078972906e-06,2.549016392997073e-06,-5.146709861968816e-06,4.412704608159737e-06,-4.419164306782068e-06,6.018464194291834e-06,-1.7722138409885e-06,8.089054507780147e-06,2.975406127016632e-07,1.0713653116024705e-05,2.201434284498055e-06,1.3674335547340842e-05,3.818298752548866e-06,1.6901638928910745e-05,5.271733394018905e-06,2.007526364132874e-05,6.490910669530148e-06,2.3193642208453852e-05,8.001835260388302e-06
667.1203531377791,81.12700980517462,-42.54768770063883,427.33386854347305,714.9022684146075,2,1.0,0.0,2.0438978375462496e-06,-3.419310539204025e-06,3.833626281804995e-17,4,0.0033178996307172,0.0032686174847488,0.0247220855230298,0.0246702480084229,-2.0949288736305657e-06,-1.5516801499096163e-05,0.1644570568031163,-0.1509491310716236,modal_baffled,lossless,0.0,343.0,1.225,1.4,1.81e-05,0.0257,1006.0,1,2.0438978375462496e-06,2.043897837546248e-06,0.0,0.0,True,dirichlet,exp(+iwt)_rms,5333,16,6.057214615449789e-16,-8.473916456922827e-05,-0.0006276493738621,-2.7786843334730437e-05,8.979163536285794e-05,-9.357529677714369e-06,1.4708127851246038e-05,-5.385982231067706e-06,-3.041231768576678e-08,-3.0405071523132527e-06,-4.6856812720191765e-06,-1.1130652189049529e-06,-5.597853178514177e-06,5.612745053575597e-07,-5.861760565301525e-06,2.415527555739168e-06,-5.329092128721858e-06,4.325130628430296e-06,-4.642505526000425e-06,5.953959433990415e-06,-2.063457509713327e-06,8.061182452754695e-06,-5.100271533571775e-08,1.0739062008136364e-05,1.7900008943897212e-06,1.3760143180008232e-05,3.3318623143093886e-06,1.705470402641253e-05,4.703889952405695e-06,2.0288181781610512e-05,5.838149853521218e-06,2.346505956862797e-05,7.269015368844934e-06
679.4585858536991,81.30619593168268,-43.8885734286676,482.97391725956777,719.630773686013,2,1.0,0.0,2.1333912512096723e-06,-3.1787513607238685e-06,3.667825513714985e-17,4,0.0033178996307172,0.0032686174847488,0.0247220855230298,0.0246702480084229,-2.3099957421683723e-06,-1.5590612701492953e-05,0.1641935872224371,-0.1579439620491761,modal_baffled,lossless,0.0,343.0,1.225,1.4,1.81e-05,0.0257,1006.0,1,2.1333912512096723e-06,2.1333912512096727e-06,0.0,0.0,True,dirichlet,exp(+iwt)_rms,5333,16,7.360209075328032e-16,-9.343854667991069e-05,-0.0006306350120409,-2.889781988677865e-05,8.988983996248964e-05,-9.835114992436664e-06,1.4829806339052531e-05,-5.764696223057442e-06,-2.5610256606701594e-08,-3.353119498495232e-06,-4.742911500856592e-06,-1.3673038475090851e-06,-5.71041163478619e-06,3.58897190275106e-07,-6.011610579470961e-06,2.2676119348228565e-06,-5.516241007486262e-06,4.225028740568032e-06,-4.873979221739393e-06,5.877220978441405e-06,-2.3643898595698875e-06,8.022330970335028e-06,-4.113491716069361e-07,1.0755604939545223e-05,1.3634632357419914e-06,1.383924927759973e-05,2.8258041930752597e-06,1.720344343624949e-05,4.111100619880531e-06,2.049851927574974e-05,5.155122400527007e-06,2.373577317344444e-05,6.50125010991513e-06
692.0250112575443,81.49083208442248,-45.295661039769016,543.3262836514201,716.4393766362389,2,1.0,0.0,2.229717971336925e-06,-2.9401444427159746e-06,3.92992637093516e-17,4,0.0033178996307172,0.0032686174847488,0.0247220855230298,0.0246702480084229,-2.545258723743826e-06,-1.5671860661709367e-05,0.1636680340788816,-0.1653659495982746,modal_baffled,lossless,0.0,343.0,1.225,1.4,1.81e-05,0.0257,1006.0,1,2.229717971336925e-06,2.229717971336923e-06,0.0,0.0,True,dirichlet,exp(+iwt)_rms,5333,16,5.066781419870245e-16,-0.0001029548547339,-0.0006339214645588,-3.00509083181269e-05,9.014321950726671e-05,-1.0334232382892556e-05,1.5000748474489603e-05,-6.166357337145929e-06,2.1937840725825476e-09,-3.6878384890038e-06,-4.788646728679612e-06,-1.6419523208052812e-06,-5.818367783266654e-06,1.381169085853849e-07,-6.16172425699206e-06,2.103717662918581e-06,-5.707700258182535e-06,4.110804132359786e-06,-5.113560841527483e-06,5.786515122215949e-06,-2.6752312381910464e-06,7.970699439380449e-06,-7.840344532400539e-07,1.0761430563831312e-05,9.208225696328576e-07,1.3909691788740664e-05,2.2985502735034466e-06,1.7345760579032217e-05,3.4911326933373404e-06,2.070398974617353e-05,4.438976182741158e-06,2.4003350220112053e-05,5.6951168469493065e-06
704.8238497189595,81.68086398668405,-46.77339749926843,606.9548761585236,703.3050026869612,2,1.0,0.0,2.333418706331201e-06,-2.703833701629986e-06,4.1770488449530866e-17,4,0.0033178996307172,0.0032686174847488,0.0247220855230298,0.0246702480084229,-2.802734083602687e-06,-1.5759729328976094e-05,0.1628315871470518,-0.1732367720236562,modal_baffled,lossless,0.0,343.0,1.225,1.4,1.81e-05,0.0257,1006.0,1,2.333418706331201e-06,2.333418706331198e-06,0.0,0.0,True,dirichlet,exp(+iwt)_rms,5333,16,1.0923522858600569e-15,-0.0001133696459787,-0.0006374757224383,-3.124300851530338e-05,9.056624284822308e-05,-1.085428205847819e-05,1.5226484924455994e-05,-6.591743815399447e-06,5.648896624569194e-08,-4.045962257606487e-06,-4.820419495093659e-06,-1.938556209546146e-06,-5.919988785949888e-06,-1.0271999156940075e-07,-6.310934999420538e-06,1.9221530709536077e-06,-5.902830958628744e-06,3.980682483125889e-06,-5.361088415234199e-06,5.679892416871487e-06,-2.9960787073357418e-06,7.904238258763968e-06,-1.169498626180011e-06,1.0754395603736394e-05,4.611297811904005e-07,1.3969157963439664e-05,1.7485214983197873e-06,1.7479140034355598e-05,2.841686044251508e-06,2.090181657156377e-05,3.686738145902092e-06,2.4264805206481603e-05,4.8470212001491584e-06
717.8593996623249,81.87618830125173,-48.326522549104745,671.5349943652402,678.4555058920134,2,1.0,0.0,2.445057355903093e-06,-2.470254922310102e-06,4.081540601591087e-17,4,0.0033178996307172,0.0032686174847488,0.0247220855230298,0.0246702480084229,-3.0846016076655164e-06,-1.5853146312342347e-05,0.161627966247994,-0.1815764098152736,modal_baffled,lossless,0.0,343.0,1.225,1.4,1.81e-05,0.0257,1006.0,1,2.445057355903093e-06,2.4450573559030948e-06,0.0,0.0,True,dirichlet,exp(+iwt)_rms,5333,16,5.03382263455324e-16,-0.0001247710920177,-0.0006412544078279,-3.2469460846208746e-05,9.117490918312593e-05,-1.139412457343888e-05,1.5513171924069692e-05,-7.041424899502579e-06,1.4125139105572406e-07,-4.428727008143688e-06,-4.835356310889263e-06,-2.25869061693355e-06,-6.013202538774245e-06,-3.65357557867056e-07,-6.457794475987475e-06,1.721086746975698e-06,-6.100770105522501e-06,3.83269947951177e-06,-5.616223309060517e-06,5.555170347951901e-06,-3.3268648572292166e-06,7.820623749837296e-06,-1.5680451678613443e-06,1.0732028665158636e-05,-1.6475461293306355e-08,1.4014933916176635e-05,1.1741716690093031e-06,1.7600580673586472e-05,2.1604294199477344e-06,2.1088650090347848e-05,2.895350747520782e-06,2.451650277076453e-05,3.953233081747351e-06
731.1360390103603,82.07664303315252,-49.96006871507368,733.8627108100253,640.8108597345492,2,1.0,0.0,2.56521352786042e-06,-2.239951236078632e-06,4.140463626440626e-17,4,0.0033178996307172,0.0032686174847488,0.0247220855230298,0.0246702480084229,-3.393198412501659e-06,-1.5950727814320718e-05,0.1599925490333778,-0.1904020485138458,modal_baffled,lossless,0.0,343.0,1.225,1.4,1.81e-05,0.0257,1006.0,1,2.56521352786042e-06,2.5652135278604195e-06,0.0,0.0,True,dirichlet,exp(+iwt)_rms,5333,16,6.861797400668177e-16,-0.0001372537284259,-0.0006452015465872,-3.3723653783554965e-05,9.198679613284484e-05,-1.1951932390079898e-05,1.5867621870743515e-05,-7.515675048928397e-06,2.609913176803421e-07,-4.8372514509298695e-06,-4.830125703981645e-06,-2.6039253867096994e-06,-6.095545101141887e-06,-6.516107482719119e-07,-6.600521469849011e-06,1.498553355967521e-06,-6.3003821241417245e-06,3.6646939942451168e-06,-5.878402799418366e-06,5.409918763727788e-06,-3.6673071528518256e-06,7.717234451997297e-06,-1.9797894900125177e-06,1.0691493307623828e-05,-5.127137887998268e-07,1.404385082887235e-05,5.74038749177142e-07,1.7706522424112833e-05,1.4450522651429191e-06,2.126047573824674e-05,2.061726144131288e-06,2.4754048962808828e-05,3.0099424056202684e-06
744.658226654428,82.28199657525836,-51.67935349168132,790.1198187948648,590.4599453047844,2,1.0,0.0,2.694471467539118e-06,-2.013590138486968e-06,4.1261305460666367e-17,4,0.0033178996307172,0.0032686174847488,0.0247220855230298,0.0246702480084229,-3.7310036270116578e-06,-1.605071506037504e-05,0.157851509713918,-0.1997266654075646,modal_baffled,lossless,0.0,343.0,1.225,1.4,1.81e-05,0.0257,1006.0,1,2.694471467539118e-06,2.694471467539116e-06,0.0,0.0,True,dirichlet,exp(+iwt)_rms,5333,16,1.0262557235464423e-15,-0.000150917835129,-0.0006492459968809,-3.499655729082699e-05,9.302105974621464e-05,-1.252501136414227e-05,1.629731778561176e-05,-8.014366424550167e-06,4.207960989571906e-07,-5.272464020174024e-06,-4.8008853738824985e-06,-2.975776588482137e-06,-6.164104118552669e-06,-9.633350683671268e-07,-6.736944735765421e-06,1.2524675953411173e-06,-6.500202852002728e-06,3.474307069069872e-06,-6.1467834541076414e-06,5.241450234069253e-06,-4.016846383721061e-06,7.5911308985436386e-06,-2.4045950675356008e-06,1.062955224393362e-05,-1.0281009656451326e-06,1.40522294422504e-05,-5.318704080319775e-08,1.7792768057608692e-05,6.9333627256444e-07,2.141251435493777e-05,1.1828232456398767e-06,2.497217201195888e-05,2.013340405092229e-06
758.4305039520283,82.49193534560361,-53.48996097958641,836.4297971434244,528.9985759699725,2,1.0,0.0,2.833404394775176e-06,-1.791981700200138e-06,4.240567611570923e-17,4,0.0033178996307172,0.0032686174847488,0.0247220855230298,0.0246702480084229,-4.100610562781193e-06,-1.615090217755423e-05,0.1551210284362605,-0.2095572384000829,modal_baffled,lossless,0.0,343.0,1.225,1.4,1.81e-05,0.0257,1006.0,1,2.833404394775176e-06,2.8334043947751727e-06,0.0,0.0,True,dirichlet,exp(+iwt)_rms,5333,16,8.819894763516807e-16,-0.0001658683107038,-0.000653298531894,-3.627617575447287e-05,9.42983634002769e-05,-1.3109589005510992e-05,1.6810402964447356e-05,-8.53683602393168e-06,6.263640370516515e-07,-5.735009231354727e-06,-4.743231395737232e-06,-3.3756407801255367e-06,-6.2154599197759135e-06,-1.3023820457242227e-06,-6.864440635926403e-06,9.806492987901626e-07,-6.6983759557678144e-06,3.2589895474570123e-06,-6.420174520692148e-06,5.046818317275651e-06,-4.374572912920858e-06,7.439041831363449e-06,-2.841995301826493e-06,1.0542535492094989e-05,-1.5628658010359534e-06,1.4035825549267007e-05,-7.085746344673213e-07,1.785440259275684e-05,-9.674844868775316e-08,2.153911724588436e-05,2.55753676828315e-07,2.5164595138351213e-05,9.597336378950166e-07
772.4574962519918,82.70605003295614,-55.3977096360334,869.6017330493448,459.5314559235516,2,1.0,0.0,2.982553087372648e-06,-1.5760973219356093e-06,4.157208032788206e-17,4,0.0033178996307172,0.0032686174847488,0.0247220855230298,0.0246702480084229,-4.504682198636414e-06,-1.624855621214209e-05,0.1517066584138886,-0.2198925143228253,modal_baffled,lossless,0.0,343.0,1.225,1.4,1.81e-05,0.0257,1006.0,1,2.982553087372648e-06,2.9825530873726464e-06,0.0,0.0,True,dirichlet,exp(+iwt)_rms,5333,16,8.752865469740964e-16,-0.0001822128717433,-0.0006572486045728,-3.754691788564009e-05,9.584070588991351e-05,-1.3700567550448073e-05,1.7415634445557436e-05,-9.081724075149914e-06,8.840224585286865e-07,-6.225129343191686e-06,-4.652153896978455e-06,-3.80470810806396e-06,-6.245627130261647e-06,-1.6705366644043718e-06,-6.979867222473445e-06,6.808634071906671e-07,-6.892582395786311e-06,3.016022037661682e-06,-6.69696096467625e-06,4.822827689292164e-06,-4.739139776196625e-06,7.257360910490467e-06,-3.291099466295724e-06,1.0426316546098835e-05,-2.1168484679917917e-06,1.3989780649680484e-05,-1.3928390738225583e-06,1.7885714581367567e-05,-9.26917139249836e-07,2.16336605169512e-05,-7.220764877727516e-07,2.5323906106390634e-05,-1.543011677871202e-07
786.7439144478784,82.9238205717744,-57.40860214358472,887.8169525316448,386.2413631646573,2,1.0,0.0,3.1423974331508414e-06,-1.3670879619096254e-06,4.293859608971623e-17,4,0.0033178996307172,0.0032686174847488,0.0247220855230298,0.0246702480084229,-4.945885001554866e-06,-1.6340331112962755e-05,0.1475029727319809,-0.2307202798351999,modal_baffled,lossless,0.0,343.0,1.225,1.4,1.81e-05,0.0257,1006.0,1,3.1423974331508414e-06,3.1423974331508427e-06,0.0,0.0,True,dirichlet,exp(+iwt)_rms,5333,16,6.870301719376956e-16,-0.0002000593759352,-0.0006609608682787,-3.8788887356505e-05,9.767111155246584e-05,-1.4291242080871548e-05,1.812228583819617e-05,-9.646781074782837e-06,1.2007209670425585e-06,-6.742517633861296e-06,-4.5220055484572e-06,-4.263850058143639e-06,-6.250001221293177e-06,-2.069432374989203e-06,-7.0794977273819615e-06,3.508792427600557e-07,-7.079964564047517e-06,2.742551822523563e-06,-6.9750165778894985e-06,4.5660612271815465e-06,-5.108662386476572e-06,7.042159300151545e-06,-3.750481647253816e-06,1.0276302198453976e-05,-2.68937689168558e-06,1.390858381464672e-05,-2.1062001015052942e-06,1.7880125809662867e-05,-1.7984083793929068e-06,2.168844585152595e-05,-1.7527818166249586e-06,2.5441431214458363e-05,-1.3317124839232635e-06
801.2945565601075,83.14460012046109,-59.5287527624832,890.9836459020195,313.6293855376628,2,1.0,0.0,3.313319643321677e-06,-1.1663001993407187e-06,4.3515605533816325e-17,4,0.0033178996307172,0.0032686174847488,0.0247220855230298,0.0246702480084229,-5.426795411439529e-06,-1.6422179163163248e-05,0.1423936549614583,-0.2420140951651502,modal_baffled,lossless,0.0,343.0,1.225,1.4,1.81e-05,0.0257,1006.0,1,3.313319643321677e-06,3.3133196433216784e-06,0.0,0.0,True,dirichlet,exp(+iwt)_rms,5333,16,7.973883676692739e-16,-0.0002195120394023,-0.0006642715942336,-3.9977107999921296e-05,9.981313766342373e-05,-1.4872987555817756e-05,1.8939981784520777e-05,-1.02286424891788e-05,1.583988100293227e-06,-7.286140318655584e-06,-4.346491588489597e-06,-4.753477797186761e-06,-6.223316471051176e-06,-2.500439016297644e-06,-7.158958189666295e-06,-1.1445855504157521e-08,-7.257048195593956e-06,2.4356522944436384e-06,-7.251608818289932e-06,4.272930375131592e-06,-5.480605803926589e-06,6.789221025181078e-06,-4.218052675195021e-06,1.00874435279626e-05,-3.2791197246715684e-06,1.3786053175608974e-05,-2.8482090808639435e-06,1.7830138870520925e-05,-2.711780892118949e-06,2.16946183895243e-05,-2.83776211119822e-06,2.5507125408225174e-05,-2.5747104701271576e-06
816.114309347348,83.36759852960208,-61.76428700237912,880.6235478821475,245.7007996008836,2,1.0,0.0,3.495557950039736e-06,-9.752877781221097e-07,4.4959827417674656e-17,4,0.0033178996307172,0.0032686174847488,0.0247220855230298,0.0246702480084229,-5.949772933136597e-06,-1.6489265632093894e-05,0.1362522457645576,-0.2537294849423727,modal_baffled,lossless,0.0,343.0,1.225,1.4,1.81e-05,0.0257,1006.0,1,3.495557950039736e-06,3.495557950039736e-06,0.0,0.0,True,dirichlet,exp(+iwt)_rms,5333,16,9.234871069619289e-16,-0.0002406663033179,-0.0006669852192175,-4.108071230596399e-05,0.0001022901477451,-1.5434924150994847e-05,1.9878443287313413e-05,-1.0822572999391456e-05,2.0418366646611114e-06,-7.854025740740502e-06,-4.118692875664209e-06,-5.273367813083948e-06,-6.15962436330808e-06,-2.9645191563250046e-06,-7.21317625806708e-06,-4.080531303336706e-07,-7.419667191696861e-06,2.092411337633936e-06,-7.523298887641365e-06,3.9397563207481655e-06,-5.851662412469998e-06,6.494109574533744e-06,-4.690916849309703e-06,9.854277679454028e-06,-3.883916058126276e-06,1.361534825133475e-05,-3.6175423837322864e-06,1.7727315652394493e-05,-3.666664990350567e-06,2.164211673751116e-05,-3.977410280534577e-06,2.550949527523536e-05,-3.884436460253219e-06
831.2081499477115,83.5918660699477,-64.12120817883192,859.3765786547259,185.3828460368879,2,1.0,0.0,3.689149999420821e-06,-7.958154124007021e-07,4.6203069165348745e-17,4,0.0033178996307172,0.0032686174847488,0.0247220855230298,0.0246702480084229,-6.5167940135038205e-06,-1.6535895411652166e-05,0.1289438073320437,-0.2657996380826082,modal_baffled,lossless,0.0,343.0,1.225,1.4,1.81e-05,0.0257,1006.0,1,3.689149999420821e-06,3.689149999420821e-06,0.0,0.0,True,dirichlet,exp(+iwt)_rms,5333,16,1.2608652178802505e-15,-0.0002636021142889,-0.0006688713780335,-4.206214271301369e-05,0.0001051242958237,-1.5963578193045413e-05,2.0947121050894543e-05,-1.1422186684194028e-05,2.5826002101275134e-06,-8.44302234877942e-06,-3.83113644987898e-06,-5.822453322156165e-06,-6.052304408835898e-06,-3.4620492969872878e-06,-7.236351050526721e-06,-8.405340362773038e-07,-7.562899159719298e-06,1.710055561372202e-06,-7.785843133281073e-06,3.562890426414507e-06,-6.217625579426656e-06,6.1522756497383455e-06,-5.165218021984858e-06,9.57101220408555e-06,-4.50058472711348e-06,1.3389027387221936e-05,-4.411762080656934e-06,1.7562303907870775e-05,-4.661467180502158e-06,2.1519675274012856e-05,-5.170760057542503e-06,2.5435577734800107e-05,-5.26056014919192e-06
846.5811475502985,83.8162785483662,-66.60522562386232,830.3577519074189,134.3141776818795,2,1.0,0.0,3.89386592270429e-06,-6.298506856955698e-07,4.857220963377243e-17,4,0.0033178996307172,0.0032686174847488,0.0247220855230298,0.0246702480084229,-7.1292421656159164e-06,-1.6555464066700947e-05,0.1203278104889118,-0.2781307572895835,modal_baffled,lossless,0.0,343.0,1.225,1.4,1.81e-05,0.0257,1006.0,1,3.89386592270429e-06,3.893865922704288e-06,0.0,0.0,True,dirichlet,exp(+iwt)_rms,5333,16,1.7392973666423869e-15,-0.0002883754349516,-0.0006696629235134,-4.287644234629799e-05,0.0001083351690378,-1.6442566530869776e-05,2.215469398813565e-05,-1.201915611004861e-05,3.214681087308055e-06,-9.048531566438374e-06,-3.475930858278198e-06,-6.398583093903702e-06,-5.894122492776666e-06,-3.992604499944488e-06,-7.221957197298109e-06,-1.3099428345371596e-06,-7.681022742473898e-06,1.286117036585218e-06,-8.034105246000626e-06,3.138882602042305e-06,-6.573268599706665e-06,5.759216818825473e-06,-5.635983536995915e-06,9.231665511216575e-06,-5.124720164598013e-06,1.3099167516634834e-05,-5.227049151645127e-06,1.7324933326783906e-05,-5.693031150918138e-06,2.1314904419312784e-05,-6.415075278065212e-06,2.527100387880432e-05,-6.700804711109446e-06
862.23846509766,84.03952536803041,-69.22154028461134,796.5964003559786,92.96342333814516,2,1.0,0.0,4.109132360746701e-06,-4.795389623074643e-07,4.729091898879877e-17,4,0.0033178996307172,0.0032686174847488,0.0247220855230298,0.0246702480084229,-7.787652683133007e-06,-1.6540449841638712e-05,0.1102625718188996,-0.2905973240619026,modal_baffled,lossless,0.0,343.0,1.225,1.4,1.81e-05,0.0257,1006.0,1,4.109132360746701e-06,4.1091323607467e-06,0.0,0.0,True,dirichlet,exp(+iwt)_rms,5333,16,9.80256762703034e-16,-0.0003150079177534,-0.0006690556031864,-4.3470744816599925e-05,0.0001119380484544,-1.6852345318766366e-05,2.350841374623856e-05,-1.2602932184623936e-05,3.9461903131613965e-06,-9.664228343474426e-06,-3.044985353288214e-06,-6.998254392787458e-06,-5.677354619185546e-06,-4.554708755045305e-06,-7.162799494848915e-06,-1.8165686417401469e-06,-7.767511479913631e-06,8.186476911956101e-07,-8.261992852041326e-06,2.6647053035170835e-06,-6.912242946206026e-06,5.310699536745995e-06,-6.096979704084722e-06,8.830277768733231e-06,-5.750487480921456e-06,1.2737565574854206e-05,-6.0579209176855e-06,1.7004406193886654e-05,-6.756265734131361e-06,2.1014479584891957e-05,-7.705390796223454e-06,2.500018375102e-05,-8.200409286272315e-06
878.1853610197446,84.26010256196332,-71.9745855178365,760.6793862544326,60.93149480249895,2,1.0,0.0,4.333950652562755e-06,-3.47155577543923e-07,5.1369419497406206e-17,4,0.0033178996307172,0.0032686174847488,0.0247220855230298,0.0246702480084229,-8.491415368982814e-06,-1.648246718783429e-05,0.0986115497454416,-0.3030377083846267,modal_baffled,lossless,0.0,343.0,1.225,1.4,1.81e-05,0.0257,1006.0,1,4.333950652562755e-06,4.333950652562757e-06,0.0,0.0,True,dirichlet,exp(+iwt)_rms,5333,16,6.662339823918501e-16,-0.0003434748804291,-0.000666710224446,-4.378410884622191e-05,0.0001159417755175,-1.717007905736819e-05,2.501328552626873e-05,-1.3160507699283804e-05,4.784462485618244e-06,-1.0281791126695755e-05,-2.5303318916358404e-06,-7.616334002157088e-06,-5.393995483648927e-06,-5.145559285584209e-06,-7.051137290137756e-06,-2.359669936796561e-06,-7.815082541482071e-06,3.064831461286379e-07,-8.462436647476205e-06,2.138037860464701e-06,-7.227015315582322e-06,4.803051708508959e-06,-6.540598799144612e-06,8.361205449581657e-06,-6.370436811744363e-06,1.229604112758262e-05,-6.896953192346909e-06,1.6589609515652573e-05,-7.843760883368931e-06,2.06044726760192e-05,-9.03402730111596e-06,2.4606652286563343e-05,-9.751551995222531e-06
894.4271909999161,84.47631329342714,-74.86772443910297,724.604566526727,37.29151850579766,2,1.0,0.0,4.566815026709243e-06,-2.350295249965154e-07,5.055449783462999e-17,4,0.0033178996307172,0.0032686174847488,0.0247220855230298,0.0246702480084229,-9.238446499541223e-06,-1.637240533682761e-05,0.0852517224596122,-0.3152507454476594,modal_baffled,lossless,0.0,343.0,1.225,1.4,1.81e-05,0.0257,1006.0,1,4.566815026709243e-06,4.566815026709248e-06,0.0,0.0,True,dirichlet,exp(+iwt)_rms,5333,16,6.58794565950932e-16,-0.0003736920370627,-0.0006622582597886,-4.374787711392259e-05,0.0001203462594311,-1.7369700315321354e-05,2.667109280881392e-05,-1.3676269891082528e-05,5.735436985186104e-06,-1.0890673895963367e-05,-1.9245651675570145e-06,-8.245790813474485e-06,-5.036070395231078e-06,-5.760741234347e-06,-6.8788987358349065e-06,-2.937181465310089e-06,-7.815821323937124e-06,-2.504481322399491e-07,-8.627434494470727e-06,1.5576100563376692e-06,-7.508868507553582e-06,4.233528718488979e-06,-6.957804427785519e-06,7.819508463266589e-06,-6.975365571265956e-06,1.1766856641388202e-05,-7.734538536792494e-06,1.6069573653985565e-05,-8.945426226214445e-06,2.007085915879605e-05,-1.0390118483139407e-05,2.407361674130265e-05,-1.134277519507124e-05
910.9694097736316,84.68627868142514,-77.90291051723312,689.7861238952722,20.87511144697417,2,1.0,0.0,4.805639846299267e-06,-1.4543387274741405e-07,5.3418683661938265e-17,4,0.0033178996307172,0.0032686174847488,0.0247220855230298,0.0246702480084229,-1.0024851924419031e-05,-1.6200675856999466e-05,0.0700840872308656,-0.3269941012183456,modal_baffled,lossless,0.0,343.0,1.225,1.4,1.81e-05,0.0257,1006.0,1,4.805639846299267e-06,4.8056398462992645e-06,0.0,0.0,True,dirichlet,exp(+iwt)_rms,5333,16,8.760343100682973e-16,-0.0004055018705877,-0.0006553118603973,-4.328675999082085e-05,0.0001251397326538,-1.7422241176856715e-05,2.84793006041827e-05,-1.4131999154312944e-05,6.802911477630585e-06,-1.147796464726764e-05,-1.221406973843777e-06,-8.877474651642824e-06,-4.59606407976424e-06,-6.39395961014385e-06,-6.6380029303826125e-06,-3.545412987860343e-06,-7.761403305547268e-06,-8.507834034496198e-07,-8.748185676287901e-06,9.23594598857682e-07,-7.747995556029837e-06,3.600746675331533e-06,-7.338168264009908e-06,7.2014301318567394e-06,-7.554265946930685e-06,1.1143263575222549e-05,-8.558723941516577e-06,1.5434094743492472e-05,-1.004820242844729e-05,1.940022605159166e-05,-1.175920830175842e-05,2.3384738499908638e-05,-1.2958477274154777e-05
927.8175729603872,84.88796194145338,-81.08032531060924,657.141218304002,10.472260835929765,2,1.0,0.0,5.047708379912998e-06,-8.044072918540202e-08,4.904722588873802e-17,4,0.0033178996307172,0.0032686174847488,0.0247220855230298,0.0246702480084229,-1.0844616193682156e-05,-1.595758906214202e-05,0.0530460153459428,-0.3379854097005739,modal_baffled,lossless,0.0,343.0,1.225,1.4,1.81e-05,0.0257,1006.0,1,5.047708379912998e-06,5.0477083799130015e-06,0.0,0.0,True,dirichlet,exp(+iwt)_rms,5333,16,5.108345692669908e-16,-0.0004386610580883,-0.0006454790817415,-4.232083963064133e-05,0.0001302959570365,-1.7296518656851735e-05,3.0429908790229596e-05,-1.4507078871785664e-05,7.987696504539175e-06,-1.202838496574789e-05,-4.163854416659009e-07,-9.499987298378904e-06,-4.0674691285811165e-06,-7.036826987107428e-06,-6.320800944918471e-06,-4.178770894947507e-06,-7.643430960018576e-06,-1.4913768737193708e-06,-8.815340030159343e-06,2.380251059428354e-07,-7.93371781795498e-06,2.905162975634001e-06,-7.670034663297697e-06,6.504956138353782e-06,-8.094401701311596e-06,1.0420167472569507e-05,-9.355182060412784e-06,1.4674522159506184e-05,-1.1135911087686826e-05,1.8580688770088888e-05,-1.3122996000021844e-05,2.2525163571798916e-05,-1.4578559198168832e-05
944.9773389295436,85.0792085621311,-84.39801600934034,627.2036357787526,4.949557000820142,2,1.0,0.0,5.28965846381558e-06,-4.1743166952497534e-08,5.753204886007071e-17,4,0.0033178996307172,0.0032686174847488,0.0247220855230298,0.0246702480084229,-1.1689366158114845e-05,-1.5633868531981928e-05,0.0341247639805919,-0.3479072189950068,modal_baffled,lossless,0.0,343.0,1.225,1.4,1.81e-05,0.0257,1006.0,1,5.28965846381558e-06,5.289658463815582e-06,0.0,0.0,True,dirichlet,exp(+iwt)_rms,5333,16,5.975547478105879e-16,-0.0004728309085099,-0.0006323846957578,-4.07686411606392e-05,0.0001357716935975,-1.696024125386806e-05,3.2508371332623404e-05,-1.4778980448990772e-05,9.28673038052224e-06,-1.252449044508916e-05,4.924034864809117e-07,-1.009970022730308e-05,-3.4454390845510004e-06,-7.678756056789063e-06,-5.920633266348088e-06,-4.82954580386098e-06,-7.453894127226591e-06,-2.166982336723313e-06,-8.819380811654525e-06,-4.947997336698721e-07,-8.054853445160498e-06,2.149566593693211e-06,-7.940847688550912e-06,5.730418859443945e-06,-8.58156000453511e-06,9.594882674808256e-06,-1.0107376211065022e-05,1.3784686461178408e-05,-1.2189320055204564e-05,1.76029952654733e-05,-1.4459322268808063e-05,2.1482783441406223e-05,-1.6178334025448224e-05
962.454470700661,85.25780439068932,-87.85156484207727,600.232641059573,3.3069068489508777,2,1.0,0.0,5.527521660592546e-06,-3.045319095754347e-08,5.23461365905365e-17,4,0.0033178996307172,0.0032686174847488,0.0247220855230298,0.0246702480084229,-1.2548268338769788e-05,-1.5221294381347356e-05,0.0133709175168536,-0.3564166457384517,modal_baffled,lossless,0.0,343.0,1.225,1.4,1.81e-05,0.0257,1006.0,1,5.527521660592546e-06,5.527521660592546e-06,0.0,0.0,True,dirichlet,exp(+iwt)_rms,5333,16,6.646600479013174e-16,-0.0005075732112924,-0.0006156962108705,-3.855130981071608e-05,0.000141504854854,-1.638156576792664e-05,3.469274164456363e-05,-1.4924072492221523e-05,1.0692248601612664e-05,-1.294712690332048e-05,1.5035143479407816e-06,-1.066097527287976e-05,-2.7275065213268234e-06,-8.307012226535307e-06,-5.432480597842244e-06,-5.487818958471161e-06,-7.185745691914616e-06,-2.8700193906307552e-06,-8.751146904526909e-06,-1.2679817529074423e-06,-8.10025028500898e-06,1.3395208303616109e-06,-8.137664604601706e-06,4.881089793678702e-06,-9.000516810952566e-06,8.667918214524517e-06,-1.0796975981605024e-05,1.2761907992411927e-05,-1.3186502110179996e-05,1.6461754289184373e-05,-1.5742494625683476e-05,2.0249660696738688e-05,-1.7728815749751836e-05
980.25483787898,85.42155194214929,-91.4338307268524,576.3031174144442,4.694355683656631,2,1.0,0.0,5.756830733355422e-06,-4.6893050300024064e-08,5.78336416261975e-17,4,0.0033178996307172,0.0032686174847488,0.0247220855230298,0.0246702480084229,-1.3408122816302482e-05,-1.4713439459006036e-05,-0.0090900066788767,-0.3631602270007034,modal_baffled,lossless,0.0,343.0,1.225,1.4,1.81e-05,0.0257,1006.0,1,5.756830733355422e-06,5.756830733355422e-06,0.0,0.0,True,dirichlet,exp(+iwt)_rms,5333,16,4.55851764216238e-16,-0.0005423540341615,-0.0005951536509854,-3.559775884958727e-05,0.0001474138277522,-1.5531068766304833e-05,3.6953236832766645e-05,-1.4918769012421944e-05,1.2191134628767995e-05,-1.3276177783934192e-05,2.61144339938654e-06,-1.116663459065159e-05,-1.914297541180929e-06,-8.906978538347137e-06,-4.8536585438781325e-06,-6.141543394102033e-06,-6.833560887760238e-06,-3.5904843136343124e-06,-8.602478464656504e-06,-2.0718275708850894e-06,-8.059475176424406e-06,4.836838309897445e-07,-8.247858502131781e-06,3.963679208959038e-06,-9.335734703585123e-06,7.643704903391474e-06,-1.1404562501613e-05,1.1607985617849876e-05,-1.4103549185088788e-05,1.5156674905660718e-05,-1.6944035445250632e-05,1.882349604847749e-05,-1.919749046841474e-05
998.3844186266977,85.56836296645508,-95.13480837686576,555.3739155456497,8.406243773700373,2,1.0,0.0,5.972804208697428e-06,-9.040548499935295e-08,5.613500051225877e-17,4,0.0033178996307172,0.0032686174847488,0.0247220855230298,0.0246702480084229,-1.4253707196137626e-05,-1.4106431407781116e-05,-0.033049950704328,-0.3677937350842699,modal_baffled,lossless,0.0,343.0,1.225,1.4,1.81e-05,0.0257,1006.0,1,5.972804208697428e-06,5.972804208697427e-06,0.0,0.0,True,dirichlet,exp(+iwt)_rms,5333,16,1.3802579626664434e-15,-0.000576557636404,-0.0005706003805641,-3.185042476370734e-05,0.0001533984465817,-1.4384008736234148e-05,3.92524179027528e-05,-1.4740977381632445e-05,1.3764598570140746e-05,-1.349160089569906e-05,3.8061111600522536e-06,-1.1598700973369422e-05,-1.0101466796205398e-06,-9.46266888788363e-06,-4.184478652217902e-06,-6.776847724482652e-06,-6.394220715535125e-06,-4.316066026080192e-06,-8.366941646279466e-06,-2.8938640600070926e-06,-7.92362054271247e-06,-4.0607671539376274e-07,-8.259980224379103e-06,2.988645461559316e-06,-9.572278616611123e-06,6.531147180306434e-06,-1.191062701350923e-05,1.033002737609546e-05,-1.4915666696977078e-05,1.3693656080237844e-05,-1.803389521564272e-05,1.720895538712647e-05,-2.0549629430589724e-05
1016.8493016707027,85.69636249434387,-98.94164868069385,537.3365603437165,13.864402179307104,2,1.0,0.0,6.170606025664735e-06,-1.5921448481962041e-07,5.882851547964314e-17,4,0.0033178996307172,0.0032686174847488,0.0247220855230298,0.0246702480084229,-1.5068398405893803e-05,-1.3399644088503628e-05,-0.0582169377363095,-0.3700057309343341,modal_baffled,lossless,0.0,343.0,1.225,1.4,1.81e-05,0.0257,1006.0,1,6.170606025664735e-06,6.170606025664732e-06,0.0,0.0,True,dirichlet,exp(+iwt)_rms,5333,16,1.056284966604647e-15,-0.0006095116203629,-0.000542011072489,-2.7271021379439997e-05,0.0001593429704675,-1.2922656448821456e-05,4.154614309463042e-05,-1.4371737795608343e-05,1.5388324369168023e-05,-1.3574699337230618e-05,5.072663251435629e-06,-1.1939388157789765e-05,-2.3499065657262625e-08,-9.957493592530489e-06,-3.428775928575557e-06,-7.378587519825514e-06,-5.8675337187923865e-06,-5.032512494039164e-06,-8.040557384254582e-06,-3.7191257973556814e-06,-7.686153492374993e-06,-1.3148515791859029e-06,-8.16470986066294e-06,1.970215186320992e-06,-9.696889894131894e-06,5.343872336428451e-06,-1.2296814412723174e-05,8.940962744604432e-06,-1.5598612469548743e-05,1.2085533150751626e-05,-1.898210466581156e-05,1.541863426725675e-05,-2.175012689434362e-05
1035.6556883474448,85.80399667585448,-102.83887430563298,522.0482507354235,20.597479447501737,2,1.0,0.0,6.345663751385861e-06,-2.503689620945953e-07,5.593125304191393e-17,4,0.0033178996307172,0.0032686174847488,0.0247220855230298,0.0246702480084229,-1.5835057571180784e-05,-1.2596203859682224e-05,-0.0842217180428562,-0.3695425456307328,modal_baffled,lossless,0.0,343.0,1.225,1.4,1.81e-05,0.0257,1006.0,1,6.345663751385861e-06,6.345663751385855e-06,0.0,0.0,True,dirichlet,exp(+iwt)_rms,5333,16,9.721344440894197e-16,-0.0006405227243643,-0.0005095121869046,-2.184548871266959e-05,0.0001651211617877,-1.1138386903128251e-05,4.378535853626739e-05,-1.379687577405532e-05,1.703318439375881e-05,-1.35095103982506e-05,6.39169831981878e-06,-1.2172267952904471e-05,1.0330102381360678e-06,-1.0375235963746451e-05,-2.594195594982581e-06,-7.931131458970517e-06,-5.256694241986119e-06,-5.724261168523465e-06,-7.622434370359161e-06,-4.530744475652479e-06,-7.343700768826395e-06,-2.225189962913088e-06,-7.955789129831912e-06,9.260373126309232e-07,-9.69911076168125e-06,4.100064793277787e-06,-1.2547302612713762e-05,7.459583599956679e-06,-1.6130369594687818e-05,1.0352289382906084e-05,-1.9760749762398763e-05,1.3473432737927624e-05,-2.2765743157688003e-05
1054.8098946856196,85.89013438323687,-106.80880540948212,509.35313852483785,28.220259310749924,2,1.0,0.0,6.494013427331211e-06,-3.5979505970559973e-07,5.488579699169524e-17,4,0.0033178996307172,0.0032686174847488,0.0247220855230298,0.0246702480084229,-1.6537109971966064e-05,-1.1703199659802464e-05,-0.1106332210455757,-0.3662314837396266,modal_baffled,lossless,0.0,343.0,1.225,1.4,1.81e-05,0.0257,1006.0,1,6.494013427331211e-06,6.494013427331212e-06,0.0,0.0,True,dirichlet,exp(+iwt)_rms,5333,16,3.7614196132273206e-16,-0.0006689205065875,-0.0004733904689756,-1.5587263928484385e-05,0.0001706031934632,-9.033187545619429e-06,4.591865068160166e-05,-1.3008438350249451e-05,1.866654079395765e-05,-1.3284142623413808e-05,7.739981336379946e-06,-1.228348808388718e-05,2.1428792101181294e-06,-1.07011478487407e-05,-1.692147836973378e-06,-8.419322052393763e-06,-4.568478261090943e-06,-6.3753013677158895e-06,-7.115197197548617e-06,-5.310821895875464e-06,-6.896645965831001e-06,-3.117931982468396e-06,-7.630800096270341e-06,-1.235585645264318e-07,-9.572312616558766e-06,2.8218202202847952e-06,-1.2650153609605598e-05,5.910007578870669e-06,-1.6492868828012133e-05,8.520588766094463e-06,-2.0346061724646656e-05,1.1402162044888211e-05,-2.35675248970586e-05
1074.3183535273756,85.95415150563964,-110.83218386681388,499.0952283331216,36.414803840888816,2,1.0,0.0,6.612627135296357e-06,-4.824680869199471e-07,5.825747961065513e-17,4,0.0033178996307172,0.0032686174847488,0.0247220855230298,0.0246702480084229,-1.7159700497012954e-05,-1.0731517033288546e-05,-0.1369821122497103,-0.3599986721480575,modal_baffled,lossless,0.0,343.0,1.225,1.4,1.81e-05,0.0257,1006.0,1,6.612627135296357e-06,6.612627135296361e-06,0.0,0.0,True,dirichlet,exp(+iwt)_rms,5333,16,8.126014367504146e-16,-0.0006941040828059,-0.0004340862352931,-8.538125020907923e-06,0.0001756637079625,-6.620271447946521e-06,4.7895324728738834e-05,-1.2005675007602548e-05,2.025404673318085e-05,-1.289186377456384e-05,9.091622007947374e-06,-1.22628774968302e-05,3.286485407376747e-06,-1.0923029601153992e-05,-7.37381711633648e-07,-8.82950476431697e-06,-3.813105538149119e-06,-6.970185926696325e-06,-6.5251152599449686e-06,-6.041510863236446e-06,-6.349423647272389e-06,-3.973311852920248e-06,-7.191655099317016e-06,-1.1566610806327043e-06,-9.314467557249732e-06,1.5340301573144172e-06,-1.259844153922843e-05,4.320542712940558e-06,-1.6673526453428673e-05,6.622582138765778e-06,-2.072034709667206e-05,9.240309847223004e-06,-2.4133091751679345e-05
1094.1876166887516,85.99598768350066,-114.88895506139676,491.12543856610006,44.91409715905543,2,1.0,0.0,6.699675379405113e-06,-6.126945323851996e-07,5.210543175434749e-17,4,0.0033178996307172,0.0032686174847488,0.0247220855230298,0.0246702480084229,-1.76907710475678e-05,-9.695273368321716e-06,-0.1627901194182375,-0.3508783881673081,modal_baffled,lossless,0.0,343.0,1.225,1.4,1.81e-05,0.0257,1006.0,1,6.699675379405113e-06,6.699675379405113e-06,0.0,0.0,True,dirichlet,exp(+iwt)_rms,5333,16,3.1871798038566714e-16,-0.0007155857070022,-0.0003921705294357,-7.661879954454531e-07,0.0001801900207644,-3.923600419597761e-06,4.966863494104327e-05,-1.0795370282430718e-05,2.1761752241653185e-05,-1.233175653614864e-05,1.041960735022886e-05,-1.2104769992631595e-05,4.442201360801204e-06,-1.103214063791667e-05,2.5280726213941254e-07,-9.150489022020947e-06,-3.0037476373402955e-06,-7.495067833959767e-06,-5.861878488743182e-06,-6.7061768471383576e-06,-5.710432774776147e-06,-4.772209046248813e-06,-6.644694619872938e-06,-2.15112163071446e-06,-8.928524220216598e-06,2.628974948062433e-07,-1.239097269764444e-05,2.722040840090463e-06,-1.6666359499566657e-05,4.694066895802624e-06,-2.0873467484385775e-05,7.028036042739206e-06,-2.4448451786561524e-05
1114.4243571600705,86.01616806183625,-118.95914053899776,485.3046338891999,53.488264816692215,2,1.0,0.0,6.754683189284639e-06,-7.444731781889471e-07,5.898925903777899e-17,4,0.0033178996307172,0.0032686174847488,0.0247220855230298,0.0246702480084229,-1.812190370407457e-05,-8.610902956545715e-06,-0.1876014620761148,-0.3390119283909583,modal_baffled,lossless,0.0,343.0,1.225,1.4,1.81e-05,0.0257,1006.0,1,6.754683189284639e-06,6.75468318928464e-06,0.0,0.0,True,dirichlet,exp(+iwt)_rms,5333,16,1.2929096323080617e-15,-0.0007330248771768,-0.0003483081129431,7.638880547820531e-06,0.0001840893194477,-9.763038383011734e-07,5.119872217760393e-05,-9.39143395489794e-06,2.3158240824471748e-05,-1.1608818773910488e-05,1.1697499200808867e-05,-1.1808410598673266e-05,5.587749457635579e-06,-1.1023801132810825e-05,1.259651628804775e-06,-9.374302120850383e-06,-2.1557248514361263e-06,-7.93861917436564e-06,-5.138025603329436e-06,-7.290484165459415e-06,-4.99155394528247e-06,-5.497383611855666e-06,-6.0003511954464536e-06,-3.085974950088621e-06,-8.422307110241697e-06,-9.657372351654569e-07,-1.2032467780672658e-05,1.14593182463243e-06,-1.647249227321288e-05,2.772209335188596e-06,-2.0803629964994335e-05,4.807621999318641e-06,-2.4509058509357548e-05
1135.035371347027,86.01578706242753,-123.02371915872683,481.5038564013876,61.933180536754975,2,1.0,0.0,6.7785559312413935e-06,-8.71888195051338e-07,5.937942795389481e-17,4,0.0033178996307172,0.0032686174847488,0.0247220855230298,0.0246702480084229,-1.8448807184612577e-05,-7.49600705857304e-06,-0.2110121234809754,-0.3246358762074948,modal_baffled,lossless,0.0,343.0,1.225,1.4,1.81e-05,0.0257,1006.0,1,6.7785559312413935e-06,6.778555931241388e-06,0.0,0.0,True,dirichlet,exp(+iwt)_rms,5333,16,6.257036821846169e-16,-0.000746248012427,-0.0003032109508556,1.6572861913242055e-05,0.000187293823525,2.1818198951238124e-06,5.245484084326974e-05,-7.813785113799829e-06,2.441650115533821e-05,-1.073347964417868e-05,1.2901066205568338e-05,-1.137787757610446e-05,6.701615626377518e-06,-1.089759385081816e-05,2.264127984047794e-06,-9.496626930768411e-06,-1.2854944378530431e-06,-8.29270305379412e-06,-4.368094390162234e-06,-7.783255284914046e-06,-4.207326479824709e-06,-6.1345253682014905e-06,-5.272414451303661e-06,-3.94274259790868e-06,-7.807941122022867e-06,-2.1280339976970376e-06,-1.1533167483632333e-05,-3.778001561856621e-07,-1.609996875498779e-05,8.931304747426596e-07,-2.051736142668873e-05,2.620708478115328e-06,-2.4319944213857917e-05
1156.0275813532294,85.996456262379,-127.06543307499524,479.6025491146478,70.06120103469853,2,1.0,0.0,6.773473979753381e-06,-9.89481234148652e-07,6.863444515590865e-17,4,0.0033178996307172,0.0032686174847488,0.0247220855230298,0.0246702480084229,-1.867138702817563e-05,-6.368126544906534e-06,-0.2326930659044887,-0.3080615151760978,modal_baffled,lossless,0.0,343.0,1.225,1.4,1.81e-05,0.0257,1006.0,1,6.773473979753381e-06,6.773473979753383e-06,0.0,0.0,True,dirichlet,exp(+iwt)_rms,5333,16,1.778247046703523e-15,-0.0007552512918371,-0.0002575885654539,2.5925223725898244e-05,0.0001897632244587,5.507367144374975e-06,5.341658089132395e-05,-6.086692919401307e-06,2.551528336816804e-05,-9.720607169484932e-06,1.4009629978921352e-05,-1.082153918564541e-05,7.764329495585453e-06,-1.0657146108731996e-05,3.248147650901449e-06,-9.51687025505136e-06,-4.095704493893172e-07,-8.55271266128102e-06,-3.567613580221132e-06,-8.17699155598587e-06,-3.3739025280131805e-06,-6.672979040374799e-06,-4.4770038556082906e-06,-4.706446147326126e-06,-7.100887887853862e-06,-3.203536312170349e-06,-1.090792549441575e-05,-1.8224253735290828e-06,-1.5562908995938688e-05,-9.103179674613614e-07,-2.002868521730628e-05,5.056969076947808e-07,-2.389492854857322e-05
1177.4080373049494,85.96022307616036,-131.0694482890126,479.4852610103932,77.69380482886841,2,1.0,0.0,6.742678219845888e-06,-1.0925556387961904e-06,6.724980157079717e-17,4,0.0033178996307172,0.0032686174847488,0.0247220855230298,0.0246702480084229,-1.879341462683807e-05,-5.243600932618004e-06,-0.2524047123674718,-0.2896485912210695,modal_baffled,lossless,0.0,343.0,1.225,1.4,1.81e-05,0.0257,1006.0,1,6.742678219845888e-06,6.742678219845888e-06,0.0,0.0,True,dirichlet,exp(+iwt)_rms,5333,16,8.572347127607027e-16,-0.0007601872669411,-0.0002121018846785,3.558745475463814e-05,0.0001914842222481,8.956522805303339e-06,5.4073976502577016e-05,-4.236824325044362e-06,2.643978935724897e-05,-8.588168023458179e-06,1.5006964140224733e-05,-1.0151144352855303e-05,8.759450175356716e-06,-1.0309545685517806e-05,4.195566915790735e-06,-9.437875222543792e-06,4.564788091480295e-07,-8.717553264324198e-06,-2.7520781482694338e-06,-8.468007428721645e-06,-2.507928963850246e-06,-7.106069814792144e-06,-3.6314019561063246e-06,-5.366215027619168e-06,-6.318744278582578e-06,-4.176133820876873e-06,-1.0174939182021038e-05,-3.165838989021332e-06,-1.4880159913726627e-05,-2.610308343117325e-06,-1.935765617295429e-05,-1.504356439230311e-06,-2.3255061808618303e-05
1199.1839197188722,85.9094700844544,-135.02382396240637,481.0371248551947,84.65600336021586,2,1.0,0.0,6.690184680599389e-06,-1.1773816770831931e-06,5.667303024974917e-17,4,0.0033178996307172,0.0032686174847488,0.0247220855230298,0.0246702480084229,-1.882187589079324e-05,-4.136648056649357e-06,-0.2700017234742104,-0.2697772797973445,modal_baffled,lossless,0.0,343.0,1.225,1.4,1.81e-05,0.0257,1006.0,1,6.690184680599389e-06,6.69018468059939e-06,0.0,0.0,True,dirichlet,exp(+iwt)_rms,5333,16,4.635346304911473e-16,-0.0007613385154444,-0.0001673260151452,4.546043947458192e-05,0.0001924674724205,1.2487965587238565e-05,5.442658796133666e-05,-2.2912759531190533e-06,2.718167113375782e-05,-7.355744314721709e-06,1.5881674151161737e-05,-9.380698949499047e-06,9.6741605364161e-06,-9.86450112872503e-06,5.092905885875362e-06,-9.265349683598152e-06,1.2988358408151834e-06,-8.789305105634005e-06,-1.9360398305898365e-06,-8.656199412554266e-06,-1.6255063967182971e-06,-7.431027726797521e-06,-2.752910565099717e-06,-5.915452513341561e-06,-5.4799798200084256e-06,-5.034524644988009e-06,-9.354315568436629e-06,-4.391363755685627e-06,-1.4073662146838792e-05,-4.185147703313398e-06,-1.852850361533016e-05,-3.3831365882098863e-06,-2.242657638027585e-05
1221.3625419136365,85.84680601741469,-138.9197739080511,484.1382902409052,90.77251487916902,2,1.0,0.0,6.62047291194856e-06,-1.2412919779758642e-06,5.859737864666828e-17,4,0.0033178996307172,0.0032686174847488,0.0247220855230298,0.0246702480084229,-1.8766120878848417e-05,-3.058744862727287e-06,-0.2854287896643305,-0.2488219840087366,modal_baffled,lossless,0.0,343.0,1.225,1.4,1.81e-05,0.0257,1006.0,1,6.62047291194856e-06,6.620472911948558e-06,0.0,0.0,True,dirichlet,exp(+iwt)_rms,5333,16,1.3208811326884465e-15,-0.0007590832440639,-0.0001237251954281,5.5460110144007285e-05,0.0001927426256632,1.6065167514425463e-05,5.448179538767797e-05,-2.758335131509676e-07,2.773842552148619e-05,-6.043108263449671e-06,1.662707878122804e-05,-8.525293938249736e-06,1.0499448698283195e-05,-9.333383515845013e-06,5.929726669117171e-06,-9.007118889178511e-06,2.105969427640617e-06,-8.77265166481917e-06,-1.1324085360543757e-06,-8.744527159724623e-06,-7.413423751320835e-07,-7.648574303604557e-06,-1.8578671495278017e-06,-6.351599650752188e-06,-4.602776228362076e-06,-5.7721893092781305e-06,-8.46667050921494e-06,-5.487964600110552e-06,-1.3166770910800156e-05,-5.6196968377448105e-06,-1.75676618417767e-05,-5.111683186371746e-06,-2.143866259223559e-05
1243.9513524659742,85.77495863617719,-142.75173102664377,488.6574666244528,95.86582572037383,2,1.0,0.0,6.538189051379784e-06,-1.2826753604240658e-06,5.62126657402957e-17,4,0.0033178996307172,0.0032686174847488,0.0247220855230298,0.0246702480084229,-1.863694509618551e-05,-2.018329201039017e-06,-0.2987094172639916,-0.2271296763873398,modal_baffled,lossless,0.0,343.0,1.225,1.4,1.81e-05,0.0257,1006.0,1,6.538189051379784e-06,6.538189051379786e-06,0.0,0.0,True,dirichlet,exp(+iwt)_rms,5333,16,6.4670109303908135e-16,-0.0007538581273341,-8.164073371394335e-05,6.55210088432097e-05,0.0001923523105145,1.965791689814076e-05,5.425262133854624e-05,1.7863740818128506e-06,2.8112350510813057e-05,-4.669012590250672e-06,1.724068685619767e-05,-7.600030669071096e-06,1.1229922519951682e-05,-8.728281566879951e-06,6.698682479510487e-06,-8.672319324963831e-06,2.8688823448302664e-06,-8.674179519777135e-06,-3.520113328573639e-07,-8.73831520714889e-06,1.3183415578012626e-07,-7.762276208824074e-06,-9.609104917630334e-07,-6.67559231515716e-06,-3.704088568572743e-06,-6.386961608574648e-06,-7.531919908120889e-06,-6.449949239932827e-06,-1.2182734942643832e-05,-6.905165442996676e-06,-1.650193680418257e-05,-6.678281585770742e-06,-2.032135776705517e-05
1266.9579377122775,85.69667757633303,-146.51724597401326,494.44478372181067,99.75639309425958,2,1.0,0.0,6.447893818874834e-06,-1.300890719453152e-06,5.635107938342e-17,4,0.0033178996307172,0.0032686174847488,0.0247220855230298,0.0246702480084229,-1.844571556202492e-05,-1.0207909114647606e-06,-0.3099303009619584,-0.205004260094421,modal_baffled,lossless,0.0,343.0,1.225,1.4,1.81e-05,0.0257,1006.0,1,6.447893818874834e-06,6.447893818874832e-06,0.0,0.0,True,dirichlet,exp(+iwt)_rms,5333,16,1.0925581793701339e-15,-0.0007461229573387,-4.12906472034425e-05,7.559777146498558e-05,0.0001913458787448,2.324304143814809e-05,5.375540049330218e-05,3.875750348642582e-06,2.830925779466215e-05,-3.250290627229152e-06,1.7723402513125718e-05,-6.619144555681468e-06,1.1863347046856594e-05,-8.061172908073557e-06,7.395295073531674e-06,-8.270635162495559e-06,3.581099136577291e-06,-8.501653040771809e-06,3.9659182630472957e-07,-8.644487872570855e-06,9.835822581669354e-07,-7.777783361352885e-06,-7.452977101609366e-08,-6.891132258754911e-06,-2.798990366959719e-06,-6.880323666610289e-06,-6.568360753873255e-06,-7.276289512328698e-06,-1.1143472088151675e-05,-8.03842915400997e-06,-1.535698603087963e-05,-8.077786266600038e-06,-1.910376064172921e-05
1290.390024296432,85.61465234409616,-150.21676276111236,501.3243127860844,102.26534577920796,2,1.0,0.0,6.353872094404812e-06,-1.2961288934104229e-06,5.715281511902062e-17,4,0.0033178996307172,0.0032686174847488,0.0247220855230298,0.0246702480084229,-1.8203620838025485e-05,-6.86874204407906e-08,-0.3192238654368866,-0.1826972260644203,modal_baffled,lossless,0.0,343.0,1.225,1.4,1.81e-05,0.0257,1006.0,1,6.353872094404812e-06,6.353872094404806e-06,0.0,0.0,True,dirichlet,exp(+iwt)_rms,5333,16,1.7634316256584118e-15,-0.0007363303076137,-2.778382931197481e-06,8.566482692655055e-05,0.0001897735594711,2.680442247244e-05,5.300755757606464e-05,5.9766433198116005e-06,2.8337122632988017e-05,-1.8012953123605605e-06,1.8078597769387465e-05,-5.595376975785197e-06,1.2400011767270338e-05,-7.343273823857598e-06,8.01754197381301e-06,-7.81164884221002e-06,4.238451336988414e-06,-8.263346211437776e-06,1.1070720990786354e-06,-8.470832427855443e-06,1.8058093256157417e-06,-7.702057358346856e-06,7.911162799542665e-07,-7.003890511692362e-06,-1.9003106925428008e-06,-7.256560979976136e-06,-5.592076094075819e-06,-7.969719312012151e-06,-1.0068705614733051e-05,-9.021046546937254e-06,-1.4156202777187477e-05,-9.310573975790629e-06,-1.7812687126352814e-05
1314.255481764768,85.53144777497926,-153.8533166427598,509.08681300443567,103.2200803772,2,1.0,0.0,6.260008005737215e-06,-1.2692501809283375e-06,5.2265280335700556e-17,4,0.0033178996307172,0.0032686174847488,0.0247220855230298,0.0246702480084229,-1.7921085897183064e-05,8.378935609294766e-07,-0.326751103254737,-0.1604039697124827,modal_baffled,lossless,0.0,343.0,1.225,1.4,1.81e-05,0.0257,1006.0,1,6.260008005737215e-06,6.260008005737215e-06,0.0,0.0,True,dirichlet,exp(+iwt)_rms,5333,16,6.716041704567057e-16,-0.0007249018647916,3.389251121831674e-05,9.571475411208515e-05,0.0001876814295021,3.033245710658897e-05,5.20256682383303e-05,8.077358444500006e-06,2.8204811231528868e-05,-3.336547165287854e-07,1.831117126253753e-05,-4.539599754173387e-06,1.2842028258871646e-05,-6.584589991211798e-06,8.56533820920507e-06,-7.304343415659148e-06,4.838728934106898e-06,-7.967484610573848e-06,1.7751313318303513e-06,-8.225356783338906e-06,2.592634933361686e-06,-7.54266947657689e-06,1.6281554061229887e-06,-7.020739399243891e-06,-1.0185306765752044e-06,-7.521896080021821e-06,-4.616646246044318e-06,-8.535753547195544e-06,-8.975460529061585e-06,-9.858146925755058e-06,-1.292001756165826e-05,-1.0381320828357715e-05,-1.6471793909292787e-05
1338.5623252090095,85.44945685953373,-157.4321956060658,517.483560872777,102.46308414507422,2,1.0,0.0,6.169719904872868e-06,-1.2216205065496682e-06,5.839381839266252e-17,4,0.0033178996307172,0.0032686174847488,0.0247220855230298,0.0246702480084229,-1.7607359199819722e-05,1.7008976221459414e-06,-0.3326861674239995,-0.138264602044071,modal_baffled,lossless,0.0,343.0,1.225,1.4,1.81e-05,0.0257,1006.0,1,6.169719904872868e-06,6.169719904872867e-06,0.0,0.0,True,dirichlet,exp(+iwt)_rms,5333,16,1.025791114240422e-15,-0.0007122117259653,6.880073368249892e-05,0.000105755765988,0.0001851073732077,3.382314349504495e-05,5.08238888876428e-05,1.0169865477656924e-05,2.792097440207985e-05,1.1437099564821577e-06,1.842667867902633e-05,-3.460664543720297e-06,1.319263794496257e-05,-5.793659468408749e-06,9.039985657469734e-06,-6.7567646269093945e-06,5.381263497033052e-06,-7.62182162178299e-06,2.3981973893320262e-06,-7.915777073396003e-06,3.340119874481812e-06,-7.307216237300422e-06,2.4307930023652024e-06,-6.94907847573658e-06,-1.61884145114693e-07,-7.683688210198891e-06,-3.653115474719474e-06,-8.981740993428201e-06,-7.877874273969996e-06,-1.0557326734206669e-05,-1.1665574005211051e-05,-1.1297763635064911e-05,-1.5101129906282991e-05
1363.3187179581014,85.37086914637867,-160.96059873576027,526.2224491852597,99.86408467293568,2,1.0,0.0,6.085943990035823e-06,-1.1549625579005152e-06,5.929772896048358e-17,4,0.0033178996307172,0.0032686174847488,0.0247220855230298,0.0246702480084229,-1.7270255471733614e-05,2.523852602194454e-06,-0.3372034966383331,-0.1163679184424557,modal_baffled,lossless,0.0,343.0,1.225,1.4,1.81e-05,0.0257,1006.0,1,6.085943990035823e-06,6.085943990035826e-06,0.0,0.0,True,dirichlet,exp(+iwt)_rms,5333,16,5.38562135542216e-16,-0.0006985759941508,0.0001020889843554,0.000115808729872,0.0001820780195795,3.727694795895056e-05,4.941276863494247e-05,1.2249296497491554e-05,2.7493148053779424e-05,2.624370315229636e-06,1.843058475402088e-05,-2.3654325755756524e-06,1.3455583280524507e-05,-4.977459767857816e-06,9.443643861439736e-06,-6.175829583579743e-06,5.866495888229418e-06,-7.233349781484528e-06,2.975068900812651e-06,-7.549144421880905e-06,4.045918440167776e-06,-7.002872278134795e-06,3.1949988508155133e-06,-6.796288973773155e-06,6.63399631946093e-07,-7.749752018171756e-06,-2.7101490799421115e-06,-9.316025391277602e-06,-6.787253102549878e-06,-1.112764901904271e-05,-1.0406704795995948e-05,-1.2069557980217194e-05,-1.371703710104548e-05
1388.5329743198206,85.29765198252727,-164.44731521166736,534.9678280941732,95.33518093158276,2,1.0,0.0,6.011153221853336e-06,-1.0712314833107554e-06,6.405566493073693e-17,4,0.0033178996307172,0.0032686174847488,0.0247220855230298,0.0246702480084229,-1.691602432607274e-05,3.311443654193531e-06,-0.3404676877152883,-0.0947572779380542,modal_baffled,lossless,0.0,343.0,1.225,1.4,1.81e-05,0.0257,1006.0,1,6.011153221853336e-06,6.011153221853332e-06,0.0,0.0,True,dirichlet,exp(+iwt)_rms,5333,16,1.0650546710993997e-15,-0.0006842474640869,0.0001339467760965,0.0001259040259647,0.0001786065242336,4.069757623047227e-05,4.779840761690377e-05,1.4313319317427107e-05,2.6927063944502317e-05,4.104044667920768e-06,1.832765627949736e-05,-1.2589363858263917e-06,1.36345706849361e-05,-4.141442490331246e-06,9.778855688987617e-06,-5.567256897037871e-06,6.295565413517784e-06,-6.808132924235023e-06,3.5055508638110024e-06,-7.131601918419421e-06,4.708900968499418e-06,-6.63607937690315e-06,3.91814118542685e-06,-6.569326684006472e-06,1.4527682773055164e-06,-7.727818291393725e-06,-1.7943161311846778e-06,-9.547253462831815e-06,-5.712300457529337e-06,-1.157879854347826e-05,-9.15412420656506e-06,-1.2707297862794792e-05,-1.2332308858430286e-05
1414.213562373095,85.23154158966273,-167.90243851689942,543.345677779974,88.8479320919567,2,1.0,0.0,5.9473985884803485e-06,-9.7251913012747e-07,5.887140819866743e-17,4,0.0033178996307172,0.0032686174847488,0.0247220855230298,0.0246702480084229,-1.654931035709248e-05,4.069137420940579e-06,-0.3426259360834548,-0.0734373839012258,modal_baffled,lossless,0.0,343.0,1.225,1.4,1.81e-05,0.0257,1006.0,1,5.9473985884803485e-06,5.947398588480345e-06,0.0,0.0,True,dirichlet,exp(+iwt)_rms,5333,16,1.155074192440228e-15,-0.0006694140080405,0.0001645952327585,0.0001360784272176,0.0001746910068689,4.409072838214499e-05,4.598190087432429e-05,1.6361449128137968e-05,2.6226150643958973e-05,5.580172467259488e-06,1.8121493793569932e-05,-1.4463038260008777e-07,1.3732833918255352e-05,-3.289658834399273e-06,1.0048143485337728e-05,-4.935588342585832e-06,6.669941588744972e-06,-6.351236830464625e-06,3.990108832077316e-06,-6.668252693096149e-06,5.3287799365544896e-06,-6.212358327653089e-06,4.598607131688391e-06,-6.274447099110253e-06,2.202980020630094e-06,-7.625138075907593e-06,-9.104422832424586e-07,-9.683841614562694e-06,-4.6594505835418605e-06,-1.1920412478425111e-05,-7.915759046868677e-06,-1.3221722450836863e-05,-1.0956518163261684e-05
1427.5699496660804,85.20088623739454,-169.66604529898785,547.3708010635455,84.77265849004216,2,1.0,0.0,5.919538103518537e-06,-9.167733848669652e-07,5.13437632420095e-17,4,0.0033178996307172,0.0032686174847488,0.0247220855230298,0.0246702480084229,-1.6357419417641543e-05,4.448105847257242e-06,-0.3433453055227086,-0.0626066334283165,modal_baffled,lossless,0.0,343.0,1.225,1.4,1.81e-05,0.0257,1006.0,1,5.919538103518537e-06,5.919538103518541e-06,0.0,0.0,True,dirichlet,exp(+iwt)_rms,5333,16,6.385443947527018e-16,-0.0006616520844248,0.0001799243774605,0.0001413409915018,0.0001725050889265,4.582266240951063e-05,4.497053810253926e-05,1.7406039925007445e-05,2.5814672524453672e-05,6.335502702289694e-06,1.7976433384461373e-05,4.2922328874155113e-07,1.3752740832233922e-05,-2.8475894281122016e-06,1.0161419484697624e-05,-4.603777999015061e-06,6.841241238300054e-06,-6.105944944627428e-06,4.221097744913343e-06,-6.414156555225908e-06,5.630072386095755e-06,-5.974433093299992e-06,4.930758447044244e-06,-6.098628490388903e-06,2.571825535820171e-06,-7.543286930252799e-06,-4.7063626355053974e-07,-9.7197501118214e-06,-4.129518750061596e-06,-1.2056126145973227e-05,-7.287950176721105e-06,-1.344111451728878e-05,-1.0256586553653251e-05
1441.0524799167256,85.17267948624408,-171.42585798371212,551.1385869574061,80.20885021061423,2,1.0,0.0,5.895222318017947e-06,-8.579493707282645e-07,5.710721242544498e-17,4,0.0033178996307172,0.0032686174847488,0.0247220855230298,0.0246702480084229,-1.6163328065562378e-05,4.821591480009512e-06,-0.3438210034035919,-0.0518393309024852,modal_baffled,lossless,0.0,343.0,1.225,1.4,1.81e-05,0.0257,1006.0,1,5.895222318017947e-06,5.895222318017945e-06,0.0,0.0,True,dirichlet,exp(+iwt)_rms,5333,16,5.492801591339458e-16,-0.0006538011548623,0.0001950317450167,0.0001466404574429,0.0001701937311252,4.754993744215815e-05,4.390382637715107e-05,1.844676243153391e-05,2.5367790679157035e-05,7.089457585839496e-06,1.7804897119354716e-05,1.0043510159248108e-06,1.3752285701696616e-05,-2.4024083481878315e-06,1.0258167234658183e-05,-4.267174708310888e-06,6.998724201985985e-06,-5.853855665478787e-06,4.4403403008552286e-06,-6.149515890751228e-06,5.920127603003482e-06,-5.723241656761127e-06,5.25133367558476e-06,-5.907012221016903e-06,2.9295110446871583e-06,-7.442707132745294e-06,-4.0523284289810334e-08,-9.733798554475122e-06,-3.607075338793399e-06,-1.2166573337642196e-05,-6.6659092140089605e-06,-1.363208321612158e-05,-9.561492494171872e-06
1454.662344468574,85.14708553323175,-173.1835272121677,554.5939672802256,75.17878236384797,2,1.0,0.0,5.874624877631396e-06,-7.963432190050168e-07,5.0512549059095446e-17,4,0.0033178996307172,0.0032686174847488,0.0247220855230298,0.0246702480084229,-1.5967186429255163e-05,5.190426184083609e-06,-0.3440652373859958,-0.04112762587963,modal_baffled,lossless,0.0,343.0,1.225,1.4,1.81e-05,0.0257,1006.0,1,5.874624877631396e-06,5.874624877631405e-06,0.0,0.0,True,dirichlet,exp(+iwt)_rms,5333,16,7.667885101747784e-16,-0.000645867291996,0.0002099509840805,0.0001519822854152,0.0001677515871998,4.927334375021885e-05,4.2780245033721e-05,1.948376872709076e-05,2.4885120000245817e-05,7.841986503593375e-06,1.7606864557817346e-05,1.5806120262491708e-06,1.3731610208678704e-05,-1.9543282422409968e-06,1.0338571537357007e-05,-3.92607332754135e-06,7.142542735388704e-06,-5.595356452635701e-06,4.647956118200697e-06,-5.874691934083245e-06,6.198999694983714e-06,-5.459226025454222e-06,5.560253717801009e-06,-5.700173885778048e-06,3.2758232929586133e-06,-7.3241243736647905e-06,3.795946178737206e-07,-9.726898020826791e-06,-3.0924821607825315e-06,-1.2252834242605766e-05,-6.050052618330748e-06,-1.379585702757139e-05,-8.871756687750465e-06
1468.4007459166846,85.12425460658972,-174.94075162002844,557.6831929429735,69.71172016817134,2,1.0,0.0,5.8579013272291255e-06,-7.322515422090443e-07,4.718551677030115e-17,4,0.0033178996307172,0.0032686174847488,0.0247220855230298,0.0246702480084229,-1.576904250068715e-05,5.555440028071718e-06,-0.3440881915348636,-0.0304623865575959,modal_baffled,lossless,0.0,343.0,1.225,1.4,1.81e-05,0.0257,1006.0,1,5.8579013272291255e-06,5.857901327229119e-06,0.0,0.0,True,dirichlet,exp(+iwt)_rms,5333,16,5.585192900093853e-16,-0.0006378524370849,0.0002247156706458,0.0001573717598739,0.0001651720879673,5.099356134008709e-05,4.159788560780946e-05,2.051718807001028e-05,2.436606932964502e-05,8.59305599670105e-06,1.738218239679092e-05,2.1579002956319514e-06,1.3690769783365636e-05,-1.503506217250796e-06,1.0402759211813656e-05,-3.580700917897992e-06,7.272812368298787e-06,-5.3307715879097695e-06,4.844052172633318e-06,-5.58997726284017e-06,6.466734369166335e-06,-5.182771051360314e-06,5.857440595331312e-06,-5.478634933367985e-06,3.610568308103128e-06,-7.188201949554941e-06,7.894591781999972e-07,-9.69990251904034e-06,-2.586022024802521e-06,-1.231592650802023e-05,-5.440688037418427e-06,-1.3933581543414568e-05,-8.187771821041367e-06
1482.268898213896,85.10432678695621,-176.69927353498238,560.3549210192855,63.84399357355999,2,1.0,0.0,5.84519067840286e-06,-6.659713372898912e-07,5.359484427532823e-17,4,0.0033178996307172,0.0032686174847488,0.0247220855230298,0.0246702480084229,-1.55688440707345e-05,5.917454687504193e-06,-0.3438979584830396,-0.0198334063770832,modal_baffled,lossless,0.0,343.0,1.225,1.4,1.81e-05,0.0257,1006.0,1,5.84519067840286e-06,5.8451906784028605e-06,0.0,0.0,True,dirichlet,exp(+iwt)_rms,5333,16,7.80338285184461e-16,-0.0006297544782874,0.00023935904121,0.0001628138882837,0.0001624474174721,5.271112239255511e-05,4.035445069895304e-05,2.1547098924537567e-05,2.3809840261070763e-05,9.342630599449025e-06,1.7130560986368423e-05,2.736123439874168e-06,1.3629731105960936e-05,-1.0500461779725258e-06,1.0450792212802023e-05,-3.2312028118938025e-06,7.389599275601879e-06,-5.060357520615877e-06,5.028713376569158e-06,-5.295599067144318e-06,6.723359428428809e-06,-4.894222387258895e-06,6.142810530083776e-06,-5.24287980639305e-06,3.933565039917592e-06,-7.035548558964167e-06,1.1888465260530257e-06,-9.653628664520302e-06,-2.0879049197905114e-06,-1.235682636705958e-05,-4.838021127601527e-06,-1.4046315914939334e-05,-7.50981787156449e-06
1496.2680267780925,85.08744696921673,-178.4608763459953,562.5613624665012,57.61888453923495,2,1.0,0.0,5.836616703653429e-06,-5.978002870177608e-07,5.885079351643197e-17,4,0.0033178996307172,0.0032686174847488,0.0247220855230298,0.0246702480084229,-1.536644011391353e-05,6.277277529414418e-06,-0.3435004787129074,-0.0092295963540799,modal_baffled,lossless,0.0,343.0,1.225,1.4,1.81e-05,0.0257,1006.0,1,5.836616703653429e-06,5.836616703653432e-06,0.0,0.0,True,dirichlet,exp(+iwt)_rms,5333,16,1.0807022781038817e-15,-0.0006215673066739,0.0002539137534965,0.0001683133104768,0.0001595684822938,5.442638389323262e-05,3.904725005751663e-05,2.257349510104757e-05,2.321542824129399e-05,1.0090650433606204e-05,1.6851572070569896e-05,3.3151629201221915e-06,1.3548376006101634e-05,-5.93985907840193e-07,1.0482659044173973e-05,-2.877583515844231e-06,7.492894306209131e-06,-4.784278279224728e-06,5.201988530049313e-06,-4.991721974210241e-06,6.968874812221149e-06,-4.593937692399729e-06,6.41627483630057e-06,-4.99340748539009e-06,4.244649965111173e-06,-6.866745013727604e-06,1.577564698452248e-06,-9.588926859747832e-06,-1.5982574391790334e-06,-1.2376550307838456e-05,-4.242143478754768e-06,-1.413504017145218e-05,-6.838074177521238e-06
1510.3993686004862,85.07385476917273,179.77261180796538,564.2594733160919,51.08635705667398,2,1.0,0.0,5.832288609161945e-06,-5.280378840503952e-07,6.37086605076623e-17,4,0.0033178996307172,0.0032686174847488,0.0247220855230298,0.0246702480084229,-1.5161580105911944e-05,6.635697202029759e-06,-0.3428994730882178,0.0013608628987869,modal_baffled,lossless,0.0,343.0,1.225,1.4,1.81e-05,0.0257,1006.0,1,5.832288609161945e-06,5.8322886091619405e-06,0.0,0.0,True,dirichlet,exp(+iwt)_rms,5333,16,1.0853853198283004e-15,-0.0006132807886206,0.0002684117080595,0.0001738742751048,0.000156524840683,5.613955480594321e-05,3.767317573129732e-05,2.3596223256534715e-05,2.2581629574838588e-05,1.0836993075965786e-05,1.6544647971149315e-05,3.8947407662161205e-06,1.344653371846681e-05,-1.3520561064140552e-07,1.0498254060814745e-05,-2.51941847734134e-06,7.58251677211608e-06,-4.50247834458926e-06,5.363850242231932e-06,-4.678446405127949e-06,7.203238106478717e-06,-4.282503059894089e-06,6.67777815147007e-06,-4.730952544714746e-06,4.5437347904432e-06,-6.682461382176443e-06,1.9554838276242985e-06,-9.5070065744918e-06,-1.1170295260204237e-06,-1.2376535809550696e-05,-3.652926864471942e-06,-1.4200710290226802e-05,-6.172616698347215e-06
1524.6641723549185,85.0652941420114,177.9992515798168,565.4124361611948,44.30320446015902,2,1.0,0.0,5.8322972239541e-06,-4.5699287787082126e-07,5.649825668878688e-17,4,0.0033178996307172,0.0032686174847488,0.0247220855230298,0.0246702480084229,-1.4953893817757832e-05,6.99349221067807e-06,-0.3420962342904545,0.0119507377895826,modal_baffled,lossless,0.0,343.0,1.225,1.4,1.81e-05,0.0257,1006.0,1,5.8322972239541e-06,5.8322972239541e-06,0.0,0.0,True,dirichlet,exp(+iwt)_rms,5333,16,1.8165620754542988e-15,-0.0006048799484908,0.0002828843951762,0.0001795013779431,0.0001533041916257,5.785131314802011e-05,3.622843816927131e-05,2.4614619680288025e-05,2.1907097968804217e-05,1.1581267014827114e-05,1.6209086420632498e-05,4.473298324309154e-06,1.3324304571135592e-05,3.2751298998888295e-07,1.0497217552037572e-05,-2.1531400658354245e-06,7.657269803707265e-06,-4.213460842689307e-06,5.513872517150269e-06,-4.355760518148991e-06,7.426298794944698e-06,-3.962711247180922e-06,6.927731452244139e-06,-4.458490940951411e-06,4.8314202657560525e-06,-6.484515481933539e-06,2.3229054760054348e-06,-9.412434003953051e-06,-6.430329866612078e-07,-1.2362173246445364e-05,-3.068931648079606e-06,-1.4244806649566734e-05,-5.5132622672671e-06
1539.0636985081944,85.0746864613806,176.21849110162805,565.9828651619796,37.316831072469896,2,1.0,0.0,5.836817528061486e-06,-3.848376816728647e-07,6.12575663584614e-17,4,0.0033178996307172,0.0032686174847488,0.0247220855230298,0.0246702480084229,-1.474335294275612e-05,7.3511176107511615e-06,-0.3410930863398295,0.0225448133506257,modal_baffled,lossless,0.0,343.0,1.225,1.4,1.81e-05,0.0257,1006.0,1,5.836817528061486e-06,5.836817528061489e-06,0.0,0.0,True,dirichlet,exp(+iwt)_rms,5333,16,7.4418858718987435e-16,-0.0005963636412883,0.0002973502216834,0.0001851811063563,0.0001499029518479,5.954869814390976e-05,3.4714337073619674e-05,2.563446909230956e-05,2.118924110465355e-05,1.2326434297736988e-05,1.5844034619469732e-05,5.071472743714483e-06,1.317511922370627e-05,7.774087361871024e-07,1.0481985792027972e-05,-1.830087925434636e-06,7.732913324949725e-06,-3.939973986017449e-06,5.657890037613487e-06,-4.025128993458953e-06,7.639144252044486e-06,-3.59909077912034e-06,7.157943088082364e-06,-4.138643020381773e-06,5.09567287187219e-06,-6.253017297213742e-06,2.672338809479875e-06,-9.24899337200078e-06,-1.9483300161714533e-07,-1.226757465469856e-05,-2.511035498322162e-06,-1.425778852216394e-05,-4.863187809374237e-06
1553.599219431467,85.0520249900267,174.4255920023027,565.9629089088533,30.22174943871832,2,1.0,0.0,5.845728948386926e-06,-3.121550065982574e-07,6.343004219397715e-17,4,0.0033178996307172,0.0032686174847488,0.0247220855230298,0.0246702480084229,-1.4528554537658288e-05,7.709845543536922e-06,-0.3398802793499532,0.0331722874208813,modal_baffled,lossless,0.0,343.0,1.225,1.4,1.81e-05,0.0257,1006.0,1,5.845728948386926e-06,5.845728948386928e-06,0.0,0.0,True,dirichlet,exp(+iwt)_rms,5333,16,1.4566857474999268e-15,-0.000587675118433,0.0003118606452661,0.000190949953302,0.0001462867563078,6.125740182590579e-05,3.31157936254684e-05,2.664209623904812e-05,2.0428319242796107e-05,1.30655545693817e-05,1.544847192941384e-05,5.64461059462532e-06,1.3011604712016102e-05,1.2496819666675866e-06,1.0446674263952212e-05,-1.440068243431644e-06,7.77507239751346e-06,-3.633724722117653e-06,5.783237827688005e-06,-3.6831759219694105e-06,7.838941046686807e-06,-3.26734315523811e-06,7.385058885852271e-06,-3.852481968806475e-06,5.361487421024092e-06,-6.03195034109443e-06,3.0192224984923048e-06,-9.1390887239262e-06,2.672130253294138e-07,-1.223600097173167e-05,-1.934345559864737e-06,-1.4261930960609473e-05,-4.215545620005889e-06
1568.2720195126558,85.05061406722638,172.62080672132862,565.3268766932993,23.063814183157195,2,1.0,0.0,5.859241023528183e-06,-2.390412552317054e-07,6.08277996207324e-17,4,0.0033178996307172,0.0032686174847488,0.0247220855230298,0.0246702480084229,-1.4309546307802218e-05,8.06987312775249e-06,-0.3384574513425112,0.0438329712111555,modal_baffled,lossless,0.0,343.0,1.225,1.4,1.81e-05,0.0257,1006.0,1,5.859241023528183e-06,5.859241023528187e-06,0.0,0.0,True,dirichlet,exp(+iwt)_rms,5333,16,8.483223220965734e-16,-0.0005788163095897,0.0003264236393096,0.0001967820806268,0.0001424554171397,6.295572885398857e-05,3.143668581443524e-05,2.764669618999561e-05,1.9620767448539616e-05,1.3803132748971571e-05,1.502134276375796e-05,6.22646883356634e-06,1.2823055921228147e-05,1.7177747805097848e-06,1.0395043233445743e-05,-1.067351414170131e-06,7.809633265826594e-06,-3.3315619272085108e-06,5.899353000521776e-06,-3.332580636119859e-06,8.027524944832935e-06,-2.9103444038310187e-06,7.595939608805785e-06,-3.538442938365746e-06,5.609162634088987e-06,-5.788047357717289e-06,3.3512530076649733e-06,-8.989767025299527e-06,7.125784830715316e-07,-1.2158790206632145e-05,-1.373151453314174e-06,-1.424111345745084e-05,-3.575466560803939e-06
1583.0833952699456,85.05301176253305,170.80171514001313,564.071924548764,15.917935925534328,2,1.0,0.0,5.87737020078941e-06,-1.658575763040353e-07,6.209345746442252e-17,4,0.0033178996307172,0.0032686174847488,0.0247220855230298,0.0246702480084229,-1.408546680352869e-05,8.431891412161558e-06,-0.3368156189921527,0.0545418796181451,modal_baffled,lossless,0.0,343.0,1.225,1.4,1.81e-05,0.0257,1006.0,1,5.87737020078941e-06,5.877370200789415e-06,0.0,0.0,True,dirichlet,exp(+iwt)_rms,5333,16,1.2740676259439266e-15,-0.000569752369411,0.0003410671565029,0.0002026828242834,0.0001383886459554,6.464631014276645e-05,2.967036175566516e-05,2.8645066835620325e-05,1.8764757931229492e-05,1.4537558522758538e-05,1.4561377911559248e-05,6.809227409815288e-06,1.2610963735451844e-05,2.1873166365528927e-06,1.0325731179796382e-05,-6.932181378442607e-07,7.830446184177344e-06,-3.025416811629222e-06,6.003928743809098e-06,-2.972601206717647e-06,8.204114679812799e-06,-2.540656146019863e-06,7.792977829446875e-06,-3.2104401417532724e-06,5.842593859882302e-06,-5.529027045500728e-06,3.670802522560493e-06,-8.82212369645539e-06,1.1479186539492517e-06,-1.206052062193695e-05,-8.197932086094514e-07,-1.4199297040637053e-05,-2.941738455965483e-06
1598.0346554663467,85.05884580525941,168.96633823125808,562.2019612608756,8.854616757657485,2,1.0,0.0,5.900151598250063e-06,-9.292671462300769e-08,5.871416889940052e-17,4,0.0033178996307172,0.0032686174847488,0.0247220855230298,0.0246702480084229,-1.385550323511313e-05,8.79643883469637e-06,-0.3349444387432952,0.0653108448474707,modal_baffled,lossless,0.0,343.0,1.225,1.4,1.81e-05,0.0257,1006.0,1,5.900151598250063e-06,5.900151598250064e-06,0.0,0.0,True,dirichlet,exp(+iwt)_rms,5333,16,7.919215224620477e-16,-0.0005604504208274,0.0003558129764781,0.0002086505483259,0.0001340680935085,6.632697223489562e-05,2.7811629799302955e-05,2.9635789179362132e-05,1.785797934628459e-05,1.5268043333205727e-05,1.4067213806393996e-05,7.392075479651591e-06,1.2374613688143086e-05,2.658519887348613e-06,1.0238123412297958e-05,-3.16616363302615e-07,7.836780971877321e-06,-2.714852474838133e-06,6.096595289440028e-06,-2.6031175669703263e-06,8.368306456195798e-06,-2.1590793516276484e-06,7.9758610614931e-06,-2.86944430839115e-06,6.061555300079008e-06,-5.255500839123635e-06,3.977657052590821e-06,-8.637611868212022e-06,1.5734671206683145e-06,-1.1942850418640442e-05,-2.73824870990371e-07,-1.4136902320184054e-05,-2.314237985331537e-06
1613.1271212253407,85.06803885813778,167.1127102182321,559.7298751856697,1.94296691167633,2,1.0,0.0,5.9276086534136805e-06,-2.0576260066748587e-08,5.233784443397333e-17,4,0.0033178996307172,0.0032686174847488,0.0247220855230298,0.0246702480084229,-1.3618759158245802e-05,9.163981793219931e-06,-0.3328311651256463,0.0761508102077838,modal_baffled,lossless,0.0,343.0,1.225,1.4,1.81e-05,0.0257,1006.0,1,5.9276086534136805e-06,5.92760865341368e-06,0.0,0.0,True,dirichlet,exp(+iwt)_rms,5333,16,3.39284013586272e-16,-0.0005508742029696,0.0003706799648712,0.0002146817065836,0.000129474326318,6.799469912105289e-05,2.5855130491772318e-05,3.0617240850592754e-05,1.6897959619223485e-05,1.5993671961717434e-05,1.3537376721737107e-05,7.974463113412653e-06,1.211308820231258e-05,3.1312485375574146e-06,1.0131570675444432e-05,6.25756976478361e-08,7.828121207341649e-06,-2.399834670612847e-06,6.177029506790537e-06,-2.224030784997613e-06,8.519639735391707e-06,-1.765792074274293e-06,8.144055996929387e-06,-2.5157595444393326e-06,6.265542470938827e-06,-4.967697102738795e-06,4.27141552414185e-06,-8.43663135715864e-06,1.9890897578226597e-06,-1.1806184300384207e-05,2.648000789375321e-07,-1.4054066420455476e-05,-1.692919733719852e-06
1628.3621261476171,85.08053857852458,165.2388645547617,556.6773190064505,-4.7505050848591095,2,1.0,0.0,5.95975067320522e-06,5.085859421771383e-08,5.57885273818276e-17,4,0.0033178996307172,0.0032686174847488,0.0247220855230298,0.0246702480084229,-1.3374249624921327e-05,9.534909446328084e-06,-0.3304605865529029,0.0870716920761572,modal_baffled,lossless,0.0,343.0,1.225,1.4,1.81e-05,0.0257,1006.0,1,5.95975067320522e-06,5.959750673205221e-06,0.0,0.0,True,dirichlet,exp(+iwt)_rms,5333,16,8.123503552481816e-16,-0.0005409838750239,0.0003856838630157,0.0002207708530004,0.0001245867482677,6.964573953494565e-05,2.37953050516267e-05,3.158747490130998e-05,1.5882100803363857e-05,1.6713334809735086e-05,1.2970294815706556e-05,8.555793810521183e-06,1.18253581450896e-05,3.605235762996425e-06,1.000535491971975e-05,4.4425658650204965e-07,7.803942216135974e-06,-2.0804248529392324e-06,6.244871298821004e-06,-1.8352517709850296e-06,8.657575344190476e-06,-1.3608548851246666e-06,8.296913779017593e-06,-2.149560700192854e-06,6.453931137231648e-06,-4.665754376029818e-06,4.551584356586935e-06,-8.21932921340647e-06,2.394533575275209e-06,-1.165060777861648e-05,7.960085272607442e-07,-1.395078831396148e-05,-1.077785603869637e-06
1643.741016428913,85.09628436802117,163.34283578715358,553.074159930172,-11.163167879013868,2,1.0,0.0,5.996571073306718e-06,1.2103391270026577e-07,8.47567907068513e-17,4,0.0033178996307172,0.0032686174847488,0.0247220855230298,0.0246702480084229,-1.3120901495365031e-05,9.90952442602248e-06,-0.3278150075357096,0.0980821329422642,modal_baffled,lossless,0.0,343.0,1.225,1.4,1.81e-05,0.0257,1006.0,1,5.996571073306718e-06,5.996571073306721e-06,0.0,0.0,True,dirichlet,exp(+iwt)_rms,5333,16,1.2531775657181457e-15,-0.0005307360288492,0.0004008369122738,0.0002269104489021,0.0001193836532781,7.127556854999221e-05,2.162643171054217e-05,3.2544168173767046e-05,1.4807707561514254e-05,1.7425695284932093e-05,1.2364313333089623e-05,9.135355564888452e-06,1.15103055305606e-05,4.08011054927681e-06,9.858686540363276e-06,8.282156901774473e-07,7.76367370377149e-06,-1.7567340742384355e-06,6.299708351666592e-06,-1.4367086806525166e-06,8.781488391220933e-06,-9.443100348398727e-07,8.433684833004924e-06,-1.7709973180884225e-06,6.626001087942143e-06,-4.349781158582297e-06,4.817588462244309e-06,-7.985745895314332e-06,2.7894623822727644e-06,-1.1476055171604862e-05,1.3196464255235356e-06,-1.382695816399991e-05,-4.68890913340544e-07
1659.2651509789664,85.11519972876937,161.42266450766732,548.9576920874491,-17.237422820206383,2,1.0,0.0,6.038045421483183e-06,1.895962902750197e-07,6.45652520876486e-17,4,0.0033178996307172,0.0032686174847488,0.0247220855230298,0.0246702480084229,-1.285755516210345e-05,1.028803204236342e-05,-0.3248742513473776,0.1091892185247707,modal_baffled,lossless,0.0,343.0,1.225,1.4,1.81e-05,0.0257,1006.0,1,6.038045421483183e-06,6.038045421483179e-06,0.0,0.0,True,dirichlet,exp(+iwt)_rms,5333,16,8.778338249463766e-16,-0.0005200837587155,0.0004161474173681,0.0002330906258833,0.0001138423225588,7.28788253397648e-05,1.9342681655328177e-05,3.348457983859977e-05,1.3672019456020722e-05,1.812916221624949e-05,1.1717713293940064e-05,9.712288042468391e-06,1.116673760401002e-05,4.555394205964642e-06,9.690707868271385e-06,1.2141558923163497e-06,7.706691698910384e-06,-1.4289175290070945e-06,6.341072104834131e-06,-1.0283579615551954e-06,8.89066407296672e-06,-5.162188826540149e-07,8.55352052100449e-06,-1.3802320711653242e-06,6.780940017906952e-06,-4.0198809594170124e-06,5.068770108216642e-06,-7.735862067415477e-06,3.1734601050579576e-06,-1.1282360993168388e-05,1.8354805488874752e-06,-1.3682369810804431e-05,1.336437908703973e-07
1674.9359015415905,85.13718956365112,159.47640376480135,544.3716609960638,-22.921678663476538,2,1.0,0.0,6.084129165303203e-06,2.5618242768000014e-07,6.09014806825505e-17,4,0.0033178996307172,0.0032686174847488,0.0247220855230298,0.0246702480084229,-1.2582967407350771e-05,1.0670528297849228e-05,-0.3216156842849786,0.1203981673033901,modal_baffled,lossless,0.0,343.0,1.225,1.4,1.81e-05,0.0257,1006.0,1,6.084129165303203e-06,6.084129165303199e-06,0.0,0.0,True,dirichlet,exp(+iwt)_rms,5333,16,1.4118128426455382e-15,-0.0005089767768835,0.0004316192615671,0.0002392989274587,0.0001079391594752,7.444924472704111e-05,1.6938189342376314e-05,3.440551241337905e-05,1.2472249141570818e-05,1.882186337640109e-05,1.10287341763051e-05,1.0285558264056886e-05,1.0793400864034534e-05,5.030489069102971e-06,9.500499628444053e-06,1.601693454891219e-06,7.632318721733233e-06,-1.0971795059658432e-06,6.36843722568924e-06,-6.101971335492814e-07,8.984294921304035e-06,-7.66851345836867e-08,8.655472457502299e-06,-9.774641113323462e-07,6.917843467312005e-06,-3.6761698037635298e-06,5.304385537326521e-06,-7.469622038306782e-06,3.54602656928447e-06,-1.106928381853864e-05,2.343191287254241e-06,-1.351673015825548e-05,7.296194536866498e-07
1690.754652815886,85.16213878621862,157.5021266717807,539.3651509121886,-28.1711110311078,2,1.0,0.0,6.134755025812371e-06,3.2041904206922586e-07,6.527430664153246e-17,4,0.0033178996307172,0.0032686174847488,0.0247220855230298,0.0246702480084229,-1.2295815575051264e-05,1.1056986785448684e-05,-0.3180142668907521,0.1317119934922757,modal_baffled,lossless,0.0,343.0,1.225,1.4,1.81e-05,0.0257,1006.0,1,6.134755025812371e-06,6.134755025812375e-06,0.0,0.0,True,dirichlet,exp(+iwt)_rms,5333,16,8.492309173955618e-16,-0.0004973615823631,0.0004472513767153,0.0002455200368243,0.0001016498652989,7.597958760107932e-05,1.4407137309954664e-05,3.530327417011313e-05,1.120562756749612e-05,1.9501619592971695e-05,1.0295601128165178e-05,1.0853938880001492e-05,1.0388997216692356e-05,5.504664452409483e-06,9.287089861321517e-06,1.990350360264483e-06,7.539827692530405e-06,-7.617820421233167e-07,6.381223016518908e-06,-1.8227892893373282e-07,9.061479357189197e-06,3.741255404973692e-07,8.738492097170287e-06,-5.629484879389979e-07,7.035714543085704e-06,-3.3187922406527788e-06,5.523601696799222e-06,-7.186950716751566e-06,3.906571336708548e-06,-1.0836522448537514e-05,2.8423627182027413e-06,-1.3329668659217287e-05,1.3187447521197873e-06
1706.7228025785937,85.18991137111519,155.4979352270055,533.9913887412911,-32.948188695395224,2,1.0,0.0,6.189830067336459e-06,3.819231795699229e-07,1.0205555560864444e-16,4,0.0033178996307172,0.0032686174847488,0.0247220855230298,0.0246702480084229,-1.1994703358845766e-05,1.1447244537333666e-05,-0.3140426391428856,0.1431311438455575,modal_baffled,lossless,0.0,343.0,1.225,1.4,1.81e-05,0.0257,1006.0,1,6.189830067336459e-06,6.189830067336453e-06,0.0,0.0,True,dirichlet,exp(+iwt)_rms,5333,16,1.6975793988772665e-15,-0.0004851816950342,0.0004630371708191,0.0002517354959806,9.49496614399632e-05,7.746157312742148e-05,1.174385666842974e-05,3.617364336413122e-05,9.86945708393703e-06,2.01659197417712e-05,9.516557248028208e-06,1.1415987572546186e-05,9.9522031869779e-06,5.977041468518294e-06,9.04946538343776e-06,2.379543623473979e-06,7.428448453891781e-06,-4.230552916018282e-07,6.378796440930957e-06,2.5527330688642984e-07,9.12122171239504e-06,8.359664494753663e-07,8.80143158276664e-06,-1.3701486224451098e-07,7.133464720988035e-06,-2.947937623193626e-06,5.725493942025081e-06,-6.887769057776753e-06,4.254407355554563e-06,-1.05837302560008e-05,3.332471878772818e-06,-1.3120747985992412e-05,1.9006222197472657e-06
1722.8417618076064,85.22034960271418,153.4619704248397,528.3065181426372,-37.22296322773931,2,1.0,0.0,6.249232471237002e-06,4.4030301063907334e-07,6.017022479754145e-17,4,0.0033178996307172,0.0032686174847488,0.0247220855230298,0.0246702480084229,-1.167816856090826e-05,1.1840986938635436e-05,-0.3096712477474445,0.1546531095345029,modal_baffled,lossless,0.0,343.0,1.225,1.4,1.81e-05,0.0257,1006.0,1,6.249232471237002e-06,6.249232471237003e-06,0.0,0.0,True,dirichlet,exp(+iwt)_rms,5333,16,5.513654046476296e-16,-0.0004723779694892,0.0004789639178136,0.000257923422106,8.781356446652006e-05,7.888581549010754e-05,8.942944637072191e-06,3.7011835324538566e-05,8.461173240358767e-06,2.081189726213757e-05,8.689901451991704e-06,1.1970027393309931e-05,9.48169277269693e-06,6.44657748276962e-06,8.786586026413123e-06,2.7685732725236867e-06,7.297376684827387e-06,-8.140884938036928e-08,6.360476807492458e-06,7.022490156963628e-07,9.162433991759154e-06,1.3084903441512942e-06,8.843046441239412e-06,2.999134097126031e-07,7.20991641350778e-06,-2.5638572679003124e-06,5.909045222891785e-06,-6.572009787009011e-06,4.588745202443945e-06,-1.0310529886721736e-05,3.812878043930064e-06,-1.2889476419172596e-05,2.4747345030393567e-06
1739.1129548066458,85.25327345920074,151.39242374397998,522.3683940716502,-40.9731314696182,2,1.0,0.0,6.312808058958063e-06,4.951591969913014e-07,5.550049163015177e-17,4,0.0033178996307172,0.0032686174847488,0.0247220855230298,0.0246702480084229,-1.1344693208198865e-05,1.223773189191342e-05,-0.3048685245604591,0.1662720158132702,modal_baffled,lossless,0.0,343.0,1.225,1.4,1.81e-05,0.0257,1006.0,1,6.312808058958063e-06,6.312808058958062e-06,0.0,0.0,True,dirichlet,exp(+iwt)_rms,5333,16,5.340081647059461e-16,-0.0004588890042318,0.0004950121170203,0.000264058228577,8.02167203160644e-05,8.024176824582262e-05,5.999400383983874e-06,3.781247384753225e-05,6.978415939885877e-06,2.1436309078218358e-05,7.814032389249021e-06,1.251412834397192e-05,8.976164397352231e-06,6.9120507510927925e-06,8.497401941383384e-06,3.156609839015374e-06,7.145785278495279e-06,2.6265637129274244e-07,6.325542271653235e-06,1.1583327201321417e-06,9.183939710532844e-06,1.7912291047497275e-06,8.862000615413994e-06,7.472994939832817e-07,7.263807817776018e-06,-2.1668826873776373e-06,6.073147175206323e-06,-6.239634146603243e-06,4.908688416362632e-06,-1.0016529285821343e-05,4.282812510057154e-06,-1.2635322310805028e-05,3.040431009950084e-06
1755.5378193311155,85.28848013193355,149.2875500876686,516.2354417431513,-44.18389106066683,2,1.0,0.0,6.380366629740079e-06,5.460869233302492e-07,7.342843468075237e-17,4,0.0033178996307172,0.0032686174847488,0.0247220855230298,0.0246702480084229,-1.0992716429097382e-05,1.2636813507158065e-05,-0.2996011258386636,0.1779781941231207,modal_baffled,lossless,0.0,343.0,1.225,1.4,1.81e-05,0.0257,1006.0,1,6.380366629740079e-06,6.380366629740072e-06,0.0,0.0,True,dirichlet,exp(+iwt)_rms,5333,16,1.0924513974784972e-15,-0.0004446516625329,0.0005111548334134,0.0002701103599522,7.21348037433185e-05,8.151767988921589e-05,2.9087801204329604e-06,3.856956868429647e-05,5.419110428323659e-06,2.203551803316169e-05,6.887498768525503e-06,1.30460907870824e-05,8.434372332484395e-06,7.372045785342984e-06,8.180874255524567e-06,3.542681938590723e-06,6.972838355700454e-06,6.085360177804725e-07,6.273238365685883e-06,1.623085365925997e-06,9.18448018425738e-06,2.2835726422688585e-06,8.856874301328924e-06,1.204472593972501e-06,7.293800513258829e-06,-1.7574448919418231e-06,6.216603533519281e-06,-5.890649989937685e-06,5.213230358957388e-06,-9.701339559113036e-06,4.7413693162288015e-06,-1.2357730902386268e-05,3.596915269713405e-06
1772.117806715145,85.32574370663497,147.14568222348493,509.9656156794096,-46.8476173991241,2,1.0,0.0,6.451678201720304e-06,5.926786879028897e-07,6.907405667279575e-17,4,0.0033178996307172,0.0032686174847488,0.0247220855230298,0.0246702480084229,-1.0620650492788418e-05,1.3037365697203104e-05,-0.2938342423744573,0.1897577436348004,modal_baffled,lossless,0.0,343.0,1.225,1.4,1.81e-05,0.0257,1006.0,1,6.451678201720304e-06,6.451678201720296e-06,0.0,0.0,True,dirichlet,exp(+iwt)_rms,5333,16,1.2692598058855668e-15,-0.0004296017212178,0.00052735703406,0.0002760460524258,6.354448820166218e-05,8.270056481318471e-05,-3.3262808947210693e-07,3.927650124875618e-05,3.78155833040915e-06,2.260548016130439e-05,5.90905630469981e-06,1.3563431481618185e-05,7.855162863290122e-06,7.824940057459545e-06,7.835999333000974e-06,3.925664468381159e-06,6.777708108384225e-06,9.555102506984722e-07,6.202788781090275e-06,2.095924952974981e-06,9.162723676612669e-06,2.78474722352334e-06,8.826175063158436e-06,1.6706069637552094e-06,7.298490268553657e-06,-1.3360946186863332e-06,6.338136296046119e-06,-5.525131340912145e-06,5.501253040565994e-06,-9.364594960245857e-06,5.187497357159544e-06,-1.2056143725077124e-05,4.143233402054896e-06
1788.8543819998324,85.3648150470188,144.96524673222993,503.6154850556643,-48.96339566956048,2,1.0,0.0,6.52646927182425e-06,6.345279419798589e-07,6.49205955436804e-17,4,0.0033178996307172,0.0032686174847488,0.0247220855230298,0.0246702480084229,-1.0226900391426666e-05,1.3438306177660949e-05,-0.2875319904917162,0.2015920919707906,modal_baffled,lossless,0.0,343.0,1.225,1.4,1.81e-05,0.0257,1006.0,1,6.52646927182425e-06,6.52646927182424e-06,0.0,0.0,True,dirichlet,exp(+iwt)_rms,5333,16,7.251897321863155e-16,-0.0004136746627585,0.0005435749409224,0.0002818271335944,5.442398992130575e-05,8.377619443311554e-05,-3.727610034820509e-06,3.992602098393455e-05,2.064538580534748e-06,2.3141738333798296e-05,4.877731278096943e-06,1.4063373218302128e-05,7.237515342172578e-06,8.268892754013752e-06,7.461836825119126e-06,4.304267980928635e-06,6.559594643815532e-06,1.3027321385331894e-06,6.113408618993833e-06,2.576106799722451e-06,9.117277821827712e-06,3.293793586899053e-06,8.768352693678434e-06,2.144700781334859e-06,7.276421506380086e-06,-9.035232214679934e-07,6.436395084981347e-06,-5.1432393884967606e-06,5.771528379429275e-06,-9.005975154445478e-06,5.619994396410475e-06,-1.173002074986358e-05,4.678264183750458e-06
1805.749024062696,85.40542193029506,142.74478142532308,497.23946186234906,-50.53644400225409,2,1.0,0.0,6.604419239434298e-06,6.712336583484538e-07,8.926510438516753e-17,4,0.0033178996307172,0.0032686174847488,0.0247220855230298,0.0246702480084229,-9.80988729496629e-06,1.3838321500991354e-05,-0.2806578932150662,0.2134575679369974,modal_baffled,lossless,0.0,343.0,1.225,1.4,1.81e-05,0.0257,1006.0,1,6.604419239434298e-06,6.6044192394343e-06,0.0,0.0,True,dirichlet,exp(+iwt)_rms,5333,16,8.273792492453073e-16,-0.0003968066240134,0.0005597554254919,0.0002874108777434,4.475368782398045e-05,8.472911377171062e-05,-7.277812725038543e-06,4.051025509989845e-05,2.6741761765949004e-07,2.3639424003466904e-05,3.792890409697965e-06,1.4542839191917978e-05,6.580588100554145e-06,8.70183640469367e-06,7.05754159008554e-06,4.677029862621117e-06,6.317748941154849e-06,1.6492169346339138e-06,6.004320292417563e-06,3.0627039065813605e-06,9.046705727321757e-06,3.809545375610008e-06,8.681818264312745e-06,2.625555398585054e-06,7.226105848626891e-06,-4.605838249127304e-07,6.509970143884469e-06,-4.745244756902275e-06,6.022722391330044e-06,-8.625229786942546e-06,6.03750355374046e-06,-1.1378865375878315e-05,5.20071129376714e-06
1822.80322574836,85.44726948998914,140.4829541276993,490.8891792287356,-51.5774637211097,2,1.0,0.0,6.685157170304463e-06,7.024058912095709e-07,9.792800016949331e-17,4,0.0033178996307172,0.0032686174847488,0.0247220855230298,0.0246702480084229,-9.368076123989156e-06,1.423585389111418e-05,-0.2731754595106742,0.2253250024375538,modal_baffled,lossless,0.0,343.0,1.225,1.4,1.81e-05,0.0257,1006.0,1,6.685157170304463e-06,6.685157170304452e-06,0.0,0.0,True,dirichlet,exp(+iwt)_rms,5333,16,1.8674276210611967e-15,-0.0003789355115393,0.0005758354762527,0.0002927499350867,3.4516817997516944e-05,8.554268920510128e-05,-1.0983515715188906e-05,4.10207346012358e-05,-1.6097323843682018e-06,2.4093268926203908e-05,2.654316387423314e-06,1.4998453386731576e-05,5.88376896170643e-06,9.121472318006722e-06,6.622399417227905e-06,5.0423080258879325e-06,6.051498937641415e-06,1.9938327590476136e-06,5.874772207547102e-06,3.5545880191319814e-06,8.949546122684678e-06,4.33060857765817e-06,8.564967754557486e-06,3.1117556417388333e-06,7.146045107621978e-06,-8.312204777588851e-09,6.55740938836334e-06,-4.331550756103166e-06,6.253402825606093e-06,-8.222205252590415e-06,6.438512903086613e-06,-1.1002252237993288e-05,5.709098408132869e-06
1840.018494000451,85.49004102529918,138.17858264815098,484.6130191685428,-52.10195045568632,2,1.0,0.0,6.768259108975557e-06,7.276723629342864e-07,1.189630606205312e-16,4,0.0033178996307172,0.0032686174847488,0.0247220855230298,0.0246702480084229,-8.900007360470462e-06,1.4629090780594942e-05,-0.2650488671623386,0.2371593772001816,modal_baffled,lossless,0.0,343.0,1.225,1.4,1.81e-05,0.0257,1006.0,1,6.768259108975557e-06,6.768259108975559e-06,0.0,0.0,True,dirichlet,exp(+iwt)_rms,5333,16,2.221284395509212e-15,-0.0003600022883255,0.0005917417754649,0.0002977923552616,2.3700237667675545e-05,8.619919327356217e-05,-1.484339007751577e-05,4.144843961948109e-05,-3.566009200158944e-06,2.4497628824855643e-05,1.4622879298022117e-06,1.5426548353874102e-05,5.146729812074884e-06,9.525270851591827e-06,6.155866300141078e-06,5.398277902918189e-06,5.760278630818128e-06,2.335293291292545e-06,5.724060266138932e-06,4.050412135484894e-06,8.82433784603073e-06,4.855342827092131e-06,8.416210556684945e-06,3.601651995423784e-06,7.034758996175859e-06,4.520532932449644e-07,6.577239868413825e-06,-3.902717168893149e-06,6.4620507608034e-06,-7.796873411063344e-06,6.821358866302992e-06,-1.0599857675507592e-05,6.20176789369072e-06
1857.3963499947647,85.5333992376682,135.83065567180148,478.4557823767258,-52.12949618559614,2,1.0,0.0,6.853246177734889e-06,7.466860755794698e-07,1.098938920208359e-16,4,0.0033178996307172,0.0032686174847488,0.0247220855230298,0.0246702480084229,-8.404333044764924e-06,1.5015958076428482e-05,-0.256243751437157,0.248919544287272,modal_baffled,lossless,0.0,343.0,1.225,1.4,1.81e-05,0.0257,1006.0,1,6.853246177734889e-06,6.853246177734891e-06,0.0,0.0,True,dirichlet,exp(+iwt)_rms,5333,16,7.203308170205161e-16,-0.0003399524298601,0.000607390426768,0.00030248172662,1.2295248918338253e-05,8.667993237193694e-05,-1.885425031940092e-05,4.178386701049253e-05,-5.599552931308064e-06,2.4846520958295476e-05,2.176627481434755e-07,1.5823181808173047e-05,4.36948434531475e-06,9.91047760818211e-06,5.657610766640185e-06,5.742933590965878e-06,5.443659914604355e-06,2.672153156272271e-06,5.551552114810809e-06,4.548595346524861e-06,8.669648840994763e-06,5.3818455827439e-06,8.23400300997981e-06,4.093345657868885e-06,6.89081768932922e-06,9.190536383911816e-07,6.567993902267957e-06,-3.45948396862655e-06,6.647076639400729e-06,-7.34936181499548e-06,7.184234111422047e-06,-1.0171492529943989e-05,6.676883905728869e-06
1874.9383292736788,85.5769879539224,133.43835421136754,472.4584876908313,-51.68310761272896,2,1.0,0.0,6.939583724919915e-06,7.591338959652237e-07,2.1275968192412847e-16,4,0.0033178996307172,0.0032686174847488,0.0247220855230298,0.0246702480084229,-7.879856685940806e-06,1.5394118279275926e-05,-0.2467280970930637,0.2605580423169078,modal_baffled,lossless,0.0,343.0,1.225,1.4,1.81e-05,0.0257,1006.0,1,6.939583724919915e-06,6.939583724919911e-06,0.0,0.0,True,dirichlet,exp(+iwt)_rms,5333,16,1.3887470189029466e-15,-0.0003187375384896,0.0006226868791039,0.0003067574531604,2.984668664373185e-07,8.696542265879798e-05,-2.3010806335114386e-05,4.201712291924198e-05,-7.707418781632367e-06,2.5133677431301703e-05,-1.078038819707942e-06,1.618416344481527e-05,3.552447697765784e-06,1.0274126664561364e-05,5.127558492552572e-06,6.07409403152792e-06,5.101386661461503e-06,3.0028067444750544e-06,5.356713917827441e-06,5.047311031828586e-06,8.484109671508756e-06,5.90794034689688e-06,8.01688692286069e-06,4.5846775938734255e-06,6.7128791788684334e-06,1.3909937944176343e-06,6.528239995264216e-06,-3.002794190370177e-06,6.8068411466721e-06,-6.879984817239464e-06,7.525200650905184e-06,-9.717136732562178e-06,7.132440715981143e-06
1892.6459818818323,85.62043439063343,131.00107314773786,466.6582854226932,-50.78856113260515,2,1.0,0.0,7.02668180134694e-06,7.647460023212066e-07,1.933006864603208e-16,4,0.0033178996307172,0.0032686174847488,0.0247220855230298,0.0246702480084229,-7.325576542166825e-06,1.576097463823659e-05,-0.2364732254372354,0.2720210375001932,modal_baffled,lossless,0.0,343.0,1.225,1.4,1.81e-05,0.0257,1006.0,1,7.02668180134694e-06,7.0266818013469e-06,0.0,0.0,True,dirichlet,exp(+iwt)_rms,5333,16,2.3140580402593896e-15,-0.0002963170940955,0.0006375260947768,0.0003105551899393,-1.2287289265120476e-05,8.703561856218597e-05,-2.730542436018638e-05,4.213804250517385e-05,-9.885454896065895e-06,2.535261579728163e-05,-2.4225523568973347e-06,1.650509325031169e-05,2.6964962593099755e-06,1.0613061891915577e-05,4.565938108664699e-06,6.389415093181021e-06,4.733410324458631e-06,3.325491237643764e-06,5.139139248460826e-06,5.544479543649274e-06,8.266451343536445e-06,6.431170201558914e-06,7.763532787747014e-06,5.0732228202393226e-06,6.499731114556934e-06,1.8659313155584137e-06,6.4566184581959365e-06,-2.533815006131595e-06,6.939681215127465e-06,-6.389274703584744e-06,7.842208772924706e-06,-9.236974905720864e-06,7.566277071156062e-06
1910.520872503096,85.66335200568142,128.51844228048986,461.0884668327368,-49.47380952989727,2,1.0,0.0,7.113897246550028e-06,7.633060089502297e-07,9.939205217727524e-17,4,0.0033178996307172,0.0032686174847488,0.0247220855230298,0.0246702480084229,-6.740731413405591e-06,1.611368252023564e-05,-0.2254548611152552,0.2832484185824416,modal_baffled,lossless,0.0,343.0,1.225,1.4,1.81e-05,0.0257,1006.0,1,7.113897246550028e-06,7.113897246550003e-06,0.0,0.0,True,dirichlet,exp(+iwt)_rms,5333,16,1.3182859733495368e-15,-0.0002726603063939,0.0006517930093407,0.0003138074551527,-2.545211044932124e-05,8.687019672741122e-05,-3.172790775192335e-05,4.213633821686319e-05,-1.212819087756375e-05,2.549672803596025e-05,-3.8127935751946967e-06,1.6781412334272274e-05,1.8030254915179776e-06,1.092396729290416e-05,3.973326768677653e-06,6.686408355565413e-06,4.339926070347948e-06,3.638294600024924e-06,4.898579484760033e-06,6.0377665790893705e-06,8.015546953339437e-06,6.948798004886796e-06,7.47278708350782e-06,5.556291216899676e-06,6.250336524718994e-06,2.341670076127046e-06,6.351881385869616e-06,-2.05395589481499e-06,7.043941256447339e-06,-5.878011769304363e-06,8.133122315417823e-06,-8.731431946185756e-06,7.976097294140793e-06
1928.5645805988263,85.70534396977939,125.9903462012879,455.7785513425637,-47.76845068158821,2,1.0,0.0,7.200537651775217e-06,7.546615054318864e-07,8.283742094838785e-17,4,0.0033178996307172,0.0032686174847488,0.0247220855230298,0.0246702480084229,-6.124847741819198e-06,1.6449169090444217e-05,-0.2136542552920733,0.2941740740828619,modal_baffled,lossless,0.0,343.0,1.225,1.4,1.81e-05,0.0257,1006.0,1,7.200537651775217e-06,7.200537651775222e-06,0.0,0.0,True,dirichlet,exp(+iwt)_rms,5333,16,1.2803785843611128e-15,-0.0002477480201301,0.0006653633276659,0.0003164444324464,-3.917815256383487e-05,8.644889608871348e-05,-3.626531008431805e-05,4.20017768751588e-05,-1.4428743441213735e-05,2.5559388310026143e-05,-5.24479223524417e-06,1.7008466920022354e-05,8.740031478777675e-07,1.1203407047554487e-05,3.3506937018897644e-06,6.962467245879758e-06,3.921408181988882e-06,3.939169229745557e-06,4.634974866180318e-06,6.524588447389371e-06,7.730456366448877e-06,7.457814583328174e-06,7.143722700886515e-06,6.030936145279511e-06,5.963882460894101e-06,2.815760392609864e-06,6.212936351787604e-06,-1.5648826665038936e-06,7.11800948382142e-06,-5.347252037535601e-06,8.395750598783457e-06,-8.201207297728704e-06,8.359499677490828e-06
1946.7787005474345,85.74600727260787,123.41694220545754,450.754433403906,-45.70326423540613,2,1.0,0.0,7.285867429913713e-06,7.387346627273356e-07,8.330877812904065e-17,4,0.0033178996307172,0.0032686174847488,0.0247220855230298,0.0246702480084229,-5.477786455257947e-06,1.6764162219662817e-05,-0.201059333246685,0.3047263773907246,modal_baffled,lossless,0.0,343.0,1.225,1.4,1.81e-05,0.0257,1006.0,1,7.285867429913713e-06,7.285867429913708e-06,0.0,0.0,True,dirichlet,exp(+iwt)_rms,5333,16,9.519123396125773e-16,-0.0002215746098829,0.0006781046932325,0.0003183949701766,-5.343887277989571e-05,8.575191193575487e-05,-4.090179431825893e-05,4.1724384362731525e-05,-1.6778746302390865e-05,2.553407901025152e-05,-6.71364028771473e-06,1.718158559110432e-05,-8.798508973087516e-08,1.144787561419104e-05,2.699439655890406e-06,7.214900947995066e-06,3.478643205892061e-06,4.225951833613987e-06,4.348485132357114e-06,7.002125364717564e-06,7.4104727825071264e-06,7.954956154089387e-06,6.775691132880269e-06,6.493972052238057e-06,5.639830231340334e-06,3.28550676371086e-06,6.038892828494754e-06,-1.0685260186107802e-06,7.160358890830577e-06,-4.798351125702623e-06,8.627887062701155e-06,-7.647306375773846e-06,8.71401247235305e-06
1965.1648417852643,85.7849374551318,120.79867537874397,446.03857199783664,-43.30981856378024,2,1.0,0.0,7.36911616023884e-06,7.155324761395592e-07,1.0981040197981397e-16,4,0.0033178996307172,0.0032686174847488,0.0247220855230298,0.0246702480084229,-4.799787643234292e-06,1.7055229242244794e-05,-0.1876658257060071,0.3148288998911619,modal_baffled,lossless,0.0,343.0,1.225,1.4,1.81e-05,0.0257,1006.0,1,7.36911616023884e-06,7.369116160238852e-06,0.0,0.0,True,dirichlet,exp(+iwt)_rms,5333,16,1.8865727839424417e-15,-0.0001941497871918,0.0006898782558759,0.0003195877752172,-6.819839392660588e-05,8.476033843536533e-05,-4.561855245803091e-05,4.129467495105576e-05,-1.9168311707346837e-05,2.541453349971569e-05,-8.213459006237035e-06,1.729616919857873e-05,-1.0797008173742146e-06,1.1653857769103147e-05,2.0214298774574424e-06,7.440976181938951e-06,3.0127590942320606e-06,4.496389882334181e-06,4.039518442186816e-06,7.467343735120236e-06,7.055169679114093e-06,8.436731997989692e-06,6.368374668025267e-06,6.942002024617146e-06,5.27796549991115e-06,3.747984325863607e-06,5.829109973007104e-06,-5.670832903272063e-07,7.1695921065636935e-06,-4.232982628121319e-06,8.82735430619241e-06,-7.071067404699596e-06,9.037137441334337e-06
1983.7246289488085,85.82173393197239,118.1362899477981,441.65020727902527,-40.62014731960026,2,1.0,0.0,7.449489285991913e-06,6.851561422716585e-07,1.0240453697307991e-16,4,0.0033178996307172,0.0032686174847488,0.0247220855230298,0.0246702480084229,-4.091510857653396e-06,1.7318825777325716e-05,-0.1734783352454977,0.3244013640982058,modal_baffled,lossless,0.0,343.0,1.225,1.4,1.81e-05,0.0257,1006.0,1,7.449489285991913e-06,7.4494892859919e-06,0.0,0.0,True,dirichlet,exp(+iwt)_rms,5333,16,1.901276174072747e-15,-0.0001655002307083,0.0007005406465887,0.0003199527876429,-8.3411046128379e-05,8.345665018668861e-05,-5.039379989339923e-05,4.070390029124757e-05,-2.1586030877556933e-05,2.5194892702740945e-05,-9.737389872195302e-06,1.7347792007938747e-05,-2.097232327806363e-06,1.1817897896617386e-05,1.319018125107084e-06,7.637966540099408e-06,2.525248431376453e-06,4.748174718710913e-06,3.708757084638733e-06,7.917028089529172e-06,6.664446280906463e-06,8.899463060488588e-06,5.9218364433531085e-06,7.371455922849397e-06,4.8784461621428006e-06,4.2000648828661015e-06,5.583244048779093e-06,-6.301216316674245e-08,7.144488967152621e-06,-3.6531493265469074e-06,8.992054816233952e-06,-6.474181799032046e-06,9.32640052552582e-06
2002.4597020182637,85.8560058362348,115.43083597497215,437.6055906916649,-37.66649261836686,2,1.0,0.0,7.526181126027215e-06,6.478090130885422e-07,1.058147588072725e-16,4,0.0033178996307172,0.0032686174847488,0.0247220855230298,0.0246702480084229,-3.3540686226215457e-06,1.7551354301271832e-05,-0.1585112827012638,0.3333608377315343,modal_baffled,lossless,0.0,343.0,1.225,1.4,1.81e-05,0.0257,1006.0,1,7.526181126027215e-06,7.526181126027203e-06,0.0,0.0,True,dirichlet,exp(+iwt)_rms,5333,16,1.0387790751942689e-15,-0.0001356709416564,0.0007099463467562,0.0003194227096312,-9.902113516602078e-05,8.182520925469531e-05,-5.5202857333566056e-05,3.9944310968516144e-05,-2.4019019941386096e-05,2.4869871321371654e-05,-1.1277613613000925e-05,1.7332311742345997e-05,-3.135991503902638e-06,1.193667718097098e-05,5.950591964939535e-07,7.803208578502212e-06,2.017983775720805e-06,4.9789810324467336e-06,3.3571783688866865e-06,8.347822949668731e-06,6.2385694042757705e-06,9.339331684454104e-06,5.436565895909218e-06,7.778639258543858e-06,4.441845609024659e-06,4.638453009609364e-06,5.301293423840396e-06,4.409847525388282e-07,7.0840552563802974e-06,-3.061185593312218e-06,9.120026208005876e-06,-5.858706195218112e-06,9.57940868852008e-06
2021.371716462441,85.88737828537114,112.68367052054228,433.91821679169647,-34.481110182530315,2,1.0,0.0,7.598390021554485e-06,6.038025448210978e-07,9.257915411912537e-17,4,0.0033178996307172,0.0032686174847488,0.0247220855230298,0.0246702480084229,-2.589050661274663e-06,1.774923153890081e-05,-0.1427896747800754,0.3416231560604236,modal_baffled,lossless,0.0,343.0,1.225,1.4,1.81e-05,0.0257,1006.0,1,7.598390021554485e-06,7.598390021554501e-06,0.0,0.0,True,dirichlet,exp(+iwt)_rms,5333,16,1.3594784055832333e-15,-0.0001047262237994,0.0007179504141091,0.0003179346479702,-0.0001149629835569,7.985278005754131e-05,-6.001833070109015e-05,3.900942143496643e-05,-2.6453016585859096e-05,2.443492810195526e-05,-1.2825401031177764e-05,1.7245985220647322e-05,-4.190731076762565e-06,1.200709664067544e-05,-1.4709237287822094e-07,7.934163321762714e-06,1.4932232201769804e-06,5.186511995107989e-06,2.986069048726385e-06,8.756284366620753e-06,5.778209323960915e-06,9.75244208116652e-06,4.913516943219018e-06,8.159792400302764e-06,3.969188795095916e-06,5.059732253208082e-06,4.983638829018447e-06,9.419851916142028e-07,6.987570706288342e-06,-2.459749537582172e-06,9.209499319178602e-06,-5.227064350504353e-06,9.793911470916074e-06
2040.4623433850504,85.91549893249471,109.8964524961672,430.5990468841828,-31.0961306173832,2,1.0,0.0,7.665335282867286e-06,5.53559672058886e-07,9.375618697705399e-17,4,0.0033178996307172,0.0032686174847488,0.0247220855230298,0.0246702480084229,-1.7985364419915253e-06,1.7908963059780956e-05,-0.1263496339116409,0.349104544297753,modal_baffled,lossless,0.0,343.0,1.225,1.4,1.81e-05,0.0257,1006.0,1,7.665335282867286e-06,7.665335282867295e-06,0.0,0.0,True,dirichlet,exp(+iwt)_rms,5333,16,1.0093430726253419e-15,-7.275019093013396e-05,0.0007244115001178,0.0003154318156955,-0.0001311612827298,7.752903087312012e-05,-6.481039550318403e-05,3.7894267297104806e-05,-2.887253064550727e-05,2.388643334421042e-05,-1.4371198063880492e-05,1.7085585375135107e-05,-5.255584471221323e-06,1.2026363238914927e-05,-9.035993977083205e-07,8.028481286567613e-06,9.536045045716176e-07,5.368548891783739e-06,2.5970317204204538e-06,9.13894027551087e-06,5.2844672369766105e-06,1.0134890451825122e-05,4.354136170086879e-06,8.511159019655739e-06,3.4619784857401148e-06,5.460420876030652e-06,4.631076423098607e-06,1.4368826790788347e-06,6.854634052752903e-06,-1.8518037791949917e-06,9.258957042064864e-06,-4.582037392487517e-06,9.96786525676196e-06
2059.7332696723583,85.94004463557016,107.0711305964317,427.6567163345077,-27.54347024607005,2,1.0,0.0,7.726275439946168e-06,4.976150953903013e-07,1.3495670842034152e-16,4,0.0033178996307172,0.0032686174847488,0.0247220855230298,0.0246702480084229,-9.850939413440676e-07,1.802722277443253e-05,-0.1092386356951703,0.3557233953922085,modal_baffled,lossless,0.0,343.0,1.225,1.4,1.81e-05,0.0257,1006.0,1,7.726275439946168e-06,7.726275439946174e-06,0.0,0.0,True,dirichlet,exp(+iwt)_rms,5333,16,7.305427197044773e-16,-3.984671683246148e-05,0.0007291950655877,0.00031186522594,-0.0001475317826579,7.484699802495677e-05,-6.954718710076159e-05,3.659564257221368e-05,-3.126104919175651e-05,2.322182589158119e-05,-1.5904745896288347e-05,1.6848514662121106e-05,-6.3241294955770896e-06,1.1992075667559508e-05,-1.6701762662485464e-06,8.08406860986593e-06,4.021264145111197e-07,5.523003625956877e-06,2.191981852914492e-06,9.492358144675973e-06,4.758891998980052e-06,1.0482842924223716e-05,3.7603784419247945e-06,8.829061968229083e-06,2.9222092071924944e-06,5.837035936271895e-06,4.244841232907719e-06,1.9224319129669564e-06,6.685202753788991e-06,-1.2405842185218265e-06,9.267191389539824e-06,-3.926741337504811e-06,1.0099497768495907e-05
2079.1861981422453,85.96072804997891,104.20992391972143,425.0977189834213,-23.85478450960067,2,1.0,0.0,7.780527149351058e-06,4.366120781892635e-07,7.751030473217684e-17,4,0.0033178996307172,0.0032686174847488,0.0247220855230298,0.0246702480084229,-1.5176303015331996e-07,1.8100934387569664e-05,-0.0915154085627957,0.3614021426250531,modal_baffled,lossless,0.0,343.0,1.225,1.4,1.81e-05,0.0257,1006.0,1,7.780527149351058e-06,7.780527149351057e-06,0.0,0.0,True,dirichlet,exp(+iwt)_rms,5333,16,6.795009206283571e-16,-6.138763253283987e-06,0.0007321766754146,0.0003071953015538,-0.0001639823291574,7.18034874545727e-05,-7.419529218020001e-05,3.511230387121264e-05,-3.36012935161596e-05,2.2439751313853457e-05,-1.741523498557845e-05,1.6532909352153772e-05,-7.389475897956897e-06,1.1902305913129974e-05,-2.4421408252898945e-06,8.09915144115375e-06,-1.5788322853052455e-07,5.647972053645167e-06,1.7731344728303192e-06,9.813217731681975e-06,4.20348410475412e-06,1.0792618728465372e-05,3.1347077303930827e-06,9.109984067253044e-06,2.352366787207968e-06,6.186163831102991e-06,3.8266187463936805e-06,2.3953032298451647e-06,6.479624940287376e-06,-6.295567896178845e-07,9.23335602539074e-06,-3.2645913917386744e-06,1.0187369925565668e-05
2098.822847694678,85.97730393112101,101.3152951684447,422.9265634652168,-20.06145674045142,2,1.0,0.0,7.827483984243892e-06,3.712955035263469e-07,1.1556023694552111e-16,4,0.0033178996307172,0.0032686174847488,0.0247220855230298,0.0246702480084229,6.97977396738021e-07,1.8127351353300083e-05,-0.0732494645567335,0.3660691526002816,modal_baffled,lossless,0.0,343.0,1.225,1.4,1.81e-05,0.0257,1006.0,1,7.827483984243892e-06,7.827483984243888e-06,0.0,0.0,True,dirichlet,exp(+iwt)_rms,5333,16,9.645492424620629e-16,2.8232949687348147e-05,0.0007332452327459,0.0003013933188924,-0.0001804142395139,6.839938877224776e-05,-7.872032999657499e-05,3.344512871060386e-05,-3.5875521922174185e-05,2.1540173023512927e-05,-1.889148965886271e-05,1.613772900406007e-05,-8.44437537774487e-06,1.175567244511537e-05,-3.214483456981771e-06,8.07233548146949e-06,-7.228129649488928e-07,5.7417857676922685e-06,1.3429800267965073e-06,1.0098386152071857e-05,3.6206853868996494e-06,1.1060775374403268e-05,2.4800815319465905e-06,9.350650662633546e-06,1.7554119598334193e-06,6.504534797048575e-06,3.378542850366263e-06,2.852144644648509e-06,6.238661311405982e-06,-2.2362903211654292e-08,9.157011396230738e-06,-2.599253278846253e-06,1.0230431980569962e-05
2118.644953463581,85.98957492587954,98.38991663821524,421.1458973952399,-16.1946150579842,2,1.0,0.0,7.86663425124838e-06,3.025011386525766e-07,1.2483871677059848e-16,4,0.0033178996307172,0.0032686174847488,0.0247220855230298,0.0246702480084229,1.5602585417830984e-06,1.8104131561310187e-05,-0.0545202488501763,0.369660554223474,modal_baffled,lossless,0.0,343.0,1.225,1.4,1.81e-05,0.0257,1006.0,1,7.86663425124838e-06,7.866634251248375e-06,0.0,0.0,True,dirichlet,exp(+iwt)_rms,5333,16,9.639550513731064e-16,6.311193043684108e-05,0.0007323060000114,0.0002944426046324,-0.0001967239855275,6.46398792565697e-05,-8.308760514947132e-05,3.15972164302312e-05,-3.806586873877905e-05,2.0524448749403856e-05,-2.0322177704888097e-05,1.5662825665863696e-05,-9.48135111294607e-06,1.1551400883223832e-05,-3.981951774350135e-06,8.002657476716791e-06,-1.2888256439437942e-06,5.803059746340356e-06,9.042495574203884e-07,1.0344991987500868e-05,3.013353601993649e-06,1.1284192089562365e-05,1.7999180641286544e-06,9.548110329559152e-06,1.1347472941890732e-06,6.7890983432552165e-06,2.9031789143106912e-06,3.289649332287023e-06,5.96349502589636e-06,5.772449474634604e-07,9.038159718824758e-06,-1.934582654312224e-06,1.0228070834043596e-05
2138.654266970166,85.99739663752756,95.43662954626866,419.75659637793774,-12.285170133886355,2,1.0,0.0,7.897576951469108e-06,2.311412788541399e-07,1.2391630581520442e-16,4,0.0033178996307172,0.0032686174847488,0.0247220855230298,0.0246702480084229,2.430886078301495e-06,1.802940292321938e-05,-0.0354159176619892,0.3721219146333205,modal_baffled,lossless,0.0,343.0,1.225,1.4,1.81e-05,0.0257,1006.0,1,7.897576951469108e-06,7.897576951469121e-06,0.0,0.0,True,dirichlet,exp(+iwt)_rms,5333,16,9.7900955171797e-16,9.832851989922127e-05,0.000729283251869,0.0002863394113105,-0.0002128051312397,6.0534499708776806e-05,-8.726280742690804e-05,2.957392252311383e-05,-4.015470678318816e-05,1.939536615908697e-05,-2.1696037299061467e-05,1.5108988049055184e-05,-1.0492842379857748e-05,1.1289368339712982e-05,-4.739148242015674e-06,7.88962563552226e-06,-1.851927225679612e-06,5.830733232856213e-06,4.598700175298257e-07,1.0550494869654558e-05,2.38472192406536e-06,1.1460147501462804e-05,1.098046389092431e-06,9.69980987238372e-06,4.941676463563379e-07,7.037096258590376e-06,2.403491594084314e-06,3.7046258933072526e-06,5.655728170529465e-06,1.1654751998165108e-06,8.877267424166155e-06,-1.2745545036122831e-06,1.0180145657451807e-05
2158.8525562777,86.00068177032233,92.45839758659744,418.7578156239665,-8.363866575224282,2,1.0,0.0,7.920035043022687e-06,1.581871762136283e-07,2.397038995941087e-16,4,0.0033178996307172,0.0032686174847488,0.0247220855230298,0.0246702480084229,3.305417758249792e-06,1.7901816262506707e-05,-0.0160317777823113,0.3734096749069706,modal_baffled,lossless,0.0,343.0,1.225,1.4,1.81e-05,0.0257,1006.0,1,7.920035043022687e-06,7.920035043022665e-06,0.0,0.0,True,dirichlet,exp(+iwt)_rms,5333,16,1.5158139190344437e-15,0.0001337030306432,0.0007241224145847,0.0002770934106451,-0.0002285504526537,5.609709038979826e-05,-9.121272929134108e-05,2.738282047191273e-05,-4.212501798013669e-05,1.815713343783844e-05,-2.300211191410133e-05,1.4477957089557048e-05,-1.14713585529829e-05,1.0970128301346308e-05,-5.480636995346931e-06,7.733246354015894e-06,-2.408043928748485e-06,5.824101332497098e-06,1.2911261916101184e-08,1.0712746920425592e-05,1.7383443114669969e-06,1.1586387558681818e-05,3.786406618491762e-07,9.80365981789686e-06,-1.6220464959047062e-07,7.24612975194624e-06,1.8827978028543637e-06,4.094068393759059e-06,5.317364076560018e-06,1.7385739887570963e-06,8.675273234953471e-06,-6.231852015756449e-07,1.0087009432198094e-05
2179.241606147729,85.99940320046233,89.45825590558464,418.147002702478,-4.461340620084211,2,1.0,0.0,7.93386527175798e-06,8.464887989727918e-08,1.4570428043751244e-16,4,0.0033178996307172,0.0032686174847488,0.0247220855230298,0.0246702480084229,4.179251288515227e-06,1.7720582447213035e-05,0.0035315561063272,0.373492267196538,modal_baffled,lossless,0.0,343.0,1.225,1.4,1.81e-05,0.0257,1006.0,1,7.93386527175798e-06,7.933865271757968e-06,0.0,0.0,True,dirichlet,exp(+iwt)_rms,5333,16,1.150136686845496e-15,0.0001690493014686,0.0007167915680376,0.0002667277629337,-0.0002438541508173,5.134558306333893e-05,-9.490596850256932e-05,2.503358920757411e-05,-4.3960755307797005e-05,1.6815323190434485e-05,-2.422998279252747e-05,1.3772410893803807e-05,-1.2409635833592094e-05,1.059491387677917e-05,-6.201055288043521e-06,7.534035272073456e-06,-2.953104516143116e-06,5.782835066784554e-06,-4.3347305002190213e-07,1.0830042620928914e-05,1.078028681597873e-06,1.1661180008119166e-05,-3.538592689538782e-07,9.85808698413739e-06,-8.299976375365925e-07,7.414217520011629e-06,1.344706181923239e-06,4.455223065630137e-06,4.950775546559425e-06,2.2929033294815287e-06,8.433580828023372e-06,1.5549443390943022e-08,9.949514721403596e-06
2199.8232181977887,85.99359588561356,86.43925693956291,417.9198706540736,-0.6081766954732435,2,1.0,0.0,7.939064010228936e-06,1.1553300175306054e-08,1.015512506526658e-16,4,0.0033178996307172,0.0032686174847488,0.0247220855230298,0.0246702480084229,5.04771873264379e-06,1.748549151396132e-05,0.0231702100556163,0.372350850469561,modal_baffled,lossless,0.0,343.0,1.225,1.4,1.81e-05,0.0257,1006.0,1,7.939064010228936e-06,7.939064010228917e-06,0.0,0.0,True,dirichlet,exp(+iwt)_rms,5333,16,1.3410254544025217e-15,0.0002041785159242,0.0007072822192801,0.0002552787445291,-0.0002586140595862,4.630165381952166e-05,-9.831358263526e-05,2.2537828717158845e-05,-4.564717891697047e-05,1.5376770981655305e-05,-2.5369988277824035e-05,1.299591900082223e-05,-1.3300789600021063e-05,1.0165618408066288e-05,-6.895224425464368e-06,7.2930115021008e-06,-3.4831240031370534e-06,5.706987906473082e-06,-8.761077534151348e-07,1.0901154085265204e-05,4.077607466605893e-07,1.1683352375637426e-05,-1.0948377863149505e-06,9.862071451092386e-06,-1.5046775620698244e-06,7.539842160603838e-06,7.930451806275131e-07,4.785648784287679e-06,4.558659860174798e-06,2.825017147868828e-06,8.15403595872064e-06,6.377963871162756e-07,9.769002884251248e-06
2220.599211060598,85.98335763558515,83.40441471850997,418.0703314330162,3.1650448901595545,2,1.0,0.0,7.93576876885517e-06,-6.007856215306951e-08,1.5808522900154915e-16,4,0.0033178996307172,0.0032686174847488,0.0247220855230298,0.0246702480084229,5.906183174086297e-06,1.7196912551173464e-05,0.0427792141294967,0.3699796230889606,modal_baffled,lossless,0.0,343.0,1.225,1.4,1.81e-05,0.0257,1006.0,1,7.93576876885517e-06,7.935768768855162e-06,0.0,0.0,True,dirichlet,exp(+iwt)_rms,5333,16,1.8835935485117647e-15,0.0002389031123035,0.000695609297814,0.0002427949414922,-0.0002727337465683,4.099025012840035e-05,-0.0001014096640808,1.990881069855488e-05,-4.717115026903673e-05,1.384943305258832e-05,-2.641341997280948e-05,1.2152868132492408e-05,-1.4138455414806404e-05,9.68475369805117e-06,-7.558254766096735e-06,7.011674761821779e-06,-3.994284783120253e-06,5.5969868471870666e-06,-1.3118581153512551e-06,1.092534920283547e-05,-2.6837780505195896e-07,1.1652311288298516e-05,-1.8396002185121344e-06,9.815166413529488e-06,-2.1816429702182213e-06,7.621983506367829e-06,2.317823488962669e-07,5.083269143876771e-06,4.143982124243887e-06,3.3317316566338096e-06,7.838888945854963e-06,1.239903789579672e-06,9.547276953377092e-06
2241.571420544754,85.96884899070231,80.35664929171722,418.5903905652421,6.827717316944756,2,1.0,0.0,7.924255296331185e-06,-1.292542216212649e-07,1.2708486615943906e-16,4,0.0033178996307172,0.0032686174847488,0.0247220855230298,0.0246702480084229,6.750133174600047e-06,1.685577424446947e-05,0.0622546807126357,0.366385695182116,modal_baffled,lossless,0.0,343.0,1.225,1.4,1.81e-05,0.0257,1006.0,1,7.924255296331185e-06,7.924255296331185e-06,0.0,0.0,True,dirichlet,exp(+iwt)_rms,5333,16,1.3245875788077033e-15,0.0002730406044551,0.0006818103686587,0.000229336043493,-0.0002861244106968,3.543901379266493e-05,-0.0001041718084909,1.7161174991408e-05,-4.852137042628547e-05,1.2242211351770075e-05,-2.735268751704377e-05,1.1248364318102378e-05,-1.491691258668069e-05,9.155387233508311e-06,-8.185639305769712e-06,6.691965933019377e-06,-4.48301106607314e-06,5.4536051902232204e-06,-1.7376868445622774e-06,1.0902390353980658e-05,-9.462922817387504e-07,1.1568042047460437e-05,-2.5834724657870163e-06,9.717501151853555e-06,-2.8563212251546863e-06,7.660139571550189e-06,-3.3506266294531344e-07,5.346415490564005e-06,3.709908914792511e-06,3.8101869951109777e-06,7.490744515373874e-06,1.8184916386369677e-06,9.28655945754991e-06
2262.741699796952,85.95029305766994,77.29873283155061,419.4700052895667,10.34920272547407,2,1.0,0.0,7.904930440184974e-06,-1.950311741593317e-07,1.118363755420897e-16,4,0.0033178996307172,0.0032686174847488,0.0247220855230298,0.0246702480084229,7.57527070757912e-06,1.6463527119140883e-05,0.0814958976512625,0.36158852957539,modal_baffled,lossless,0.0,343.0,1.225,1.4,1.81e-05,0.0257,1006.0,1,7.904930440184974e-06,7.904930440184947e-06,0.0,0.0,True,dirichlet,exp(+iwt)_rms,5333,16,7.840171995221353e-16,0.0003064171386561,0.0006659441050717,0.0002149712950888,-0.0002987064922604,2.967762887080222e-05,-0.0001065814563011,1.4310585188839704e-05,-4.968855205483578e-05,1.0564758999365632e-05,-2.8181447342511023e-05,1.0288120409657626e-05,-1.5631186070448234e-05,8.58106039168014e-06,-8.773330089291638e-06,6.336211886384503e-06,-4.946032385560688e-06,5.277910165671702e-06,-2.15069917019528e-06,1.0832510435196496e-05,-1.6219533850810844e-06,1.14310884995138e-05,-3.321900458664056e-06,9.569770492789604e-06,-3.52426416698952e-06,7.654340387577885e-06,-9.035104700408608e-07,5.573863845053124e-06,3.2597337490447354e-06,4.2578979539271004e-06,7.112502325497511e-06,2.3705103426614875e-06,8.989437569494068e-06
